business_id,business_name,phone,website,address,neighborhood_area,category_primary,rating_primary_value,chamber_member,website_verified
son,& son,,https://shopandson.com/,,Coral Gables,retail,5.0,N,verified
canes_central,'Canes Central,(305) 284-4247,https://canescentral.miami.edu/,1307 Stanford Drive,University of Miami Area,professional_services,2.8,N,verified
100_montaditos_coral_gables,100 Montaditos Coral Gables,(786) 449-5203,https://us.100montaditos.com/,"327 Alhambra Cir, Coral Gables, FL 33134",Coral Gables,food_beverage,4.2,Y,verified
107tasteasianrestaurantcoralgables,107 Taste Asian Restaurant Coral Gables,(786) 409-6951,http://107taste.com/,,Alhambra Circle,food_beverage,4.9,N,verified
107tasteasianrestaurantsouthmiami,107 Taste Asian Restaurant South Miami,(786) 641-5122,https://107taste.com/,,Sunset / South Gables,food_beverage,4.9,N,verified
1111mediagroupwebsitescontentsocialseoid,1111 Media Group | Websites - Content - Social - SEO - Paid,(305) 351-3103,https://1111mediagroup.com/miami,,Douglas Road Corridor,marketing,4.9,N,verified
17realestatebrokers,17 Real Estate Brokers,(786) 693-3910,,,Ponce de Leon Corridor,real_estate,4.3,N,
19th_hole_sports_bar__grill,19th Hole Sports Bar & Grill,,,"13610 Deering Bay Dr, Coral Gables, FL 33158",Bird Road Corridor,food_beverage,5,N,
247_nursing_care_inc,24/7 Nursing Care Inc.,(786) 518-3622,https://www.24-7nursingcare.com/,"9425 Sunset Dr #170, Miami, FL 33173",Coral Gables,healthcare,4.4,Y,verified
2555poncedeleon,2555 Ponce De Leon,(305) 444-8900,,,Miracle Mile,other,4.8,N,
3_chefs_and_a_chicken,3 Chefs and a Chicken,(786) 953-4811,https://3chefsandachicken.com/3chefsandachicken-xso1yr?utm_source=google,6601 Southwest 57th Avenue,Sunset / South Gables,food_beverage,4.3,N,verified
300engineeringgroup,"300 Engineering Group, P.A.",(305) 763-9829,http://300engineering.com/,,Ponce de Leon Corridor,professional_services,5.0,N,verified
305_drive_inc_limousine_service,"305 Drive Inc., Limousine Service",(305) 310-9357,http://www.305-drive.com/,"1100 S Miami Ave, Miami, FL 33130",Coral Gables,accounting,4.9,Y,verified
305_hive_media,305 Hive(R) Media,(305) 907-7071,https://305hive.com,,Coral Gables,marketing,,Y,unverified
305_peruvian_modern_cuisine,305 Peruvian Modern Cuisine,(786) 409-7144,https://305peruvian.com/?utm_source=google,"261 SW 8th St, Miami, FL 33130, United States",Coral Gables,food_beverage,4.8,N,verified
305_pink_pack,305 Pink Pack,(305) 859-1224,https://www.305pinkpack.org/,,Coral Gables,nonprofit,5,Y,verified
305_senior,305 Senior,(786) 326-0656,https://305senior.com/,"1 Andalusia Ave, Coral Gables, FL 33134",Coral Gables,accounting,4.9,Y,verified
3fmconsulting,3FM CONSULTING,(305) 767-1120,http://www.3fmengineering.com/,,Ponce de Leon Corridor,professional_services,4.1,N,verified
4000_ponce_llc_cmc_group,"4000 Ponce, LLC (CMC Group)",(305) 372-0550,http://cmcgroupmiami.com/,"1550 Biscayne Blvd #300, Miami, FL 33132",ponce de leon corridor,accounting,3,Y,verified
450_gradi,450 Gradi,(786) 391-1276,https://450gradimiami.com/,"130 Miracle Mile, Coral Gables, FL 33134",Coral Gables,food_beverage,4.8,Y,verified
450gradimiamiitalianrestaurant,450Gradi Miami Italian Restaurant,,https://450gradimiami.com/,,Coral Gables,food_beverage,4.9,N,verified
450gradimiami,450Gradi Miami 🇺🇸,(786) 391-1276,https://450gradimiami.com/,,Miracle Mile,food_beverage,4.8,N,verified
4kids_of_south_florida,4KIDS of South Florida,(305) 951-1779,https://www.4kids.us/,"2717 W Cypress Creek Rd, Fort Lauderdale, FL 33309",Coral Gables,nonprofit,4.8,Y,verified
4mg_mortgage_llc,"4MG Mortgage, LLC",(305) 762-0314,http://4mgmortgage.com/,"1501 Venera Ave #230, Miami, FL 33146",Coral Gables,real_estate,5,Y,verified
54dcoralgables,54D Coral Gables,(786) 817-7008,https://cg.54d.com/,,Bird Road Corridor,wellness,4.6,N,verified
54dsteelcoralgables,54D STEEL Coral Gables,(786) 817-7008,https://54d.com/,,Bird Road Corridor,wellness,5.0,N,verified
7eleven,7-Eleven,(305) 443-0500,https://www.7-eleven.com/locations/fl/coral-gables/3960-sw-8th-street-10535?utm_source=G&utm_medium=local&utm_campaign=google-local,350 Southwest 40th Street,Bird Road Corridor,retail,3.3,N,verified
924_bird_rd_coral_gable,924 bird rd coral gable,,,"Coral Gables, FL 33146",Bird Road Corridor,real_estate,,N,
aautotech,A Auto Tech Inc,(305) 448-4100,http://www.aautotech.com/,,Bird Road Corridor,auto_dealer,4.8,N,verified
agcfirmcoralgablesfl,"A&G - CPA Firm Coral Gables, FL",(786) 838-7062,http://www.agcpafirm.com/,,Coral Gables,accounting,4.9,N,verified
agcfirm,A&G CPA Firm,(786) 838-7062,http://www.agcpafirm.com/,,Coral Gables,accounting,4.9,N,verified
a1undergroundplumbingservices,A1 Underground & Plumbing Services,(954) 872-0018,https://undergroundplumbers.com/,,Coral Gables,construction,4.8,N,verified
a4_graphic_design,A4 Graphic Design,(786) 397-8359,http://www.a4graphic.com/,"3362 Coral Wy, Miami, FL 33145",Coral Gables,construction,4.9,N,verified
aaa_insurance,AAA Insurance,(305) 270-6450,https://locator.acg.aaa.com/fl/miami/aaa-kendall,6643 South Dixie Highway,Sunset / South Gables,insurance,4.2,N,verified
aaa_million_auto_parts,AAA Million Auto Parts,(305) 642-5821,http://www.aaamillion.com/,311 Southwest 22nd Avenue,Coral Gables,auto_dealer,4.5,N,verified
aapmiami,AAP Miami,(305) 902-1651,http://www.aapmiami.com/,,Miracle Mile,retail,5.0,N,verified
abadindental,Abadin Dental,(305) 783-3750,https://www.abadindental.com/,,Coral Gables,healthcare,5.0,N,verified
abadindentalinvisalignveneersimplants,Abadin Dental - Invisalign Veneers Implants,(305) 783-3750,https://www.abadindental.com/,,Coral Gables,healthcare,5.0,N,verified
abascalgroupresidentialcommercialconstruction,"Abascal Group, Inc. Residential + Commercial Construction",(305) 498-5035,https://abascalgroup.com/,,Bird Road Corridor,construction,5.0,N,verified
abco_mortgage,ABCO Mortgage,(305) 784-7000,https://www.abcomortgage.com/,,Coral Gables,real_estate,,Y,verified
abitosaccountantsadvisors,AbitOs Accountants + Advisors,(305) 774-2945,https://www.abitos.com/,,Miracle Mile,accounting,3.9,N,verified
ac_hotel_miami_dadeland,AC Hotel Miami Dadeland,(305) 668-4490,https://www.marriott.com/en-us/hotels/miacd-ac-hotel-miami-dadeland/overview/?scid=f2ae0541-1279-4f24-b197-a979c79310b0,"7695 N Kendall Dr, Miami, FL 33156",Coral Gables,hospitality,4.4,Y,verified
academy_for_community_education,Academy for Community Education,,http://ace.dadeschools.net/,,Ponce de Leon Corridor,education,,N,verified
academy_of_arts_and_minds_school,Academy of Arts and Minds School,,,,Douglas Road Corridor,education,,N,
accounting_to_scale,Accounting to Scale,(305) 503-2814,http://www.accountingtoscale.com/,"8055 Coral Wy, Miami, FL 33155",Coral Gables,accounting,5,Y,verified
accountorcaccountingbookkeepingandtaxexperts,Accountor CPA Accounting Bookkeeping and Tax Experts,(888) 437-9540,https://accountor.cpa/near-me/florida-fl/accounting-and-bookkeeping-in-miami-gardens-fl.html?utm_source=google&utm_medium=organic&utm_campaign=google_my_business_usa_fl_miami_gardens,,Coral Gables,accounting,5.0,N,verified
ace_hardware,Ace Hardware,(305) 284-1123,http://www.acehardware.com/store-details/15975?utm_source=google&utm_medium=local&utm_campaign=localmaps&utm_content=15975,5749 Southwest 40th Street,Bird Road Corridor,retail,4.3,N,verified
acentria,Acentria,(904) 465-0227,https://acentria.com,,Coral Gables,financial_services,,Y,unverified
actioncoach_team_sage,ActionCOACH Team Sage,(305) 285-9264,http://actioncoachteamsage.com/,"2544 Swanson Ave, Coconut Grove, FL 33133",Coral Gables,consulting,4.7,Y,verified
activate_swag,Activate Swag,(800) 214-3408,http://activateswag.com/,"4302 SW 73rd Ave Suite 2, Miami, FL 33155",Coral Gables,marketing,4.6,Y,verified
actors_playhouse_at_the_miracle_theatre,Actors' Playhouse at the Miracle Theatre,(305) 444-9293,http://www.actorsplayhouse.org/,280 Miracle Mile,miracle mile,accounting,4.7,Y,verified
actually_organized,Actually Organized,(917) 863-7530,http://www.actuallyorganized.net/,,Coral Gables,personal_services,5,Y,verified
admerconstructiongroup,Admer Construction Group,(305) 697-5970,https://www.admerconstruction.com/?utm_campaign=gmb,,Coral Gables,construction,4.8,N,verified
adriana_hoyos,ADRIANA HOYOS,(305) 794-5525,http://www.adrianahoyos.com/,"2725 Salzedo St, Coral Gables, FL 33134",Coral Gables,retail,3.8,Y,verified
advance_auto_parts,Advance Auto Parts,(305) 448-1466,https://stores.advanceautoparts.com/fl/coral-gables/4380-sw-8th-st?utm_medium=local&utm_source=yext-gmb&utm_content=gmb-2016-12-29&utm_campaign=aap,6520 Southwest 8th Street,Bird Road Corridor,auto_dealer,4.5,N,verified
advanced_automation_programming,Advanced Automation Programming,(305) 902-1651,http://www.aapmiami.com/,"401 Miracle Mile suite 100, Coral Gables, FL 33134",Coral Gables,professional_services,5,Y,verified
advancedphysicaltherapyspecialists,Advanced Physical Therapy Specialists,(305) 433-1172,http://www.advancedpts.com/,,Sunset / South Gables,healthcare,5.0,N,verified
aflac,Aflac,(786) 606-2811,https://www.aflac.com/agents/marco_erazo.aspx,,Coral Gables,insurance,,Y,unverified
afrasensemassagetherapy,Afrasense Massage Therapy,(754) 265-9198,https://www.afrasense.com/,,Coral Gables,wellness,4.9,N,verified
agrealtybrokers,AG REALTY BROKERS,(954) 995-0344,http://www.agrealtybrokersfl.com/,,Ponce de Leon Corridor,real_estate,5.0,N,verified
agave_holdings,Agave Holdings,(305) 723-9898,https://www.maizyagave.com/,"375 Miracle Mile, Miami, FL 33134, United States",Ponce de Leon Corridor,real_estate,4.7,N,verified
agave_plaza_trustee_llc,"Agave Plaza Trustee, LLC",(305) 858-1890,https://agaveholdingsllc.com,"2811 Ponce de Leon Blvd, Coral Gables, FL 33134",Coral Gables,real_estate,3.9,Y,unverified
ai_digital,AI Digital,(347) 782-2545,https://aidigital.com,"2525 Ponce De Leon Blvd., Suite 250 Coral Gables, Miami, FL 33134",Coral Gables,technology,,Y,unverified
airlab_fitness,Airlab Fitness,(917) 863-4822,https://airlabfitness.com/coral-gables/,"35 Alhambra Plz, Coral Gables, FL 33134",Coral Gables,wellness,5,Y,verified
airlabfitnesscoralgables,AIRLAB Fitness Coral Gables,(305) 396-8548,https://airlabfitness.com/coral-gables/,,Ponce de Leon Corridor,wellness,5.0,N,verified
airports,Airports,(305) 876-7000,https://www.miami-airport.com/,"2100 NW 42nd Ave, Miami, FL 33142",Coral Gables,transportation,3.9,Y,verified
ajp_ventures_corp,AJP Ventures Corp.,(305) 448-2330,,"2990 Ponce de Leon, Coral Gables, FL 33134, United States",Coral Gables,financial_services,5,Y,
akashi_japanese_restaurant,Akashi Japanese Restaurant,(305) 529-9954,http://akashisushi.com/,3444 Main Hwy,Douglas Road Corridor,food_beverage,4.3,N,verified
alamir,Al-Amir,(786) 603-9400,,6420 Southwest 40th Street,Bird Road Corridor,food_beverage,4.6,N,
albany_homes_construction_inc,Albany Homes Construction Inc.,(786) 271-7192,http://www.albanyhomes.us/,"500 S Dixie Hwy, Coral Gables, FL 33146",Coral Gables,construction,3.9,Y,verified
albite_law_group_pa,Albite Law Group PA,(305) 985-3740,http://www.psscpas.com/,6547 Southwest 24th Street,Coral Gables,legal,4.8,N,verified
alcazarplaza,Alcazar Plaza,,https://www.coralgables.com/departments/CommunityRecreation/,,Alhambra Circle,retail,4.0,N,verified
alchemyhairlab,Alchemy Hair Lab,(305) 204-6476,http://www.alchemyhairlabmiami.com/?utm_source=google&utm_medium=organic&utm_campaign=gbp_listing&utm_content=website_button,,Alhambra Circle,personal_services,4.9,N,verified
aldi,Aldi,(855) 955-2534,https://info.aldi.us/stores/l/fl/miami/3750-s-dixie-hwy/fa44,3750 South Dixie Highway,Bird Road Corridor,retail,4.3,N,verified
alegro_music_center,Alegro Music Center,(305) 740-9400,https://blantonsupplies.com/,"6869 SW 8th St, Miami, FL 33144",Coral Gables,arts_culture,4.6,N,verified
aleidamartinezfamilydaycarecenter,Aleida Martinez Family Day Care Center,,,,Coral Gables,education,,N,
alexallelectric,Alex All Electric,(786) 362-9679,https://electricianformiami.com/,,Coral Gables,construction,4.9,N,verified
alexexpressautoreir,Alex Express Auto Repair,(786) 443-5409,http://www.alexexpressautorepair.com/,,Douglas Road Corridor,auto_dealer,4.9,N,verified
alexandersteclefinancialadvisor,Alexander S. Tecle - Financial Advisor,(754) 335-7500,http://ztpwm.com/,,Ponce de Leon Corridor,financial_services,5.0,N,verified
alfredoaizaguirre,"Alfredo A. Izaguirre, P.A.",(305) 442-0425,https://www.izaguirrelaw.com/?utm_campaign=gmb,,Alhambra Circle,legal,5.0,N,verified
algo_law_firm,Algo Law Firm,(305) 723-1876,https://www.algofirm.com/,"815 Ponce de Leon Blvd suite 101, Coral Gables, FL 33134",Coral Gables,legal,4.3,Y,verified
alhambra_station_cafe,Alhambra Station Cafe,(305) 441-2676,https://www.toasttab.com/alhambrastationcafe/v3,"255 Alhambra Cir #170, Coral Gables, FL 33134",Coral Gables,food_beverage,4.4,Y,verified
alianza_strategies,Alianza Strategies,(786) 897-2680,http://www.alianzalawfirm.com/contact.html,"2100 Coral Wy, Coral Gables, FL 33145",Coral Gables,consulting,5,Y,unverified
alice_bravo_assoc_llc,"Alice Bravo & Assoc., LLC",(305) 458-7541,https://alicebravo.com,"2525 Ponce de Leon Blvd Ste 300, Coral Gables, FL 33134",Coral Gables,professional_services,,Y,unverified
all_atlantic_benefits,All Atlantic Benefits,(305) 978-3051,https://www.allatlanticbenefits.com/,"200 S Park Rd Suite 475, Hollywood, FL 33021",Coral Gables,financial_services,,Y,verified
all_my_sons_moving_storage_of_miami_llc,"All My Sons Moving & Storage of Miami, LLC",(305) 787-3335,https://www.allmysons.com/miami/index.aspx?utm_source=GMBlisting&utm_medium=organic&phone=305-363-1655,"111 NE 1st St 8th Floor #1004, Miami, FL 33132",Coral Gables,personal_services,3.8,Y,verified
allcanes,allCanes,(305) 661-9011,http://www.allcanes.com/,5831 Ponce de Leon Boulevard,Coral Gables,retail,4.7,N,verified
allen_dyer_doppelt_gilchrist_pa,"Allen Dyer Doppelt + Gilchrist, P.A",(305) 374-8303,https://allendyer.com/,"121 Alhambra Plz Suite 1250, Coral Gables, FL 33134",Coral Gables,legal,1,Y,verified
allen_morris_company,Allen Morris Company,(305) 443-1000,http://www.allenmorris.com/,"121 Alhambra Plz #1600, Coral Gables, FL 33134",Coral Gables,real_estate,5,N,verified
alliantinsuranceservices,Alliant Insurance Services Inc,(212) 344-2444,https://alliant.com/,"800 S Douglas, Coral Gables, FL",Coral Gables,insurance,,N,verified
allianztrade,AllianzTrade,(305) 753-2196,https://allianztrade.com,"10451 NW 117th Ave #101, Miami, FL 33178",Coral Gables,insurance,5,Y,unverified
alliednorthamericainsurancebrokerageoffl,Allied North America Insurance Brokerage Of FL LLC,(305) 629-3027,,"550 Biltmore Way, Penthouse 2, Coral Gables, FL",Coral Gables,insurance,2.6,N,
almaadvertisingagency,Alma Advertising Agency,(305) 428-0094,http://almaad.com/,,Bird Road Corridor,marketing,5.0,N,verified
almabellayoga,Alma Bella Yoga,(305) 282-5345,,,Coral Gables,wellness,5.0,N,
alo,ALO,(305) 351-4771,https://www.aloyoga.com/?utm_source=extnet&utm_medium=yext,,Bird Road Corridor,retail,3.8,N,verified
aloftcoralgables,Aloft Coral Gables,305-442-0372,https://www.marriott.com/en-us/hotels/miacl-aloft-coral-gables/overview/?scid=f2ae0541-1279-4f24-b197-a979c79310b0,,downtown coral gables,hospitality,4.3,Y,verified
aloft_miami_dadeland,Aloft Miami Dadeland,(786) 451-7023,https://www.marriott.com/en-us/hotels/miamd-aloft-miami-dadeland/overview/?scid=f2ae0541-1279-4f24-b197-a979c79310b0,"7600 N Kendall Dr, Miami, FL 33156",Coral Gables,real_estate,3.8,Y,verified
alpha_claims_consultants,Alpha Claims Consultants,(786) 496-2377,http://alphaclaimscorp.com/,"8362 Pines Blvd Suite 402, Pembroke Pines, FL 33024",Coral Gables,consulting,4.4,Y,verified
alpha_school_miami,Alpha School Miami,(305) 775-8626,https://alpha.school/miami/,,Coral Gables,education,,Y,verified
altotostadocoffeeroasters,Alto Tostado Coffee Roasters,(786) 907-4753,https://www.altotostado.com/,,Miracle Mile,food_beverage,5.0,N,verified
alzheimers_association,Alzheimers Association,(786) 847-7438,https://www.alz.org/,"2828 Coral Wy #103, Miami, FL 33145",Coral Gables,nonprofit,,Y,verified
aman_barber_shop,AMan Barber Shop,(305) 282-7081,https://www.a-manbarbershop.com/,"2 Aragon Ave Suite #33, Coral Gables, FL 33134",Coral Gables,personal_services,5.0,Y,verified
amauryjewelry,Amaury Jewelry,(305) 445-5242,https://amauryjewelry.com/,,Coral Gables,retail,4.6,N,verified
amc_sunset_place_24,AMC Sunset Place 24,(305) 740-8904,https://www.amctheatres.com/movie-theatres/miami-ft-lauderdale/amc-sunset-place-24?utm_medium=organic&utm_source=google&utm_campaign=local,5701 Sunset Drive,Sunset / South Gables,arts_culture,4.2,N,verified
amerant_bank,Amerant Bank,(305) 460-4024,https://www.amerantbank.com/branches/fl/coral-gables/220-alhambra-circle,"220 Alhambra Cir, Coral Gables, FL 33134",Coral Gables,banking,4,Y,verified
america_red_cross__south_florida,America Red Cross - South Florida,(305) 644-1200,https://www.redcross.org/local/florida/south-florida/about-us/locations/greater-miami-the-keys.html?CID=organic_gmb_listings,335 Southwest 27th Avenue,Douglas Road Corridor,professional_services,4.6,N,verified
american_airlines,American Airlines,(800) 433-7300,https://aa.com,"901 Ponce de Leon Blvd, Coral Gables, FL 33134",Coral Gables,transportation,4.2,Y,unverified
american_cancer_society,American Cancer Society,(305) 962-3797,https://www.cancer.org/,"9500 S Dadeland Blvd #710, Miami, FL 33156",Coral Gables,nonprofit,3,Y,verified
americanchildrensorchestras,American Children's Orchestras,(305) 285-2303,https://www.americanchildrensorchestras.org/,,Coral Gables,arts_culture,4.3,N,verified
american_heart_association,American Heart Association,(786) 304-3577,http://www.heart.org/,"2600 SW 3rd Ave STE 900, Miami, FL 33129",Coral Gables,nonprofit,5,Y,verified
american_legion_post_98,American Legion Post 98,(786) 897-7948,http://www.alpost98.org/,"303 Alhambra Cir, Coral Gables, FL 33134",Coral Gables,nonprofit,4.9,Y,verified
american_red_cross,American Red Cross,(786) 570-9793,https://www.redcross.org/local/florida/south-florida/about-us/locations/greater-miami-the-keys.html?CID=organic_gmb_listings,"335 SW 27th Ave, Miami, FL 33135",Coral Gables,nonprofit,4.6,Y,verified
american_transportation_limo,American Transportation & Limo,(754) 715-7756,https://americanlimofl.com/?utm_campaign=gmb,"3319 NW 74th Ave, Miami, FL 33122, United States",Coral Gables,accounting,4.9,Y,verified
americanakitchenatloews,Americana Kitchen At Loews,(786) 772-7600,https://www.americanakitchen.com/,"2950 Coconut Grove Dr, Coral Gables, FL 33134",Coral Gables,food_beverage,4.4,N,verified
amerifirstconstructioncgc1507077,Amerifirst Construction Corp - CGC # 1507077,(305) 306-1415,https://amerifirstconstruction.com/,,Ponce de Leon Corridor,construction,5.0,N,verified
amigogrio,Amigo Grill & Co,,http://amigogrillandco.com/,,Coral Gables,food_beverage,4.7,N,verified
amigostutoringcoralgables,Amigos Tutoring (Coral Gables),(305) 763-2913,http://amigostutoring.com/,,Coral Gables,education,5,N,verified
amorerestaurantandbar,Amore Restaurant and Bar,,https://thatsamorerestaurant.com/,,Coral Gables,food_beverage,4.7,N,verified
amscot,Amscot,(305) 714-9939,https://www.amscot.com/location/branch-224/3980-sw-8th-st-coral-gables-fl-33134?utm_source=GMB&utm_medium=organic&utm_content=branch224&utm_campaign=website_button,6788 Southwest 40th Street,Bird Road Corridor,banking,4.5,N,verified
ana_b_garcia_cpa,"Ana B. Garcia, CPA",(305) 336-2487,https://anabgarciacpa.com,"13640 N Kendall Dr Suite 1039, Miami, FL 33186",Coral Gables,accounting,5,Y,unverified
animalclinic843,Animal Clinic 8 & 43,(305) 442-0776,https://vcahospitals.com/south-dade?utm_source=maps&utm_medium=organic&utm_campaign=AU_1058,,Coral Gables,healthcare,4.7,N,unverified
animal_clinic_of_miamidade,Animal Clinic of Miami-Dade,(305) 262-8888,https://animalclinicofmiadade.com/,2134 Southwest 67th Avenue,Coral Gables,healthcare,4.5,N,verified
ann_taylor,Ann Taylor,(786) 340-2827,https://www.anntaylor.com/store/fl/coral-gables/358-san-lorenzo-avenue?y_source=1_MTY1NzM5OS03MTUtbG9jYXRpb24ud2Vic2l0ZQ%3D%3D,"358 San Lorenzo Ave, Coral Gables, FL 33146, United States",Coral Gables,retail,4,Y,verified
anne_rezac_design,Anne Rezac Design,(224) 334-7411,https://annerezac.com,"2234 Coral Wy, Miami, FL 33145",Coral Gables,professional_services,4.8,Y,unverified
ansbacherlaw,Ansbacher Law,(305) 400-8009,https://www.ansbacher.net/,,Sunset / South Gables,legal,5.0,N,verified
anthemadvisors,Anthem Advisors,(305) 482-3002,http://www.cflgcpa.com/,,Coral Gables,financial_services,5.0,N,unverified
anthony_r_abraham_foundation,Anthony R. Abraham Foundation,(305) 665-2222,https://abrahamfoundation.com,"288 Aragon Ave Suite D, Coral Gables, FL 33134",Coral Gables,accounting,5,Y,unverified
anthropologie,Anthropologie,(305) 443-0021,https://www.anthropologie.com/stores/village-of-merrick-park-coral-gables?utm_medium=organic&utm_source=google&utm_campaign=local&utm_content=440,,Bird Road Corridor,retail,4.3,N,verified
antonioperezc,"Antonio Perez CPA, P.A.",(786) 478-7715,https://www.antoniocpa.com/,,Miracle Mile,accounting,5.0,N,verified
apexengineering,Apex Engineering,,http://www.thestructurals.com/,,Bird Road Corridor,professional_services,,N,verified
apizza_brooklyn,Apizza Brooklyn,(786) 216-7153,http://www.apizzabrooklyn.com/?utm_campaign=gmb,5755 Southwest 40th Street,Bird Road Corridor,food_beverage,4.4,N,verified
aps_security_group_inc,APS Security Group Inc.,(305) 591-8282,http://apsmiami.com/,"4679 SW 72nd Ave, Miami, FL 33155",Coral Gables,accounting,5,Y,verified
apti_american_physical_therapy_institute,APTI American Physical Therapy Institute,(305) 323-8653,,,Coral Gables,healthcare,,Y,
ara_gallery_cultural_center,Ara Gallery Cultural Center,(305) 446-5578,https://americascollection.com/,"4213 Ponce de Leon Blvd, Coral Gables, FL 33146",Coral Gables,arts_culture,4.9,N,verified
araneyeassociatescoralgables,Aran Eye Associates - Coral Gables,(305) 442-2020,http://www.araneye.com/,,Coral Gables,healthcare,4.3,N,verified
arbys,Arby's,(305) 265-2011,http://www.arbys.com/locations/us/fl/miami/6760-sw-8th-st/store-167?utm_source=google-my-business&utm_medium=organic&utm_campaign=website-link&y_source=1_MjAyMzUyNTAwMC03MTUtbG9jYXRpb24ud2Vic2l0ZQ%3D%3D,6760 Southwest 8th Street,Coral Gables,food_beverage,4.3,N,verified
arcano_sabores_de_esencia_hispana,Arcano  Sabores de Esencia Hispana,(305) 530-8332,https://arcanomiami.com/?utm_source=google,"259 Giralda Ave, Coral Gables, FL 33134",Coral Gables,wellness,4.8,Y,verified
architectural_design_collaborative_inc,Architectural Design Collaborative Inc.,(305) 442-1188,http://www.adcinternational.net/,"235 Alcazar Ave, Coral Gables, FL 33134",Coral Gables,professional_services,5.0,Y,verified
archivist_cafe,Archivist Cafe,(305) 284-2715,https://dineoncampus.com/miami,"1300 Memorial Dr, Coral Gables, FL 33146",University of Miami Area,food_beverage,5,N,verified
arcoagentinsurance,Arco Agent Insurance Inc,(305) 582-2845,http://www.arcoagent.com/,"2000 Ponce de Leon Blvd Ste 515, Coral Gables, FL 33134",Coral Gables,insurance,3,N,verified
area_stage_company,Area Stage Company,(305) 666-2078,https://www.areastage.org/,"5701 Sunset Dr Suite 286, South Miami, FL 33143",Coral Gables,arts_culture,4.9,Y,verified
arhaus,Arhaus,(786) 228-7067,https://www.arhaus.com/pages/coral-gables-fl,,Bird Road Corridor,retail,3.8,N,verified
arias__abbass_your_attorneys,Arias & Abbass Your Attorneys,(786) 530-4357,https://talktomyattorneys.com/,4531 Ponce de Leon Blvd,Coral Gables,legal,5,N,verified
armandolaciosbarberstudiocoralgables,Armando Palacios Barber Studio - Coral Gables,(786) 469-1573,https://apbarberstudio.com/,,Douglas Road Corridor,personal_services,5.0,N,verified
armstrong_jazz_house,Armstrong Jazz House,(786) 382-3135,https://armstrongjazzhouse.com/,,Coral Gables,arts_culture,4.9,Y,verified
aromas_del_peru,Aromas del Peru,(786) 347-0506,https://aromasperu.com/aromasdelperuwmiami?utm_source=google,5757 Southwest 8th Street,Ponce de Leon Corridor,food_beverage,4.9,N,verified
arpeengineering,ARPE Engineering,(305) 444-9809,http://www.arpe-eng.com/,,Ponce de Leon Corridor,professional_services,5.0,N,verified
arrowheadnurseryandkindergarten,Arrowhead Nursery and Kindergarten,,http://www.arrowheadkinder.com/,,Coral Gables,education,,N,verified
arte_cucine,ARTE CUCINE,(305) 456-1372,https://artecucine.net/,"221 Miracle Mile, Coral Gables, FL 33134, United States",Coral Gables,retail,5,Y,verified
arteysafe,Arte y Pasión Cafe,(786) 542-9746,http://arteypasioncafe.com/,,Miracle Mile,food_beverage,4.8,N,verified
artefactocoralgables,Artefacto Coral Gables,(305) 774-0004,https://www.artefacto.com/,,Bird Road Corridor,retail,3.9,N,verified
arthur_j_gallagher,Arthur J. Gallagher,(786) 547-0816,https://ajg.com,"9155 S Dadeland Blvd Suite 1112, Miami, FL 33156",Coral Gables,insurance,,Y,unverified
arthur_murray_coral_gables_dance_studio,Arthur Murray Coral Gables Dance Studio,(305) 444-6136,https://arthur-murray.com/,"2916 Ponce de Leon Blvd, Coral Gables, FL 33134",Coral Gables,arts_culture,4.8,Y,verified
arthurmurraydancestudiocoralgables,Arthur Murray Dance Studio Coral Gables,(305) 444-6136,https://arthur-murray.com/,,Ponce de Leon Corridor,education,4.8,N,verified
arthur_murray_international_inc,Arthur Murray International Inc.,(305) 445-9645,https://www.arthurmurray.com/,"1077 Ponce de Leon Blvd, Coral Gables, FL 33134",Coral Gables,arts_culture,3.9,Y,verified
artigiano_inc,Artigiano Inc.,(305) 569-9970,https://www.artigianomiami.com/,"4212 Laguna St, Coral Gables, FL 33146",Coral Gables,other,4.9,Y,verified
artisanbeautystudioandartgallery,Artisan Beauty Studio and Art Gallery,(305) 444-0988,http://artisangallery.us/,,Ponce de Leon Corridor,personal_services,4.9,N,verified
artlabbcoralgables,ArtLabbé Coral Gables,,http://www.artlabbe.org/,,Miracle Mile,arts_culture,4.4,N,verified
arts_business_council_of_miami,Arts & Business Council of Miami,(305) 326-1011,https://artsbizmiami.org/,,Coral Gables,arts_culture,,Y,verified
arvani_group_llc,"Arvani Group, LLC",(305) 803-0313,http://arvanibwllc.com/contactus.htm,"147 Alhambra Cir #241, Coral Gables, FL 33134",Coral Gables,construction,1,Y,verified
arx_creative,ArX Creative,(305) 302-0111,https://arxcreative.com,"1805 Ponce de Leon Blvd, Coral Gables, FL 33134",Coral Gables,professional_services,4.3,Y,unverified
aryahotelandsuitescoconutgroveworldhotelsdisttive,"Arya Hotel and Suites Coconut Grove, WorldHotels Distinctive",(305) 529-2828,https://www.aryahotel.us/,,Douglas Road Corridor,hospitality,4.1,N,verified
asplumbingheatingcoralgables,AS Plumbing & Heating Coral Gables,(305) 686-4751,,,Bird Road Corridor,construction,5.0,N,
ascendant_insurance_solutions_llc,"Ascendant Insurance Solutions, LLC",(305) 820-4360 x1431,http://www.ascendantgroup.com/,"2199 Ponce de Leon Blvd #500, Miami, FL 33144",Coral Gables,insurance,2.9,Y,verified
ascendo_resources_llc,"Ascendo Resources, LLC",(305) 709-5324,https://ascendo.com/,"2 Alhambra Plz PH 2A, Coral Gables, FL 33134",Coral Gables,accounting,4.4,Y,verified
ascension_global_staffing_executive_search,Ascension Global Staffing & Executive Search,(786) 503-1910,https://ascensionsearch.com/,"7480 SW 40th St suite 605, Miami, FL 33155",Coral Gables,consulting,4,Y,verified
ascensiondescension,Ascension/Descension,(239) 677-7786,http://ascensionhealing.center/,"1059 NE Pine Island Rd Unit #5, Cape Coral, FL 33909",University of Miami Area,hospitality,4.8,N,verified
ashleystore,Ashley Store,(732) 548-1200,https://stores.ashleyfurniture.com/store/us/florida/cutler-bay/18780-s-dixie-hwy/?cmpid=ls-&utm_source=Local&utm_medium=LocalSEO&utm_campaign=LocalSearch,,Coral Gables,retail,4.6,N,verified
asia_grocery,Asia Grocery,(786) 268-7700,,6785 Southwest 56th Street,Coral Gables,retail,4.6,N,
asiannailsands,Asian Nails and Spa,(786) 431-1312,https://www.facebook.com/asiannails33146,,Bird Road Corridor,personal_services,3.3,N,verified
asian_thai_kitchen,Asian Thai Kitchen,(305) 323-9294,https://www.asianthaikitchen2fl.com/,1981 Southwest 8th Street,Coral Gables,food_beverage,4.5,N,verified
astorwinesspirits,Astor Wines & Spirits,(212) 674-7500,https://www.astorwines.com/?utm_source=google&utm_medium=organic&utm_campaign=local,,Coral Gables,food_beverage,4.7,N,verified
att,AT&T,(305) 347-5454,https://www.att.com/stores/florida/coral-gables/76119?source=E-g2s10000000000X&wtExtndSource=stores,2720 South Dixie Highway,Douglas Road Corridor,accounting,4.1,Y,verified
atkinsengineers,"Atkins Engineers, Inc.",(305) 444-6260,https://maxwellengineers.com/,,Miracle Mile,professional_services,3.7,N,verified
atlanticcrystalsconstruction,Atlantic Crystals Construction,(855) 817-8115,http://www.atlanticcrystalsconstruction.com/pages/contact.asp,,Ponce de Leon Corridor,construction,5.0,N,verified
attractions,Attractions,(305) 667-1651,https://fairchildgarden.org,"285 Aragon Ave, Coral Gables, FL 33134",Coral Gables,legal,4.4,Y,unverified
au_advisors,Au Advisors,(818) 613-8580,https://www.blockadvisors.com/tax-office-near-me/florida/coral-gables/8470/?otppartnerid=9308&campaignid=pw_mcm_9308_9762&utm_medium=local,"2417 Ponce de Leon Blvd, Coral Gables, FL 33134",Coral Gables,professional_services,4.9,Y,verified
auburndaleelementaryschool,Auburndale Elementary School,,http://auburndale.dadeschools.net/,"3255 Southwest 6th Street, Miami, FL 33135",Coral Gables,education,,N,verified
audi,Audi,(786) 885-3479,https://www.thecollectionaudimiami.com/,"200 Bird Rd, Coral Gables, FL 33146",Bird Road Corridor,retail,4.8,N,verified
audio_visual_company,Audio Visual Company,(305) 986-5012,https://showtechinc.com,"4472 NW 74th Ave, Miami, FL 33166",Coral Gables,real_estate,5,Y,unverified
audrey_ross_team_compass_florida,Audrey Ross Team  Compass Florida,(305) 206-4003,https://miamirealestate.com,"4699 Ponce de Leon Blvd, Coral Gables, FL 33146",Coral Gables,food_beverage,4.5,Y,unverified
audrey_ross_team_compass,Audrey Ross Team - Compass,(305) 661-4003,https://www.miamirealestate.com/,"4699 Ponce de Leon Blvd, Coral Gables, FL 33146, United States",Coral Gables,real_estate,4.5,N,verified
aurora_academy,Aurora Academy,(303) 367-5983,http://www.aacademy.org/,"10251 E 1st Ave, Aurora, CO 80010",Bird Road Corridor,education,,N,verified
auroramedinafamilydaycarehome,Aurora Medina Family Day Care Home,,https://ornatehome.com/?utm_source=google&utm_medium=GBP&utm_campaign=charlottelocal,,Coral Gables,education,,N,unverified
autonation_chevrolet,AutoNation Chevrolet,(305) 707-0139,https://www.autonationchevroletcoralgables.com/?&utm_source=local&utm_medium=organic&utm_campaign=*000012248*GMB,4181 Southwest 8th Street,Coral Gables,retail,4.3,N,verified
autonationchevroletcoralgables,AutoNation Chevrolet Coral Gables,(305) 707-0139,https://www.autonationchevroletcoralgables.com/?&utm_source=local&utm_medium=organic&utm_campaign=*000012248*GMB,,Coral Gables,auto_dealer,4.3,N,verified
autonationchevroletcoralgablesservicecenter,AutoNation Chevrolet Coral Gables Service Center,(305) 707-0139,https://www.autonationchevroletcoralgables.com/Service?&utm_source=local&utm_medium=organic&utm_campaign=*000012248*GMB,,Coral Gables,auto_dealer,4.3,N,verified
autozone,AutoZone,(305) 267-6747,https://www.autozone.com/locations/fl/west-miami/6010-sw-8th-st.html?cmpid=LOC:US:EN:AD:NL:1000000:GEN:5240,6010 Southwest 8th Street,Bird Road Corridor,retail,4.5,N,verified
avalonsalon,Avalon Salon,(305) 445-2631,http://avalonmiami.com/,,Miracle Mile,personal_services,4.9,N,verified
avante_insurance_group_llc,"Avante Insurance Group, LLC",(305) 812-7605,https://avantenea.com,"8700 W Flagler St Suite 401, Miami, FL 33174",Coral Gables,insurance,3.5,Y,unverified
avantgarde_salon_spa,AvantGarde Salon & Spa,(305) 442-8136,https://avantgardesalonandspa.com/,"155 Miracle Mile, Miami, FL 33134",Coral Gables,personal_services,4.9,Y,verified
avenuesgifts,Avenues Gifts,(305) 266-3330,,,Coral Gables,retail,4.1,N,
avenues_of_excellence_inc,Avenues of Excellence Inc.,(786) 749-2276,https://www.avenuesofexcellence.com/,"1 Alhambra Plz PH floor, Coral Gables, FL 33134",Coral Gables,education,5,Y,verified
avetranifinancialnorthwesternmutual,Avetrani Financial - Northwestern Mutual,(305) 351-3389,http://www.percyavetrani.com/?utm_source=google&utm_medium=mybusiness&utm_campaign=lo3,,Ponce de Leon Corridor,financial_services,5.0,N,verified
avis,Avis,(305) 648-2252,https://www.avis.com/en/locations/us/fl/coral-gables/lhcgf,6796 Southwest 40th Street,Bird Road Corridor,auto_dealer,1,N,unverified
avison_young,Avison Young,(305) 447-7858,https://www.avisonyoung.us/web/miami?utm_source=google&utm_medium=gmb,,Coral Gables,real_estate,,Y,verified
avomiami,Avo Miami,(786) 534-4191,https://avo-miami.com/,,Sunset / South Gables,food_beverage,4.8,N,verified
azucar_nightclub,Azucar Nightclub,(786) 252-2996,,"2301 SW 32nd Ave, Miami, FL 33145",Coral Gables,arts_culture,3.9,N,
azzendo_wealth_advisors,Azzendo Wealth Advisors,(305) 648-9814,http://www.azzendo.com/,"901 Ponce de Leon Blvd STE 501, Coral Gables, FL 33134",Coral Gables,accounting,4.5,Y,verified
brelectronicssupply,B & R Electronics Supply,(305) 255-4510,https://brelectronic.com/index.htm,,Sunset / South Gables,retail,4.8,N,verified
bcarchitectsaia,"B C Architects AIA, Inc.",(305) 663-8182,https://bcarchitects.com/,,Miracle Mile,professional_services,4.4,N,verified
babette,Babette,,https://www.babettemiami.com/,,Coral Gables,food_beverage,4.9,N,verified
bacardi_usa,Bacardi USA,(305) 573-8600,https://bacardi.com,"3011 Ponce de Leon Blvd Suite 900, Coral Gables, FL 33134, United States",Coral Gables,auto_dealer,4.7,Y,unverified
bachour,Bachour,(305) 203-0552,https://antoniobachour.com/?utm_source=google,,Alhambra Circle,food_beverage,4.4,N,verified
bachour_bakery,Bachour Bakery,(305) 203-0552,https://antoniobachour.com/?utm_source=google,"2020 Salzedo St, Miami, FL 33134",Coral Gables,food_beverage,4.6,N,verified
bachour_restaurant_and_bakery,Bachour Restaurant and Bakery,(305) 203-0552,https://antoniobachour.com/?utm_source=google,"2020 Salzedo St, Miami, FL 33134",Coral Gables,food_beverage,4.6,Y,verified
baires_grill__coral_gables,Baires Grill - Coral Gables,(786) 409-5121,https://www.bairesgrill.com/,180 Aragon Avenue,Miracle Mile,food_beverage,4.1,N,verified
ball_chain,Ball & Chain,(786) 442-5024,https://ballandchainmiami.com/,"1513 SW 8th St, Miami, FL 33135",Coral Gables,food_beverage,4.6,Y,verified
ball_janik,Ball Janik,(786) 290-1127,https://www.balljanik.com/,"100 SE 2nd St Suite 4100, Miami, FL 33131",Coral Gables,legal,5,Y,verified
banesco_usa,Banesco USA,(888) 228-1597,https://www.banescousa.com/,"150 Alhambra Cir Suite 100, Coral Gables, FL 33134",Coral Gables,banking,3.9,Y,verified
banfieldpethospital,Banfield Pet Hospital,(786) 796-2241,https://www.banfield.com/locations/veterinarians/fl/coral-gables/crg?utm_source=yext&utm_medium=yext&utm_campaign=yext&cid=yext_local,"3176 SW 22nd St, Coral Gables, FL 33145",Coral Gables,healthcare,3.7,N,verified
bank_of_america,Bank of America,(786) 999-5562,https://bankofamerica.com,2195 Southwest 8th Street,Coral Gables,banking,2.5,Y,unverified
bankofamericawithdrivethruatm,Bank of America (with Drive-thru ATM),(305) 442-2787,https://locators.bankofamerica.com/fl/coralgables/financial-centers-coral-gables-9739.html?utm_source=GMBlisting&utm_medium=organic,,Ponce de Leon Corridor,banking,2.5,N,verified
bankofamericafinancialcenter,Bank of America Financial Center,(305) 669-6694,https://locators.bankofamerica.com/fl/coconutgrove/financial-centers-coconut-grove-13027.html?utm_source=GMBlisting&utm_medium=organic,,Sunset / South Gables,banking,3.0,N,verified
bankmiami,BankMiami,(305) 290-7393,https://pichinchamiami.com/,"396 Alhambra Cir PH2, Coral Gables, FL 33134",Coral Gables,banking,2,Y,unverified
bankunited,BankUnited,(786) 648-6330,https://www.bankunited.com/our-locations/florida/miracle-mile,Southwest 8th Street,Coral Gables,banking,2.6,N,verified
banna_fakhoury_pa,"Banna Fakhoury, PA",(786) 481-0622,https://bannamiami.com/,"119 Washington Ave Suite 102, Miami Beach, FL 33139",Coral Gables,legal,5,Y,verified
banyandayschool,Banyan Day School,,http://banyandayschool.org/,,Coral Gables,education,,N,verified
baptisthealthbrainspinecarecoralgablesdoctorshospital,Baptist Health Brain & Spine Care | Coral Gables (Doctors Hospital),(786) 596-3876,https://baptisthealth.net/Neuroscience?y_source=1_MjAzMTMxOTIwMC03MTUtbG9jYXRpb24ud2Vic2l0ZQ%3D%3D,,University of Miami,healthcare,,N,verified
baptisthealthconciergemedicinecoralgablesbelmontvillage,Baptist Health Concierge Medicine | Coral Gables (Belmont Village),(786) 595-1212,https://baptisthealth.net/services/concierge-medicine?y_source=1_MTA2Nzc3OTI3Ni03MTUtbG9jYXRpb24ud2Vic2l0ZQ%3D%3D,,Bird Road Corridor,healthcare,5.0,N,verified
baptisthealthdoctorshospital,Baptist Health Doctors Hospital,(786) 308-3000,https://baptisthealth.net/locations/hospitals/doctors-hospital?utm_source=yext&utm_medium=google&utm_campaign=listing&y_source=1_MTIwNTAyMzUtNzE1LWxvY2F0aW9uLndlYnNpdGU%3D,,University of Miami,healthcare,4.8,N,verified
baptisthealthdoctorshospitalercoralgables,Baptist Health Doctors Hospital ER | Coral Gables,(786) 308-3000,https://baptisthealth.net/locations/emergency-care/doctors-hospital-emergency-room?utm_source=yext&utm_medium=google&utm_campaign=listing&y_source=1_MTI5MTY5OTQtNzE1LWxvY2F0aW9uLndlYnNpdGU%3D,,University of Miami,healthcare,4.8,N,verified
baptisthealthphysicaltherapyrehabilitationcoralgables,Baptist Health Physical Therapy & Rehabilitation | Coral Gables,(786) 308-2000,https://baptisthealth.net/locations/physical-rehabilitation-centers/baptist-health-physical-therapy-and-rehabilitation---coral-gables?utm_source=yext&utm_medium=google&utm_campaign=listing&y_source=1_MTIwNTAzMTAtNzE1LWxvY2F0aW9uLndlYnNpdGU%3D,,University of Miami,healthcare,4.7,N,verified
baptisthealthprimarycarecoralgablesbelmontvillage,Baptist Health Primary Care | Coral Gables (Belmont Village),(786) 595-1200,https://baptisthealth.net/locations/primary-care/coral-gables-primary-care?y_source=1_MTAzMDcyNjAwNC03MTUtbG9jYXRpb24ud2Vic2l0ZQ%3D%3D,,Bird Road Corridor,healthcare,4.9,N,verified
baptist_health_south_florida,Baptist Health South Florida,(786) 596-1960,https://baptisthealth.net,"6855 Red Rd, Coral Gables, FL 33143",Coral Gables,healthcare,3.3,Y,unverified
baptisthealthsurgerycentercoralgables,Baptist Health Surgery Center | Coral Gables,(786) 308-2400,https://baptisthealth.net/locations/surgery-centers/baptist-health-orthopedic-care-coral-gables-4th-floor?y_source=1_MjI2Mjg2MjAtNzE1LWxvY2F0aW9uLndlYnNpdGU%3D,,University of Miami,healthcare,5.0,N,verified
baptisthealthsurgerycoralgablesdoctorshospital,Baptist Health Surgery | Coral Gables (Doctors Hospital),(305) 271-9777,https://baptisthealth.net/locations/hospitals/doctors-hospital?utm_source=yext&utm_medium=google&utm_campaign=listing&y_source=1_MTIwNTAyMzUtNzE1LWxvY2F0aW9uLndlYnNpdGU%3D,,University of Miami,healthcare,,N,verified
baptisthealthurgentcarecoralgables,Baptist Health Urgent Care | Coral Gables,(786) 467-5000,https://baptisthealth.net/locations/urgent-care/coral-gables-urgent-care?utm_source=yext&utm_medium=google&utm_campaign=listing&y_source=1_MTIwNTAzNjAtNzE1LWxvY2F0aW9uLndlYnNpdGU%3D,,Coral Gables,healthcare,4.8,N,verified
baptist_rehabilitation_hospital,Baptist Rehabilitation Hospital,(786) 308-2000,https://www.baptisthealthrehabhospital.com/,6233 Sunset Drive,Sunset / South Gables,healthcare,4.7,N,verified
barakatbossa,BARAKAT + BOSSA,305-444-3114,https://b2b.legal/,,Coral Gables,legal,5.0,Y,verified
barbell,Barbell,(786) 755-3259,https://www.startingstrengthgyms.com/miami/,"8400 S Dixie Hwy Suite 102, Miami, FL 33143",University of Miami Area,hospitality,5,N,verified
barberstudiomi,Barber Studio M.I,(305) 337-9335,http://mibarberstudio.com/,,Ponce de Leon Corridor,personal_services,5.0,N,verified
barbershop_god_is_love,Barbershop God is Love,(786) 560-6692,https://god-is-love-1995.square.site/,2263 Southwest 37th Avenue,Coral Gables,retail,5,N,verified
barbynailss,Barby Nails Spa,(305) 433-5441,https://barby-nails-spa-llc.square.site/,,Miracle Mile,personal_services,4.8,N,verified
bardos_caffe,Bardo's Caffe,,,,Ponce de Leon Corridor,food_beverage,,N,
barnes__noble,Barnes & Noble,(305) 662-4770,https://stores.barnesandnoble.com/store/2739,5701 Sunset Drive,Sunset / South Gables,retail,4.6,N,verified
barracuda,Barracuda,(305) 918-9013,https://www.instagram.com/barracudagrove/,"3035 Fuller St, Coconut Grove, FL 33133",Douglas Road Corridor,food_beverage,4.4,N,verified
barrington_academy,Barrington Academy,(770) 474-0772,http://www.barringtonacademy.com/,"810 Flat Rock Rd, Stockbridge, GA 30281",Sunset / South Gables,education,4.4,N,unverified
bascomlmereyeinstitutethelennarfoundationmedicalcenter,Bascom Palmer Eye Institute The Lennar Foundation Medical Center,(305) 689-5555,http://bascompalmer.org/,,Coral Gables,healthcare,2.6,N,verified
basilicoristorantecoralgables,Basilico Ristorante Coral Gables,(305) 456-4485,https://basilicomiami.com/,,Miracle Mile,food_beverage,4.9,N,verified
batteries__bulbs,Batteries + Bulbs,(305) 661-4567,https://www.batteriesplus.com/store-locator/fl/miami/batteries-plus-854?utm_source=gmb&utm_medium=local&utm_campaign=bpb&storecode=854,6400 South Dixie Highway,Sunset / South Gables,retail,4.2,N,verified
batteryrkwinespirits,Battery Park Wine & Spirits,(646) 882-0182,,,Coral Gables,food_beverage,4.1,N,
bay13breweryandkitchen,Bay 13 Brewery And Kitchen,(786) 452-0935,https://www.bay13brewery.com/,,Coral Gables,food_beverage,4.5,N,verified
bay_plumbing_company,Bay Plumbing Company,(305) 446-8141,https://www.bayplumbingco.com/,"3029 SW 28th St, Miami, FL 33133",Coral Gables,construction,3.2,Y,verified
bayshore_club_bar__grill,Bayshore Club Bar & Grill,(305) 209-1200,https://www.bayshoreclubmiami.com/,"3391 Pan American Dr, Miami, FL 33133",Coral Gables,food_beverage,4.9,N,verified
bayshorewealthadvisors,Bayshore Wealth Advisors,(786) 888-9400,http://www.bayshorewealth.com/,,Miracle Mile,financial_services,,N,verified
bayview_pace,Bayview Pace,(844) 518-2343,http://bayviewpace.com/,4425 Ponce de Leon Boulevard,Bird Road Corridor,financial_services,5,N,verified
bean_automotive_group_lexus_of_kendallkendall_toyota,Bean Automotive Group Lexus of Kendall/Kendall Toyota,(786) 345-2612,https://beanauto.com,"10943 S Dixie Hwy, Pinecrest, FL 33156",Coral Gables,auto_dealer,4.5,Y,unverified
beasley_demos_brown_llc,"Beasley, Demos & Brown, LLC",(305) 669-3131,https://www.beasleydemos.com/,"201 Alhambra Cir #801, Coral Gables, FL 33134",Coral Gables,legal,4.7,Y,verified
beatriznavarrogoudieantillesrealty,"Beatriz Navarro Goudie, Antilles Realty",(786) 338-0245,https://makecoralgableshome.com/,,Coral Gables,real_estate,5.0,N,verified
beauchampconstructionco,Beauchamp Construction Co Inc,(305) 445-0819,http://www.beauchampco.com/,,Ponce de Leon Corridor,construction,4.3,N,verified
beauty__the_butcher,Beauty & The Butcher,(305) 665-9661,https://www.beautyandthebutchermiami.com/,"6915 Southwest 57th Avenue, S Red Rd, Coral Gables, FL 33143",Sunset / South Gables,food_beverage,4.9,N,verified
beautyatelier,Beauty Atelier,(786) 620-8055,https://beautyatelier40.booksy.com/a/,,Coral Gables,personal_services,5.0,N,verified
beckercoralgablesfl,"Becker, Coral Gables, FL",(305) 262-4433,http://beckerlawyers.com/?utm_source=GMBlisting&utm_medium=organic,,Miracle Mile,legal,4.7,N,verified
beehive_juice_bar,Beehive Juice Bar,(305) 663-1300,https://www.beehivejuicebarandcafe.getsauce.com/?utm_source=GMB&utm_medium=Website%20button&utm_id=Beehive%20Juice%20Bar%20And%20Cafe,6490 Bird Road,Bird Road Corridor,food_beverage,4.6,N,verified
beharfontrtnersrobertbeharjavierfont,"Behar Font & Partners, P.A. - Robert Behar & Javier Font",(305) 740-5442,http://www.beharfont.com/,,Coral Gables,professional_services,5.0,N,verified
bellrosquetereyesestebanp,Bell Rosquete Reyes Esteban PLLC,(305) 570-1610,http://brresq.com/,,Coral Gables,legal,5,N,verified
bellefleur,Belle Fleur,(305) 444-0883,http://www.bfleur.com/,,Alhambra Circle,retail,4.6,N,verified
belleza_femenina,Belleza Femenina,(305) 269-1969,http://bfshapewear.com/,6224 Southwest 8th Street,Coral Gables,retail,4.6,N,verified
bellezza,Bellezza,(305) 648-1936,,"801 Santiago St, Coral Gables, FL 33134",Sunset / South Gables,retail,3.9,N,
bello_dental_center,Bello Dental Center,(305) 264-2666,http://www.bellodental.com/,6567 Southwest 24th Street,Coral Gables,healthcare,4.9,N,verified
belmont_bank_trust,Belmont Bank & Trust,(786) 425-3350,https://www.belmontbank.com/about-us/location-details.html?id=12673,"2020 Ponce de Leon Blvd, Coral Gables, FL 33134",Coral Gables,banking,5.0,Y,verified
belmont_village_senior_living,Belmont Village Senior Living,(305) 422-1397,https://www.belmontvillage.com/locations/coral-gables-florida/?utm_source=gmb&utm_medium=organic&utm_content=gmb-website,"4111 Salzedo St, Coral Gables, FL 33146",Coral Gables,accounting,4.8,Y,verified
benesch_investment_group,Benesch Investment Group,(786) 607-4050,http://www.beneschinvestmentgroup.com/,,Coral Gables,accounting,,Y,verified
benihana,Benihana,,https://www.benihana.com/locations/coral-gables/?utm_source=google&utm_medium=organic&utm_campaign=gbp,242 Miracle Mile,Miracle Mile,food_beverage,3.8,N,verified
benitez_dental_center,Benitez Dental Center,(786) 442-2122,https://benitezdentalcenter.com/,"401 Coral Wy Suite 300, Coral Gables, FL 33134",Coral Gables,healthcare,4.9,Y,verified
benjaminlaurelreedmd,"Benjamin Laurel Reed, MD",(305) 271-9777,https://baptisthealth.net/doctors/Benjamin-Laurel-Reed/3198650?utm_source=yext&utm_medium=google&utm_campaign=listing&y_source=1_MTA4MjU5ODA4OS03MTUtbG9jYXRpb24ud2Vic2l0ZQ%3D%3D,,University of Miami,healthcare,5.0,N,verified
bennett_capital_partners_mortgage_brokers,Bennett Capital Partners Mortgage Brokers,(800) 457-9057,https://www.bcpmortgage.com/,"1101 Brickell Ave STE 800, Miami, FL 33131",Coral Gables,financial_services,5,Y,verified
bercow_radell_fernandez_larkin_and_tapanes_pllc,"Bercow Radell Fernandez Larkin and Tapanes, PLLC.",(305) 374-5300,http://brzoninglaw.com/,"200 S Biscayne Blvd Ste 300, Miami, FL 33131",Coral Gables,legal,5,Y,verified
berger_singerman,Berger Singerman,(305) 714-4347,http://www.bergersingerman.com/,"201 E Las Olas Blvd Suite 1500, Fort Lauderdale, FL 33301",Coral Gables,legal,4,Y,verified
berkshire_hathaway_homeservices_ewm_realty,Berkshire Hathaway HomeServices EWM Realty,(305) 487-2337,http://www.ewm.com/,135 San Lorenzo Avenue,Bird Road Corridor,real_estate,4.6,Y,verified
bermello_ajamil_partners_inc,"Bermello, Ajamil & Partners, Inc.",(305) 859-2050,https://www.bermelloajamil.com/,"4711 S Le Jeune Rd, Coral Gables, FL 33146",Coral Gables,professional_services,4.7,Y,verified
bermontgoldwealthadvisoryofraymondjames,Bermont Gold Wealth Advisory of Raymond James,(305) 460-2715,http://www.bermontadvisorygroup.com/,,Ponce de Leon Corridor,financial_services,5.0,N,verified
best_buy,Best Buy,(305) 662-7073,https://stores.bestbuy.com/fl/miami/8450-s-dixie-hwy-557.html/?ref=NS&loc=ns100,8450 South Dixie Highway,Sunset / South Gables,retail,4.3,N,verified
best_practices_title_llc,"Best Practices Title, LLC",(305) 662-1600,https://bestpracticestitle.com/,"1607 Ponce de Leon Blvd STE 203, Coral Gables, FL 33134",Coral Gables,real_estate,5,Y,verified
bestwesternplusmiamiintlairporthotelsuitescoralgables,Best Western Plus Miami Intl Airport Hotel & Suites Coral Gables,(305) 774-6100,https://www.bestwestern.com/en_US/book/hotel-rooms.10384.html?iata=00171880&ssob=BLBWI0004G&cid=BLBWI0004G:google:gmb:10384,,Coral Gables,hospitality,4.0,N,verified
besthvacairconditioningreirs,BestHVAC Air Conditioning Repairs,(786) 937-4957,,,Coral Gables,construction,4.3,N,
betheldaycarecenter,Bethel Day Care Center,,,,Coral Gables,education,,N,
better_addiction_care,Better Addiction Care,(305) 634-3409,http://www.bwom.org/,475 Biltmore Way,Coral Gables,healthcare,4.3,N,verified
better_business_bureau_serving_se_florida_the_caribbean,Better Business Bureau Serving SE Florida & the Caribbean,(561) 842-9278,https://bbb.org,"4411 Beacon Cir, West Palm Beach, FL 33407",Coral Gables,auto_dealer,4.9,Y,unverified
bevi,Bevi,(305) 492-9369,https://bevi.co,"1800 SW 3rd Ave Suite 100, Miami, FL 33129",Coral Gables,accounting,,Y,unverified
beyome,beyome,(804) 656-5007,https://www.beycome.com/,"5701 Sunset Dr # 224, South Miami, FL 33143",Sunset / South Gables,real_estate,4.4,N,verified
bg_integrative_studio,BG Integrative Studio,(786) 607-3698,https://bgmedtattoo.com,"3812 SW 8th St, Coral Gables, FL 33134, United States",Coral Gables,arts_culture,4.7,Y,unverified
bgi_capital,BGI Capital,(305) 854-0604,http://www.bgicapital.com/,,Coral Gables,financial_services,,Y,verified
bid_daddys_wine__liquors,Bid Daddy's Wine & Liquors,(305) 444-2093,http://www.bigdaddysliquors.com/,"2988 SW 27th Ave, Miami, FL 33133",Douglas Road Corridor,retail,4.6,N,verified
big_brothers_big_sisters_of_miami,Big Brothers Big Sisters of Miami,(305) 644-7060,http://www.bbbsmiami.org/,"550 NW 42nd Ave, Miami, FL 33126",Coral Gables,nonprofit,4.6,Y,verified
big_diamond_1982,"Big Diamond, 1982",,,,University of Miami Area,hospitality,,N,
bike_tech,Bike Tech,(305) 856-5731,https://www.facebook.com/profile.php?id=61571070950866,2220 coral way,Coral Gables,retail,4.6,N,verified
bilingualcooperativepreschool,Bilingual Cooperative Preschool,,http://www.bilingualcoop.org/about_us4.php,,Sunset / South Gables,education,,N,verified
biltmorehotelmiamicoralgables,Biltmore Hotel Miami Coral Gables,(855) 969-3080,https://www.biltmorehotel.com/,,Coral Gables,hospitality,4.4,N,verified
biltmoresignaturesundaybrunch,Biltmore Signature Sunday Brunch,,,,Coral Gables,food_beverage,4.3,N,
bioenergy_wellness_south_miami,Bioenergy Wellness South Miami,(305) 590-1894,https://bioenergywellnessmiami.com,"2828 Coral Wy #106, Coral Gables, FL 33145",Coral Gables,wellness,5,Y,unverified
bioseafood_llc,"Bioseafood, LLC",(305) 444-6226,https://bioseafoodllc.com,"10711 SW 104th St, Miami, FL 33176",Coral Gables,food_beverage,5,Y,unverified
birdie_bistro,Birdie Bistro,(786) 357-8387,https://birdiebistro.co/,"2001 Granada Blvd, Coral Gables, FL 33134",Coral Gables,food_beverage,4.5,Y,verified
birdies_bistro,Birdie's Bistro,(305) 567-3100,https://birdiebistro.co/,2001 Granada Boulevard,Coral Gables,food_beverage,4.5,N,verified
bistrocaf,Bistro Café,(305) 530-8193,https://instagram.com/bistrocaferest,,Bird Road Corridor,food_beverage,5.0,N,verified
bixtech,BIX Tech,(786) 388-0986,https://www.bixtech.ai/,,Coral Gables,technology,5.0,N,verified
bjs_wholesale_club,BJ's Wholesale Club,(305) 262-0243,https://www.bjs.com/cl/miami/0367/?trc=locl%7Cggmb%7Cweb%7Cxlob%7Cxlob%7Clocdist%7C0367%7Cstore%7C20240816,7050 Southwest 24th Street,Coral Gables,retail,4.1,N,verified
bkwinedepot,Bk Wine Depot Corp.,(718) 797-1588,http://www.bkwinedepot.com/,,Coral Gables,food_beverage,4.6,N,verified
blacklane,Blacklane,(305) 684-2519,https://blacklane.com,"340 W Flagler St Suite 1009, Miami, FL 33130",Coral Gables,accounting,4.8,Y,unverified
blackmoreconsulting,Blackmore Consulting,786-417-9868,http://blackmore.consulting/,,Coral Gables,consulting,5,Y,verified
blanca_fragrance_factory,Blanca Fragrance Factory,(401) 954-7670,https://www.blancafragrancefactory.com/,"262 Giralda Ave, Coral Gables, FL 33134, United States",Coral Gables,personal_services,5,Y,verified
blanco_law_firm_pllc,"Blanco Law Firm, PLLC",(305) 962-0944,https://blancointl.com,,Coral Gables,legal,,Y,unverified
blankdesignarchitecture,blank design + architecture,(305) 482-1996,https://www.architectureisblank.com/,,Ponce de Leon Corridor,professional_services,4.9,N,verified
blaremedia,Blare Media,,https://blaremedia.net,,Coral Gables,marketing,,N,unverified
blinkingowleyecare,Blinking Owl Eyecare,(786) 526-5054,https://local.lenscrafters.com/eyedoctors/fl/coral-gables/358-san-lorenzo-avenue.html?cid=yext_odLCODE896-110000910&y_source=1_Mjc5NDc5NzEtNzE1LWxvY2F0aW9uLndlYnNpdGU%3D,,Bird Road Corridor,healthcare,4.8,N,verified
bliss_beautique,Bliss Beautique,(786) 679-3057,https://blissbeautique.com/?y_source=1_MTA2NTQxMDY1NC03MTUtbG9jYXRpb24ud2Vic2l0ZQ%3D%3D,"2255 Ponce de Leon Blvd, Coral Gables, FL 33134",Coral Gables,personal_services,4.9,Y,verified
bliss_imprints_gifts,Bliss Imprints & Gifts,(305) 661-2030,https://blissimprints.com/,"293 Miracle Mile, Miami, FL 33134",Coral Gables,retail,4.9,Y,verified
blockadvisors,Block Advisors,(305) 774-6822,https://www.blockadvisors.com/tax-office-near-me/florida/coral-gables/8470/?otppartnerid=9308&campaignid=pw_mcm_9308_9762&utm_medium=local,,Miracle Mile,accounting,4.9,N,verified
blondebarberbarbershopcoralgables,Blondebarber Barbershop - Coral Gables,(786) 501-0283,http://blondebarbershop.co/,,Ponce de Leon Corridor,food_beverage,5.0,N,verified
bloomboutique,Bloom Boutique,(305) 476-0300,http://www.shopbloomboutique.com/,,Miracle Mile,retail,4.9,N,verified
blue_columbia_holdings,Blue Columbia Holdings,(986) 221-9584,https://lexreception.com,"5301 Waterford District Dr #500, Miami, FL 33126",Coral Gables,accounting,3.6,Y,unverified
bluedaisymediamediabuyingagencyinmiami,Blue Daisy Media | Media Buying Agency in Miami,(305) 442-4229,https://bluedaisymedia.com/,,Coral Gables,marketing,5.0,N,verified
blue_missions,BLUE Missions,(888) 702-2583,https://www.bluemissions.org/,"7350 SW 48th St, Miami, FL 33155",Coral Gables,nonprofit,5,Y,verified
blueserenityboutique,Blue Serenity Boutique,(786) 564-2674,http://www.blueserenityboutique.com/,,Miracle Mile,retail,4.8,N,verified
blue_sky_food_by_the_pound,Blue Sky Food by the Pound,(786) 803-8568,https://www.facebook.com/profile.php?id=100068833700757&fref=ts,5751 Southwest 40th Street,Bird Road Corridor,food_beverage,4.1,N,verified
blueprint_it_consulting_llc,"Blueprint IT Consulting, LLC",(703) 485-5786,https://blueprintitconsult.com,"3663 SW 8th St #204, Miami, FL 33135",Coral Gables,consulting,,Y,unverified
bmsinsuranceagencyofflorida,BMS Insurance Agency of Florida LLC,(305) 667-7717,https://agroupservices.com/?utm_source=google&utm_medium=local&utm_campaign=google-local-72420,"299 Alhambra Cir Ste 212, Coral Gables, FL 33134",Coral Gables,insurance,4.9,N,unverified
bndengineers,"BND Engineers, Inc.",(305) 599-8495,http://www.bndengineers.com/,,Ponce de Leon Corridor,professional_services,,N,verified
bobs_watches,Bob's Watches,+1-305-517-1361; +1-800-494-3708,https://www.bobswatches.com/rolex/miami,2980 McFarlane Road,Douglas Road Corridor,retail,3,N,unverified
bobsdiscountfurnitureandmattressstore,Bob’s Discount Furniture and Mattress Store,(646) 400-6180,https://www.mybobs.com/store/virginia/Dulles?utm_medium=local&utm_source=maps&utm_campaign=Yext&utm_term=virginia&utm_content=sterling,,Coral Gables,retail,4.8,N,verified
boca_group,BOCA Group,(212) 983-7010,http://www.bocagroup.com/,"East Mezzanine, 200 Park Ave, New York, NY 10166",Coral Gables,real_estate,5,Y,verified
bodegabarcoralgables,Bodega Bar Coral Gables,(786) 785-1501,https://www.bodegataqueria.com/,,Miracle Mile,food_beverage,4.1,N,verified
bodega_taqueria_y_tequila,Bodega Taqueria y Tequila,(786) 785-1501,https://www.bodegataqueria.com/,317 Miracle Mile,Miracle Mile,food_beverage,4.1,N,verified
bodybrainyogataichi,Body & Brain Yoga Tai Chi,(305) 443-7617,http://www.bodynbrain.com/Miami/,,Ponce de Leon Corridor,wellness,4.8,N,verified
bodyhotpilates,Body Hot Pilates,(786) 542-3059,https://bodyhotpilates.com/,,Ponce de Leon Corridor,wellness,4.8,N,verified
boladoclothiers,Bolado Clothiers,(305) 448-2507,http://www.boladoclothiers.com/,,Miracle Mile,retail,5.0,N,verified
bolivar__humboldt,Bolivar & Humboldt,(786) 702-3681,http://www.bolivarmiamibeach.com/,"841 Washington Ave, Miami Beach, FL 33139",University of Miami Area,hospitality,4.5,N,unverified
boma_miamidade,BOMA MiamiDade,(786) 647-2571,http://www.bomaflorida.org/,,Coral Gables,professional_services,,Y,verified
boo_zamek,Boo Zamek,(305) 984-1143,https://compass.com/agents/provincezamek,"550 S Dixie Hwy, Coral Gables, FL 33146",Coral Gables,other,5,Y,unverified
bookhorizons,Book Horizons,(305) 665-6161,http://www.bookhorizons.com/,,University of Miami,retail,4.8,N,verified
booksbookscafe,Books & Books Cafe,305-442-4408,http://www.booksandbooks.com/,,Coral Gables,food_beverage,4.3,N,verified
books_books_inc,"Books & Books, Inc.",(305) 442-4408,http://www.booksandbooks.com/,,Coral Gables,retail,4.3,Y,verified
borbollainsuranceagencies,Borbolla Insurance Agencies Inc,(305) 203-0333,https://agents.allstate.com/borbolla-insurance-agencies-inc-coral-gables-fl.html?utm_source=GMB&utm_medium=Website,"320 Sevilla Ave, Ste 202, Coral Gables, FL 33134",Coral Gables,insurance,4.7,N,unverified
borbollainsuranceagenciesallstateinsurance,Borbolla Insurance Agencies Inc: Allstate Insurance,(877) 217-7445,https://agents.allstate.com/borbolla-insurance-agencies-inc-coral-gables-fl.html?utm_source=GMB&utm_medium=Website,,Coral Gables,insurance,4.7,N,verified
borgognonilawpl,Borgognoni Law PL,(305) 981-6707,,,Coral Gables,legal,,N,
borkat_plumbing_services_llc,"Borkat Plumbing Services, LLC",(305) 244-6023,https://borkatplumbing.com/,"7193 N Waterway Dr, Miami, FL 33155",Coral Gables,construction,5,Y,verified
bosss_hair_salon,Bosss Hair Salon,(786) 609-6836,http://www.bossahairsalon.com/,"6929 Red Rd, Coral Gables, FL 33143",Sunset / South Gables,personal_services,4.9,N,verified
boston_market,Boston Market,(305) 444-0209,https://www.bostonmarket.com/location/fl/miami/3600-sw-22nd-street?utm_source=Yext&utm_medium=click&utm_campaign=listings&utm_content=1067,"3600 SW 22nd St, Miami, FL 33145",Coral Gables,food_beverage,3.8,N,verified
bouchon,Bouchon,(305) 990-1360,https://www.thomaskeller.com/coral-gables-florida/bouchon-bistro,"2101 Galiano St, Coral Gables, FL 33134",Coral Gables,other,4.2,Y,verified
bouchonbistro,Bouchon Bistro,,https://www.thomaskeller.com/coral-gables-florida/bouchon-bistro,,Coral Gables,food_beverage,4.0,N,verified
bouchonwineshop,Bouchon Wine Shop,(347) 240-0685,,,Coral Gables,food_beverage,4.4,N,
bounds_law_offices,Bounds Law Offices,(305) 728-1350,http://www.boundslawoffices.com/,"2655 S Le Jeune Rd #805, Coral Gables, FL 33134",Coral Gables,legal,3,Y,verified
bounkit,BOUNKIT,(212) 244-1877,,,Coral Gables,retail,5.0,N,
bowden_wealth_management_group_at_bank_of_america_merrill_ly,Bowden Wealth Management Group at Bank of America / Merrill Lynch,(305) 347-2535,https://advisor.ml.com/sites/fl/miamibrickell/bowdenassociates,,Coral Gables,accounting,,Y,unverified
bowesdermatologyisnowofficiallyriverchasedermatologymiami,Bowes Dermatology is now officially Riverchase Dermatology Miami,(305) 856-6555,https://www.bowesdermatology.com/?utm_source=google&utm_medium=organic&utm_campaign=BD_GMB_Miami&utm_id=01,,Coral Gables,healthcare,4.7,N,verified
bp,BP,(305) 446-1231,https://map.bp.com/en-US/US/gas-station/coral-gables/bp/18830227992963313400100000000000,3198 South Dixie Highway,Bird Road Corridor,auto_dealer,2.4,N,verified
bp_shop,BP Shop,(305) 446-1231,https://map.bp.com/en-US/US/gas-station/miami/bp/99670119831983313300100000000000,3198 South Dixie Highway,Bird Road Corridor,retail,2.4,N,verified
baccountingservices,BPA Accounting Services Inc,(305) 448-0542,http://bpaaccounting.com/,,Ponce de Leon Corridor,accounting,5.0,N,verified
braman_honda,Braman Honda,(305) 216-5751,https://www.bramanhonda.com/?utm_source=google&utm_medium=organic&utm_campaign=gbp_sales,7000 Southwest 24th Street,Coral Gables,auto_dealer,4.6,Y,verified
branches,Branches,(305) 442-8306,http://www.branchesfl.org/,"11500 NW 12th Ave, Miami, FL 33168",Coral Gables,other,4.6,Y,verified
brand_poets,Brand Poets,(786) 732-7466 ext. 101,https://brandpoets.com/,"8220 SW 148th Dr, Palmetto Bay, FL 33158",Coral Gables,other,4.7,Y,verified
brandis,BRANDI'S,,https://biltmorehotel.com/coral-gables-dining/brandis/,,Bird Road Corridor,food_beverage,2.3,N,verified
brasfield_gorrie_llc,"Brasfield & Gorrie, LLC",(305) 938-9800,https://www.brasfieldgorrie.com/,,Coral Gables,professional_services,,Y,verified
breakfreemovement,Break Free Movement,(305) 456-8234,http://thebreakfreemovement.com/,,Bird Road Corridor,wellness,4.8,N,verified
breakthrough_t1d,Breakthrough T1D,(786) 741-9223,https://breakthrought1d.org,,Coral Gables,other,,Y,unverified
brightviewlandscape,BrightView Landscape,(305) 258-8011,https://brightview.com,,Coral Gables,construction,4.5,N,unverified
brijbagbernharddo,Brijbag Bernhard DO,(305) 663-0088,http://drbrijbag.com/,,University of Miami,other,4.1,N,verified
brilliantearth,Brilliant Earth,(786) 751-9243,https://www.brilliantearth.com/stores/miami-fl-33133/?utm_source=google&utm_medium=organic&utm_campaign=gmblisting&utm_content=miami,,Douglas Road Corridor,retail,4.4,N,verified
britomarketingadvertisingagencyagenciadepublicidad,Brito Marketing | Advertising Agency | Agencia de Publicidad,(305) 384-1141,http://britomarketing.com/,,Coral Gables,marketing,4.9,N,verified
brito_miami_private_school,Brito Miami Private School,,https://www.britomiamipanthers.com/,,Coral Gables,education,,N,verified
brito_pllc,"Brito, PLLC",(305) 614-4071,http://britopllc.com/,"2121 Ponce de Leon Blvd # 650, Coral Gables, FL 33134",Coral Gables,legal,4.7,Y,verified
brooklyngiftsandcollectibles,Brooklyn Gifts and Collectibles,(929) 344-1958,https://brooklyngiftsandcollectibles.com/,,Coral Gables,retail,5.0,N,verified
brote_sprout,Brote (Sprout),(561) 765-2216,https://www.sprouts.com/store/fl/coconut-grove/miami-27th-ave/,"2750 SW 27th Terrace #102, Miami, FL 33133",University of Miami Area,hospitality,4.3,N,verified
brown_brown_insurance_services_inc,Brown & Brown Insurance Services Inc.,(305) 714-4400,https://bbrown.com,"8825 NW 21st Terrace, Doral, FL 33172",Coral Gables,insurance,5,Y,unverified
brownbrownrsinsuranceservices,Brown & Brown RS Insurance Services LLC,(305) 377-8749,http://bbrown.com/,"2 Alhambra Plz, Coral Gables, FL",Coral Gables,insurance,3.7,N,unverified
brown_law_group_pa,"Brown Law Group, P.A.",(305) 667-3244,,6739 Southwest 40th Street,Bird Road Corridor,legal,4.7,N,
brownforman_beverages,BrownForman Beverages,(954) 218-5040,https://bf.com,,Coral Gables,food_beverage,,Y,unverified
brownstone_law,Brownstone Law,(786) 753-5721,https://www.brownstonelaw.com/appellate-lawyer/florida-appeals/appellate-attorneys-in-miami-florida/?utm_source=google&utm_medium=organic&utm_campaign=google_business_profile,2520 Southwest 22nd Street,Douglas Road Corridor,legal,5,N,verified
bru_med_travel__tours,Bru Med Travel & Tours,(305) 262-1727,http://www.brumedtravel.com/,6557 Southwest 24th Street,Coral Gables,retail,4.6,N,verified
bryancarespreschool,Bryan Cares Preschool,,,,Coral Gables,education,,N,
bugatti_bistro,Bugatti Bistro,(305) 441-2545,https://www.bugattirestaurant.com/,2504 Ponce de Leon Boulevard,Miracle Mile,food_beverage,4.5,N,verified
bullagastrobar,Bulla Gastrobar,786-810-6215,https://bullagastrobar.com/locations/coral-gables/,2500 Ponce de Leon Boulevard,giralda plaza,food_beverage,4.5,Y,verified
bullagastrobarcoralgables,Bulla Gastrobar Coral Gables,(786) 810-6215,https://bullagastrobar.com/locations/coral-gables/,,Miracle Mile,food_beverage,4.9,N,verified
burger_king,Burger King,(305) 445-3985,https://burgerking.com/store-locator/store/71,2801 Southwest 27th Avenue,Douglas Road Corridor,food_beverage,3.9,N,verified
burtonhersharchitects,Burton Hersh Architects,(305) 446-4877,http://burtonhersh.com/,,Miracle Mile,professional_services,5.0,N,verified
businesslawyermiamicuetolawgroup,Business Lawyer Miami - Cueto Law Group,(786) 882-5710,https://cuetolawgroup.com/,,Coral Gables,legal,4.9,N,verified
bust_of_jose_mart,Bust of Jose Marti,,https://baptisthealth.net/doctors/Alejandro-Jose-Centurion/870218?utm_source=yext&utm_medium=google&utm_campaign=listing&y_source=1_MTczMDE4NTgtNzE1LWxvY2F0aW9uLndlYnNpdGU%3D,"917-999 E Ponce De Leon Blvd, Coral Gables, FL 33134",Coral Gables,hospitality,4.1,N,unverified
buttermoonbakehouse,Butter Moon Bakehouse,(786) 784-9111,https://www.buttermoonstore.com/,,Coral Gables,food_beverage,4.7,N,verified
bydesignjewelers,By Design Jewelers,(305) 441-9347,https://bydesignjewelers.com/,,Ponce de Leon Corridor,retail,5.0,N,verified
bylaimnewyork,BY L’AIMÉ NEW YORK,(917) 251-4298,https://bylaime.com/,,Coral Gables,retail,5.0,N,verified
bndacoralgables,BÜNDA Coral Gables,(305) 200-3117,https://www.trainbunda.com/,,Ponce de Leon Corridor,wellness,4.5,N,verified
c_gables_fraternal_order_of_police_lodge_7,"C. Gables Fraternal Order of Police, Lodge #7",(305) 446-6703,http://www.coralgablesfop.com/,,Coral Gables,hospitality,,Y,verified
caballero_rivero_dignity_memorial,Caballero Rivero Dignity Memorial,(305) 773-0728,https://dignitymemorial.com/funeralhomes/florida/miami/caballeroriverowestchester/9550,"3344 SW 8th St, Miami, FL 33135",Coral Gables,government,4.8,Y,unverified
cabanas_consulting,Cabanas Consulting,(305) 322-9272,https://cabanasconsulting.com,"9850 NW 41st St Suite 140, Doral, FL 33178",Coral Gables,consulting,5,Y,unverified
cachetbeautysalonbyanavigil,Cachet Beauty Salon by Ana Vigil,(786) 237-9149,http://cachetbeautysalon.com/,,Coral Gables,personal_services,4.9,N,verified
cafe_bonjour,Cafe Bonjour,(305) 661-4714,https://www.cafebonjourmiamifl.com/,"6222 S Dixie Hwy, South Miami, FL 33143",Sunset / South Gables,food_beverage,4.5,N,verified
cafe_demetrio,Cafe Demetrio,(305) 448-4949,http://www.cafedemetrio.com/,"300 Alhambra Circle, Coral Gables, FL 33134",Coral Gables,food_beverage,4.4,N,verified
caf_grumpy,Cafe Grumpy,(305) 364-5012,http://www.cafegrumpy.com/,,Coral Gables,food_beverage,4.0,Y,verified
cafegrumpycoralgables,Cafe Grumpy - Coral Gables,(305) 364-5012,http://www.cafegrumpy.com/,"2516 Ponce de Leon Blvd, Coral Gables, FL",Miracle Mile,food_beverage,4.5,N,verified
caffeabbracci,Caffe Abbracci,,http://www.caffeabbracci.com/,,Coral Gables,food_beverage,4.3,N,verified
caffe_vialetto,Caffe Vialetto,(305) 446-5659,http://www.caffevialetto.com/,4019 Le Jeune Road,Bird Road Corridor,food_beverage,4.5,N,verified
california_pizza_kitchen,California Pizza Kitchen,(305) 774-9940,https://www.cpk.com/location/details/Miracle-Mile,"300 Miracle Mile, Coral Gables, FL 33134",Miracle Mile,food_beverage,4.2,N,verified
calista__greek_seafood_taverna,Calista - Greek Seafood Taverna,(786) 310-7660,http://www.calistataverna.com/,150 Giralda Avenue,Ponce de Leon Corridor,food_beverage,4.6,N,verified
calista_taverna,Calista Taverna,(786) 310-7660,http://www.calistataverna.com/,"150 Giralda Ave, Coral Gables, FL 33134",Coral Gables,other,4.6,Y,verified
calixtires,CALIX TIRES INC,(305) 444-0103,http://calixtires.com/,,Coral Gables,auto_dealer,4.7,N,verified
calle_ocho,Calle Ocho,(305) 771-4617,,"762 A SW 18th Ave, Miami, FL 33135",Douglas Road Corridor,retail,4.5,N,
callejolaw,Callejo Law,(305) 392-0772,https://www.callejolaw.net/?utm_source=gmb&utm_medium=organic&utm_content=listing&utm_campaign=local,,Sunset / South Gables,legal,5.0,N,verified
calvary_church,Calvary Church,(305) 233-5433,http://calvaryconnect.com/,"6565 SW 127th Ave, Miami, FL 33183",Coral Gables,nonprofit,4.8,N,verified
calvarychurchofthenazarene,Calvary Church of the Nazarene,(305) 445-7595,,,Coral Gables,nonprofit,4.9,N,
camilastisserie,Camila's Patisserie,(786) 380-1386,https://www.camilaspatisserie.com/,,Ponce de Leon Corridor,food_beverage,4.6,N,verified
camilla_shops_at_merrick_park,Camilla  Shops at Merrick Park,(786) 206-1298,https://www.camilla.com/,,merrick park,retail,4.5,Y,verified
camillus_house,Camillus House,(305) 533-0192,http://www.camillus.org/,"1603 NW 7th Ave, Miami, FL 33136",Coral Gables,other,4,Y,verified
camner_center_for_resources,Camner Center for Resources,(305) 284-2211,http://www.miami.edu/,1307 Stanford Drive,University of Miami Area,professional_services,4.6,N,unverified
campinsfineart,Campins Fine Art,(305) 785-1161,https://www.campinsfineart.com/,,Bird Road Corridor,arts_culture,5.0,N,verified
canawine,Cana Wine,(786) 815-5940,,,Ponce de Leon Corridor,food_beverage,4.6,N,
candlelandmiamicoralgables,Candle Land Miami Coral Gables,(305) 397-8471,http://www.candlelandmiami.com/,,Ponce de Leon Corridor,retail,4.8,N,verified
candor_title_closing_services_llc,"Candor Title & Closing Services, LLC",(305) 203-2582,http://www.candortitle.com/,"1607 Ponce de Leon Blvd STE 206, Coral Gables, FL 33134",Coral Gables,real_estate,5,Y,verified
canton_rose_restaurant,Canton Rose Restaurant,(305) 661-0610,,4038 Southwest 67th Avenue,Bird Road Corridor,food_beverage,4.1,N,
capital_one,Capital One,(305) 240-3565,https://www.capitalone.com/local/southflorida-miraclemile?utm_source=PowerListings&utm_medium=Local&utm_campaign=Yext,"50 Miracle Mile, Coral Gables, FL 33134",Coral Gables,financial_services,4.3,Y,verified
capsexpress_international,Capsexpress International,(954) 246-0696,https://ce-intl.com/,"8501 NW 17th St # 101, Doral, FL 33126",Coral Gables,other,4,Y,verified
car_repair,Car Repair,(305) 444-8881,https://www.greensgaragemiami.com/,"2221 SW 32nd Ave, Miami, FL 33145",Coral Gables,auto_dealer,4.6,N,verified
caracasbakerycoralgables,Caracas Bakery Coral Gables,(786) 647-3759,,,Miracle Mile,food_beverage,4.5,N,
cardenaspharmacy,Cardenas Pharmacy,(305) 529-0003,https://www.mygnp.com/pharmacies/cardenas-pharmacy-miami-fl-33134/?utm_source=google&utm_medium=local&utm_campaign=localmaps&utm_content=1076365,,Douglas Road Corridor,healthcare,4.7,N,verified
cardozoengineering,"Cardozo Engineering, Inc.",(305) 629-9880,http://www.cardozo-eng.com/,,Coral Gables,professional_services,5.0,N,verified
carlos_planas,Carlos Planas,(305) 266-5500,,,Coral Gables,auto_dealer,,Y,
carmaniaofcoralgables,Carmania of Coral Gables,(786) 446-9446,https://www.carmaniacoralgables.com/,,Coral Gables,auto_dealer,4.3,N,verified
carmensimansimanrealestate,Carmen Siman - Siman Real Estate,(305) 986-9004,https://carmensiman.keyes.com/,,Miracle Mile,real_estate,5.0,N,verified
carolina_ale_house,Carolina Ale House,(305) 666-3757,https://www.carolinaalehouse.com/locations/miami-fl,6810 Southwest 40th Street,Bird Road Corridor,food_beverage,4.1,N,verified
carrolltonschoolofthesacredheart,Carrollton School of the Sacred Heart,,http://www.carrollton.org/,,Sunset / South Gables,education,,N,verified
carrotexpress,Carrot Express,(305) 393-8882,https://carrotexpress.com/?olonwp=JjBtp_vMLk25gkYh_bnoiQ,,Sunset / South Gables,food_beverage,4.8,N,verified
cartyarchitecture,CartyArchitecture,(786) 717-7100,http://cartyarchitecture.com/,,Coral Gables,professional_services,4.8,N,verified
carve_burn_designs_inc,Carve & Burn Designs Inc.,(305) 458-4717,https://carveandburn.com/pages/contact-us,"4444 SW 71st Ave STE 106, Miami, FL 33155",Coral Gables,marketing,5,Y,verified
carverhighschool,Carver High School,,,,Coral Gables,education,,N,
casa_familia_inc,Casa Familia Inc.,(786) 717-9832,https://casafamiliainc.org/,"11025 SW 84th St, Miami, FL 33173",Coral Gables,hospitality,3.8,Y,verified
casa_juancho,Casa Juancho,(305) 642-2452,http://www.casajuancho.com/,2436 Southwest 8th Street,Douglas Road Corridor,food_beverage,4.5,N,verified
casamaria,Casa Maria,(305) 444-3816,http://www.casamariaonline.com/,,Bird Road Corridor,retail,4.9,N,verified
casa_neos,Casa Neos,(786) 706-0744,https://www.casa-neos.com/,"40 SW North River Dr, Miami, FL 33128",Coral Gables,other,4.8,Y,verified
casavinyasamiami,Casa Vinyasa Miami,(786) 238-7327,http://casavinyasamiami.com/,,Sunset / South Gables,wellness,4.9,N,verified
cascade_pool_cafe_at_the_biltmore_hotel_miami,Cascade Pool Cafe at The Biltmore Hotel Miami,(305) 913-3189,https://biltmorehotel.com/coral-gables-dining/cascade/?utm_source=google&utm_medium=organic&utm_campaign=gmb-listing,1200 Anastasia Avenue,Coral Gables,food_beverage,4.4,N,verified
cashier,Cashier,(305) 668-9727,https://thecheckcashingstore.com/StoreDetails/StoreDetails?US/FL/Coral-Gables/451-South-Dixie-Highway/33146/361,1307 Stanford Drive,University of Miami Area,professional_services,4.9,N,verified
castillo_company_cpa_pa,"Castillo & Company, CPA, P.A.",(305) 446-4670,http://castilloandcompany.com/,,Coral Gables,accounting,,Y,verified
castillodeorojewelry,Castillo de Oro Jewelry,(786) 818-3404,http://www.castillodeorojewelers.com/,,Coral Gables,retail,5.0,N,verified
cataloniacleanersgables,Catalonia Cleaners Gables,(786) 391-0094,,,Coral Gables,personal_services,4.0,N,
catering,Catering,(786) 475-3166,https://theboardmiami.com,,Coral Gables,food_beverage,5,Y,unverified
catering_by_les,Catering by Les,(305) 669-5221,http://www.cateringbyles.com/,"7049 SW 47th St, Miami, FL 33155",Coral Gables,food_beverage,4.9,Y,verified
catering_by_lovables,Catering by Lovables,(305) 751-1101,http://www.cateringbylovables.com/,"2167 S Bayshore Dr, Miami, FL 33133",Coral Gables,food_beverage,3.3,Y,verified
cathedral_del_pueblo,Cathedral del Pueblo,(305) 446-9950,http://cotlf.org/,6200 Southwest 73rd Street,Sunset / South Gables,nonprofit,4.5,N,verified
cava,Cava,(305) 433-7666,https://www.cavamiami.com/,3850 Southwest 8th Street,Coral Gables,food_beverage,4.5,N,verified
cb2,CB2,(212) 219-1454,https://www.cb2.com/stores/south-beach/str56?utm_source=gmb&utm_medium=organic_search,,Coral Gables,retail,4.0,N,verified
cebadarooftop,Cebada Rooftop,(786) 409-2287,http://cebadarooftop.com/,,Ponce de Leon Corridor,food_beverage,4.2,N,verified
cecile,Cecile,(305) 397-8206,http://www.cecilebakerycafe.com/,5738 Sunset Drive,Sunset / South Gables,retail,4.5,N,verified
centennial_bank,Centennial Bank,(786) 413-1265,https://www.my100bank.com/location/121-alhambra-plaza-suite-1515?utm_source=extnet&utm_medium=yext,"121 Alhambra Plz Ste 1750, Coral Gables, FL 33134",Coral Gables,banking,4.2,Y,verified
centerforsocialchange,Center for Social Change,(786) 235-8030,http://www.4socialchange.org/,,Coral Gables,nonprofit,4.7,N,verified
central_christian_church,Central Christian Church,(305) 446-6132,https://www.cccgables.org/,"222 Menores Ave #3906, Coral Gables, FL 33134",Ponce de Leon Corridor,nonprofit,4.9,N,verified
centralchristianchurchcccgables,Central Christian Church (CCC Gables),(305) 446-6132,https://www.cccgables.org/,,Ponce de Leon Corridor,nonprofit,4.9,N,verified
centralchristianchurchfooddistributioncenter,Central Christian Church - Food Distribution Center,(305) 446-6132,http://www.cccgables.org/,,Ponce de Leon Corridor,banking,4.9,N,verified
centralperkwineandspirits,Central Perk Wine and Spirits,(212) 350-9914,http://centralperkwinenyc.com/,,Coral Gables,retail,4.6,N,verified
centuryhomebuildersgroup,Century Homebuilders Group,(305) 599-8100,https://www.centuryhomebuilders.com/?utm_source=google&utm_medium=organic&utm_campaign=gmb-listing,,Ponce de Leon Corridor,real_estate,3.7,N,verified
ceperoeyecarecenter,Cepero Eyecare Center,(305) 858-4057,http://miamieyeexam.com/,,Coral Gables,healthcare,4.8,N,verified
cernudaarte,Cernuda Arte,(305) 461-1050,http://www.cernudaarte.com/,,Ponce de Leon Corridor,arts_culture,4.6,N,verified
crtoitalianrestaurant,Certo Italian Restaurant,(305) 456-3200,https://certomiami.com/,"1200 SW 57th Ave, West Miami, FL 33144",Coral Gables,food_beverage,4.9,N,verified
cesarbarbershop,Cesar Barbershop,(786) 568-2241,,,Coral Gables,food_beverage,4.9,N,
cfscoffeeforthesoulcoralgables,"CFS Coffee For The Soul, Coral Gables",(786) 953-6594,https://www.cfscoffee.com/,,Miracle Mile,food_beverage,4.8,N,verified
chapelofthevenerablebedeepiscolchurchcenteratuniversityofmiami,"Chapel of the Venerable Bede, Episcopal Church Center at University of Miami",(305) 284-2333,http://www.umchapel.org/,,University of Miami,nonprofit,4.9,N,verified
chapman_partnership,Chapman Partnership,(305) 329-3000,http://chapmanpartnership.org/,"1550 N Miami Ave, Miami, FL 33136",Coral Gables,other,3.3,Y,verified
chargepoint,ChargePoint,(888) 758-4389,https://www.chargepoint.com/,"10 Aragon Ave, Coral Gables, FL 33134",Sunset / South Gables,other,,N,unverified
charlotte_lorber_powell,Charlotte Lorber Powell,(305) 444-6000,,"1550 Madruga Ave, Coral Gables, FL 33146",Coral Gables,other,3,Y,
charmingsmilesdentalcenter,Charming Smiles Dental Center,(786) 360-6812,,,Miracle Mile,healthcare,4.8,N,
chase,Chase,(305) 569-0083,https://locator.chase.com/fl/miami/2209-sw-37th-ave,2209 Southwest 37th Avenue,Douglas Road Corridor,banking,3.5,N,unverified
chasebank,Chase Bank,(305) 569-0083,https://www.chase.com/locator/banking/us/fl/coral-gables/2740-coral-way?jp_cmp=rb%2FLocalListings%2Faff%2Fbranch%2Fna&y_source=1_MzAwNjY5MS03MTUtbG9jYXRpb24ud2Vic2l0ZQ%3D%3D,,Coral Gables,banking,3.0,N,verified
chase_motor,Chase Motor,(786) 615-6079,https://www.chase-motor.com/,"6700 SW 24th St, Miami, FL 33155",Coral Gables,auto_dealer,4,N,verified
chateaubloom,Chateau Bloom,(786) 224-4845,https://www.chateau-bloom.com/,,Ponce de Leon Corridor,retail,4.9,N,verified
chateaubleauhotel,ChateauBleau Hotel,(305) 448-2634,http://hotelchateaubleau.com/,,Coral Gables,hospitality,2.9,N,verified
chefsucrecaf,Chef Sucre Café,(305) 444-2025,https://sucre-cafe.com/,,Coral Gables,food_beverage,4.5,N,verified
cheilteam_uno,Cheil/Team Uno,(786) 725-8532,https://cheil.com,,Coral Gables,marketing,,Y,unverified
cherrybekaert,Cherry Bekaert,786-693-6300,https://www.cbh.com/locations/accounting-tax-advisory-services-in-miami-florida/?utm_source=google&utm_medium=organic&utm_campaign=gmb-coral-gables-fl&utm_content=website-button,,Coral Gables,accounting,4.0,N,verified
chevron,Chevron,(305) 265-9990,https://www.chevronwithtechron.com/station/,6690 Southwest 40th Street,Bird Road Corridor,auto_dealer,3.5,N,verified
chicken_kitchen,Chicken Kitchen,(305) 669-2099,http://www.chickenkitchen.com/?utm_source=local&utm_medium=organic&utm_campaign=gmb&utm_content=7315-red-road,400 South Dixie Highway,Bird Road Corridor,food_beverage,4.2,N,verified
chicos,Chico's,(305) 446-6932,https://www.chicos.com/locations/us/fl/coral-gables/350-san-lorenzo-ave/,,Bird Road Corridor,retail,4.5,N,verified
childcarecenter,Child Care Center,,,,Sunset / South Gables,education,,N,
childcarelaboratory,Child Care Laboratory,,,,Bird Road Corridor,education,,N,
childrens_home_society_of_florida,Children's Home Society of Florida,(305) 254-9759,https://chsfl.org/,"17501 SW 117th Ave, Miami, FL 33157",Coral Gables,nonprofit,4.2,Y,verified
chilln,Chill-N,(786) 534-4858,https://www.chilln.com/,7316 Southwest 57th Avenue,Sunset / South Gables,food_beverage,4.6,N,verified
chipotle,Chipotle,(786) 441-2385,https://locations.chipotle.com/fl/miami/2235-sw-37th-ave?utm_source=google&utm_medium=yext&utm_campaign=yext_listings?restaurant=1918,2235 Southwest 37th Avenue,Sunset / South Gables,food_beverage,3.9,N,verified
chiropractorcoralgables,Chiropractor - Coral Gables,(305) 365-7988,,,Ponce de Leon Corridor,healthcare,,N,
chocolate_fashion,Chocolate Fashion,(305) 461-3200,http://chocolatefashiononline.com/,"248 Andalusia Ave, Coral Gables, FL",Coral Gables,food_beverage,4.2,Y,verified
choicemd,ChoiceMD,(305) 777-0219,http://choicemd.com/,4000 Ponce de Leon Boulevard,Bird Road Corridor,other,3,Y,verified
chopsteakhousebar,Chop Steakhouse & Bar,(305) 692-0762,https://www.chopsteakhouse.com/,,Douglas Road Corridor,food_beverage,4.8,N,verified
christ_journey_church,Christ Journey Church,(305) 448-4425,https://christjourney.org/,"624 Anastasia Ave, Coral Gables, FL 33134",Coral Gables,nonprofit,4.8,Y,verified
christaindaycarecenter,Christain Day Care Center,,,,Coral Gables,education,,N,
christys,Christy's,,http://www.christysrestaurant.com/,,Coral Gables,food_beverage,4.2,N,verified
chromaticartgallery,Chromatic Art Gallery,(863) 266-7613,,,Miracle Mile,arts_culture,,N,
chrycyeyegroup,Chrycy Eye Group,(305) 443-3783,https://www.chrycyeyecare.com/,,Coral Gables,healthcare,4.0,N,verified
churchofthelittleflower,Church of the Little Flower,(305) 446-9950,http://cotlf.org/,,Coral Gables,nonprofit,4.5,N,verified
ciao_moving__storage,Ciao Moving & Storage,(305) 531-4222,https://ciaomoving.com/?utm_source=google&utm_medium=organic&utm_campaign=CoralGablesGBP,3000 Coral Way,Douglas Road Corridor,professional_services,4.9,N,verified
cici_skincare,Cici Skincare,(240) 394-5733,https://ciciskincare.com/,"6701 Sunset Dr # 105, Miami, FL 33143",Coral Gables,personal_services,4.9,Y,verified
ciegatetechnologiesmanageditservicesmiamifl,"Ciegate Technologies 💻 Managed It Services Miami, FL",(305) 501-2880,https://ciegate.com/,,Sunset / South Gables,technology,5.0,N,verified
cinpolis_luxury_cinemas,Cinepolis Luxury Cinemas,(786) 628-1260,https://www.cinepolisusa.com/coconut/theater-details,3105 Grand Avenue,Douglas Road Corridor,arts_culture,3.8,N,verified
circle_k,Circle K,(305) 443-6972,https://www.circlek.com/store-locator/US/raleigh/5009-fayetteville-rd/2704270?utm_source=google&utm_medium=local&utm_campaign=google-local,"4941 SW 8th St, Coral Gables, FL 33134",Coral Gables,retail,2.7,N,verified
circles_and_waves_xx,Circles and Waves XX,(305) 442-1430,,"126 Miracle Mile, Coral Gables, FL 33134",University of Miami Area,hospitality,4.5,N,
citi,Citi,(786) 235-9303,https://www.citi.com/?utm_source=gmb&utm_medium=yext&y_source=1_Mjg5MTY4MDItNzE1LWxvY2F0aW9uLndlYnNpdGU%3D,,Alhambra Circle,banking,2.7,N,verified
citibank,Citibank,(786) 245-4854,https://www.citi.com/?utm_source=gmb&utm_medium=yext&y_source=1_Mjg5MTY4MDItNzE1LWxvY2F0aW9uLndlYnNpdGU%3D,1190 South Dixie Highway,University of Miami Area,banking,2.7,N,unverified
citizens,Citizens,(305) 341-2465,https://locations.citizensbank.com/fl/coral-gables/2222-ponce-de-leon-boulevard.html,,Ponce de Leon Corridor,banking,3.2,N,verified
citynationalbank,City National Bank,(305) 982-3480,https://www.citynational.com/,"5782 Southwest 8th Street, West Miami, FL 33144",Coral Gables,banking,,N,verified
city_national_bank_of_florida,City National Bank of Florida,(305) 445-1941,https://www.citynational.com/,5782 Southwest 8th Street,Coral Gables,banking,3.8,Y,verified
city_of_coral_gables,City of Coral Gables,(305) 446-6800,https://coralgables.com,,Coral Gables,nonprofit,,Y,unverified
city_of_south_miami_city_hall,City of South Miami City Hall,(305) 250-5300,https://www.southmiamifl.gov/,6130 Sunset Drive,Sunset / South Gables,government,3.7,N,verified
city_permit,City Permit,(305) 908-1142,https://citypermit.us,"405 Biltmore Way, Coral Gables, FL 33134",Coral Gables,technology,2.5,Y,unverified
city_year_miami,City Year Miami,(786) 406-7900,http://cityyear.org/miami,"2121 Ponce de Leon Blvd SUITE 350, Coral Gables, FL 33134",Coral Gables,nonprofit,5.0,Y,verified
claim_check_consultants,Claim Check Consultants,(866) 463-4009,http://claimcheckconsultants.com/,6555 Bird Road,Bird Road Corridor,insurance,5,N,verified
classiccollisioncoralgables,Classic Collision Coral Gables,(305) 262-6990,https://classiccollision.com/locations/classic-collision-coral-gables/,"2675 SW 69th Court, Miami, FL 33155",Coral Gables,auto_dealer,3.4,N,verified
classicvantageswellness,Classic Vantage Spa & Wellness,(786) 953-6491,https://classicvantagespa.com/,,Ponce de Leon Corridor,wellness,4.9,N,verified
claudie_restaurant,CLAUDIE RESTAURANT,(305) 990-1101,https://www.claudierestaurant.com/,"1101 Brickell Ave S-113, Miami, FL 33131",Coral Gables,food_beverage,4.8,Y,verified
clear_channel_outdoor,Clear Channel Outdoor,(305) 803-9191,https://clearchanneloutdoor.com/,"5800 NW 77th Ct, Doral, FL 33166",Coral Gables,marketing,3.8,Y,verified
clementineswinegourmet,Clementine's Wine Gourmet,(305) 877-2777,http://www.clementineswinegourmet.com/,,Ponce de Leon Corridor,food_beverage,4.9,N,verified
cleveralice,clever alice,,http://cleveralice.com/,,Coral Gables,retail,4.8,N,verified
club_expats_feria_de_sevilla_en_miami_event,Club eXpats  Feria de Sevilla en Miami Event,(305) 608-3509,https://clubexpats.com,,Coral Gables,nonprofit,,Y,unverified
clubxfitnesscoralgables,clubX fitness - Coral Gables,(305) 667-3539,http://www.clubxmiami.com/,,Coral Gables,wellness,4.6,N,verified
cmrconstructiongroup,CMR Construction Group,(786) 305-6289,https://www.cmrconstructiongroup.com/,,Miracle Mile,construction,4.8,N,verified
counderscore,Co Underscore,888-835-5507,https://counderscore.com,,Coral Gables,consulting,,Y,unverified
coach_ron_fraser,Coach Ron Fraser,(305) 447-6510,http://www.coach.com/,"342 San Lorenzo Ave, Coral Gables, FL 33146",Coral Gables,hospitality,,N,unverified
coastal_construction_group,Coastal Construction Group,(305) 559-4900,https://coastalconstruction.com,"5959 Waterford District Dr #200, Miami, FL 33126",Coral Gables,construction,4.4,Y,verified
coblan_italian_kitchen_store,Coblan Italian Kitchen Store,(786) 724-8485,https://coblanstore.com,"1805 NW 97th Ave, Miami, FL 33172",Coral Gables,retail,5,Y,unverified
cocobellagifthome,Coco Bella Gift & Home,(305) 444-1334,,,Alhambra Circle,retail,4.8,N,
coconoutgroveelementaryheadstart,Coconout Grove Elementary Head Start,,,,Douglas Road Corridor,education,,N,
coconutgroveanimalclinic,Coconut Grove Animal Clinic,(305) 448-2123,http://www.coconutgroveanimalclinic.com/,,Coral Gables,healthcare,4.6,N,verified
coconutgrovecares,Coconut Grove Cares,(305) 446-6216,https://coconutgrovecares.org/,,Coral Gables,nonprofit,4.9,N,verified
coconut_grove_chiropractic,Coconut Grove Chiropractic,(305) 443-4636,http://www.grovechiropractic.com/,3400 Coral Way,Coral Gables,healthcare,5.0,N,verified
coconutgrovechristianschool,Coconut Grove Christian School,,,,University of Miami,education,,N,
coconut_grove_farmers_market,Coconut Grove Farmers Market,(305) 238-7747,http://www.glaserorganicfarms.com/,"3300 Grand Ave, Miami, FL 33133",Coral Gables,retail,4.5,N,verified
coconut_grove_playhouse,Coconut Grove Playhouse,,,"3514-3518 Main Hwy, Miami, FL 33133, United States",Douglas Road Corridor,arts_culture,3.7,N,
coconutgroveschool,Coconut Grove School,,,,Douglas Road Corridor,education,,N,
cocowalk,CocoWalk,(305) 444-0777,https://www.cocowalk.com/,3015 Grand Avenue,Douglas Road Corridor,retail,4.2,N,verified
codina_partners,Codina Partners,(305) 529-1300,http://www.codina.com/,"2020 Salzedo St 5th floor, Coral Gables, FL 33134",Coral Gables,real_estate,3,Y,verified
coellocomny,Coello & Company,(305) 778-0280,,,Coral Gables,consulting,5.0,N,
coffee_for_the_soul,Coffee for the Soul,(786) 953-6594,https://www.cfscoffee.com/,"256 Giralda Ave, Coral Gables, FL 33134",Coral Gables,food_beverage,4.8,Y,verified
cohenlaw,Cohen Law,(305) 967-7550,http://www.cohenlawpa.com/,,Miracle Mile,legal,4.8,N,verified
coin_laundry_of_america_6,Coin Laundry of America 6,,,6557 Bird Road,Bird Road Corridor,personal_services,2.8,N,
coldwellbankercoralgables,Coldwell Banker Coral Gables,(305) 667-4815,https://www.coldwellbankerhomes.com/fl/coral-gables/office/coral-gables/oid_820/?utm_source=google&utm_medium=organic&utm_campaign=gmb&utm_content=FL_Coral_Gables,,Coral Gables,real_estate,4.6,N,verified
coldwell_banker_realty,Coldwell Banker Realty,(305) 773-6343,https://www.coldwellbankerhomes.com/fl/coral-gables/office/coral-gables/oid_820/?utm_source=google&utm_medium=organic&utm_campaign=gmb&utm_content=FL_Coral_Gables,"4000 Ponce de Leon Blvd Suite 700, Coral Gables, FL 33146",Coral Gables,real_estate,4.6,Y,verified
college_of_arts_and_sciences,College of Arts and Sciences,(305) 284-4117,http://www.as.miami.edu/,1252 Memorial Drive,University of Miami Area,education,4.6,N,verified
college_of_engineering,College of Engineering,(305) 284-2404,https://www.coe.miami.edu/,1251 Memorial Drive,University of Miami Area,education,4.1,N,verified
colliers_international,Colliers International,(305) 455-7615,https://colliers.com,,Coral Gables,professional_services,,Y,unverified
colmarconstruction,Colmar Construction Corp,(786) 686-8639,https://colmar-construction.com/,,Coral Gables,construction,5.0,N,verified
color_me_mine,Color Me Mine,(305) 665-0646,http://southmiami.colormemine.com/,"The Shops At Sunset Place, 5701 Sunset Dr #223, South Miami, FL 33143",Sunset / South Gables,construction,4.4,N,verified
comberhall,Comber Hall,(855) 969-3080,http://www.comberhall.com/,,Coral Gables,hospitality,4.5,N,verified
comcast_advertising,Comcast Advertising,(954) 261-9267,https://www.comcastadvertising.com/,"2901 SW 149th Ave, Miramar, FL 33027",Coral Gables,marketing,5,Y,verified
comic_kids,Comic Kids,(305) 300-2213,https://comickids.org,"6650 Bird Rd, Miami, FL 33155",Coral Gables,retail,4.5,Y,unverified
commodore_inn_the_grove,Commodore Inn the Grove,(786) 671-8884,http://www.commodoreinnthegrove.com/,3162 Commodore Plaza,Douglas Road Corridor,hospitality,4.5,N,verified
communitycoalition,Community Coalition Inc,(305) 854-2882,http://www.communitycoalition.info/,,Coral Gables,nonprofit,5.0,N,verified
community_of_christ,Community of Christ,(305) 448-7421,http://www.gablesucc.org/,"3010 De Soto Blvd, Coral Gables, FL 33134",Coral Gables,nonprofit,4.8,N,verified
comnionidentalsmile,Companioni Dental Smile,(786) 304-2447,https://companionidentalsmile.com/,,Coral Gables,healthcare,5.0,N,verified
compass_real_estate,Compass Real Estate,(786) 234-5780,http://www.compass.com/,"4699 Ponce de Leon Blvd, Coral Gables, FL 33146",Coral Gables,real_estate,2.1,Y,verified
comssrealestatecoralgables,Compass Real Estate Coral Gables,(305) 851-2820,http://www.compass.com/,,Coral Gables,real_estate,2.1,N,verified
comssmsp,CompassMSP,(833) 444-2677,https://compassmsp.com/locations/miami/,,Coral Gables,technology,4.3,N,verified
completeinsuranceagency,Complete Insurance Agency,(305) 667-7717,https://www.completeinsagency.com/,,Coral Gables,insurance,5.0,N,verified
conciergemedicalservices,Concierge Medical Services,(305) 778-0273,https://www.housemed.co/,,Ponce de Leon Corridor,healthcare,5.0,N,verified
concierge_moving_services,Concierge Moving Services,(786) 295-1816,https://conciergemovingservices.com/,"7235 NW 54th St Suite 101, Miami, FL 33166",Coral Gables,personal_services,5,Y,verified
condehairsalon,Conde Hair Salon,(786) 789-2232,https://condehairsalon.com/,,Coral Gables,personal_services,4.9,N,verified
connectengineering,CONNECT Engineering,(305) 981-6142,http://www.connecteng.us/,,Coral Gables,professional_services,5.0,N,verified
cono_pizza,Cono Pizza,(305) 639-8492,https://www.menufarandulapizzeria.com/,1200 Southwest 67th Avenue,Coral Gables,food_beverage,4.4,N,verified
constellation_group,Constellation Group,(617) 610-6786,https://groupconstellation.com,"95 Merrick Wy Suite 518, Coral Gables, FL 33134",Coral Gables,other,3.5,Y,unverified
constructionvoss,Construction VOSS,(305) 481-9626,https://www.constructionvoss.com/,,Bird Road Corridor,construction,4.2,N,verified
consulate_general_of_barbados,Consulate General of Barbados,(305) 442-1994,,"2121 Ponce de Leon Blvd #1300, Coral Gables, FL 33134",Ponce de Leon Corridor,professional_services,5,N,
consulate_general_of_brazil,Consulate General of Brazil,,https://www.gov.br/mre/pt-br/consulado-miami,"3150 Southwest 38th Avenue #100, Consulate General of Brazil, Ground floor, Miami, FL 33146, United States",Bird Road Corridor,professional_services,4.6,N,verified
consulate_general_of_paraguay,Consulate General of Paraguay,(305) 374-9090,http://www.consulparmiami.org/,2655 Southwest 42nd Avenue,Coral Gables,professional_services,4.7,N,verified
consulate_general_of_peru,Consulate General of Peru,(786) 713-2400,https://www.gob.pe/consulado-del-peru-en-miami,1401 Ponce de Leon Boulevard,Ponce de Leon Corridor,professional_services,4.1,N,verified
consulate_general_of_spain,Consulate General of Spain,(305) 446-5511,http://www.exteriores.gob.es/Consulados/MIAMI/,2655 Southwest 42nd Avenue,Coral Gables,professional_services,3.5,N,verified
consulate_of_australia_miami,Consulate of Australia  Miami,(305) 448-5672,,,Coral Gables,technology,,Y,
consulate_of_hungary,Consulate of Hungary,(305) 448-2131,https://washington.mfa.gov.hu/page/consulates,2121 Ponce de Leon Boulevard,Ponce de Leon Corridor,professional_services,3.1,N,unverified
contactlink_llc,"ContactLink, LLC",(305) 710-5032,,"2100 Ponce de Leon Blvd #601, Coral Gables, FL 33134",Coral Gables,other,4,Y,
continental_academy,Continental Academy,(800) 285-3514,http://www.continentalacademy.com/,"15327 NW 60th Ave #235, Miami Lakes, FL 33014",Sunset / South Gables,education,,N,verified
continentalinsurancebrokers,Continental Insurance Brokers,(305) 262-5600,,,Coral Gables,insurance,4.6,N,
cookingenie,CookinGenie,(317) 410-0019,https://cookingenie.com/,"3702 W Spruce St #1372, Tampa, FL 33607",Coral Gables,food_beverage,5,Y,verified
coolitairconditioningreir,Cool It Air Conditioning Repair,(305) 850-6490,https://coolitairconditioning.com/locations/top-rated-ac-repair-services-coral-gables-fl/,,Bird Road Corridor,technology,4.5,N,verified
copdfoundation,COPD Foundation,(866) 731-2673,http://www.copdfoundation.org/,,Ponce de Leon Corridor,nonprofit,4.0,N,verified
copper_29_bar,Copper 29 Bar,(786) 580-4689,http://www.copper29bar.com/,"206 Miracle Mile, Coral Gables, FL 33134",Coral Gables,food_beverage,4.3,Y,verified
copy_express,Copy Express,(305) 442-0952,http://copyexpressmiami.com/,1424 Ponce de Leon Boulevard,Ponce de Leon Corridor,retail,4.2,N,verified
coraphysicaltherapycoralgables,CORA Physical Therapy Coral Gables,(305) 448-0146,https://www.coraphysicaltherapy.com/location/coral-gables-florida/?utm_source=google_business_profile&utm_medium=organic&utm_campaign=local_listings&utm_content=corahealth32,,Ponce de Leon Corridor,healthcare,4.7,N,verified
coral_church,Coral Church,(305) 448-7421,http://www.gablesucc.org/,"3010 De Soto Blvd, Coral Gables, FL 33134",Coral Gables,nonprofit,4.8,N,verified
coraleyes,Coral Eyes,(305) 854-2388,http://coral-eyes.com/,,Coral Gables,healthcare,4.8,N,verified
coralgablesalexbrownraymondjames,Coral Gables - Alex Brown-Raymond James,(786) 352-1580,https://www.alexbrown.com/coralgables,,Alhambra Circle,financial_services,,N,verified
coral_gables_acupuncture,Coral Gables Acupuncture,(305) 446-3009,https://miamiacupuncture.com/,2645 Southwest 37th Avenue,Coral Gables,healthcare,4.9,N,verified
coral_gables_adult_continuing_education_center,Coral Gables Adult & Continuing Education Center,(305) 443-4871,https://www.coralgablesadultedu.com/,"Enter from Le Jeune Road, 450 Bird Rd Bldg #9, Coral Gables, FL 33146",Coral Gables,education,5,Y,verified
coral_gables_adult_education_center,Coral Gables Adult Education Center,(305) 443-4871,https://www.coralgablesadultedu.com/,"Enter from Le Jeune Road, 450 Bird Rd Bldg #9, Coral Gables, FL 33146",Coral Gables,education,5,Y,verified
coralgablesadultschool,Coral Gables Adult School,,,,Merrick Park,education,,N,
coral_gables_art_cinema,Coral Gables Art Cinema,(786) 472-2249,http://gablescinema.com/,260 Aragon Avenue,Miracle Mile,arts_culture,4.8,Y,verified
coralgablesbaptistchurch,Coral Gables Baptist Church,(305) 665-4072,https://www.coralgablesbaptist.org/,,Coral Gables,nonprofit,5.0,N,verified
coral_gables_car_accident_lawyer_group,Coral Gables Car Accident Lawyer Group,(786) 504-7131,https://accidentlawgrouppa.com/,396 Alhambra Circle,Alhambra Circle,legal,4.3,N,verified
coralgablescardiologyassociates,Coral Gables Cardiology Associates,(305) 443-5291,http://www.coralgablescardiology.com/,"475 Biltmore Way, Suite 201, Coral Gables, FL 33134",Coral Gables,healthcare,5.0,N,verified
coralgableschiropractic,Coral Gables Chiropractic,(305) 441-8547,,,Coral Gables,healthcare,,N,
coral_gables_city_hall,Coral Gables City Hall,(305) 446-6800,http://www.coralgables-fl.gov/,405 Biltmore Way,Miracle Mile,other,4.2,N,verified
coral_gables_community_foundation,Coral Gables Community Foundation,(305) 446-9670,https://gablesfoundation.org/,"288 Aragon Ave Suite D, Coral Gables, FL 33134",Coral Gables,nonprofit,5.0,Y,verified
coral_gables_congregational_church,Coral Gables Congregational Church,(305) 448-7421,http://www.gablesucc.org/,"3010 De Soto Blvd, Coral Gables, FL 33134",Coral Gables,nonprofit,4.8,Y,verified
coralgablescongregationalunitedchurchofchrist,Coral Gables Congregational United Church of Christ,(305) 448-7421,http://www.gablesucc.org/,,Coral Gables,nonprofit,4.8,N,verified
coralgablescounselingcenter,Coral Gables Counseling Center,(305) 445-0477,https://www.coralgablescounseling.com/,,Coral Gables,healthcare,4.6,N,verified
coralgablesdentistry,Coral Gables Dentistry,(305) 567-1992,https://www.coralgablesdentistry.com/,,Ponce de Leon Corridor,healthcare,5.0,N,verified
coralgablesdermatologyaesthetics,Coral Gables Dermatology & Aesthetics,(305) 443-2983,https://coralgablesdermatology.com/,,Coral Gables,healthcare,5.0,N,verified
coral_gables_development_services,Coral Gables Development Services,(305) 460-5235,http://www.coralgables.com/,427 Biltmore Way,Coral Gables,professional_services,2.5,N,verified
coralgableselementaryschool,Coral Gables Elementary School,,,,Ponce de Leon Corridor,education,,N,
coralgablesexecutivephysicians,Coral Gables Executive Physicians,(305) 446-9940,https://www.cgepmd.com/?utm_source=google&utm_medium=gbp&utm_campaign=local,"800 Douglas Rd, Suite 125, Coral Gables, FL 33134",Coral Gables,healthcare,5,N,verified
coral_gables_eye_care,Coral Gables Eye Care,(305) 444-8331,https://clarineyecare.com/coral-gables-eye-doctor/,"58 Miracle Mile, Coral Gables, FL 33134",Coral Gables,healthcare,4.7,Y,verified
coralgablesgraphics,Coral Gables Graphics,305-351-3210,https://coralgablesgraphics.com,,Coral Gables,retail,5,Y,verified
coral_gables_high_school,Coral Gables High School,(305) 443-4871,http://www.coralgablescavaliers.org/,"450 Bird Rd., Coral Gables, FL 33146",Coral Gables,accounting,,Y,verified
coral_gables_hospital,Coral Gables Hospital,(866) 661-3359,https://www.coralgableshospital.org/,3100 Douglas Road,Ponce de Leon Corridor,healthcare,3.8,N,verified
coral_gables_international_art_center,Coral Gables International Art Center,(786) 362-5132,http://www.sanctuaryofthearts.org/,"410 Andalusia Ave, Coral Gables, FL 33134",Coral Gables,arts_culture,4.9,N,verified
coral_gables_lodge_no_260,Coral Gables Lodge No. 260,,https://coralgablesmason.org/,41 Valencia Avenue,Ponce de Leon Corridor,nonprofit,4.8,N,unverified
coral_gables_magazine,Coral Gables Magazine,(305) 995-0995,https://coralgablesmagazine.com,"1200 Anastasia Ave #217, Coral Gables, FL 33134",Coral Gables,other,,Y,unverified
coralgablesmobileautoreir,Coral Gables Mobile Auto Repair,(786) 964-1866,,,Coral Gables,auto_dealer,5.0,N,
coral_gables_museum,Coral Gables Museum,(305) 603-8067,http://coralgablesmuseum.org/,"285 Aragon Ave, Coral Gables, FL 33134",Miracle Mile,arts_culture,,Y,verified
coral_gables_physical_therapy,Coral Gables Physical Therapy,(305) 441-5258,https://www.pinecrestpt.com/,"4110 Aurora St, Coral Gables, FL 33146",Coral Gables,healthcare,4.7,Y,verified
coral_gables_plumbing,Coral Gables Plumbing,(305) 254-3434,https://www.coralgablesplumbing.com/,"13101 SW 87th Ave, Miami, FL 33176",Coral Gables,construction,4.8,Y,verified
coral_gables_professional_firefighters_assn,Coral Gables Professional Firefighters Assn.,(305) 469-3416,https://local1210.com,"2151 Salzedo St, Coral Gables, FL 33134",Coral Gables,other,4.2,Y,unverified
coralgablesresidentialroofingcontractorspros,Coral Gables Residential Roofing Contractors Pros,(645) 231-0972,,,Coral Gables,construction,5.0,N,
coralgablesschoolforchildren,Coral Gables School for Children,,,,Ponce de Leon Corridor,education,,N,
coral_gables_tag_agency,Coral Gables Tag Agency,(305) 444-1138,http://www.autotagagency.net/locations/coral-gables-tag-agency/,1418 Ponce de Leon Boulevard,Ponce de Leon Corridor,professional_services,4.8,N,verified
coral_gables_trust_company,Coral Gables Trust Company,(786) 497-1212,https://cgtrust.com/,"255 Alhambra Cir #333, Coral Gables, FL 33134",Coral Gables,accounting,4.2,Y,verified
coral_gables_waterway,Coral Gables Waterway,(786) 543-2313,,"Coral Gables, FL 33143",Sunset / South Gables,hospitality,3.7,N,
coral_gables_womans_club,Coral Gables Woman's Club,(305) 632-5996,http://coralgableswomansclub.org/,"1001 E Ponce De Leon Blvd, Coral Gables, FL 33134",Coral Gables,nonprofit,4.6,Y,verified
coralgablesflprivatewealthmanagement,"Coral Gables, FL Private Wealth Management",(855) 529-8498,https://pwmcg.com/,,Coral Gables,financial_services,,N,verified
coralgallery,Coral Gallery,(415) 450-8456,http://coralcontemporaryart.com/,,Coral Gables,arts_culture,4.6,N,verified
coralrkdayschoolkindergarten,Coral Park Day School/Kindergarten,,,,Coral Gables,education,,N,
coralplumbingservices,Coral Plumbing & Services,(645) 215-3850,,,Bird Road Corridor,construction,5.0,N,
coralreefplumbing,Coral Reef Plumbing,(305) 361-6769,https://coralreefplumbing.com/,,Coral Gables,construction,4.3,N,verified
coralterraceelementaryschool,Coral Terrace Elementary School,,http://cte.dadeschools.net/,,Coral Gables,education,,N,verified
coralterraceschool,Coral Terrace School,,,,Coral Gables,education,,N,
coral_villa_christian_academy,Coral Villa Christian Academy,,,,Coral Gables,education,,N,
coralwayanimalclinic,Coral Way Animal Clinic,(305) 381-0561,https://www.coralwayanimalclinic.us/,,Douglas Road Corridor,healthcare,4.5,N,verified
coralwaychiropracticcenter,Coral Way Chiropractic Center,(786) 820-1455,https://coralwaychiropracticcenter.com/,,Douglas Road Corridor,healthcare,5.0,N,verified
coralwaycleaners,Coral Way Cleaners,(305) 446-1345,,,Coral Gables,personal_services,4.7,N,
coralwaydisccenter,Coral Way Disc Center,(305) 531-2933,https://coralwaydisccenter.com/,,Douglas Road Corridor,healthcare,4.9,N,verified
coral_wealth_management,Coral Wealth Management,(305) 671-3914,https://www.coralwm.com/?utm_source=omg-gbp&utm_medium=webclick,"20801 Biscayne Blvd STE 403, Miami, FL 33180",Coral Gables,financial_services,5,Y,verified
cordo_claims_group_llc,"Cordo Claims Group, LLC",(877) 552-6736,http://cordoclaims.com/,"12350 SW 132nd Ct STE 102, Miami, FL 33186",Coral Gables,insurance,5,Y,verified
corevents_inc,CorEvents Inc.,(305) 281-7477,http://www.cor-events.com/,,Coral Gables,media_entertainment,4.8,Y,verified
corkandbarrelwineandspirits,Cork and Barrel Wine and Spirits,(212) 222-3700,http://corkandbarrelnyc.com/,,Coral Gables,food_beverage,4.6,N,verified
cornishhernandezgonzalezp,"Cornish Hernandez Gonzalez, PLLC",(305) 745-7035,http://www.chglawyers.com/?utm_source=google&utm_medium=organic&utm_campaign=gbp_listing,,Miracle Mile,legal,5.0,N,verified
oschemapilatesrehab,CorpoSchema Pilates & Rehab,(305) 428-2790,http://www.corposchema.com/,,Ponce de Leon Corridor,healthcare,5.0,N,verified
cortadito_coffee_house,Cortadito Coffee House,(786) 410-0175,https://cortaditocoffeehouse.com/,200 Miracle Mile,Miracle Mile,food_beverage,4.6,Y,verified
cortaditocoffeehousecoralgables,Cortadito Coffee House Coral Gables,(786) 410-0175,https://cortaditocoffeehouse.com/,"200 Miracle Mile, Coral Gables, FL",Coral Gables,food_beverage,4.6,N,verified
corwilarchitects,Corwil Architects Inc,(305) 448-7383,http://www.corwilarchitects.com/,,Bird Road Corridor,professional_services,5.0,N,verified
cosabellabeautysalonands,Cosa bella beauty salon and spa,(305) 444-0063,,,Coral Gables,personal_services,4.9,N,
cosford_cinema,Cosford Cinema,(305) 284-4627,http://www.cosfordcinema.com/,"5030 Brunson Dr, Coral Gables, FL 33146",University of Miami Area,arts_culture,4.5,N,verified
costazulperuviancuisine,Costazul Peruvian Cuisine,(786) 360-3775,https://mymenuweb.com/us/restaurants/1243554/?utm_source=google_profile&utm_medium=google_profile&utm_campaign=admin,160 Giralda Avenue,Coral Gables,food_beverage,4.9,N,verified
counseling_center,Counseling Center,(305) 448-8325,https://miamicounseling.com/,1307 Stanford Drive,University of Miami Area,professional_services,4.5,N,verified
countach,Countach Inc.,(305) 443-1468,https://countachpaintandbody.com/,,Bird Road Corridor,auto_dealer,3.6,N,verified
courtyard_by_marriott_miami_at_dolphin_mall,Courtyard by Marriott Miami at Dolphin Mall,(305) 994-9343,https://www.marriott.com/en-us/hotels/miadm-courtyard-miami-at-dolphin-mall/overview/?scid=f2ae0541-1279-4f24-b197-a979c79310b0,"11275 NW 12th St, Doral, FL 33172",Coral Gables,retail,4.4,Y,verified
courtyardbymarriottmiamicoconutgrove,Courtyard by Marriott Miami Coconut Grove,(305) 858-2500,https://www.marriott.com/en-us/hotels/miagv-courtyard-miami-coconut-grove/overview/?scid=f2ae0541-1279-4f24-b197-a979c79310b0,,Douglas Road Corridor,hospitality,3.9,N,verified
courtyard_marriott_miami_coral_gables,Courtyard Marriott Miami Coral Gables,(305) 443-2301,https://www.marriott.com/en-us/hotels/miagb-courtyard-miami-coral-gables/overview/?scid=f2ae0541-1279-4f24-b197-a979c79310b0,"2051 S Le Jeune Rd, Coral Gables, FL 33134",Coral Gables,hospitality,4.1,Y,verified
courtyard_miami_coconut_grove,Courtyard Miami Coconut Grove,(305) 858-2500,https://www.marriott.com/en-us/hotels/miagv-courtyard-miami-coconut-grove/overview/?scid=f2ae0541-1279-4f24-b197-a979c79310b0,2649 South Bayshore Drive,Douglas Road Corridor,hospitality,3.9,N,verified
courtyard_miami_coral_gables,Courtyard Miami Coral Gables,(305) 443-2301,https://www.marriott.com/en-us/hotels/miagb-courtyard-miami-coral-gables/overview/?scid=f2ae0541-1279-4f24-b197-a979c79310b0,2051 South Le Jeune Road,Alhambra Circle,hospitality,4.1,N,verified
coutler_discount,Coutler Discount,(305) 446-2325,,1800 Ponce de Leon Boulevard,Ponce de Leon Corridor,retail,4.2,N,
coyo_taco,Coyo Taco,(786) 629-7929,https://www.coyo-taco.com/restaurants/south-miami,1514 South Dixie Highway,Sunset / South Gables,food_beverage,4.5,Y,verified
cmiami,CPA Miami,(305) 567-3152,http://www.cpamiami.com/,,Bird Road Corridor,accounting,4.8,N,verified
cpselectric,CPS Electric Inc,(786) 224-9656,http://cpselectricgroup.com/,,Douglas Road Corridor,construction,4.7,N,verified
crbeautystudio,CR Beauty Studio LLC,(305) 444-7443,https://crbeauty-studio.com/,,Miracle Mile,personal_services,5.0,N,verified
craftcoconutgrove,CRAFT Coconut Grove,(786) 386-0198,https://craftmiami.us/,,Douglas Road Corridor,food_beverage,4.9,N,verified
craftcoralgables,CRAFT Coral Gables,(786) 772-6932,https://www.craftmiami.us/,,Coral Gables,food_beverage,4.9,N,verified
craftsouthmiami,CRAFT South Miami,(786) 244-7185,https://www.craftmiami.us/,,Sunset / South Gables,food_beverage,4.9,N,verified
craft_with_a_purpose,Craft With A Purpose,(305) 753-2777,https://craftwithapurpose.com,"127 Giralda Ave, Coral Gables, FL 33134",Coral Gables,food_beverage,4.9,Y,unverified
cratebarrel,Crate & Barrel,(305) 460-3560,https://www.crateandbarrel.com/stores/coral-gables/str814?utm_source=gmb&utm_medium=organic_search,,Bird Road Corridor,retail,3.8,N,verified
crawford_real_estate_holdings_llc,"Crawford Real Estate Holdings, LLC",(954) 588-0609,https://crawfordrealestateholdings.com,"1701 Ponce de Leon Blvd Suite 203, Coral Gables, FL 33134",Coral Gables,real_estate,3.7,Y,unverified
crazyfornails,Crazy For Nails Corp,(786) 380-2558,,,Ponce de Leon Corridor,personal_services,5.0,N,
cremagourmet,Crema Gourmet,(786) 360-4026,https://www.cremagourmet.com/,,Miracle Mile,food_beverage,4.2,N,verified
crema_gourmet_espresso_bar,Crema Gourmet Espresso Bar,(786) 360-4026,https://www.cremagourmet.com/,"169 Miracle Mile, Coral Gables, FL",Coral Gables,food_beverage,4.2,Y,verified
cricket_wireless,Cricket Wireless,(786) 580-3102,https://www.cricketwireless.com/stores/fl/coral-gables/4823-sw-8th-st-spc-no4823?utm_source=Google&utm_medium=Organic_Search&utm_campaign=Yext_Listings,"4823 SW 8th St Spc NO4823, Coral Gables, FL 33134",Coral Gables,retail,4.8,N,verified
crown,Crown,(786) 621-9463,https://crownwineandspirits.com/,5749 Southwest 40th Street,Bird Road Corridor,retail,4.7,N,verified
crownwinespirits,Crown Wine & Spirits,(786) 621-9463,https://crownwineandspirits.com/,,Sunset / South Gables,food_beverage,4.7,N,verified
crystal_academy_therapy_center,Crystal Academy Therapy Center,,,,Coral Gables,healthcare,,N,
crystal_academy_therapy_center_school_autism_developmental_d,Crystal Academy Therapy Center & School  Autism & Developmental Delays,(305) 567-5881,https://crystalacademy.org/,,Coral Gables,education,,Y,verified
cuban_museum,Cuban Museum,(305) 529-5400,http://thecuban.org/,"1200 Coral Wy, Miami, FL 33145",Ponce de Leon Corridor,arts_culture,4.8,N,verified
cucina_fresca,Cucina Fresca,,https://dineoncampus.com/miami/locations/cucina-fresca,1306 Stanford Drive,University of Miami Area,food_beverage,,N,verified
cuetoengineering,Cueto Engineering,,http://www.cuetoengineering.com/,,Ponce de Leon Corridor,professional_services,4.8,N,verified
cueto_law_group,Cueto Law Group,(786) 882-5710,https://cuetolawgroup.com/,"4000 Ponce de Leon Blvd #470, Coral Gables, FL 33146",Coral Gables,legal,4.9,N,verified
cueto_law_group_pl,"Cueto Law Group, P.L.",(305) 777-0377,https://cuetolawgroup.com,"4000 Ponce de Leon Blvd #470, Coral Gables, FL 33146",Coral Gables,legal,4.9,Y,unverified
cumminscederbergcoastalmarineengineering,Cummins Cederberg - Coastal & Marine Engineering,(305) 741-6155,http://www.cumminscederberg.com/,,Ponce de Leon Corridor,professional_services,3.5,N,verified
curvesnwaves,Curves N' Waves,(305) 442-1430,,,Miracle Mile,retail,4.5,N,
cushman_wakefield,Cushman & Wakefield,(305) 928-6967,https://cushmanwakefield.com,"333 SE 2nd Ave #3900, Miami, FL 33131",Coral Gables,other,1.6,Y,unverified
cuttingedgeinnovative,Cutting Edge Innovative,(786) 957-7775,https://www.cuttingedgeinnovative.com/,,Coral Gables,construction,4.8,N,verified
cviche105,CVI.CHE 105,786-527-3939,https://www.ceviche105.com/,,Coral Gables,food_beverage,4.5,Y,verified
cviche105coralgables,CVI.CHE 105 - Coral Gables,(786) 527-3939,https://www.ceviche105.com/,,Ponce de Leon Corridor,food_beverage,4.9,N,verified
cvs,CVS,(305) 285-8935,https://www.cvs.com/store-locator/miami-fl-pharmacies/3349-pan-american-drive-miami-fl-33133/storeid=11413?WT.mc_id=LS_GOOGLE_FS_11413,,Douglas Road Corridor,retail,3.5,N,verified
cvs_pharmacy,CVS Pharmacy,(305) 446-4641,https://www.cvs.com/store-locator/coral-gables-fl-pharmacies/1160-s-dixie-hwy-coral-gables-fl-33146/storeid=4059,1160 South Dixie Highway,University of Miami Area,healthcare,4.0,N,unverified
cvspharmacyyms,CVS Pharmacy y más,(305) 264-3485,https://www.cvs.com/store-locator/miami-fl-pharmacies/5695-sw-8th-street-miami-fl-33134/storeid=3443?WT.mc_id=LS_GOOGLE_RX_3443,,Coral Gables,healthcare,3.8,N,verified
dmnails,D & M Nails,(754) 314-7082,https://dmnails.com/,,Sunset / South Gables,personal_services,5.0,N,verified
dade_county_federal_credit_union,Dade County Federal Credit Union,(786) 845-3211,https://www.dcfcu.org/,"111 NW 1st St, Miami, FL 33128",Coral Gables,banking,3.5,Y,verified
dade_county_medical_association,Dade County Medical Association,(305) 324-8717,http://www.miamimed.com/,,Coral Gables,healthcare,,Y,verified
dade_maytag_home_appliance_center,Dade Maytag Home Appliance Center,(786) 733-9343,https://www.maxappliancerepairmiami.com/,2228 Southwest 67th Avenue,Coral Gables,retail,4.9,N,verified
dadeschool,Dade School,,,,Bird Road Corridor,education,,N,
dadelanddermatologygroupdavidrodriguezmd,"Dadeland Dermatology Group: David Rodriguez, MD",(305) 670-0260,https://www.davidderm.com/?utm_source=gmb_auth,,Ponce de Leon Corridor,healthcare,4.1,N,verified
dailyflowsmovementstudio,Daily Flows Movement Studio,(786) 710-3059,http://dailyflowstudio.com/,,Douglas Road Corridor,wellness,5.0,N,verified
dairy_queen,Dairy Queen,(305) 665-1387,http://www.dairyqueen.com/,4040 Southwest 67th Avenue,Bird Road Corridor,food_beverage,4.4,N,verified
dameradreize,Damera & Dreize PA,(305) 446-6760,,,Coral Gables,legal,5.0,N,
dancesway,Dance Sway,(305) 607-3144,https://dancesway.com/,"7140 Bird Rd, Miami, FL 33155",Bird Road Corridor,arts_culture,4.8,N,verified
daniels,Daniel's,(305) 912-2639,https://www.danielssteak.com/miami/,"1500 San Ignacio Ave, Coral Gables, FL 33146",Coral Gables,food_beverage,4.8,N,verified
danielsmiami,Daniel's Miami,(305) 912-2639,https://www.danielssteak.com/miami/,,Sunset / South Gables,food_beverage,4.8,N,verified
datapro,"Datapro, Inc.",(305) 374-0606,,,Coral Gables,technology,4.5,N,
davidfairchildelementaryschool,David Fairchild Elementary School,,,,Bird Road Corridor,education,,N,
davidhernandezc,"David Hernandez, C.P.A., P.A.",(305) 982-8069,http://www.dhernandezcpa.com/,,Ponce de Leon Corridor,accounting,5.0,N,verified
davidplummerassociates,David Plummer & Associates Inc,(305) 447-0900,https://www.dplummer.com/,,Ponce de Leon Corridor,professional_services,5.0,N,verified
davidswilligchartered,David S. Willig Chartered,(305) 990-0562,,"Miami, FL - Serving Coral Gables",Coral Gables,legal,4.6,N,
david_william_hotel_condo_association,David William Hotel Condo Association,(305) 903-1867,,700 Biltmore Way,Coral Gables,hospitality,4.6,N,
davinci_institute,DaVinci Institute,,,,Douglas Road Corridor,education,,N,
dawsonassociatesc,"Dawson & Associates, CPA",(305) 443-1500,http://www.flacpa.com/,,Ponce de Leon Corridor,accounting,5.0,N,verified
day_pitney,Day Pitney,(305) 373-4000,http://www.daypitney.com/,,Coral Gables,legal,,Y,verified
daybreak,Daybreak,(305) 284-4577,https://dineoncampus.com/miami,"1211 Wm E Walsh Ave, Coral Gables, FL 33146",University of Miami Area,food_beverage,5,N,verified
dc_financial_services_llc,"DC Financial Services, LLC",(305) 951-8381,https://dcfinservices.com/,"9830 SW 77th Ave # 210, Miami, FL 33156",Coral Gables,financial_services,4.9,Y,verified
delahozperezbarbeitop,"De La Hoz, Perez & Barbeito, PLLC",(305) 448-7590,http://www.dpbcpa.com/,"2800 Ponce de Leon Suite 1020, Coral Gables, FL 33134",Ponce de Leon Corridor,accounting,4.8,N,verified
delaosac,DE LA OSA C.P.A.,(305) 446-2849,,,Alhambra Circle,accounting,5.0,N,
de_maio_immigration_law_pllc,"De Maio Immigration Law, PLLC",(786) 232-9120,https://www.demaio-law.com/,2121 Ponce de Leon Boulevard,Ponce de Leon Corridor,legal,5,N,verified
dean_of_students_office,Dean of Students Office,(608) 263-5700,https://doso.students.wisc.edu/,1306 Stanford Drive,University of Miami Area,professional_services,5,N,unverified
debowsky_design_group,Debowsky Design Group,(305) 495-2751,https://debowsky.com,,Coral Gables,professional_services,,Y,unverified
decomarketing,Deco Marketing LLC,(305) 677-8767,,,Ponce de Leon Corridor,marketing,4.9,N,
decolores_collision_center,DeColores Collision Center,(305) 649-0595,https://decolorescollisioncenter.com/,280 Southwest 22nd Avenue,Coral Gables,retail,4.2,N,verified
decorhousefurniture,Decor House Furniture,(305) 448-6200,https://www.decorhousefurniture.com/,,Bird Road Corridor,retail,4.5,N,verified
dedicated_public_adjusters,Dedicated Public Adjusters,(305) 607-2870,https://dedicatedpa.com/contact/,"14707 S Dixie Hwy Suite 200, Palmetto Bay, FL 33176",Coral Gables,food_beverage,3.7,Y,verified
dedicated_wealth_partners_of_raymond_james,Dedicated Wealth Partners of Raymond James,(917) 599-8286,https://www.raymondjames.com/dedicatedwealthpartners,,Coral Gables,financial_services,,Y,verified
deelvolkswagencoralgables,Deel Volkswagen Coral Gables,(305) 448-3335,http://www.deelvolkswagen.com/,,Bird Road Corridor,auto_dealer,4.6,N,verified
deltoroinsurance,Del Toro Insurance,(305) 698-0899,https://www.deltoroinsurance.com/florida-insurance-agency-coral-gables/,,Ponce de Leon Corridor,insurance,4.6,N,verified
delanceywine,Delancey Wine,(212) 995-1988,http://delanceywine.com/,,Coral Gables,food_beverage,4.8,N,verified
deleites_events_catering,DeleiteS | Events & Catering,(786) 657-1834,https://www.deleitesevents.com/,,Coral Gables,food_beverage,5,Y,verified
delgado_garcia_communications,Delgado Garcia Communications,(305) 431-2691,https://dgcommunications.com,"5880 SW 46th Terrace, Miami, FL 33155",Coral Gables,personal_services,,Y,unverified
delia_izquierdo_insurance_agency_inc,Delia Izquierdo Insurance Agency Inc,(305) 442-2182,http://www.deliaizquierdoinsurance.com/,300 Aragon Avenue,Miracle Mile,insurance,5,N,verified
delightsofbeirut,Delights of Beirut,(786) 558-4954,https://www.delightsofbeirut.com/,,Sunset / South Gables,food_beverage,4.7,N,verified
delta_air_lines,Delta Air Lines,(678) 674-7588,https://delta.com,"Departures, Miami, FL 33126",Coral Gables,transportation,4.1,Y,unverified
dennys,Denny's,(305) 666-6250,https://locations.dennys.com/FL/CORAL-GABLES/248698?utm_source=G&utm_medium=organic&utm_campaign=DAC,1150 South Dixie Highway,University of Miami Area,food_beverage,3.7,N,verified
dentistsofcoralgables,Dentists of Coral Gables,(305) 239-8806,https://www.dentistsofcoralgables.com/?sc_cid=GBP%3AO%3AGP%3A984%3AOrganic_Search%3AGeneral%3Ana&_vsrefdom=organic_gbp&y_source=1_MTA5OTAzMzctNzE1LWxvY2F0aW9uLndlYnNpdGU%3D,,Alhambra Circle,healthcare,4.5,N,verified
derm360merrickrk,Derm360-Merrick Park,(786) 707-4888,https://www.toplinemd.com/derm-360/,,Bird Road Corridor,healthcare,4.7,N,verified
derma_era_holistic_med_spa,Derma Era Holistic Med Spa,(305) 707-2134,https://dermalera.zoca.com/?utm_source=googlemaps&utm_medium=googlemapsprofile&utm_campaign=website_link,"717 Ponce de Leon Blvd STE 206, Miami, FL 33134",Coral Gables,wellness,5,Y,verified
dermatologochildrensskenter,DERMATOLOGO Children's Skin Center,(305) 669-6555,http://www.childrensskincenter.com/,,Coral Gables,healthcare,3.4,N,verified
dermatologyassociatesresearch,Dermatology Associates & Research,(305) 567-1930,,,Ponce de Leon Corridor,healthcare,5.0,N,
design_resource_center,Design Resource Center,(305) 607-4911,http://myvdrc.com/,"63 Merrick Wy, Coral Gables, FL 33134, United States",Coral Gables,marketing,5,Y,verified
designhouse,Designhouse,(305) 456-7253,https://designhouseagency.com,2222 Ponce de Leon Boulevard,Ponce de Leon Corridor,professional_services,5,N,unverified
devoncleaners,Devon Cleaners,(305) 662-5888,,,Sunset / South Gables,personal_services,2.7,N,
diamondbanc,Diamond Banc,(786) 605-9593,https://www.diamondbanc.com/fl/miami/,,Coral Gables,retail,5.0,N,verified
diced,Diced,(786) 773-2190,https://dicedfood.com/diced67ave?utm_source=google,2342 Southwest 67th Avenue,Coral Gables,food_beverage,4.5,N,verified
digestivemedicineassociates,Digestive Medicine Associates,(305) 822-4107,http://www.digestivemed.com/,,Ponce de Leon Corridor,healthcare,4.1,N,verified
digital_bay_tech,Digital Bay Tech,(786) 727-2190,http://www.digitalbaytech.com/,"13611 S Dixie Hwy #379, Miami, FL 33176",Coral Gables,technology,4.3,N,verified
digital_bay_tech_smart_home_automation,Digital Bay Tech | Smart Home Automation,(786) 727-2190,http://www.digitalbaytech.com/,"13611 S Dixie Hwy #379, Miami, FL 33176",Coral Gables,accounting,4.3,Y,verified
digital_future_marketing,Digital Future Marketing,(404) 583-5904,http://www.futurevintageagency.com/,2222 Ponce de Leon Boulevard,Ponce de Leon Corridor,marketing,5,N,verified
digital_radiology_inc,Digital Radiology Inc.,(305) 759-9293,https://lifeimagingfla.com/contact/?utm_source=gmb_auth,"2344 Douglas Rd, Coral Gables, FL 33134",Coral Gables,healthcare,4.9,Y,unverified
dion_generators_solutions,Dion Generators Solutions,(305) 450-8787,https://diongenerators.com/,"12931 SW 84th Avenue Rd, Miami, FL 33156",Coral Gables,construction,4.8,Y,verified
direct_processing_network,Direct Processing Network,(855) 955-6111,https://directprocessingnetwork.com/,"12915 SW 132nd St STE 4B, Miami, FL 33186",Coral Gables,other,4.8,Y,verified
discoverydaycarecenter,Discovery Day Care Center,,,,Coral Gables,education,,N,
discoveryyearschildcarecenter,Discovery Years Child Care Center,,,,Coral Gables,education,,N,
districtinstructionalcenter10,District Instructional Center 10,,,,Coral Gables,education,,N,
districtinstructionalcenter8,District Instructional Center 8,,,,Merrick Park,education,,N,
districtinstructionalcenter9,District Instructional Center 9,,,,Coral Gables,education,,N,
dixieautoservice,Dixie Auto Service Inc,(305) 667-5096,https://dixieautoservice.com/,,Sunset / South Gables,auto_dealer,4.7,N,verified
dlelawyersabogadosdeaccidentesmiami,DLE Lawyers | Abogados De Accidentes Miami,(305) 363-7855,https://www.dlelawyers.com/,,Alhambra Circle,legal,4.8,N,verified
dmg_corporation,DMG Corporation,(305) 887-1431,https://giovannymadridfr.com,,Coral Gables,financial_services,1,Y,unverified
docbsfreshkitchen,Doc B's Fresh Kitchen,,,,Coral Gables,food_beverage,4.6,N,
doc_bs_restaurant__bar,Doc B's Restaurant + Bar,(786) 864-1220,https://docbsrestaurant.com/locations/coral-gables,301 Miracle Mile,Miracle Mile,food_beverage,4.7,N,verified
docdigitalsem,Doc Digital SEM,(954) 737-3031,https://docdigitalsem.com/locations/fort-lauderdale-digital-marketing-agency/?utm_source=google&utm_medium=gmb_fort_lauderdale&utm_campaign=local_seo,,Coral Gables,marketing,5,N,verified
doctorsmedicalcenter,Doctor's Medical Center,(305) 685-5688,,,Coral Gables,healthcare,4.0,N,
doctors_hospital,Doctors Hospital,(786) 308-3000,https://baptisthealth.net/locations/hospitals/doctors-hospital?utm_source=yext&utm_medium=google&utm_campaign=listing&y_source=1_MTIwNTAyMzUtNzE1LWxvY2F0aW9uLndlYnNpdGU%3D,5000 University Drive,University of Miami Area,healthcare,4.8,N,verified
doctorshospitalsportsmedicinetherapy,Doctors Hospital Sports Medicine Therapy,,,,University of Miami,healthcare,4.5,N,
doctorsindependentmedical,Doctors Independent Medical,(305) 444-1155,http://dimeimmigration.com/,,Coral Gables,healthcare,3.3,N,verified
dogtown,Dogtown,(305) 448-5225,https://www.barkfetchrun.com/?utm_source=google&utm_medium=organic&utm_campaign=gbp,3686 Grand Avenue,Coral Gables,personal_services,4.5,N,verified
dohanlaw,Dohan Law,(305) 536-3400,http://www.dohanlaw.com/,,Ponce de Leon Corridor,legal,4.9,N,verified
dojo_izakaya,Dojo Izakaya,(305) 849-3456,http://www.dojomiami.com/,"148 Giralda Ave, Coral Gables, FL 33134",Coral Gables,food_beverage,4.4,N,verified
dollar_general,Dollar General,(786) 633-4430,https://www.dollargeneral.com/store-directory/fl/miami/12984,5175 Southwest 8th Street,Coral Gables,retail,4.2,N,verified
dollar_tree,Dollar Tree,(786) 864-1585,https://locations.dollartree.com/fl/miami/3301-coral-way-103?utm_source=google&utm_medium=organic&utm_campaign=maps,"3301 Coral Wy #103, Miami, FL 33145",Coral Gables,retail,4.1,N,verified
dominos,Domino's,(305) 667-3666,https://www.dominos.com/en/?utm_source=google&utm_medium=loclist&utm_campaign=localmaps,5877 Ponce de Leon Boulevard,Douglas Road Corridor,food_beverage,3.3,N,verified
don_pan_international_bakery,Don Pan International Bakery,,http://www.donpan.com/,400 South Dixie Highway,Coral Gables,food_beverage,4,N,verified
don_quixote_de_la_mancha,Don Quixote De La Mancha,(305) 444-9293,http://www.actorsplayhouse.org/,"280 Miracle Mile, Coral Gables, FL 33134",University of Miami Area,hospitality,4.7,N,verified
donetmcmillantrontz,"Donet, McMillan & Trontz, P.A.",(305) 444-0030,https://www.dmtlaw.com/,,Ponce de Leon Corridor,legal,4.9,N,verified
donlevyrosen_rosen,Donlevy-Rosen & Rosen,(305) 459-3283,http://protectyou.com/,"2121 Ponce de Leon Blvd # 320, Coral Gables, FL 33134",Coral Gables,legal,5,N,verified
donut_with_balls_number_28,Donut with Balls Number 28,(305) 203-0552,https://antoniobachour.com/?utm_source=google,"2020 Salzedo St, Miami, FL 33134, United States",University of Miami Area,hospitality,4.6,N,verified
doodycalls_of_miami,DoodyCalls of Miami,(305) 520-7904,https://www.doodycalls.com/miami/?utm_source=GMrB&utm_medium=organic&utm_campaign=CoralGables,,Coral Gables,other,5,Y,verified
door_dash,Door Dash,,https://doordash.com,,Coral Gables,food_beverage,1.7,Y,unverified
dopazo_associates_insurance_services,Dopazo & Associates Insurance Services,(305) 470-8500,http://www.dopazoinsurance.com/,"10723 SW 104th St, Miami, FL 33176",Coral Gables,insurance,4.8,Y,verified
double_c,Double C,(561) 789-3113,https://doublec.com,"2988 McFarlane Rd, Coconut Grove, FL 33133",Coral Gables,professional_services,4.6,Y,unverified
doubledayengineering,DoubleDay Engineering,(305) 209-2396,http://www.doubledayengineering.com/,,Ponce de Leon Corridor,professional_services,4.7,N,verified
douglas_elliman,Douglas Elliman,(305) 695-6060,https://www.elliman.com/florida/office/510-b-705-111646/coral-gables?utm_source=GMB&utm_medium=Organic_search&utm_campaign=GMB_Coral_Gables_FL,"1515 Sunset Dr #10, Coral Gables, FL 33143",Coral Gables,real_estate,5,Y,verified
douglasellimanrealestateofficeoralgablesfl,"Douglas Elliman Real Estate Office in Coral Gables, FL",(305) 695-6060,https://www.elliman.com/florida/office/510-b-705-111646/coral-gables?utm_source=GMB&utm_medium=Organic_search&utm_campaign=GMB_Coral_Gables_FL,,Sunset / South Gables,real_estate,5.0,N,verified
dralysaherman,Dr. Alysa Herman,(305) 444-4979,https://www.dralysaherman.com/?utm_source=google&utm_medium=local&utm_campaign=coralgables-drherman-website,,Bird Road Corridor,healthcare,4.6,N,verified
dramarilisgonzalezmd,"Dr. Amarilis Gonzalez, MD",(305) 443-7427,https://www.toplinemd.com/the-center-for-gynecology-and-restorative-medicine/marien-yanes/,,Coral Gables,other,4.2,N,verified
drceciliammarinpsyd,"Dr. Cecilia M. Marin, Psy.D.",(305) 764-2333,http://www.drceciliamarin.com/,,Alhambra Circle,healthcare,5.0,N,verified
drdulceccabreramd,"Dr. Dulce C. Cabrera, MD",(305) 445-2941,,,Miracle Mile,healthcare,3.7,N,
drfernandamercademd,"Dr. Fernanda Mercade, MD",(786) 442-2100,https://drmercade.com/,,Coral Gables,other,4.8,N,verified
drfranciscoakerdelmd,"Dr. Francisco A. Kerdel, MD",(305) 324-2110,https://fadcenter.com/about-us/our-doctors/francisco-kerdel-md/,,Coral Gables,healthcare,4.3,N,verified
drfrankdon,Dr. Frank Don,(305) 324-2110,https://fadcenter.com/about-us/our-doctors/frank-don-do/,,Coral Gables,healthcare,4.7,N,verified
drfranklinpimentelmd,"Dr. Franklin Pimentel, MD",(305) 445-0700,,,Coral Gables,other,4.3,N,
drisraelcabrera,Dr. Israel Cabrera,(305) 666-2111,,,University of Miami,other,5.0,N,
drivangcarrasquillaescotomd,"Dr. Ivan G. Carrasquilla-Escoto, MD",(305) 443-3001,http://www.primecare1.com/,,Alhambra Circle,healthcare,4.8,N,verified
drjoaquinmjimenezdecardenasmd,"Dr. Joaquin M. Jimenez De Cardenas, MD",(305) 444-6882,,,Bird Road Corridor,healthcare,4.9,N,
drjorgergarciaod,Dr. Jorge R Garcia OD PA,(305) 443-6660,http://www.jorgergarciaodpa.com/,,Coral Gables,healthcare,5.0,N,verified
drjoseglampreabe,Dr. Jose G. Lampreabe,(305) 441-0910,https://www.msmc.com/doctor/jose-g-lampreabe/,,Coral Gables,healthcare,4.9,N,verified
drkarenmartinezzensmiles,Dr. Karen Martinez - Zen Smiles,(305) 446-5676,http://www.zensmilesmiami.com/,,Miracle Mile,healthcare,4.9,N,verified
drmartingrossmandccoralgableschiropracticcentre,"Dr. Martin Grossman, DC - Coral Gables Chiropractic Centre",(305) 446-1095,https://www.drmartingrossman.com/,,Bird Road Corridor,healthcare,4.8,N,verified
drmichaelgutierrez,Dr. Michael Gutierrez,(305) 585-4564,https://jacksonhealth.org/find-a-doctor/michael-gutierrez/,,Coral Gables,healthcare,4.8,N,verified
drrhehardreyesmd,"Dr. Rheinchard Reyes, MD",(305) 445-3372,https://www.rreyesmd.com/,,Coral Gables,healthcare,4.7,N,verified
drrubejrdomd,"Dr. Rube J. Pardo, MD",(305) 448-5795,https://rymap.org/business/dr-rube-j-pardo-md-24xg67,,Ponce de Leon Corridor,healthcare,3.8,N,verified
drstephaniemaypsyd,"Dr. Stephanie May, Psy.D.",(954) 288-2414,https://www.drstephaniemay.com/,,Miracle Mile,healthcare,5.0,N,verified
drtjgiuffrida,Dr. TJ Giuffrida,(305) 461-2000,https://miamidermcenter.com/?y_source=1_MjQzMjc3NzktNzE1LWxvY2F0aW9uLndlYnNpdGU%3D,,Ponce de Leon Corridor,healthcare,4.7,N,verified
drwilliammoyaldcccspcoralwaychiropracticcenter,"Dr. William Moyal, DC, CCSP - Coral Way Chiropractic Center",(786) 820-1455,https://coralwaychiropracticcenter.com/,,Douglas Road Corridor,healthcare,4.9,N,verified
dream_team_law,Dream Team Law,(786) 219-9416,https://www.dreamteamfightsforyou.com/,"1120 Ponce de Leon Blvd, Coral Gables, FL 33134",Coral Gables,legal,4.7,Y,verified
dream_team_law_pllc,"Dream Team Law, PLLC",(866) 255-8326,https://www.dreamteamfightsforyou.com/,"1120 Ponce de Leon Blvd, Coral Gables, FL 33134",Coral Gables,legal,4.7,Y,verified
drip_n_bodied,Drip N Bodied,(305) 908-9282,http://www.dripnbodied.com/,"1001 Ponce de Leon Blvd Suite A, Coral Gables, FL 33134",Coral Gables,other,5,Y,verified
drury_law_firm,Drury Law Firm,(305) 723-1100,https://drurypa.com,"1200 Anastasia Ave #240, Coral Gables, FL 33134",Coral Gables,legal,5,Y,unverified
dsnhousecollectivemiamicreativeagency,DSN HOUSE COLLECTIVE - Miami Creative Agency,(305) 456-7253,https://www.dsnhousecollective.com/,,Ponce de Leon Corridor,marketing,5.0,N,verified
dukanee_beauty_supply,Dukanee Beauty Supply,(305) 666-7830,http://www.dukaneebeautysupply.com/,6520 Southwest 24th Street,Coral Gables,personal_services,4.9,N,verified
duncanelectricalservice,Duncan Electrical Service,(305) 315-4904,,,Bird Road Corridor,construction,4.1,N,
dunduns__barbershop_coral_gables,DUNDUNs - Barbershop Coral Gables,(786) 689-5516,https://dundunbarbershop.com/,2263 Southwest 37th Avenue,Coral Gables,retail,5.0,N,verified
dunkin,Dunkin',(305) 330-4357,https://locations.dunkindonuts.com/en/fl/miami/8099-s-dixie-hwy/349618?utm_source=google&utm_medium=local&utm_campaign=localmaps&utm_content=349618&y_source=1_MTIxMTM4MzEtNzE1LWxvY2F0aW9uLndlYnNpdGU%3D,8099 South Dixie Highway,Sunset / South Gables,food_beverage,3.8,N,verified
durbansegninigallery,Durban Segnini Gallery,(305) 774-7740,http://www.durbansegnini.com/,,Bird Road Corridor,arts_culture,4.9,N,verified
dynamicaarchitecture,Dynamica Architecture,(305) 376-8889,http://www.dynamica8.com/,,Ponce de Leon Corridor,professional_services,5.0,N,verified
egomezc,E. Gomez CPA LLC,(305) 497-0552,https://www.egomezcpa.com/,,Bird Road Corridor,accounting,4.9,N,verified
early_learning_coalition_of_miamidademonroe,Early Learning Coalition of MiamiDade/Monroe,(305) 646-7220,http://www.elcmdm.org/,"2555 Ponce de Leon Blvd STE 210, Coral Gables, FL 33134",Coral Gables,education,3.8,Y,verified
easescreen_america_llc,"Easescreen America, LLC",(305) 710-5032,https://easescreen.com,"1601 NW 72nd Ave, Miami, FL 33126",Coral Gables,technology,4,Y,unverified
east_coast_properties_commercial_real_estate,East Coast Properties & Commercial Real Estate,(786) 942-2177,https://eastcoastcre.com/,,Coral Gables,real_estate,,Y,verified
eastshorearchitects,Eastshore Architects,(305) 648-2006,http://www.eastshore.net/,,Coral Gables,professional_services,,N,verified
eastsidecellars,Eastside Cellars,(212) 996-9463,https://eastsidecellars.com/,,Coral Gables,food_beverage,4.2,N,verified
eatinghouse,Eating House,,http://www.eatinghousemiami.com/,,Coral Gables,food_beverage,4.3,N,verified
eatinghousemiami,Eating House Miami,(786) 580-3745,http://www.eatinghousemiami.com/,,Ponce de Leon Corridor,food_beverage,4.5,N,verified
ebenezerdaycareandkindergarten,Ebenezer Day Care and Kindergarten,,,,Coral Gables,education,,N,
ebenezerdaycarecenter,Ebenezer Day Care Center,,,,Coral Gables,education,,N,
eberjeycoralgablesatshopsatmerrickrk,Eberjey Coral Gables at Shops at Merrick Park,(305) 763-8455,http://www.eberjey.com/,,Bird Road Corridor,retail,4.7,N,verified
ecig_shop_miami,Ecig Shop Miami,(786) 505-8273,http://ecigshopmiami.com/,Southwest 24th Street,Coral Gables,retail,4.5,N,unverified
ecrengineering,ECR Engineering,(786) 886-7775,http://ecreng.com/,,Ponce de Leon Corridor,professional_services,,N,verified
edelmanfinancialengines,Edelman Financial Engines,(833) 752-6333,https://www.edelmanfinancialengines.com/location.fl.Miami-Coral-Gables/?utm_medium=organic&utm_source=google&utm_campaign=gmb-listing&utm_content=yext,,Alhambra Circle,financial_services,5.0,N,verified
edwardbeinereyewearatcocowalkcoconutgrove,Edward Beiner Eyewear at CocoWalk Coconut Grove,(786) 216-7850,http://www.edwardfisherdmd.com/,,Douglas Road Corridor,healthcare,4.9,N,unverified
edward_bernier,Edward Bernier,(786) 216-7850,https://www.edwardbeiner.com/boutiques/coconut-grove/,3015 Grand Avenue,Douglas Road Corridor,retail,,N,unverified
edward_jones,Edward Jones,(305) 460-9594,https://www.edwardjones.com/us-en/financial-advisor/nicolas-eterovic?y_source=1_NDE3NjAxNi03MTUtbG9jYXRpb24ud2Vic2l0ZQ%3D%3D,"150 Alhambra Cir STE 1170, Coral Gables, FL 33134, United States",Coral Gables,financial_services,,Y,verified
einstein_bros_bagels,Einstein Bros. Bagels,(305) 668-6260,https://locations.einsteinbros.com/us/fl/south-miami/5946-s-dixie-hwy?y_source=1_OTA1MDAxMC03MTUtbG9jYXRpb24ud2Vic2l0ZQ%3D%3D,5946 South Dixie Highway,Sunset / South Gables,food_beverage,4,N,verified
eisneramper,EisnerAmper,(305) 371-6200,http://www.eisneramper.com/,,Coral Gables,accounting,,Y,verified
el_atlacatl,El Atlacatl,(305) 649-8000,https://elatlacatl.com/,3199 Southwest 8th Street,Coral Gables,food_beverage,4.2,N,verified
elbrazofuertebakery,El Brazo Fuerte Bakery,(305) 444-7720,http://ebfbakery.com/,,Coral Gables,food_beverage,4.5,N,verified
el_car_wash,El Car Wash,(866) 305-4329,https://elcarwash.com/fl/car-wash-in-coral-way/,6901 Southwest 40th Street,Bird Road Corridor,auto_dealer,4.8,N,verified
el_churrascaso_grill_bird_road,El Churrascaso Grill Bird Road,,https://www.instagram.com/elchurrascasogrill_birdroad?igsh=Y2FnczI3ZHN2ZnVz,"6505 SW 40th St, Miami, FL 33155",Bird Road Corridor,food_beverage,4.4,N,verified
el_mago_de_las_fritas,El Mago de las Fritas,(305) 266-8486,http://elmagodelasfritas.com/,5828 Southwest 8th Street,Coral Gables,food_beverage,4.8,N,verified
el_palacio_de_los_jugos,El Palacio de los Jugos,(786) 616-8913,https://elpalaciodelosjugos.com/?utm_source=google&utm_medium=organic&utm_campaign=gbp-listing&utm_content=Camino-de-Coral,7085 Southwest 24th Street,Coral Gables,food_beverage,4.3,N,verified
ellomarpetshop,El Palomar Pet Shop,(305) 442-7372,,,Coral Gables,retail,4.7,N,
el_pinero,El Pinero,,,2440 Southwest 67th Avenue,Coral Gables,retail,,N,
el_quart_segell,El Quart Segell,(305) 448-8224,https://lacasitacubancuisine.com/,"3805 SW 8th St, Coral Gables, FL 33134",University of Miami Area,hospitality,4.5,N,verified
el_rey_de_las_fritas,El Rey de las Fritas,(305) 644-6054,https://elreydelasfritas.com/,1821 Southwest 8th Street,Coral Gables,food_beverage,4.5,N,verified
elsalvadorschool,El Salvador School,,,,Coral Gables,education,,N,
el_shaddai_skincare_day_spa,El Shaddai Skincare Day Spa,(305) 284-8636,http://www.elshaddaiskincaredayspa.com/,5545 Southwest 8th Street,Coral Gables,retail,4.9,N,unverified
el_taquitos,El Taquitos,(305) 846-9608,https://www.eltaquito.restaurant/,"1380 SW 8th St, Miami, FL 33135",Douglas Road Corridor,food_beverage,4.1,N,verified
elaineking,Elaine King,(305) 432-3000,https://elaineking.com/,,Coral Gables,financial_services,5.0,N,verified
electricsuntanningsalons,Electric Sun Tanning Salons,(786) 717-5234,http://www.electricsunsalons.com/,,Sunset / South Gables,personal_services,5.0,N,verified
electrikpros,Electrik Pros,(305) 239-4959,https://www.electrikpros.com/,,Coral Gables,construction,4.7,N,verified
elekronelectric,Elekron Electric Inc,(786) 423-5230,http://www.elekronelectric.com/,,Miracle Mile,construction,5.0,N,verified
element_miami_international_airport,Element Miami International Airport,(305) 636-1600,https://www.marriott.com/en-us/hotels/miael-element-miami-international-airport/overview/?scid=f2ae0541-1279-4f24-b197-a979c79310b0,"3525 NW 25th St, Miami, FL 33142",Coral Gables,healthcare,4,Y,verified
elevatemiamichurch,Elevate Miami Church,(786) 409-5608,http://www.elevatemiamichurch.com/,,Douglas Road Corridor,nonprofit,4.7,N,verified
elia_at_sebastians_caf,Elia At Sebastian's Cafe,(305) 284-1934,https://newman-alumni-center.com/about-2/sebastians-cafe/,6200 San Amaro Drive,Coral Gables,food_beverage,4.9,N,verified
eliptek_technology_group,Eliptek Technology Group,(305) 887-8200,https://eliptek.com,"1172 S Dixie Hwy, Coral Gables, FL 33146",Coral Gables,technology,5,Y,unverified
ella_paradis,Ella Paradis,(844) 355-2669,https://www.ellaparadis.com/miami,255 Alhambra Circle,Ponce de Leon Corridor,retail,5,N,verified
elsatalerofamilydaycarehome,Elsa Talero Family Day Care Home,,,,Coral Gables,education,,N,
emergent_global_investments_llc,"Emergent Global Investments, LLC",(786) 964-1952,http://www.emergentgi.com/,,Coral Gables,financial_services,,Y,verified
emilianobreitsalons,Emiliano Breit Salon & Spa,(786) 899-0923,https://www.emilianobreitsalon.com/,,Ponce de Leon Corridor,personal_services,4.9,N,verified
emmy_squared_pizza,Emmy Squared Pizza,(786) 607-3669,https://emmysquaredpizza.com,"230 Miracle Mile, Coral Gables, FL 33134, United States",Coral Gables,food_beverage,4.4,Y,verified
empoweredlivingchiropractic,Empowered Living Chiropractic,(786) 622-2402,http://www.elchiropractic.com/,,Bird Road Corridor,healthcare,5.0,N,verified
englishcenterheadstart,English Center Head Start,,,,Bird Road Corridor,education,,N,
enrique_muoz,Enrique Munoz,(305) 261-7777,http://www.enriquemunozstudio.com/,6055 Southwest 8th Street,Coral Gables,construction,4.5,N,verified
enterprise,Enterprise,,,,Sunset / South Gables,auto_dealer,,N,
entrepidus,Entrepidus,(305) 747-1449,http://entrepidus.com/,,Ponce de Leon Corridor,technology,3.5,N,verified
envisionoptique,Envision Optique,(305) 444-9600,https://www.envisionoptique.com/,,Ponce de Leon Corridor,healthcare,4.8,N,verified
epgdbusinesslaw,EPGD Business Law,786-837-6787,https://www.epgdlaw.com/,,Coral Gables,legal,3.5,Y,verified
epic_smiles_miami,Epic Smiles Miami,(786) 245-6181,https://dentistlittlehavana.com/,2525 Southwest 8th Street,Douglas Road Corridor,healthcare,4.9,N,verified
epiphanyschool,Epiphany School,,http://www.ecsmiami.org/,,Sunset / South Gables,education,,N,verified
episcopal_church_center,Episcopal Church Center,(305) 284-2333,http://www.umchapel.org/,1150 Stanford Drive,University of Miami Area,nonprofit,4.9,N,verified
equinox,EQUINOX,786-497-8200,https://www.equinox.com/clubs/florida/coralgables?cid=gmb,,merrick park,wellness,3.8,Y,verified
equinoxbryantrk,Equinox Bryant Park,(212) 299-0562,https://www.equinox.com/clubs/new-york/midtown/bryantpark?cid=gmb,,Coral Gables,wellness,3.9,N,verified
equinoxcoralgables,Equinox Coral Gables,(786) 497-8200,https://www.equinox.com/clubs/florida/coralgables?cid=gmb,"370 San Lorenzo Avenue, Coral Gables, FL 33146",Bird Road Corridor,wellness,3.6,N,verified
equinoxgramercy,Equinox Gramercy,(212) 320-9870,,,Coral Gables,wellness,3.9,N,
equinoxgreenwichavenue,Equinox Greenwich Avenue,(212) 620-0103,,,Coral Gables,wellness,3.4,N,
equinoxhighline,Equinox High Line,(212) 367-0863,,,Coral Gables,wellness,3.8,N,
equinoxrockefellercenter,Equinox Rockefeller Center,(212) 218-8600,https://www.equinox.com/clubs/new-york/midtown/rockefeller,,Coral Gables,wellness,4.3,N,verified
equinoxtribeca,Equinox Tribeca,(212) 566-6555,,,Coral Gables,wellness,3.4,N,
equinoxwallstreet,Equinox Wall Street,(212) 964-6688,,,Coral Gables,wellness,3.6,N,
equipaws_pet_services,Equipaws Pet Services,(305) 794-3733,http://www.equipawspetservices.com/,"5825 Sunset Dr # 306, South Miami, FL 33143",Coral Gables,retail,4.9,Y,verified
equitable_advisors,Equitable Advisors,(305) 670-4400,https://www.equitablesouthflorida.com/,"9130 S Dadeland Blvd # 1400, Miami, FL 33156",Coral Gables,financial_services,,Y,verified
erba,Erba,(305) 712-7788,http://erbamiami.com/,"227 S Dixie Hwy, Coral Gables, FL 33133",Coral Gables,other,4.3,Y,verified
erba_miami,Erba Miami,(305) 712-7788,http://erbamiami.com/,"227 S Dixie Hwy, Coral Gables, FL 33133",Coral Gables,food_beverage,4.3,N,verified
erica_simons,Erica Simons,(786) 202-1014,https://www.drsimonplasticsurgery.com/,"3850 Bird Rd STE 201, Miami, FL 33146",Coral Gables,other,4.5,Y,unverified
erin_anding,Erin Anding,(305) 788-5345,https://erinhuyler.ewm.com/,"550 S Dixie Hwy, Coral Gables, FL 33146",Coral Gables,other,5,Y,unverified
ernestogonzalez,Ernesto Gonzalez PA,(305) 444-7899,,,Ponce de Leon Corridor,accounting,4.9,N,
esqtitle__real_estate_law,ESQ.title | Real Estate Law,(305) 501-2836,https://www.esqtitle.law/?utm_source=google&utm_medium=local,121 Alhambra Plaza,Ponce de Leon Corridor,legal,5,N,verified
esri,Esri,(305) 446-9786,https://www.esri.com/en-us/home,,Ponce de Leon Corridor,technology,5.0,N,verified
essenceboutique,Essence Boutique,(305) 448-6777,https://www.essencemiami.com/collections/whats-new,"78 Miracle Mile, Coral Gables, FL 33134",Miracle Mile,retail,4.9,N,verified
estetica_le_fate_llc,"Estetica Le Fate, LLC",(786) 333-2604,https://lefatespa.com,"3872 Grand Ave, Miami, FL 33133",Coral Gables,other,5,Y,unverified
esthetics_by_salima,Esthetics by Salima,(786) 768-1234,https://estheticsbyhalima.com/?y_source=1_MTAxNjMxNzE2NC03MTUtbG9jYXRpb24ud2Vic2l0ZQ%3D%3D,"6931 SW 57th Ave, Coral Gables, FL 33146",Sunset / South Gables,retail,5,N,verified
esthetique_spa,Esthetique Spa,(305) 569-0612,http://www.skintiquemiami.com/,5751 Southwest 40th Street,Bird Road Corridor,retail,4.8,N,unverified
estrella_insurance,Estrella Insurance,(305) 262-7800,https://agents.estrellainsurance.com/en-us/fl/miami/125.html?utm_source=google&utm_medium=cpc,6801 Southwest 40th Street,Bird Road Corridor,insurance,4.9,N,verified
europeanautoservicecenter,European Auto Service Center,(305) 446-0061,https://autorepaircoralgables.com/,,Bird Road Corridor,auto_dealer,4.7,N,verified
eutelsat_americas_miami,Eutelsat Americas Miami,,http://www.eutelsat.com,2020 Ponce de Leon Boulevard,Ponce de Leon Corridor,professional_services,,N,unverified
evangelism_for_christ_church,Evangelism for Christ Church,(305) 446-6132,https://www.cccgables.org/,"222 Menores Ave #3906, Coral Gables, FL 33134",Sunset / South Gables,nonprofit,4.9,N,verified
evelynrichardsonfamilydaycarecenter,Evelyn Richardson Family Day Care Center,,,,Coral Gables,education,,N,
evensky_katz_foldes_financial_wealth_management,Evensky & Katz / Foldes Financial Wealth Management,(305) 448-8882,http://www.evensky.com/,"4000 Ponce de Leon Blvd #850, Coral Gables, FL 33146",Coral Gables,accounting,5,Y,verified
everbank,EverBank,(305) 448-8568,https://www.everbank.com/,20 Giralda Avenue,Ponce de Leon Corridor,banking,3,Y,verified
evgochargingstation,EVgo Charging Station,(877) 494-3833,https://www.evgo.com/find-a-charger/fl/coralgables/405-biltmore-way-87505/,,Coral Gables,construction,2.5,N,verified
evolution_payment_systems,Evolution Payment Systems,(305) 671-3178,http://www.evolutionpayments.com/,,Coral Gables,healthcare,,Y,verified
evolutionsalons,Evolution Salon & Spa,(305) 448-8222,https://monchomoreno.us/,,Ponce de Leon Corridor,personal_services,4.8,N,verified
executive_tropic_garden_hotel,Executive Tropic Garden Hotel,(305) 267-4490,http://www.executivefantasyhotels.com/,6925 Southwest 8th Street,Coral Gables,hospitality,4.3,N,verified
exit9giftemporium,Exit9 Gift Emporium,(212) 228-0145,https://www.shopexit9.com/,,Coral Gables,retail,4.5,N,verified
explore_foster_miami,Explore Foster Miami,(786) 624-8661,https://explorefostermiami.com,"401 NW 2nd Ave # S10, Miami, FL 33128",Coral Gables,education,3.8,Y,unverified
express_travel_a_gray_dawes_company,Express Travel (a Gray Dawes Company),(305) 341-1200,http://www.expresstravelus.com/,"201 Alhambra Cir #502, Coral Gables, FL 33134",Coral Gables,accounting,3.9,Y,verified
extendedstayamericapremiersuitesmiamicoralgables,Extended Stay America Premier Suites- Miami - Coral Gables,(305) 443-7444,https://www.extendedstayamerica.com/hotels/fl/miami/coral-gables?channel=gmb-listing&utm_source=google&utm_medium=organic&utm_campaign=gmb_listing,,Coral Gables,hospitality,3.9,N,verified
extensis_hr,Extensis HR,(305) 790-5302,https://extensishr.com,,Coral Gables,professional_services,,Y,unverified
extra_space_storage,Extra Space Storage,(305) 424-8425,https://www.extraspace.com/storage/facilities/us/florida/miami/3306/?cid=org::maps&utm_source=google&utm_medium=organic&utm_campaign=org::maps,6850 Southwest 81st Terrace,Sunset / South Gables,retail,5,N,verified
exxon,Exxon,(305) 666-6396,https://www.exxonmobilfuels.com/en/find-gas-station/200319806,6701 Coral Way,Coral Gables,auto_dealer,4.3,N,verified
eyeglassplace,Eyeglass Place Inc,(305) 669-3890,,,Coral Gables,healthcare,5.0,N,
ezgeneralcontractor,EZ General Contractor LLC,(786) 412-5710,http://ez-gc.com/,,Coral Gables,construction,4.9,N,verified
ezmiamiplumbingservicereiremergency,EZ Miami Plumbing Service Repair & Emergency,(305) 250-8557,https://www.miamifloridaplumbing.com/,,Coral Gables,construction,4.2,N,verified
f45trainingcoralgables,F45 Training Coral Gables,(786) 464-9919,http://www.f45training.com/coralgables,,Sunset / South Gables,wellness,4.9,N,verified
fabsconstructionremodeling,Fab's Construction & Remodeling,(305) 833-8062,https://fabsremodeling.com/,,Ponce de Leon Corridor,construction,4.8,N,verified
faadebakery,Facade Bakery,,https://www.instagram.com/facademiami/,"271 Giralda Ave, Coral Gables, FL",Alhambra Circle,food_beverage,4.2,N,verified
facialmaniamedscoralgables,Facial Mania Med Spa - Coral Gables,(305) 376-7261,https://facialmaniamedspamiami.com/,,Bird Road Corridor,wellness,4.7,N,verified
faculty_club,Faculty Club,,https://dineoncampus.com/miami/faculty-club,,University of Miami Area,food_beverage,,N,verified
fairchild_tropical_botanic_garden,Fairchild Tropical Botanic Garden,(305) 667-1651,https://fairchildgarden.org/,"Old Cutler Rd, Coral Gables, FL 33156",Coral Gables,hospitality,4.8,Y,verified
fairlawnelementaryschool,Fairlawn Elementary School,,http://fairlawn.dadeschools.net/,"444 Southwest 60th Avenue, Miami, FL 33144",Coral Gables,education,,N,verified
family_dollar,Family Dollar,(305) 341-1984,https://locations.familydollar.com/fl/miami/1795-sw-8th-st?utm_source=google&utm_medium=organic&utm_campaign=maps,821 Southwest 67th Avenue,Coral Gables,retail,4.1,N,verified
family_medical_group_gables,Family Medical Group Gables,(305) 306-0233,https://thefamilymedgroup.com/locations/coral-gables/,"1330 SW 22nd St Suite 401, Miami, FL 33145",Coral Gables,healthcare,4.9,Y,verified
fantasy_1958,"Fantasy, 1958",,http://www.citybeautiful.net/,,University of Miami Area,hospitality,,N,unverified
fcc_usa_soccer_for_peace_foundation,FCC USA (Soccer for Peace Foundation),(786) 445-1544,https://fcc.futbol/usa,"405 University Dr, Coral Gables, FL 33134",Coral Gables,nonprofit,2.7,Y,unverified
fercomotors,Ferco Motors,(305) 541-3386,http://www.fercomotors.com/,,Coral Gables,auto_dealer,4.5,N,verified
ferdinand_funeral_homes__crematory,Ferdinand Funeral Homes & Crematory,(305) 631-0001,http://ferdinandfuneralhomes.com/,2546 SW 8th St,Douglas Road Corridor,retail,4.9,N,verified
ferrari,Ferrari,(786) 885-3490,https://miami.ferraridealers.com/en-US/,"200 Bird Rd, Coral Gables, FL 33146",Bird Road Corridor,retail,4.6,N,verified
ferrerlaw,Ferrer Law PA,(844) 220-5612,https://www.ferrerlawpa.com/?npcmp=dir:local:5346373:33166,,Ponce de Leon Corridor,legal,4.9,N,verified
fiallo_design,Fiallo Design,(305) 429-0088,https://fiallodesign.com/,,Coral Gables,marketing,5,Y,verified
fiba_international_basketball_federation,FIBA (International Basketball Federation),(917) 645-2137,https://fiba.basketball,"80 SW 8th St Suite 2170, Miami, FL 33130",Coral Gables,accounting,5,Y,unverified
fine_line_furniture_accessories,Fine Line Furniture & Accessories,(305) 661-4414,https://finelinefurnitureandaccessories.com/,"4217 Ponce de Leon Blvd, Coral Gables, FL 33146",Coral Gables,retail,5.0,Y,verified
fine_line_furniture_and_accessories,Fine Line Furniture and Accessories,(305) 661-4414,https://finelinefurnitureandaccessories.com/,"4217 Ponce de Leon Blvd, Coral Gables, FL 33146",Coral Gables,retail,5,Y,verified
fingerprinttechnologies,Fingerprint Technologies,(305) 443-9148,http://www.fingerprints4all.com/,,Coral Gables,personal_services,2.6,N,verified
fintech_espresso,Fintech Espresso,(305) 639-8218,https://fintechespresso.com/,"4100 Salzedo St STE 5, Coral Gables, FL 33146",Coral Gables,professional_services,4.8,N,unverified
fiola_miami,Fiola Miami,,https://www.fiolamiami.com/,1500 San Ignacio Avenue,Sunset / South Gables,food_beverage,4.2,N,verified
firstamericanbank,First American Bank,(305) 500-9501,https://www.firstambank.com/About/Connect/Branch-and-ATM-Locations/Coral-Gables-FL,"540 Biltmore Way, Coral Gables, FL 33134",Coral Gables,banking,4.3,N,verified
first_baptist_church_of_south_miami,First Baptist Church of South Miami,(305) 559-0241,http://coralpark.org/,"8755 SW 16th St, Miami, FL 33165",Coral Gables,nonprofit,4.8,N,verified
first_citizens_bank,First Citizens Bank,(305) 639-7200,https://locations.firstcitizens.com/fl/coral-gables/250-palermo-avenue,"250 Palermo Ave, Coral Gables, FL 33134",Coral Gables,banking,3.8,Y,verified
first_horizon_bank,First Horizon Bank,(305) 442-9991,https://www.firsthorizon.com/bank/fl/banking-in-miami?utm_source=organic&utm_medium=business%20listings&utm_campaign=yext,"2109 Ponce de Leon Blvd, Coral Gables, FL 33134",Coral Gables,banking,4.2,Y,verified
first_solution_insurance,First Solution Insurance,(305) 667-6530,http://www.firstsolutioninsurance.com/,6530 Southwest 24th Street,Coral Gables,insurance,5,N,verified
first_umc_coral_gables_church,First UMC Coral Gables  Church,(305) 445-2578,http://www.welovecoralgables.org/,"536 Coral Wy, Coral Gables, FL 33134",Coral Gables,nonprofit,4.9,Y,verified
firstunitedmethodistchurchofcoralgablesthegrowingplaceschool,First United Methodist Church of Coral Gables & The Growing Place School,(305) 445-2578,http://www.welovecoralgables.org/,,Coral Gables,nonprofit,4.9,N,verified
first_united_methodist_church_of_miami,First United Methodist Church of Miami,(305) 371-4706,https://firstchurchmiami.org,"536 Coral Wy, Coral Gables, FL 33134",Coral Gables,nonprofit,4.9,Y,unverified
firstbank_florida,FirstBank Florida,(305) 442-1220,http://www.1firstbank.com/fl/en,"2990 Ponce de Leon Blvd, Coral Gables, FL 33134",Coral Gables,banking,4,Y,verified
firstbankfloridacoralgables,FirstBank Florida - Coral Gables,(305) 442-1220,http://www.1firstbank.com/fl/en,,Ponce de Leon Corridor,banking,4.0,N,verified
fis_global,FIS Global,(305) 471-5842,https://fisglobal.com,"Miami, FL 33166",Coral Gables,accounting,,Y,verified
fitness_first,Fitness First,(786) 437-4400,https://www.lifetime.life/locations/fl/coral-gables.html?utm_source=google&utm_medium=local&utm_campaign=google-local-club,"237 S Dixie Hwy, Coral Gables, FL 33133",Coral Gables,wellness,3.8,N,verified
five_guys,Five Guys,(305) 740-5972,https://restaurants.fiveguys.com/1540-s-dixie-highway-(us-1),1540 South Dixie Highway,Sunset / South Gables,food_beverage,4.3,N,verified
flagleranimalclinic,Flagler Animal Clinic,(305) 266-8320,,,Coral Gables,healthcare,4.4,N,
flaglerautoreir,Flagler Auto Repair,(305) 269-3080,,,Coral Gables,auto_dealer,4.6,N,
flaglernails,Flagler Nails,(305) 722-0505,,,Coral Gables,personal_services,4.5,N,
flaglersmokeshop,Flagler smoke shop,(786) 353-2293,,,Coral Gables,retail,4.8,N,
flagstar,Flagstar,(305) 774-0049,https://www.flagstar.com/coral-gables-flagstar-bank-florida-2240.html,"2701 Ponce de Leon Blvd, Coral Gables, FL 33134",Coral Gables,banking,4.2,Y,verified
flagstarbank,Flagstar Bank,(305) 774-0049,https://www.flagstar.com/coral-gables-flagstar-bank-florida-2240.html,,Ponce de Leon Corridor,banking,4.2,N,verified
flanaganbodenheimerinjuryandwrongfuldeathlawfirm,Flanagan & Bodenheimer Injury and Wrongful Death Law Firm,(786) 998-8506,http://www.florida-justice.com/?utm_campaign=gmb,,Ponce de Leon Corridor,legal,4.9,N,verified
flatironwinesspirits,Flatiron Wines & Spirits,(212) 477-1315,https://nyc.flatiron-wines.com/?utm_source=google&utm_medium=organic&utm_campaign=gmb,,Coral Gables,food_beverage,4.6,N,verified
fleites_law_pa,"Fleites Law, P.A.",(305) 643-0300,https://fleiteslaw.com/,1800 Southwest 27th Avenue,Douglas Road Corridor,legal,3.3,N,verified
flemings_prime_steakhouse_wine_bar_coral_gables,Fleming's Prime Steakhouse & Wine Bar Coral Gables,(305) 569-7995,https://www.flemingssteakhouse.com/Locations/FL/Coral-Gables?y_source=1_MTU1MDMxNjUtNzE1LWxvY2F0aW9uLndlYnNpdGU%3D,,Coral Gables,food_beverage,4.4,Y,verified
flor_de_flamenco,Flor de Flamenco,(305) 338-3087,https://flordeflamenco.com,"3850 SW 8th St, Coral Gables, FL 33134",Coral Gables,other,4.5,Y,unverified
floridaacademicdermatologycenter,Florida Academic Dermatology Center,(305) 324-2110,https://fadcenter.com/,,Coral Gables,healthcare,4.8,N,verified
florida_blue,Florida Blue,(305) 921-7400,https://www.floridablue.com/center/miami,"8895 SW 136th St, Miami, FL 33176",Coral Gables,other,3.9,Y,verified
florida_construction_engineering,Florida Construction & Engineering,(305) 883-7601,http://www.fcebuild.com/,"2555 Ponce de Leon Blvd #230, Coral Gables, FL 33134",Coral Gables,professional_services,5.0,Y,verified
floridadoctorsgroup,Florida Doctors Group,(786) 471-3535,https://fdgmso.com/,,Ponce de Leon Corridor,consulting,5.0,N,verified
florida_education_institute,Florida Education Institute,(305) 444-1515,https://www.fei.edu/,5818 Southwest 8th Street,Coral Gables,education,4.3,N,verified
floridafinancialadvisors,Florida Financial Advisors,(305) 677-9099,https://www.floridafa.com/,,Coral Gables,financial_services,5.0,N,verified
florida_grand_opera,Florida Grand Opera,(305) 403-3324,https://www.fgo.org/,"1501 Biscayne Blvd #210, Miami, FL 33132",Coral Gables,arts_culture,4.5,Y,verified
florida_international_university,Florida International University,(305) 348-6298,https://fiu.edu,"11200 SW 8th St, Miami, FL 33199",Coral Gables,education,4.4,Y,unverified
floridalanguageinstitute,Florida Language Institute,,,,Sunset / South Gables,education,,N,
florida_lemark_corporation,Florida Lemark Corporation,(305) 593-1442,https://www.floridalemark.com/,"8750 NW 36th St Suite 200, Doral, FL 33178",Coral Gables,construction,5,Y,verified
florida_power_light,Florida Power & Light,(305) 442-5430,http://www.fpl.com/,"4200 W Flagler St, Miami, FL 33134",Coral Gables,accounting,1.9,Y,verified
florida_restaurant_lodging_association,Florida Restaurant & Lodging Association,(305) 598-3752,http://www.frla.org/,"230 S Adams St, Tallahassee, FL 32301",Coral Gables,food_beverage,3.4,Y,verified
florida_retail_federation,Florida Retail Federation,(850) 222-4082,http://www.frf.org/,"227 S Adams St, Tallahassee, FL 32301, United States",Coral Gables,accounting,1.8,Y,verified
florida_state_day_celebrations_inc,Florida State Day Celebrations Inc.,(786) 246-4800,https://floridastateday.com,"270 Catalonia Ave, Coral Gables, FL 33134",Coral Gables,personal_services,4.7,Y,unverified
floridatrustandestatepro,Florida Trust and Estate Pro,(305) 791-1529,https://virginiaperezlaw.com/,,Ponce de Leon Corridor,legal,5.0,N,verified
floridianfirstrealty,Floridian First Realty,(305) 667-5235,http://www.floridianfirstrealty.com/,,Coral Gables,real_estate,4.9,N,verified
floridianfurnitureco,Floridian Furniture Co,(305) 448-2639,http://floridianfurniture.com/,,Coral Gables,retail,4.5,N,verified
flossy_smiles_dental_implants__esthetics_dr_gio,Flossy Smiles Dental Implants & Esthetics: Dr. Gio,(786) 384-6455,https://www.flossysmiles.com/?utm_source=google&utm_medium=local&utm_campaign=gmb,385 Alhambra Circle,Alhambra Circle,healthcare,4.9,N,verified
flowerdreammiami,Flower Dream Miami,(714) 732-2273,https://www.flowerdreammiami.com/,,Ponce de Leon Corridor,retail,5.0,N,verified
flowers__services,Flowers & Services,(305) 444-0883,http://www.bfleur.com/,6600 Southwest 24th Street,Coral Gables,retail,4.6,N,unverified
flowersatthegables,Flowers at the Gables,(305) 713-5669,https://shopflowersatthegables.com/,,Bird Road Corridor,retail,4.6,N,verified
fluentica,Fluentica,(347) 620-0102,https://fluenticanyc.com,,Coral Gables,other,,Y,unverified
fluidmarketplaces,Fluid Marketplaces,,https://www.fluidmarketplaces.com/,,Coral Gables,marketing,,N,verified
flyingwithairyogadance,Flying with Air - Yoga & Dance,(917) 674-5684,http://www.flyingwithair.com/,,Ponce de Leon Corridor,wellness,5.0,N,verified
focaccia_bistro,Focaccia Bistro,(305) 476-8292,http://www.focacciabistro.com,3111 Grand Avenue,Douglas Road Corridor,food_beverage,3.8,N,verified
fogodechobraziliansteakhouse,Fogo de Chao Brazilian Steakhouse,(786) 297-8788,https://fogodechao.com/location/coral-gables/,2801 Ponce de Leon Blvd,Coral Gables,food_beverage,4.8,N,verified
fogo_de_cho_coral_gables,Fogo de Chao Coral Gables,(786) 297-8788,https://fogodechao.com/location/coral-gables/,"2801 Ponce de Leon Blvd, Coral Gables, FL 33134",Coral Gables,other,4.8,Y,verified
fohhn_audio_americas_llc,"Fohhn Audio Americas, LLC",(305) 446-8055,https://fohnn.com,"2960 Ponce de Leon Blvd, Coral Gables, FL 33134",Coral Gables,technology,5,Y,unverified
fontaine_retirement_group,Fontaine Retirement Group,(305) 386-7667,http://www.fontaine-retirement.com/,"5730 SW 74th St Suite 800, South Miami, FL 33143",Coral Gables,financial_services,4,Y,verified
fontana_italian_biltmore_hotel_miami,Fontana Italian Biltmore Hotel Miami,(305) 913-3189,https://biltmorehotel.com/coral-gables-dining/fontana/?utm_source=google&utm_medium=organic&utm_campaign=gmb-listing,1200 Anastasia Avenue,Coral Gables,food_beverage,4.4,N,verified
fontanarestaurant,Fontana Restaurant,,,,Coral Gables,food_beverage,4.2,N,
fontana_ristorante,Fontana Ristorante,(305) 913-3200,https://biltmorehotel.com/coralgablesdining/fontana,"1200 Anastasia Ave Suite C, Coral Gables, FL 33134",Coral Gables,food_beverage,4.4,Y,unverified
food__drink_station,Food & Drink Station,(786) 772-6932,https://www.craftmiami.us/,"127 Giralda Ave, Coral Gables, FL 33134",Sunset / South Gables,food_beverage,4.9,N,verified
foreyes,For Eyes,(305) 441-1717,https://locations.foreyes.com/fl/miami/3542-coral-way.html?y_source=1_NjM2NzY5MDktNzE1LWxvY2F0aW9uLndlYnNpdGU%3D,,Coral Gables,healthcare,4.7,N,verified
forma_dental,Forma Dental,(786) 762-2465,https://www.formadental.co/,69 Merrick Way,Ponce de Leon Corridor,healthcare,5.0,N,verified
formulamiami,Formula Miami,(305) 443-1515,http://formulamiami.com/,,Bird Road Corridor,auto_dealer,4.8,N,verified
formula_one_sports_cars,Formula One Sports Cars,(305) 443-1515,http://formulamiami.com/,3800 Southwest 40th Street,Bird Road Corridor,retail,4.8,N,verified
fortuninsurance,Fortun Insurance,(844) 660-2820,http://www.oneinsuranceservices.com/,"365 Palermo Ave, Coral Gables, FL 33134",Coral Gables,insurance,3,N,unverified
foundationoftheamericas,Foundation of the Americas,(305) 300-8881,http://www.foundationoftheamericas.org/,,Coral Gables,nonprofit,,N,verified
four_leaf_marketing_consulting,Four Leaf Marketing & Consulting,(305) 619-9865,https://www.fourleafmc.com/,Coconut Grove,Coral Gables,consulting,,Y,verified
four_points_by_sheraton_coral_gables,Four Points by Sheraton Coral Gables,(305) 429-0000,https://www.marriott.com/en-us/hotels/fllfp-four-points-coral-gables/overview/?scid=f2ae0541-1279-4f24-b197-a979c79310b0,"3861 SW 40th St, Coral Gables, FL 33146",Bird Road Corridor,hospitality,4.2,Y,verified
foxslounge,Fox's Lounge,(305) 703-6553,https://www.foxslounge.com/,,Sunset / South Gables,food_beverage,4.6,N,verified
francesstuckerelementaryschool,Frances S Tucker Elementary School,,http://tuckereagles.net/,,Bird Road Corridor,education,,N,verified
francesco,Francesco,(305) 797-4039,https://francesco-restaurant.com/,"278 Miracle Mile, Coral Gables, FL 33134",Coral Gables,other,4.8,Y,verified
frank_rolfes,Frank Rolfes,(305) 448-5990,http://www.rascoklock.com/,"2555 Ponce de Leon Blvd #600, Coral Gables, FL 33134",Coral Gables,other,4.5,Y,unverified
fratellino,Fratellino,,,,Coral Gables,food_beverage,4.8,N,
fredastairedancestudios,Fred Astaire Dance Studios,(305) 443-0085,https://www.fredastaire.com/coral-gables/,,Miracle Mile,education,5.0,N,verified
fred_astaire_dance_studios_coral_gables,Fred Astaire Dance Studios  Coral Gables,(305) 443-0085,https://www.fredastaire.com/coral-gables/,"2320 Galiano St, Coral Gables, FL 33134",Coral Gables,arts_culture,5,Y,verified
freddo_traditional_gelato,Freddo Traditional Gelato,(305) 342-9772,https://freddo.com,176 Giralda Avenue,Ponce de Leon Corridor,food_beverage,3.9,Y,unverified
freebee,Freebee,(305) 330-9450,http://www.ridefreebee.com/,,Coral Gables,accounting,4.5,Y,verified
freedom_christian_academy,Freedom Christian Academy,,,,Coral Gables,education,,N,
freemans_hindman,Freeman's | Hindman,(305) 728-0678,https://freemansauction.com/locations/miami,,Coral Gables,real_estate,,Y,verified
frenchies_dinner,Frenchies Dinner,(305) 442-4554,http://frenchiesdiner.net/,2618 Galiano Street,Ponce de Leon Corridor,food_beverage,4.5,N,verified
fresco,Fresco,(305) 854-8479,https://www.frescoymas.com/,948 Southwest 67th Avenue,Coral Gables,retail,4.2,N,verified
frescoyms,Fresco y Más,(305) 854-8479,https://www.frescoymas.com/,,Coral Gables,retail,4.2,N,verified
fresh_del_monte_produce_inc,Fresh Del Monte Produce Inc.,(305) 520-8400,http://www.freshdelmonte.com/,"241 Sevilla Ave, Coral Gables, FL 33134",Coral Gables,retail,3.9,Y,verified
friends_of_gables_high,Friends of Gables High,(305) 446-9670,https://friendsofgableshigh.org,,Coral Gables,other,,Y,unverified
friends_of_the_underline,Friends of The Underline,(306) 603-9896,https://theunderline.org,"SW 1st Ave, Miami, FL 33130",Coral Gables,other,4.6,Y,unverified
fritz__franz_bierhaus,Fritz & Franz Bierhaus,(305) 774-1883,http://www.bierhaus.cc/,60 Merrick Way,Miracle Mile,food_beverage,4.5,N,verified
fritzandfranzbierhaus,Fritz and Franz Bierhaus,,http://www.bierhaus.cc/,,Coral Gables,food_beverage,4.3,N,verified
frost_school_of_music,Frost School of Music,(305) 284-2241,https://www.frost.miami.edu/,5501 San Amaro Drive,University of Miami,education,4.7,Y,verified
frost_science_museum,Frost Science Museum,(305) 434-9592,https://frostscience.org,"1101 Biscayne Blvd, Miami, FL 33132",Coral Gables,arts_culture,4.4,Y,unverified
fullserviceconstructioncomnyoharalandscapeandmaintenance,Full-service construction company O'Hara Landscape and Maintenance Inc,(561) 328-8240,https://oharalandscape.com,,Coral Gables,construction,4.1,N,unverified
fundacionmanosdelsur,Fundacion Manos del Sur,(305) 860-6529,http://www.manosdelsur.org/,,Coral Gables,nonprofit,,N,verified
fusion_md_cosmetic_surgery,Fusion MD Cosmetic Surgery,(305) 686-1122,https://www.fusionmdcosmeticsurgery.com/?utm_source=google&utm_medium=organic&utm_campaign=gbp,550 Biltmore Way,Coral Gables,healthcare,4.8,N,verified
futura_optical,Futura Optical,(305) 643-1010,https://www.futuraeyedoctors.com/,"1846 SW 8th St, Miami, FL 33135",Coral Gables,retail,4.7,Y,verified
futurama1637artbuilding,Futurama 1637 Art Building,(305) 972-5774,http://www.instagram.com/futurama1637artgalleries,,Coral Gables,arts_culture,4.6,N,verified
fytpersonaltraining,Fyt Personal Training,,,,Coral Gables,wellness,4.4,N,
fyzicaltherapyandbalancecentersformerlyphysicaltherapyassociates,Fyzical Therapy and Balance Centers - formerly Physical Therapy Associates PA,(305) 662-4915,https://www.fyzical.com/south-miami-fl,,Sunset / South Gables,healthcare,4.9,N,verified
g_alvarez_studio_inc,"G Alvarez Studio, Inc.",(305) 371-8400,http://www.galvarezstudio.com/,"800 Douglas Rd #180, Coral Gables, FL 33134",Coral Gables,professional_services,5,Y,verified
gfajardoartgallery,G. Fajardo Art Gallery,(786) 973-3696,http://g-fajardo-art-gallery.jany.io/,,Coral Gables,arts_culture,5.0,N,verified
gh_factor_llc,"G.H. Factor, LLC",(786) 925-0583,http://www.ghfactor.net/,"671 W 18th St, Hialeah, FL 33010",Coral Gables,other,5,Y,verified
gw_carver_elementary_school,G.W. Carver Elementary School,(305) 443-5286,https://gwces.com/,,Coral Gables,education,,Y,verified
gables_academy_of_miami,Gables Academy of Miami,,,,Coral Gables,education,,N,
gablesanimalclinic,Gables Animal Clinic,(305) 381-5694,https://gablesanimalclinic.com/?utm_source=google&utm_medium=organic&utm_campaign=gmbwebsite,,Ponce de Leon Corridor,healthcare,4.7,N,verified
gablesautobrokers,Gables Auto Brokers Inc.,(305) 364-5448,https://www.gablesautobrokers.com/,,Bird Road Corridor,auto_dealer,4.8,N,verified
gablescafe,Gables Cafe,,,,Coral Gables,food_beverage,4.5,N,
gables_cigars,Gables Cigars,(305) 631-2139,https://www.gablescigars.com/,2324 Salzedo Street,Miracle Mile,retail,5,N,verified
gables_columbus_center,Gables Columbus Center,(786) 559-7838,https://www.gables.com/community/686272?utm_knock=gmb,"60 Minorca Ave, Coral Gables, FL 33134",Coral Gables,real_estate,4.5,Y,verified
gablesconstructiongroup,Gables Construction Group,(305) 459-1177,https://www.gablesconstructiongroup.com/,,Coral Gables,construction,5.0,N,verified
gables_corporate_plaza,Gables Corporate Plaza,(305) 972-4363,https://gablescorporateplaza.com,"2100 Ponce de Leon Blvd, Coral Gables, FL 33134",Coral Gables,other,4.2,Y,verified
gablescovehotel,Gables Cove Hotel,(213) 594-7549,,,Coral Gables,hospitality,3.8,N,
gableseliteinsurance,Gables Elite Insurance Inc,(305) 448-2887,http://www.gableseliteinsurance.com/,,Ponce de Leon Corridor,insurance,5.0,N,verified
gables_engineering,Gables Engineering,(305) 774-4400,http://www.gableseng.com/,247 Greco Avenue,Bird Road Corridor,professional_services,4.3,N,verified
gablesexceptionaldentistry,Gables Exceptional Dentistry,(305) 614-2438,https://www.gablesexceptionaldentistry.com/?utm_source=google&utm_medium=organic&utm_campaign=gbp,,Coral Gables,healthcare,4.9,N,verified
gablesexceptionalsmiles,Gables Exceptional Smiles,(305) 442-9499,https://www.gablesexceptionalsmile.com/,,Coral Gables,healthcare,4.8,N,verified
gablesfamilydental,Gables Family Dental,(305) 529-9295,http://www.gablesfamily.com/,,Douglas Road Corridor,healthcare,4.8,N,verified
gablesfamilydentalofcoralgables,Gables Family Dental of Coral Gables,(305) 529-9595,https://gablesfamily.com/,,Miracle Mile,healthcare,4.9,N,verified
gablesfancycorner,Gables Fancy Corner,(786) 663-4226,http://gablesfancycorner.com/,,Ponce de Leon Corridor,retail,5.0,N,verified
gablesfinancialrtnersmiami,Gables Financial Partners Miami,(305) 709-0777,,,Coral Gables,financial_services,,N,
gables_good_government_committee,Gables Good Government Committee,(305) 798-1456,https://gablesgoodgovernment.org,"201 Alhambra Cir Suite 100, Coral Gables, FL 33134",Coral Gables,government,5,Y,unverified
gables_inn,Gables Inn,(305) 661-7999,https://www.thegablesinn.net/,730 South Dixie Highway,Coral Gables,hospitality,3.5,N,verified
gablesismile,Gables iSmile,(305) 901-1441,https://www.gablesismile.com/,,Ponce de Leon Corridor,healthcare,4.8,N,verified
gableslaundry,Gables Laundry,(305) 443-1110,https://gableslaundryandcafe.com/,,Ponce de Leon Corridor,personal_services,3.8,N,verified
gables_laundry_and_dry_cleaners,Gables Laundry and Dry Cleaners,(305) 443-1110,https://gableslaundryandcafe.com/,1406 Ponce de Leon Boulevard,Ponce de Leon Corridor,personal_services,3.8,N,verified
gablesmedical,Gables Medical,(305) 872-0008,http://www.gablesmed.com/,,Coral Gables,healthcare,4.9,N,verified
gables_medical_billing,Gables Medical Billing,(305) 273-5566,https://www.gablesmedicalbilling.com/,"4649 Ponce de Leon Blvd, Coral Gables, FL 33146",Coral Gables,healthcare,5,Y,verified
gables_miracle_mile_llc_terranova_corp,"Gables Miracle Mile, LLC (Terranova Corp)",(305) 695-8700,https://terranovacorp.com,"130 Miracle Mile #200, Coral Gables, FL 33134",miracle mile,other,4.6,Y,unverified
gables_nails,Gables Nails,(305) 529-5800,http://gablesnailsonponce.com/,1940 Ponce de Leon Boulevard,Ponce de Leon Corridor,retail,3.7,N,verified
gablesnailssalon,Gables Nails Salon,(305) 529-5800,http://gablesnailsonponce.com/,,Ponce de Leon Corridor,personal_services,3.7,N,verified
gablesneighborsrealty,Gables Neighbors Realty,(786) 663-5208,http://www.gablesneighbors.com/,,Ponce de Leon Corridor,real_estate,5.0,N,verified
gablesperfectsmile,Gables Perfect Smile,(305) 443-8225,https://www.gablesperfectsmile.com/locations/coral-gables-office/,,Ponce de Leon Corridor,healthcare,4.9,N,verified
gables_ponce,Gables Ponce,(305) 667-5700,https://www.gables.com/community/528438?utm_knock=gmb,"310 Granello Ave, Coral Gables, FL 33146",Coral Gables,real_estate,4.5,Y,verified
gablessedationandfamilydentistry,Gables Sedation and Family Dentistry,(786) 926-8790,https://www.gsdsmile.com/?utm_source=GMB_Listing&utm_medium=organic&utm_campaign=Website_URL,,Coral Gables,healthcare,4.9,N,verified
gablesskenteranamduartemd,"Gables Skin Center | Ana M. Duarte, MD",(305) 669-6555,http://www.childrensskincenter.com/locations/,,Coral Gables,healthcare,3.3,N,verified
gablessmiledentalcosmetic,Gables Smile Dental & Cosmetic,(305) 529-9595,,,Miracle Mile,healthcare,5.0,N,
gablessmilestudio,Gables Smile Studio,(305) 665-1655,http://gablessmilestudio.com/,,Coral Gables,healthcare,5.0,N,verified
gableswealthplanninggroupofraymondjames,Gables Wealth Planning Group of Raymond James,(305) 461-6621,https://www.raymondjames.com/gableswealthplanninggroup,,Miracle Mile,financial_services,,N,verified
gablestage,GableStage,(305) 446-1116 x307,http://www.gablestage.org/,"1200 Anastasia Ave #230, Coral Gables, FL 33134",Coral Gables,accounting,4.8,Y,verified
galleryplaza,Gallery Plaza,(305) 442-1861,,,Alhambra Circle,arts_culture,5.0,N,
gamechangers_consulting_llc,"Gamechangers Consulting, LLC",(786) 457-0113,https://gamechangersconsulting.com/,,Coral Gables,consulting,,Y,verified
garbage_collection,Garbage Collection,(305) 986-6107,https://wm.com,"2800 SW 72nd Ave, Miami, FL 33155",Coral Gables,retail,2.3,Y,unverified
garcialorenzoassociates,Garcia Lorenzo & Associates,(305) 266-8195,http://www.garcialorenzo.com/,,Miracle Mile,insurance,5.0,N,verified
garcia_santa_mara,Garcia Santa Maria,(305) 448-0404,https://www.gsmcpas.com/,"135 San Lorenzo Ave Suite 660, Coral Gables, FL 33134",Coral Gables,accounting,3.4,Y,verified
gdconstruction,GD Construction LLC,(305) 200-5596,https://instagram.com/gdconstructionllc?igshid=YTY2NzY3YTc=,,Coral Gables,construction,5.0,N,verified
geeksonsite,Geeks on Site,(888) 360-4335,http://www.geeksonsite.com/,,Miracle Mile,technology,4.4,N,verified
gema_menendez_keyes_co,Gema Menendez  Keyes Co.,(305) 586-2121,http://elizabethmolina.keyes.com/,"2423 S Le Jeune Rd, Coral Gables, FL 33134",Coral Gables,other,5,Y,verified
gemrt_co_llp,"GEMRT & Co., LLP",(305) 529-5440,http://gemrtcpa.com/,"2600 Douglas Rd suite 800, Coral Gables, FL 33134",Coral Gables,accounting,4,Y,verified
gemrtcs,GEMRT CPAs,(305) 529-5440,http://gemrtcpa.com/,,Coral Gables,accounting,4,N,verified
general_dry_cleaners,General Dry Cleaners,(305) 662-6161,https://www.kendallcoupons.com/coupon/nk-general-dry-cleaning-bird-rd/?utm_source=google&utm_medium=gbp&utm_campaign=nk_general_cleaner_bird_rd,6705 Southwest 40th Street,Bird Road Corridor,retail,5,N,verified
generationchurch,Generation Church,,http://www.mygeneration.cc/,,University of Miami,nonprofit,5.0,N,verified
genesis,Genesis,(786) 574-3093,https://www.bramanmiamigenesis.com/?utm_source=gmb&utm_medium=organic&utm_campaign=honest_gmb&utm_content=website_link,"1930 NE 2nd Ave, Miami, FL 33137",University of Miami Area,hospitality,4.4,N,verified
genesiswealthmanagement,Genesis Wealth Management Inc.,(786) 393-6960,http://www.genesiswealthmanagement.com/,,Ponce de Leon Corridor,financial_services,5.0,N,verified
genuine_pizza,Genuine Pizza,(786) 409-6866,https://www.pummarola.us/,2996 McFarlane Road,Douglas Road Corridor,food_beverage,4.5,N,unverified
george_a_david_pa,"George A. David, P.A.",(305) 569-9980,,"500 S Dixie Hwy #220, Coral Gables, FL 33146, United States",Coral Gables,legal,3.2,Y,
george_merrick_statue,George Merrick Statue,(305) 460-5093,https://www.coralgables.com/department/historical-resources-cultural-arts/merrick-house,"907 Coral Wy, Coral Gables, FL 33134",Miracle Mile,hospitality,4.6,N,verified
george_washington_carver_middle_school,George Washington Carver Middle School,(305) 444-7388,https://gwcmiddleschool.net/,,Coral Gables,accounting,,Y,verified
georgecintroncoc,"George, Cintron & Co. CPA",(305) 394-6799,https://gctaxcpa.com/?utm_source=omg-gbp&utm_medium=webclick,,Miracle Mile,accounting,5.0,N,verified
germancarcare,German Car Care,(305) 774-1024,http://www.germancarcare.net/,,Coral Gables,auto_dealer,4.5,N,verified
gerson__schwartz_pa,Gerson & Schwartz P.A,+1-305-371-6000; +1-866-749-4250,https://www.injuryattorneyfla.com,1980 Coral Way,Coral Gables,legal,4.8,N,unverified
get_redd_foundation_consulting,Get Redd Foundation & Consulting,(786) 493-3374,https://getredd.org,"288 Aragon Ave Suite D, Coral Gables, FL 33134",Coral Gables,nonprofit,5,Y,unverified
gfd_groups,GFD GROUPS,(305) 255-2999,https://www.gfdgroups.com/,"14224 SW 136th St, Miami, FL 33186",Coral Gables,professional_services,5,Y,verified
gfourmarketing,gFour Marketing,(305) 856-8788,https://www.gfourmarketing.com/,,Ponce de Leon Corridor,marketing,5.0,N,verified
ghostgymmiami,Ghost Gym Miami,(786) 922-0006,http://ghostgymmiami.com/,,Douglas Road Corridor,wellness,4.9,N,verified
gibsoncharterschool,Gibson Charter School,,,,Coral Gables,education,,N,
gibsonbethel_community_center,Gibson-Bethel Community Center,(305) 668-3876,https://www.southmiamifl.gov/,"5800 SW 66th St, South Miami, FL 33143",Sunset / South Gables,nonprofit,4.5,N,verified
gift_shop,Gift Shop,(786) 228-7098,https://mystichealing.com,"305 Alcazar Ave, Miami, FL 33134",Coral Gables,construction,4.8,Y,unverified
giraldacleaners,Giralda Cleaners Inc,(305) 447-2532,http://www.giraldacleaners.com/,,Ponce de Leon Corridor,personal_services,3.4,N,verified
giralda_place,Giralda Place,(305) 442-6472,http://giraldaplace.com/,"275 Giralda Ave, Coral Gables, FL 33134",Coral Gables,auto_dealer,2.7,Y,verified
giralda_preschool_of_coral_gables,Giralda Preschool of Coral Gables,(786) 332-3610,https://giraldapreschool.com/,"320 Giralda Ave, Coral Gables, FL 33134",Coral Gables,education,4.9,Y,verified
girl_scouts_of_tropical_florida,Girl Scouts of Tropical Florida,(305) 253-4841,http://www.girlscoutsfl.org/,"11347 SW 160th St, Miami, FL 33157",Coral Gables,nonprofit,4.6,Y,verified
gisela_cacciamani_berkshire_hathaway_homeservices_ewm_realty,Gisela Cacciamani @ Berkshire Hathaway HomeServices EWM Realty,(305) 733-0795,http://giselacacciamani.com/,"550 S Dixie Hwy, Coral Gables, FL 33146",Coral Gables,real_estate,5,Y,verified
gladeviewbaptistkindergarten,Gladeview Baptist Kindergarten,,,,Coral Gables,education,,N,
gladiium_technology_partners,GLADiiUM Technology Partners,(305) 901-2360,https://gladiium.com/,95 Merrick Way,Ponce de Leon Corridor,professional_services,5,N,verified
glasshousecafe,Glasshouse Cafe,(305) 667-1651,http://www.fairchildgarden.org/visit/shopping-dining/the-glasshouse-cafe,"10901 Old Cutler Rd, Coral Gables, FL",Coral Gables,food_beverage,4.4,N,verified
glennnealschool,Glenn Neal School,,,,Coral Gables,education,,N,
global_business_brokers_kw_business,Global Business Brokers  KW Business,(305) 510-2430,https://globalbusinessbroker.com,,Coral Gables,real_estate,,Y,unverified
globalfoundationfordemocracyanddevelopment,Global Foundation for Democracy and Development,(786) 233-9877,https://gfddfl.org/,,Miracle Mile,nonprofit,5.0,N,verified
globaltiesmiami,Global Ties Miami,(305) 421-6344,http://www.globaltiesmiami.org/,,Coral Gables,nonprofit,5.0,N,verified
global_wellness_hub,Global Wellness Hub,(786) 558-8892,http://www.hydrologywellness.com/?utm_source=gmb&utm_medium=organic,"1340 S Dixie Hwy Suite 110, Coral Gables, FL 33146",Coral Gables,wellness,4.9,Y,unverified
glory_house_of_miami,Glory House of Miami,(786) 267-1150,https://gloryhouseofmiami.org,"21900 SW 120th Ave, Miami, FL 33170",Coral Gables,other,5,Y,unverified
glossnailbarglossnaturalscoralgables,GLOSS Nail Bar/GLOSS Naturals - Coral Gables,(305) 569-7700,http://www.glossnaturals.com/,,Miracle Mile,personal_services,4.5,N,verified
glosslab_coral_gables,GLOSSLAB Coral Gables,(786) 281-3119,https://glosslab.com,"251 Giralda Ave Suite 255, Miami, FL 33134",Coral Gables,healthcare,4.6,Y,verified
glowpilatesreformer,Glow Pilates Reformer,(305) 934-1154,https://glowpilatesreformer.com/,,Miracle Mile,wellness,4.8,N,verified
glowing_healthcare_llc,Glowing Healthcare LLC,(305) 308-6966,https://glowinghc.com/,"430 S Dixie HWY, Suite 207",Coral Gables,healthcare,5,N,verified
gnarlyvines,Gnarly Vines,(718) 797-3183,http://www.gnarlyvines.com/,,Coral Gables,food_beverage,4.7,N,verified
gnc,GNC,(305) 640-5253,https://stores.gnc.com/all-stores-florida/miami/3805-nw-7th-street?utm_source=yext&utm_medium=organic&utm_campaign=google,6710 Southwest 40th Street,Bird Road Corridor,retail,3.9,N,verified
goldenasianmassages,Golden Asian Massage & Spa,(305) 569-7188,https://orientalmassagemiami.com/,,Coral Gables,wellness,4.6,N,verified
goldensandsgeneralcontractors,Golden Sands General Contractors,(305) 633-3336,http://www.goldensandsgc.com/,,Coral Gables,construction,4.8,N,verified
golden_touch_barbershop__salon,Golden Touch Barbershop & Salon,(305) 348-0191,http://thisisgoldentouch.com/,1211 Walsh Avenue,University of Miami Area,personal_services,4.2,N,unverified
goldentrustinsurancecoralgables,GoldenTrust Insurance Coral Gables,(305) 648-7150,https://coralgables.goldentrust.com/,,Ponce de Leon Corridor,insurance,5.0,N,verified
goldman_sachs_10000_small_businesses_at_miami_dade_college,"Goldman Sachs 10,000 Small Businesses at Miami Dade College",(305) 237-7817,https://mdc.edu/10ksb,2705 Southwest 3rd Street,Douglas Road Corridor,education,2.4,Y,unverified
golf_pro_shop,Golf Pro Shop,(305) 460-5364,https://biltmorehotel.com/miami-resort-shops/golf-pro-shop/?utm_source=google&utm_medium=organic&utm_campaign=gmb-listing,"1200 Anastasia Ave, Coral Gables, FL 33134",Bird Road Corridor,retail,5,N,verified
golin,Golin,(786) 325-0815,https://golin.com,,Coral Gables,other,,Y,unverified
gomezlawcoralgableshoalawyersrealestateattorneys,Gomez Law - Coral Gables HOA Lawyers & Real Estate Attorneys,(305) 720-2601,https://www.gomezlaw.com/estate-planning/,,Ponce de Leon Corridor,real_estate,5.0,N,verified
goodvets,GoodVets,(305) 522-6100,https://goodvets.com/locations/miami/coral-gables,"315 Miracle Mile, Coral Gables, FL 33134, United States",Coral Gables,accounting,4.8,Y,verified
goodvetscoconutgrove,GoodVets Coconut Grove,(305) 463-1201,https://www.good-vets.com/locations/miami/coconut-grove,,Douglas Road Corridor,healthcare,4.7,N,verified
goodvetscoralgables,GoodVets Coral Gables,(305) 522-6100,https://goodvets.com/locations/miami/coral-gables,,Miracle Mile,healthcare,4.8,N,verified
goodwill,Goodwill,(305) 325-9114,https://www.goodwillsouthflorida.org/,6842 Southwest 40th Street,Bird Road Corridor,retail,4.6,N,unverified
goodyearautoservice,Goodyear Auto Service,(305) 446-8101,https://www.goodyear.com/en-us/goodyearautoservice,,Bird Road Corridor,auto_dealer,4.1,N,verified
gooseheadinsuranceagency,"Goosehead Insurance Agency, LLC",(305) 704-8133,https://www.goosehead.com/agents/fl/miami/the-pinto-agency?utm_source=google&utm_medium=organic_search&utm_campaign=yext,"2222 Ponce de Leon Blvd Ste 300, Coral Gables, FL 33134",Coral Gables,insurance,4.2,N,verified
gowanuswinestudiotastingtable,Gowanus Wine Studio & Tasting Table,(917) 687-6058,http://gowanuswinestudio.com/,,Coral Gables,food_beverage,4.9,N,verified
graceland_memorial_park,Graceland Memorial Park,(786) 232-0846,https://www.memorialplan.net/locations/graceland-memorial-park-north,"4420 SW 8th St, Miami, FL 33134",Coral Gables,other,3.9,N,verified
gradepowerlearningcoralgables,GradePower Learning Coral Gables,(305) 680-0164,,,Ponce de Leon Corridor,education,5,N,
graduate_school,Graduate School,(305) 284-4154,https://www.grad.miami.edu/,1252 Memorial Drive,University of Miami Area,education,,N,unverified
granadachristian,Granada Christian,,,,Merrick Park,education,,N,
granadachurch,Granada Church,(305) 444-8435,http://granadachurch.com/?utm_source=google&utm_medium=gmb,,Bird Road Corridor,nonprofit,4.8,N,verified
granadapresbyteriandayschool,Granada Presbyterian Day School,,,,Bird Road Corridor,education,,N,
grapelandrkpreschool,Grapeland Park Preschool,,,,Coral Gables,education,,N,
grazianos_gourmet,Graziano's Gourmet,(305) 460-0001,https://www.grazianosgroup.com/,,Coral Gables,other,4.2,Y,verified
grazianos_in_the_gables,Graziano's in the Gables,(305) 774-3599,https://grazianosgroup.com,"2301 Galiano St, Coral Gables, FL 33134",Coral Gables,other,4.5,Y,unverified
grazianos_market,Graziano's Market,(305) 460-0001,https://www.grazianosgroup.com/,2301 Galiano Street,Ponce de Leon Corridor,food_beverage,4.5,N,verified
grazianos_mercado_at_the_lifetime_building,Graziano's Mercado at The Lifetime Building,(786) 633-3948,https://www.grazianosgroup.com/,"229 S Dixie Hwy, Coral Gables, FL 33133",Coral Gables,retail,4.6,Y,verified
grazianosrestaurantcoralgables,Graziano's Restaurant Coral Gables,(305) 774-3599,https://www.grazianosgroup.com/,,Miracle Mile,food_beverage,4.6,N,verified
greater_miami_the_beaches_hotel_association,Greater Miami & The Beaches Hotel Association,(305) 531-3553,http://gmbha.com/,"1172 S Dixie Hwy, Coral Gables, FL 33146",Coral Gables,hospitality,5,Y,verified
greater_miami_chamber_of_commerce,Greater Miami Chamber of Commerce,(305) 350-7700,https://www.miamichamber.com/,"1 SE 3rd Ave Suite 1410, Miami, FL 33131",Coral Gables,other,3.8,Y,verified
greater_miami_convention_visitors_bureau,Greater Miami Convention & Visitors Bureau,(305) 539-3000,https://www.miamiandbeaches.com/,"201 S Biscayne Blvd Suite 2200, Miami, FL 33131",Coral Gables,other,3.8,Y,verified
greaterstulamechurch,Greater St Paul A.M.E. Church,(305) 448-2742,http://rtdental.com/?utm_source=gbp&utm_medium=organic&utm_campaign=yext_listing,,Coral Gables,nonprofit,4.8,N,verified
greatfloridainsuranceanatriciaarguello,GreatFlorida Insurance: Ana Patricia Arguello,(786) 409-2211,https://miami.greatflorida.com/?utm_source=google&utm_medium=organic&utm_campaign=gbp-listing&utm_content=139,,Coral Gables,insurance,5.0,N,verified
greatfloridainsurancemikecarcas,GreatFlorida Insurance: Mike Carcas,(305) 461-3232,https://coralgables.greatflorida.com/?utm_source=google&utm_medium=organic&utm_campaign=gbp-listing&utm_content=20,,Coral Gables,insurance,5.0,N,verified
green_goddess_public_relations,Green Goddess Public Relations,(646) 279-1531,https://greengoddesspr.org,"2199 Ponce de Leon Blvd Ste 200, Coral Gables, FL 33134",Coral Gables,food_beverage,5,Y,unverified
green_home_roofing_inc,Green Home Roofing Inc.,(786) 521-0022,https://greenhomeroofinginc.com/,"2525 Ponce de Leon Blvd Suit 300, Coral Gables, FL 33134, United States",Coral Gables,construction,4.9,Y,verified
greensgarage,Green's Garage,(305) 444-8881,https://www.greensgaragemiami.com/,"2221 SW 32nd Ave, Miami, FL 33145",Coral Gables,auto_dealer,4.6,N,verified
greenberg_traurig_pa,"Greenberg Traurig, P.A.",(305) 579-0821,https://www.gtlaw.com/en/locations/miami?utm_source=extnet&utm_medium=yext,"333 SE 2nd Ave #4400, Miami, FL 33131",Coral Gables,legal,3.5,Y,verified
greenstreet,GreenStreet,(305) 444-0244,http://greenstreetcafe.net/,"3468 Main Hwy, Miami, FL 33133",Douglas Road Corridor,food_beverage,4.5,N,verified
greentree_practice_fields,Greentree Practice Fields,(305) 284-6699,http://www.hurricanesports.com/,"5821 San Amaro Dr, Coral Gables, FL 33146",Coral Gables,wellness,4.8,N,verified
grindhardbarbershop,Grind Hard Barbershop,(786) 506-9831,http://grindhardbarbershop.booksy.com/a/,,Coral Gables,food_beverage,5.0,N,verified
groovys_pizza__grill,Groovys Pizza & Grill,(786) 536-6772,https://groovyspizzagrill.getsauce.com/,2770 Southwest 27th Avenue,Douglas Road Corridor,food_beverage,4.2,N,verified
grou_coffee_cowork,GROU Coffee + Cowork,(305) 877-4320,https://groucommunity.com/,4100 Salzedo Street,Bird Road Corridor,food_beverage,4.8,Y,verified
grove_bank_trust,Grove Bank & Trust,(305) 444-6665,http://www.grovebankandtrust.com/,"2151 S Le Jeune Rd #100, Coral Gables, FL 33134",Coral Gables,banking,5.0,Y,verified
grove_bay_grill,Grove Bay Grill,(305) 285-1366,http://www.grovebaygroup.com/,3381 Pan American Drive,Coral Gables,food_beverage,4,N,verified
grovecleaners,Grove Cleaners,(305) 567-9007,http://www.grovecleaners.com/,,Ponce de Leon Corridor,personal_services,4.2,N,verified
grove_gallery_interiors,Grove Gallery & Interiors,(305) 445-7401,http://www.grovegalleryinteriors.com/,"2884 Bird Ave, Miami, FL 33133",Coral Gables,marketing,4.7,Y,verified
grove_liquors,Grove Liquors,(305) 455-3403,https://milams.instacart.com/store/grove-liquors/storefront,2991 Southwest 32nd Avenue,Douglas Road Corridor,retail,4.3,N,verified
grove_networks_inc,Grove Networks Inc.,(305) 448-6126,http://www.grovenetworks.com/,"2103 Coral Wy Suite 700, Miami, FL 33145",Coral Gables,other,4.3,Y,verified
groverwinstoninsurancegroup,"Grover Winston Insurance Group, LLC",(786) 778-3154,https://wyninsurance.com/,"2655 LeJune Rd, Ste 533, Coral Gables, FL 33134",Coral Gables,insurance,4.7,N,unverified
growinghouseschool,Growing House School,,,,Sunset / South Gables,education,,N,
guasnaturals,Guapas Natural Spa,(786) 516-1883,,,Ponce de Leon Corridor,wellness,5.0,N,
gudeliamoreirafamilydaycarecenter,Gudelia Moreira Family Day Care Center,,,,Coral Gables,education,,N,
guilford_associates,Guilford & Associates,(305) 446-8411,,,Coral Gables,legal,,Y,
guilford_property_group_inc,Guilford Property Group Inc.,(786) 567-8474,http://gpgroupmiami.com/,,Coral Gables,real_estate,,Y,verified
gulliver_preparatory_school,Gulliver Preparatory School,(786) 709-4076,https://gulliverprep.org,"6575 North Kendall Drive, Pinecrest, FL 33156",Coral Gables,education,,Y,unverified
gulliverschool,Gulliver School,,,,Coral Gables,education,,N,
gulliversouthmiamicampus,Gulliver South Miami Campus,,,,Sunset / South Gables,education,,N,
guscisnerosstatefarminsuranceagent,Gus Cisneros - State Farm Insurance Agent,(305) 826-8222,https://www.guscisneros.com/?cmpid=PU1O_blm_0001,,Ponce de Leon Corridor,insurance,4.8,N,verified
gusman_concert_hall,Gusman Concert Hall,,,1314 Miller Road,University of Miami Area,arts_culture,,N,
gustave,Gustave,(786) 533-3523,https://www.babettemiami.com/,366 Miracle Mile,Miracle Mile,food_beverage,4.8,N,unverified
gustavo_fernandez_photography,Gustavo Fernandez Photography,(925) 457-0042,http://www.gustavofernandez.com/,"2750 NW 3rd Ave Suite 10, Miami, FL 33127",Coral Gables,media_entertainment,5,Y,verified
gustocaserobymdqsweets,Gusto Casero By MDQ Sweets,(305) 200-3713,https://www.gustocaserobymdq.com/,,Ponce de Leon Corridor,food_beverage,4.9,N,verified
h_benitez_fine_art_gallery_inc,H Benitez Fine Art Gallery Inc.,(786) 877-1045,http://www.humbertobenitez.com/,"233 Aragon Ave, Coral Gables, FL 33134",Coral Gables,arts_culture,4.4,Y,verified
hcocoralgables,H&CO | Coral Gables,(305) 444-8800,http://www.hco.com/,,Miracle Mile,food_beverage,4.1,N,verified
hlagency,H/L Agency,(800) 257-5661,https://www.hlrealestategroup.com/,,Coral Gables,marketing,5,N,verified
haber_law,Haber Law,(305) 379-2400,https://www.haber.law/,"251 NW 23rd St, Miami, FL 33127",Coral Gables,legal,3.6,Y,verified
habitat_for_humanity_of_greater_miami,Habitat for Humanity of Greater Miami,(305) 634-3628,http://www.miamihabitat.org/,"3800 NW 22nd Ave, Miami, FL 33142",Coral Gables,nonprofit,4,Y,verified
hadeedlegal,HADEED LEGAL,(954) 738-9757,https://www.hadeedlegal.com/,,Bird Road Corridor,legal,5.0,N,verified
haircolorbyrosa,Hair Color by Rosa,(786) 463-2469,https://www.haircolorbyrosa.com/,,Ponce de Leon Corridor,personal_services,4.6,N,verified
hair_cuttery,Hair Cuttery,(305) 834-4943,http://locations.haircuttery.com/md/nottingham/5207-campbell-blvd.html?y_source=1_Mzc3MDI0NS03MTUtbG9jYXRpb24ud2Vic2l0ZQ==,6794 Southwest 40th Street,Bird Road Corridor,personal_services,4.6,N,verified
hairhouse,Hair House,(305) 607-4385,,,Alhambra Circle,personal_services,4.9,N,
half_moon_empanadas,Half Moon Empanadas,(786) 888-2292,http://www.halfmoonempanadas.com/,5250 University Drive,University of Miami Area,food_beverage,5.0,N,verified
hamedrodriguezarchitects,Hamed Rodriguez Architects Inc,(305) 529-9967,http://www.hamedrodriguez.com/,,Alhambra Circle,professional_services,5.0,N,verified
hamelschoolforchildren,Hamel School for Children,,,,Bird Road Corridor,education,,N,
hampton,Hampton,(305) 448-2800,https://www.hilton.com/en/hotels/miacghx-hampton-miami-coconut-grove-coral-gables/?SEO_id=GMB-AMER-HX-MIACGHX,"2800 Southwest 28th Terrace, Miami, FL 33133",Douglas Road Corridor,hospitality,,N,verified
hampton_inn_miami_dadeland,Hampton Inn Miami Dadeland,(305) 269-0072,https://www.hilton.com/en/hotels/miadlhx-hampton-miami-dadeland/?SEO_id=GMB-AMER-HX-MIADLHX,8200 Southwest 70th Avenue,Sunset / South Gables,hospitality,4.2,N,verified
hamptoninnmiamicoconutgrovecoralgables,Hampton Inn Miami-Coconut Grove/Coral Gables,(305) 448-2800,https://www.hilton.com/en/hotels/miacghx-hampton-miami-coconut-grove-coral-gables/?SEO_id=GMB-AMER-HX-MIACGHX,,Douglas Road Corridor,hospitality,4.3,N,verified
hamptons_group_llc,"Hamptons Group, LLC",(305) 310-9000,http://www.hamptonsgroup.com/,2800 Southwest 28th Terrace,Douglas Road Corridor,financial_services,,Y,verified
handsonsouthfloridamiami,HandsOn South Florida (Miami),(305) 504-4510,http://www.handsonsouthflorida.org/,,Coral Gables,nonprofit,4.3,N,verified
hank_langston,Hank Langston,(305) 632-3856,http://www.citybeautiful.net/,,Coral Gables,other,,Y,unverified
hanna_tiger_asian_market_coral_gables,Hanna Tiger Asian Market Coral Gables,(305) 209-7688,https://hannatiger.com/,"Florida, Coral Gables, Ponce de Leon Blvd, 邮政编码: 33134",Coral Gables,retail,4.9,Y,verified
happitymeskindergarten,Happi Tymes Kindergarten,,,,Sunset / South Gables,education,,N,
happy_wine_in_the_grove,Happy Wine in the Grove,(305) 460-9939,https://happywinegrove.com/,2833 Bird Avenue,Douglas Road Corridor,food_beverage,4.5,N,verified
harbor_freight_tools,Harbor Freight Tools,(305) 262-0719,https://www.harborfreight.com/storelocator/1044-sw-67th-ave-miami-33144?number=501,1044 Southwest 67th Avenue,Coral Gables,retail,4.5,N,verified
hard_rock_stadium,Hard Rock Stadium,(305) 943-6581,https://hardrockstadium.com,"347 Don Shula Dr Suite 102, Miami Gardens, FL 33056",Coral Gables,accounting,4.6,Y,unverified
harry_mayans_dmd_and_mercedes_mayans_dds_dentist,Harry Mayans DMD and Mercedes Mayans DDS Dentist,(305) 267-3377,https://alvaroordonezdds.com/,6517 Southwest 24th Street,Coral Gables,healthcare,5,N,verified
hart,HART,,https://lanedds.com/our-doctors/dr-tyler-hart/,,Coral Gables,retail,5.0,N,unverified
harvestingjoycounseling,Harvesting Joy Counseling,(321) 405-2805,http://harvestingjoypsychologicalservices.com/,,Ponce de Leon Corridor,healthcare,4.9,N,verified
havana_harrys,Havana Harry's,(305) 661-2622,https://www.havanaharrys.com/,4612 Southwest 42nd Avenue,Merrick Park / Shops at Merrick Park,food_beverage,4.2,N,verified
hd_esthetique,HD Esthetique,(305) 668-2853,https://hdesthetique.com/,Southwest 57th Avenue,Sunset / South Gables,healthcare,4.4,N,verified
health_care_center_of_little_havana,Health Care Center of Little Havana,(305) 888-6959,https://healthcarecenterfl.com/,"711 NW 21st Ct, Miami, FL 33125",Coral Gables,healthcare,4.1,Y,verified
hear_right_usa,Hear Right USA,(786) 261-5190,https://hearrightusa.com/contacts/,"396 Alhambra Cir S1200, Coral Gables, FL 33134",Coral Gables,other,4.9,Y,verified
hellskitchenwinesspiritsformerlyknownas54winesspirits,Hells Kitchen wines & spirits (Formerly known as 54 wines & spirits),(212) 757-7123,https://hellskitchenwine.com/,,Coral Gables,retail,4.6,N,verified
hem_fet_el_cim,Hem Fet El Cim,(786) 527-3939,https://www.ceviche105.com/,"111 Palermo Ave #108, Coral Gables, FL 33134",University of Miami Area,hospitality,4.9,N,verified
hemisphere_law_pa,"Hemisphere Law, P.A.",(305) 321-0451,https://hemispherelawpa.com,"235 SW 42nd Ave, Coral Gables, FL 33134",Coral Gables,legal,5,Y,unverified
henley_partners_usa_inc,Henley & Partners USA Inc.,(786) 233-6668,https://www.henleyglobal.com/,,Coral Gables,financial_services,,Y,verified
henrrystylesalon,Henrrystylesalon,(305) 447-8628,http://henrrystylesalon.booksy.com/a/,,Coral Gables,personal_services,4.8,N,verified
henryswestlaboratoryelementaryschool,Henry S West Laboratory Elementary School,,https://www.westlabschool.org/,,University of Miami,education,,N,verified
herbert_wellness_center,Herbert Wellness Center,(305) 284-8500,https://wellness.studentaffairs.miami.edu,1241 Dickenson Drive,University of Miami Area,wellness,,N,verified
here_you_travel,Here You Travel,(786) 387-0000,https://hereyoutravel.com/,814 Ponce de Leon Boulevard,Coral Gables,retail,,N,verified
hermanos_cantina_grill,Hermanos Cantina Grill,(305) 305-5514,https://hermanoscantinagrill.com/?utm_source=google,"2209 Ponce de Leon Blvd, Coral Gables, FL 33134",Coral Gables,food_beverage,4.6,Y,verified
heviacosmeticdermatology,Hevia Cosmetic Dermatology,(305) 443-9977,http://www.oscarheviamd.com/,,Coral Gables,healthcare,5.0,N,verified
heydaymarketing,Heyday Marketing,(305) 783-3407,https://heydaymarketing.com/,,Ponce de Leon Corridor,marketing,4.9,N,verified
heyeraccountingtax,Heyer Accounting & Tax,(786) 693-9358,https://heyerinc.com/,,Bird Road Corridor,accounting,4.9,N,verified
hgit_coral_gables_llc,"HGIT Coral Gables, LLC",(786) 789-4421,https://gablesstation.com,"222 Sidonia Ave, Coral Gables, FL 33134",Coral Gables,technology,4,Y,unverified
hidalgoconstruction,Hidalgo Construction,(305) 569-0060,https://www.hidalgoconstruction.com/,,Ponce de Leon Corridor,construction,5.0,N,verified
hidyhomesteamkellerwilliamsmiamikathyhidy,Hidy Homes Team - Keller Williams Miami - Kathy Hidy,(305) 606-6652,https://www.hidyhomes.com/,,Coral Gables,real_estate,5.0,N,verified
higgs_hub,HIGGS HUB,(305) 450-6116,http://www.higgs-hub.com/,,Coral Gables,other,5,Y,verified
highlightsalonands,Highlight Salon and Spa,(305) 448-0707,http://highlightcoralgables.com/,,Ponce de Leon Corridor,personal_services,5.0,N,verified
highlightsaloncoralgables,Highlight Salon Coral Gables,(305) 448-0707,http://highlightcoralgables.com/,"2100 Ponce De Leon Blvd Suite 111, Coral Gables, FL 33134",Coral Gables,personal_services,5,N,verified
hillstone_restaurant,Hillstone Restaurant,(305) 529-0141,https://hillstonerestaurant.com/locations/coralgables/,201 Miracle Mile,Miracle Mile,food_beverage,4.1,N,verified
hiltongomesmd,Hilton Gomes MD,(305) 749-9888,https://miamedicine.com/,,Coral Gables,hospitality,5.0,N,verified
hiltonmiamiairportbluelagoon,Hilton Miami Airport Blue Lagoon,(305) 262-1000,https://www.hilton.com/en/hotels/miaahhh-hilton-miami-airport-blue-lagoon/?SEO_id=GMB-AMER-HH-MIAAHHH,,Coral Gables,hospitality,3.9,N,verified
hines,Hines,(305) 444-8900,https://www.hines.com/,,Coral Gables,other,,Y,verified
hinkledesignstudio,"Hinkle Design Studio, LLC.",(305) 218-2082,http://www.hinkle.design/,,Coral Gables,professional_services,4.7,N,verified
hinshaw_culbertson_llp,"Hinshaw & Culbertson, LLP",(305) 358-7747,https://www.hinshawlaw.com/,"2811 Ponce de Leon Blvd Suite 1000, 10th Floor, Coral Gables, FL 33134",Coral Gables,legal,3.7,Y,verified
historicalsites,Historical Sites,(305) 446-6800,https://coralgables.com,"2000 Alhambra Cir, Coral Gables, FL 33134",Coral Gables,marketing,4.5,Y,unverified
hksarchitectsdesigners,HKS | Architects & Designers,(305) 476-1102,https://www.hksinc.com/our-offices/miami/,,Alhambra Circle,professional_services,5.0,N,verified
hok,HOK,(786) 539-0760,https://www.hok.com/studios/miami/,,Coral Gables,professional_services,,Y,verified
holistichealthandwellnessbydrdavidcohen,Holistic Health and Wellness by Dr. David Cohen,(786) 795-2748,https://drcholistichealth.com/,,Sunset / South Gables,healthcare,5.0,N,verified
holland_knight_llp,"Holland & Knight, LLP",(305) 374-8500,https://www.hklaw.com/Offices/Miami/,"701 Brickell Ave UNIT 3300, Miami, FL 33131",Coral Gables,legal,4.5,Y,verified
homebasebarbershop,Home Base Barbershop,(305) 476-9611,,,Coral Gables,food_beverage,4.8,N,
home_financing_center_inc,Home Financing Center Inc.,(305) 777-1100,https://www.homefinancingcenter.com/,"400 University Dr, Miami, FL 33134",Coral Gables,education,4.3,Y,verified
home_instead_senior_care,Home Instead Senior Care,(786) 845-0888,https://homeinstead.com/364,"1150 NW 72nd Ave #650, Miami, FL 33126",Coral Gables,accounting,4.7,Y,unverified
hondurasfoundationofusa,Honduras Foundation of USA,(305) 774-0214,,,Ponce de Leon Corridor,nonprofit,4.7,N,
hotheadsbarbershop,Hot Heads Barber Shop,(305) 662-4135,http://www.facebook.com/hotheadsmiami,,Coral Gables,personal_services,4.9,N,verified
hotel_arya_bw_premier_collection,"Hotel Arya, BW Premier Collection",(305) 529-2828,https://www.bestwestern.com/en_US/book/hotels-in-miami/hotel-arya-bw-premier-collection/propertyCode.10417.html,2889 McFarlane Road,Douglas Road Corridor,hospitality,3.8,N,verified
hotel_colonnade_coral_gables,Hotel Colonnade Coral Gables,(305) 441-2600,https://www.marriott.com/en-us/hotels/miaao-hotel-colonnade-coral-gables-autograph-collection/overview/?scid=f2ae0541-1279-4f24-b197-a979c79310b0,180 Aragon Avenue,downtown coral gables,hospitality,4.5,Y,verified
hotelcolonnadecoralgablesautographcollection,"Hotel Colonnade Coral Gables, Autograph Collection",(305) 441-2600,https://www.marriott.com/en-us/hotels/miaao-hotel-colonnade-coral-gables-autograph-collection/overview/?scid=f2ae0541-1279-4f24-b197-a979c79310b0,"180 Aragon Avenue, Coral Gables, FL 33134",Miracle Mile,hospitality,4.5,N,verified
hotel_st_michel,Hotel St. Michel,(305) 444-1666,http://www.hotelstmichel.com/index.html,"162 Alcazar Ave, Coral Gables, FL 33134",Coral Gables,hospitality,4.4,Y,verified
humane_society_of_greater_miami,Humane Society of Greater Miami,(305) 749-1816,https://www.humanesocietymiami.org/,"16101 W Dixie Hwy, North Miami Beach, FL 33160",Coral Gables,nonprofit,4.4,Y,verified
humboldt_international_university,Humboldt International University,(305) 448-7454,https://hiuniversity.edu/,"4000 W Flagler St, Miami, FL 33134",Coral Gables,education,4.8,Y,verified
hurricane_food_court,Hurricane Food Court,,,1306 Stanford Drive,University of Miami Area,food_beverage,,N,
hyattregencycoralgables,Hyatt Regency Coral Gables,305-441-1234,https://www.hyatt.com/hyatt-regency/en-US/coral-hyatt-regency-coral-gables?src=corp_lclb_google_seo_coral&utm_source=google&utm_medium=organic&utm_campaign=lmr,,downtown coral gables,hospitality,4.1,Y,verified
hydrology_wellness,Hydrology Wellness,(305) 798-2453,http://www.hydrologywellness.com/?utm_source=gmb&utm_medium=organic,"1340 S Dixie Hwy Suite 110, Coral Gables, FL 33146",Coral Gables,accounting,4.9,Y,verified
i_shine_365,I Shine 365,(786) 478-9178,https://ishine365.com/,6560 Southwest 40th Street,Bird Road Corridor,retail,4.9,N,unverified
ibisstudiodigitalmarketingagency,IBIS Studio // Digital Marketing Agency,(305) 454-8469,http://ibisstudio.com/?y_source=1_MTI2MTY2Ny03MTUtbG9jYXRpb24ud2Vic2l0ZQ%3D%3D,,Ponce de Leon Corridor,personal_services,5.0,N,verified
ibm,IBM,,https://www.ibm.com/us-en/,,Coral Gables,technology,4.1,N,verified
icarechiropractic,"iCare Chiropractic, P.A.",(786) 391-3868,https://www.icarechiro.com/,,Coral Gables,healthcare,4.9,N,verified
ichimi,Ichimi,,https://ichimiramenbar.com/?utm_source=google,,Coral Gables,food_beverage,4.3,N,verified
iconnailss,Icon Nails Spa,(305) 364-5628,https://iconnailscg.com/,,Miracle Mile,personal_services,4.2,N,verified
icr_advisors,ICR Advisors,(786) 473-9894,https://miamiliferealestate.net,,Coral Gables,professional_services,,Y,unverified
icscreativeagency,ICS Creative Agency,(305) 799-9936,https://icscreativeagency.com,,Coral Gables,marketing,4.2,N,unverified
ifsoboutique,If So Boutique,(786) 942-2626,http://www.ifsoboutiques.com/,,Ponce de Leon Corridor,retail,4.7,N,verified
iglesia_bautista_de_westchester,Iglesia Bautista de Westchester,(786) 208-5757,,"2750 SW 112th Ave, Miami, FL 33165",Coral Gables,nonprofit,4.8,N,
iglesia_victoria,Iglesia Victoria,(305) 636-5311,,"4150 NW 7th Ave, Miami, FL 33127",Douglas Road Corridor,nonprofit,4.6,N,
iheartmedia,iHeartMedia,(786) 512-6353,https://www.iheartmedia.com/,"1200 SW 145th Ave Suite 340, Pembroke Pines, FL 33027",Coral Gables,marketing,4.7,Y,verified
ilaria_belloni_bhhs_ewm_realty,Ilaria Belloni  BHHS EWM Realty,(305) 607-5556,http://presentingmiamihomes.com/,"550 S Dixie Hwy, Coral Gables, FL 33146",Coral Gables,real_estate,4.3,Y,verified
ilash_and_skincare,iLash and Skincare,(786) 501-5484,http://www.ilashandskincare.com/?utm_source=google&utm_medium=wix_google_business_profile&utm_campaign=597730524586919053,430 South Dixie Highway,Coral Gables,personal_services,4.7,N,verified
ileanacabrerarodriguezstatefarminsuranceagent,Ileana Cabrera-Rodriguez - State Farm Insurance Agent,(305) 529-9966,http://www.ileanainsurance.com/?cmpid=cyzb_blm_0001,,Ponce de Leon Corridor,insurance,4.6,N,verified
immaculata_la_salle_high_school,Immaculata  La Salle High School,(305) 854-2334,http://www.ilsroyals.com/,,Coral Gables,education,,Y,verified
imocosmeticdermatology,IMO Cosmetic Dermatology,(305) 204-2184,https://www.imoglow.com/,,Bird Road Corridor,healthcare,4.6,N,verified
infashionbyvera,In Fashion by Vera,(786) 660-5200,http://www.infashionbyvera.com/,,Miracle Mile,retail,4.3,N,verified
infinitiofcoralgables,INFINITI of Coral Gables,,,,Coral Gables,auto_dealer,4.8,N,
ingelmoassociates,Ingelmo Associates PA,(305) 461-6009,http://ingelmo.biz/,,Ponce de Leon Corridor,professional_services,,N,verified
inmigranhelp_multiservices_llc,"InmigranHelp Multiservices, LLC",(832) 810-7490,https://inmigranhelp.com,"1045 NW 124th St, North Miami, FL 33168",Coral Gables,other,5,Y,unverified
insegna_little_havana,Insegna LITTLE HAVANA,(786) 907-2644,https://littlehavanamiamibeach.com/,"1051 Collins Ave, Miami Beach, FL 33139",Douglas Road Corridor,hospitality,4.8,N,verified
insigneo_securities_llc,"Insigneo Securities, LLC",(305) 373-9000,https://insigneo.com,"1221 Brickell Avenue PH Floor, Miami, FL 33131",Coral Gables,financial_services,4.1,Y,unverified
inspyre_payments,Inspyre Payments,(407) 377-6343,https://inspyrepay.com,"6355 NW 36th St #408, Virginia Gardens, FL 33166",Coral Gables,technology,5,Y,unverified
instamarket,Instamarket,(786) 673-1236,https://dineoncampus.com/miami,1330 Miller Road,University of Miami Area,retail,4.7,N,verified
integrated_mind,Integrated Mind,(786) 835-9886,https://myintegratedmind.com/,"475 Biltmore Way Suite 101, Coral Gables, FL 33134",Coral Gables,other,5,Y,verified
integratedmindmentalhealththerapyclinicalhypnotherapy,Integrated Mind - Mental Health Therapy & Clinical Hypnotherapy,(786) 835-9886,https://myintegratedmind.com/,,Coral Gables,healthcare,5.0,N,verified
integrity_wealth_advisory_of_janney,Integrity Wealth Advisory of Janney,(786) 577-6806,https://integritywealthadvisoryjanney.com,"2333 Ponce de Leon Blvd Ste 500, Coral Gables, FL 33134",Coral Gables,financial_services,5,Y,unverified
interface_consulting_and_psychological_services,Interface Consulting and Psychological Services,(786) 983-6965,https://icpstherapy.com,2000 South Dixie Highway,Coral Gables,consulting,4.7,Y,unverified
intermedia_touch_inc,Intermedia Touch Inc.,(305) 517-3894,https://intermediatouch.com/,"2600 NW 75th Ave #200, Miami, FL 33122",Coral Gables,accounting,5,Y,verified
international_finance_bank,International Finance Bank,(305) 648-8800,http://www.ifbbank.com/,"777 SW 37th Ave, Miami, FL 33135",Coral Gables,banking,3.7,Y,verified
internationalopticians,International Opticians,(305) 854-6191,http://www.internationalopticians.com/,,Coral Gables,healthcare,4.9,N,verified
international_studies_preparatory_academy_ispa,International Studies Preparatory Academy (ISPA),(305) 663-7200,http://ispa.dadeschools.net/,,Coral Gables,education,,Y,verified
intersecktoration,Interseckt Corporation,(305) 448-7899,https://www.interseckt.com/,,Coral Gables,consulting,4.4,N,verified
intuitive_counseling,Intuitive Counseling,(305) 318-2839,https://www.intuitivecounseling.org/,"1450 Madruga Ave STE 302, Coral Gables, FL 33146",Coral Gables,healthcare,5.0,Y,verified
invenio_wealth_partners,Invenio Wealth Partners,(305) 570-2059,https://www.inveniowealth.com/,,Coral Gables,accounting,,Y,verified
iron_bodyfit,Iron Bodyfit,(786) 412-7435,https://ironbodyfit.us/locations/iron-bodyfit-coral-gables/,"1410 Ponce de Leon Blvd, Coral Gables, FL 33134",Coral Gables,technology,5,Y,verified
isabellaladerasaln,Isabella Ladera Salón,(786) 858-9098,https://www.instagram.com/isabellaladera_salon?igsh=ajd3bW1mZHJydnY1&utm_source=qr,,Ponce de Leon Corridor,personal_services,4.8,N,verified
ismael_cala_foundation,Ismael Cala Foundation,(786) 543-0050,https://calafoundation.org,"19091 SW 160th St, Miami, FL 33187",Coral Gables,nonprofit,4.8,Y,unverified
itofunitedstatesmanageditservicessupportsouthmiamicoralgablesoffice,IT of United States - Managed IT Services & Support South Miami / Coral Gables Office,(305) 440-0554,https://itofus.com/,,Ponce de Leon Corridor,technology,5.0,N,verified
itsupportmiami,IT Support Miami,(305) 662-4755,,,Sunset / South Gables,technology,4.6,N,
italianeyewear,Italian Eyewear Inc,(786) 633-6313,http://www.italianeyewearmiami.com/,,Miracle Mile,healthcare,5.0,N,verified
itsasmallworldpreschool,Its A Small World Preschool,,,,Douglas Road Corridor,education,,N,
ivette_arango_interiors,Ivette Arango Interiors,(305) 576-6243,http://www.ivettearango.com/,"300 Palermo Ave, Coral Gables, FL 33134",Coral Gables,other,5,Y,verified
ivette_odoski_consulting,Ivette ODoski Consulting,(305) 632-6452,https://velizlaw.com/?utm_source=GBP&utm_medium=GBP&utm_campaign=GBP_Coral%20Gables&utm_id=GBP_Coral%20Gables,"2600 Douglas Rd Suite 710, Coral Gables, FL 33134",Coral Gables,consulting,5,Y,unverified
ivoalonsomd,"Ivo Alonso M.D., P.A.",(305) 448-7499,http://www.ivoalonsomd.com/,,Coral Gables,healthcare,4.6,N,verified
izakaya,Izakaya,,https://sushinizakaya.com/,,Coral Gables,food_beverage,4.3,N,verified
jcautoservices,J C Auto Services,(305) 403-0097,,,Coral Gables,auto_dealer,5.0,N,
jnathairstudio,J Nat Hair Studio,(786) 315-8809,http://jnathairstudio.booksy.com/,"1340 S. Dixie Highway, suite 150, #202, Coral Gables, FL 33146",Coral Gables,personal_services,5,N,verified
j_muir_associates_pa,"J. Muir & Associates, P.A.",(786) 533-1100,https://miamibusiness.law,"121 Alhambra Plz #1500, Coral Gables, FL 33134",Coral Gables,legal,5,Y,unverified
j_wilcox_consulting,J. Wilcox Consulting,(305) 962-9313,https://jwilcoxconsulting.com,"359 Alcazar Ave Suite 200, Coral Gables, FL 33134",Coral Gables,consulting,5,Y,unverified
jackson_health_foundation,Jackson Health Foundation,(305) 588-8167,https://jacksonhealth.org/locations/jackson-memorial-hospital/,"Executive Offices - River Landing Miami, 1400 NW N River Dr, Miami, FL 33125",Coral Gables,nonprofit,4.8,Y,verified
jackson_health_system,Jackson Health System,(305) 585-1111,https://jhsmiami.org,"3737 SW 8th St, Coral Gables, FL 33134",Coral Gables,healthcare,4.8,Y,unverified
jacksonmedicalgroupcoralgables,Jackson Medical Group - Coral Gables,(305) 575-1620,https://medicalgroup.jacksonhealth.org/locations/jackson-medical-group-coral-gables/,"3737 S.W. 8 St., suite B, Coral Gables, FL 33134",Coral Gables,healthcare,3.3,N,verified
jacqueline_salcines_pa,"Jacqueline Salcines, P.A.",(305) 669-5280,https://www.salcineslaw.com/?utm_source=GBP&utm_medium=GBP&utm_campaign=GBP_Coral%20Gables&utm_id=GBP_Coral%20Gables,"706 S Dixie Hwy Second Floor, Coral Gables, FL 33146",Coral Gables,legal,4.4,Y,verified
jaes_jewelers,Jae's Jewelers,(305) 443-7724,http://www.jaesjewelers.com/,"237 Miracle Mile, Coral Gables, FL 33134",Coral Gables,retail,4.9,Y,verified
jaguarcoralgables,Jaguar Coral Gables,(305) 476-4000,https://www.jaguarcoralgables.com/,,Bird Road Corridor,auto_dealer,4.8,N,verified
jaguar_restaurant,Jaguar Restaurant,(305) 444-0216,http://jaguarrestaurant.com/,3067 Grand Avenue,Douglas Road Corridor,food_beverage,4.5,N,verified
jar_of_hearts_inc,Jar of Hearts Inc.,(305) 335-5285,https://www.jarofhearts.org/,"16650 SW 88th St, Miami, FL 33196",Coral Gables,arts_culture,5,Y,verified
javieralonsomddermatology,"Javier Alonso, MD Dermatology",(305) 443-2983,https://coralgablesdermatology.com/,,Coral Gables,healthcare,4.4,N,verified
jc_nails,JC Nails,(305) 265-0204,http://jcspanailsmiami.com/,"625 SW 57th Ave, Miami, FL 33144",Coral Gables,retail,4.2,N,verified
jcmoratec,"JCM Corporate CPA, P.A.",(786) 536-7295,https://jcmcorporate.com/,,Ponce de Leon Corridor,accounting,5.0,N,verified
jcpenney,JCPenney,(305) 666-1911,https://www.jcpenney.com/locations/fl/miami/clothing-stores-miami-fl-1360.html,,Sunset / South Gables,retail,,N,verified
jennifermirandamd,"Jennifer Miranda, MD",(786) 227-6811,https://www.purehealthmiami.com/,,Bird Road Corridor,other,4.9,N,verified
jennycmontesdeocapinedamdprimecareofcoralgables,"Jenny C. Montes De Oca Pineda, MD - PrimeCare of Coral Gables",(305) 443-3001,http://www.primecare1.com/,,Alhambra Circle,healthcare,4.6,N,verified
jenny_craig,Jenny Craig,(305) 448-3508,https://locations.jennycraig.com/fl/miami/weight-loss-center-960.html,2720 South Dixie Highway,Douglas Road Corridor,healthcare,5,N,verified
jennypcaceresdccoralgablesfamilychiropractic,"Jenny P. Caceres, DC. Coral Gables Family Chiropractic",(305) 648-2502,http://coralgableschiro.com/,,Coral Gables,healthcare,4.9,N,verified
jerry_herman_ring_theatre,Jerry Herman Ring Theatre,(305) 284-3355,http://www.as.miami.edu/ringtheatre/,1312 Miller Road,University of Miami Area,arts_culture,4.6,N,verified
jewelers_gold_and_gifts,Jeweler's Gold and Gifts,(305) 445-5242,https://amauryjewelry.com/,5753 Southwest 40th Street,Bird Road Corridor,retail,4.6,N,unverified
jewish_community_services_of_south_florida,Jewish Community Services of South Florida,(305) 576-6550,https://jcsfl.org/,"12000 Biscayne Blvd, North Miami, FL 33181",Coral Gables,other,4.2,Y,verified
jiffy_lube,Jiffy Lube,(305) 661-9928,https://jiffylubespecials.com/locations/florida/7798-a-coral-way-miami-33155?utm_source=GMB&utm_medium=organic&utm_campaign=Map_Pack_Store_3688,4050 Southwest 67th Avenue,Bird Road Corridor,retail,4.4,N,verified
jimmy_johns,Jimmy John's,(305) 447-9900,https://locations.jimmyjohns.com/fl/coralgables/sandwiches-576.html?utm_source=google-my-business&utm_medium=organic&utm_campaign=website-link&y_source=1_MjAyNDA4MzY0NC03MTUtbG9jYXRpb24ud2Vic2l0ZQ%3D%3D,125 Miracle Mile,Miracle Mile,food_beverage,4,N,verified
jivesmedia,Jives Media,(650) 420-7455,https://www.jivesmedia.com/digital-marketing-agency-in-miami/,,Coral Gables,marketing,5.0,N,verified
joan_reitsma,Joan Reitsma,(305) 527-3204,https://gablesfoundation.org/,"288 Aragon Ave Suite D, Coral Gables, FL 33134",Coral Gables,other,5,Y,unverified
joannas_place,Joanna's Place,(305) 661-5777,https://joannasmarketplace.com/?utm_source=GMBlisting&utm_medium=organic,"8247 S Dixie Hwy, Miami, FL 33143",Sunset / South Gables,food_beverage,4.5,N,verified
johnmartinsirishpubrestaurant,John Martin's Irish Pub & Restaurant,(305) 209-0609,https://johnmartinsmiami.com/,,Coral Gables,food_beverage,3.9,N,verified
johntrickmuscalaw,John Patrick Musca Law,(305) 203-0333,https://www.muscalaw.com/locations/miami,,Coral Gables,legal,,N,verified
johnwilliamuribemd,"John William Uribe, MD",(786) 268-6200,https://baptisthealth.net/doctors/John-William-Uribe/868112?utm_source=yext&utm_medium=google&utm_campaign=listing&y_source=1_MTIyMDgzMDUtNzE1LWxvY2F0aW9uLndlYnNpdGU%3D,,University of Miami,healthcare,4.8,N,verified
johnmartins,JohnMartin's,305-209-0609,https://johnmartinsmiami.com/,,miracle mile,food_beverage,4.0,Y,verified
johnnywas,Johnny Was,(305) 351-4037,https://www.johnnywas.com/store/coral-gables/38-1022,,Bird Road Corridor,retail,4.3,N,verified
jollygoodmarketing,Jolly Good Marketing,(305) 686-0445,http://www.jollygoodmarketing.com/,,Coral Gables,marketing,5.0,N,verified
jolt_charge_inc,Jolt Charge Inc.,(973) 444-5719,https://joltcharge.com,"10 Aragon Ave, Coral Gables, FL 33134",Coral Gables,other,,Y,unverified
joncoiffurehairstudio,Joncoiffure Hair Studio,(305) 607-8942,,,Miracle Mile,personal_services,4.6,N,
jorge_enterprises_gc__construction,Jorge Enterprises GC - Construction,(305) 492-5916,https://je-gc.com/,PO Box,Miracle Mile,construction,5,N,unverified
jorgespharmacy,Jorge's Pharmacy,(305) 856-1252,,,Coral Gables,healthcare,4.6,N,
josemartischool,Jose Marti School,,https://josemartischool.com/,,Douglas Road Corridor,education,,N,verified
josemartischool1stcampus,Jose Marti School 1st Campus,,,,Douglas Road Corridor,education,,N,
josemartischool2ndcampus,Jose Marti School 2nd Campus,,,,Douglas Road Corridor,education,,N,
josemartischool3rdcampus,Jose Marti School 3rd Campus,,,,Coral Gables,education,,N,
jose_milton_foundation,Jose Milton Foundation,(305) 450-8222,https://miltonphilanthropy.org,"3211 Ponce de Leon Blvd Suite 301, Coral Gables, FL 33134",Coral Gables,nonprofit,2.7,Y,unverified
jose_rodriguezfeliz_md,"Jose RodriguezFeliz, MD",(305) 563-3030,https://rodriguezfelizmd.com/?utm_source=google&utm_medium=organic&utm_campaign=gbp,Southwest 57th Avenue,Sunset / South Gables,other,5,Y,verified
joy_by_llc,"Joy By, LLC",(310) 729-6070,https://www.holidayjoyby.com/,"332 Miracle Mile, Coral Gables, FL 33134",Coral Gables,other,5,Y,verified
jreleeeducationalcenter,Jre Lee Educational Center,,,,Sunset / South Gables,education,,N,
julianacostacoralgablesrealtoratcomss,Julian Acosta - Coral Gables Realtor at Compass,(786) 473-2565,https://julianmiamirealtor.com/coral-gables,,Sunset / South Gables,real_estate,5.0,N,verified
juneauconstructioncomny,Juneau Construction Company,(305) 438-7666,http://www.juneaucc.com/,,Coral Gables,construction,4.8,N,verified
junior_achievement_of_greater_miami,Junior Achievement of Greater Miami,(305) 687-3977,http://www.jamiami.org/,"95 Merrick Wy 3rd floor, Coral Gables, FL 33134",Coral Gables,healthcare,4.3,Y,verified
juniorleagueofmiami,Junior League of Miami,(305) 443-0160,http://www.jlmiami.org/,,Coral Gables,nonprofit,4.6,N,verified
junior_orange_bowl,Junior Orange Bowl,(305) 662-1210,http://juniororangebowl.org/,,Coral Gables,other,,Y,verified
jvv_roofing,JVV Roofing,(786) 780-4440,https://www.jvvroofing.com/,"5701 Sunset Dr #350, South Miami, FL 33143",Sunset / South Gables,construction,4.6,N,verified
jwr_construction,JWR Construction,(954) 480-2800,https://www.jwrconstruction.com/,"1311 W Newport Center Dr # C, Deerfield Beach, FL 33442",Coral Gables,construction,4.3,Y,verified
jzhelpsafloridainjurylawfirm,JZ helps (a Florida injury law firm),(305) 661-9977,https://www.justinziegler.net/,,Sunset / South Gables,legal,4.9,N,verified
kaesushi,KAE Sushi,,,,Coral Gables,food_beverage,4.3,N,
kaloboutique,Kalo Boutique,(305) 833-8989,,,Ponce de Leon Corridor,retail,5.0,N,
kao_sushi__grill,Kao Sushi & Grill,(786) 864-1212,http://www.kaosushigrill.com/,127 Miracle Mile,Miracle Mile,food_beverage,4.2,N,verified
kartell,Kartell,(305) 573-4010,http://kartell.com/,"490 Biltmore Way, Coral Gables, FL 33134",Coral Gables,retail,4.3,Y,verified
kaseya_center,Kaseya Center,(786) 777-1000,https://www.kaseyacenter.com/,"601 Biscayne Blvd, Miami, FL 33132",Coral Gables,arts_culture,4.7,Y,verified
katerinabucciarellicoralgablesrealestatebrokerinnovatiorealtygroupmiamiflorida,"Katerina Bucciarelli, Coral Gables Real Estate Broker, Innovatio Realty Group Miami Florida",(646) 217-1011,https://innovatiore.com/,,Bird Road Corridor,real_estate,5.0,N,verified
kaufman_dolowich,Kaufman Dolowich,(305) 610-2843,https://kaufmandolowich.com,"3399 Ponce de Leon Blvd #202, Coral Gables, FL 33134",Coral Gables,legal,5,Y,unverified
kavachninagallery,Kavachnina Gallery,(786) 355-4394,http://www.kavachnina.com/,,Coral Gables,arts_culture,5.0,N,verified
kazmalaje,Kazmalaje,(305) 833-9968,https://kazmaleje.com,"2610 Ponce de Leon Blvd, Coral Gables, FL 33134",Coral Gables,other,5,Y,unverified
kbelectronics,KB Electronics,(954) 346-4900,https://acim.nidec.com/drives/kbelectronics,,Coral Gables,other,4.4,N,verified
keen_battle_mead_company,Keen Battle Mead & Company,(305) 820-6702,https://www.kbmco.com/ins-fl/,"7850 NW 146th St #200, Hialeah, FL 33016",Coral Gables,other,3.4,Y,verified
keik_bakeshop,Keik Bakeshop,(305) 763-1543,https://keikbakeshop.com,"1450 NW 87th Ave Suite 110, Doral, FL 33172",Coral Gables,retail,4.9,Y,unverified
keller_williams,Keller Williams,(786) 747-7426,https://kellerwilliams.com,"550 Biltmore Way PH2 A&B, Coral Gables, FL 33134",Coral Gables,real_estate,4.1,Y,unverified
kellerwilliamscapitalrealty,Keller Williams Capital Realty,(305) 662-7325,http://coralgables.yourkwoffice.com/,,Coral Gables,real_estate,4.1,N,verified
kellerwilliamsrealtygraceizquierdo,Keller Williams Realty: Grace Izquierdo,(305) 244-1459,http://www.homesbygrace.com/,,Coral Gables,real_estate,5.0,N,verified
kellogg_school_of_management_northwestern_university,"Kellogg School of Management, Northwestern University",(305) 442-7780,https://www.kellogg.northwestern.edu/programs/executive-mba/locations-and-schedule/miami-monthly.aspx,"95 Merrick Wy # 100, Coral Gables, FL 33134",Coral Gables,education,5,Y,verified
kerdykrealestate,Kerdyk Real Estate,(305) 446-2586,http://www.kerdyk.com/,,Ponce de Leon Corridor,real_estate,5.0,N,verified
kesk_global_group_llc,"KESK Global Group, LLC",(786) 523-0003,https://www.keskglobal.com/,,Coral Gables,financial_services,,Y,verified
key_transportation,Key Transportation,(305) 751-5005,https://key-transportation.com/,"13215 W Okeechobee Rd, Hialeah, FL 33018",Coral Gables,accounting,3.9,Y,verified
keyes_company_coral_gables_office,Keyes Company  Coral Gables Office,(305) 984-6344,https://elizabethperezteam.com,,Coral Gables,professional_services,,Y,verified
kfc,KFC,(305) 446-9612,https://locations.kfc.com/fl/miami/2375-sw-8th-street,2375 Southwest 8th Street,Bird Road Corridor,food_beverage,3.9,N,verified
khouridermatology,Khouri Dermatology,(305) 361-8200,https://www.khouridermatology.com/,,Coral Gables,healthcare,4.6,N,verified
kick_martial_arts_studio,Kick Martial Arts Studio,(786) 542-9097,http://www.kickmiami.com/,1430 Ponce de Leon Boulevard,Ponce de Leon Corridor,wellness,5,N,verified
kidstationdaycarecenter,Kid Station Day Care Center,,,,Coral Gables,education,,N,
kiddiecountryclub,Kiddie Country Club,,https://coralgablescountryclub.com/,,Coral Gables,education,,N,verified
kiddiecountryclubschool,Kiddie Country Club School,,,,Coral Gables,education,,N,
kidz_medical_services,Kidz Medical Services,(305) 661-1515,https://www.kidzmedical.com/,"5955 Ponce de Leon Blvd, Coral Gables, FL 33146",Coral Gables,healthcare,2.2,Y,verified
kimleyhorn,Kimley-Horn,(305) 673-2025,http://www.kimley-horn.com/,,Ponce de Leon Corridor,professional_services,5.0,N,verified
kindred_hospital__south_florida__coral_gables,Kindred Hospital - South Florida - Coral Gables,(786) 526-6101,https://www.kindredhospitals.com/locations/florida/south-florida-coral-gables,Southwest 8th Street,Coral Gables,healthcare,4.2,N,verified
kingschristianschool,Kings Christian School,,http://www.kcsmiami.com/,,Bird Road Corridor,education,,N,verified
kitchen_57,Kitchen 57,(786) 238-7179,https://www.kitchen57miami.com/,"7301 SW 57th Ct STE 100, South Miami, FL 33143",Coral Gables,food_beverage,4.7,Y,verified
kiwanis_club_of_little_havana_inc,Kiwanis Club of Little Havana Inc.,(305) 644-8888,https://carnavalmiami.com/,"1400 SW 1st St, Miami, FL 33135",Coral Gables,nonprofit,4.4,Y,verified
knight_center_for_music_innovation,Knight Center for Music Innovation,(305) 284-2400,https://facilities.frost.miami.edu/performance-halls/knight-center-for-music-innovation/index.html,5513 San Amaro Drive,University of Miami Area,arts_culture,5,N,verified
knight_sports_complex,Knight Sports Complex,,https://miamihurricanes.com/facilities/knight-complex/,5831 San Amaro Drive,University of Miami Area,wellness,5,N,verified
kojin_20,Kojin 2.0,(786) 747-1404,https://www.kojin2.com/,804 Ponce de Leon,Coral Gables,food_beverage,4.6,Y,verified
kompare_taxes,Kompare Taxes,(786) 483-8789,http://www.komparetaxes.com/,6807 Southwest 40th Street,Bird Road Corridor,professional_services,4.2,N,verified
kozyak_tropin_throckmorton_pa,"Kozyak Tropin & Throckmorton, P.A.",(305) 372-1800,http://kttlaw.com/,"2525 Ponce de Leon Blvd 9th Floor, Coral Gables, FL 33134",Coral Gables,legal,2.3,Y,verified
kreps_pr_marketing,Kreps PR & Marketing,(305) 663-9802,http://www.krepspr.com/,"220 Alhambra Cir Suite 300, Coral Gables, FL 33134",Coral Gables,marketing,5,Y,verified
kristi_house,Kristi House,(305) 547-6800,http://www.kristihouse.org/,"1265 NW 12th Ave, Miami, FL 33136",Coral Gables,other,4.7,Y,verified
ksdt_cpa,"KSDT, CPA",(305) 670-3370,http://www.ksdt.com/,,Coral Gables,accounting,,Y,verified
kuan,Kuan,(786) 408-4636,,"1450 Madruga Ave STE 302, Miami, FL 33146",University of Miami Area,hospitality,4.9,N,
kukicadvertising,Kukic Advertising,(305) 677-1621,http://kukicadvertising.com/,,Ponce de Leon Corridor,marketing,5.0,N,verified
kurzbankurzbantetzelipratt,Kurzban Kurzban Tetzeli & Pratt PA,(305) 744-5888,https://www.kktplaw.com/?npcmp=dir:local:1575323:33134,,Coral Gables,legal,4.7,N,verified
kurzban_kurzban_tetzeli_and_pratt,Kurzban Kurzban Tetzeli and Pratt,(305) 444-0060,https://www.kktplaw.com/?npcmp=dir:local:1575323:33134,"131 Madeira Ave, Coral Gables, FL 33134",Coral Gables,legal,4.7,Y,verified
kurzbankurzbanweingertetzeli_and_pratt,"Kurzban,Kurzban,Weinger,Tetzeli and Pratt",(305) 744-5888,https://www.kktplaw.com/?npcmp=dir:local:1575323:33134,2650 Southwest 27th Avenue,Douglas Road Corridor,legal,4.7,N,verified
kydeco,KyDeco,(201) 502-0358,,,Coral Gables,retail,4.9,N,
l_m_engraving_trophy_company,L & M Engraving & Trophy Company,(305) 273-7607,http://www.lmengraving.com/?utm_source=google,"9465 SW 56th St, Miami, FL 33165",Coral Gables,accounting,4.1,Y,verified
lr_structural_corp,L&R Structural Corp.,(305) 220-8200,http://www.lrstructural.com/?utm_source=google&utm_medium=wix_google_business_profile&utm_campaign=2097039469708118890,"6495 Bird Rd, Miami, FL 33155",Bird Road Corridor,professional_services,4.7,N,verified
lamour_boutique,L'Amour Boutique,(305) 992-0630,https://lamourspafl.com/?contact_posted=true#ContactForm-AcDc2d2N4VDc4MUxpc__contact_form_3BFzBK,6558 Southwest 40th Street,Bird Road Corridor,retail,4.9,N,unverified
lartisane,L'Artisane,(786) 502-8595,https://www.lartisanebakery.com/,2526 Ponce de Leon Boulevard,Miracle Mile,retail,4.7,N,verified
loccitane_en_provence,L'Occitane En Provence,(305) 445-1040,https://www.loccitane.com/en-us/store?id=04OCST070&y_source=1_MTM3MjIxMjctNzE1LWxvY2F0aW9uLndlYnNpdGU%3D,"330 San Lorenzo Ave, Coral Gables, FL 33146",Coral Gables,personal_services,4.6,Y,verified
labellasalon,La Bella Salon,(305) 444-1412,https://www.labellasalons.com/,,Ponce de Leon Corridor,personal_services,4.8,N,verified
laboulangerieboulmich,La Boulangerie Boul'Mich,(305) 858-1080,https://www.laboulangerieusa.com/,,Coral Gables,food_beverage,4.7,N,verified
la_carreta,La Carreta,(305) 444-7501,http://lacarreta.com/,3632 Southwest 8th Street,Coral Gables,food_beverage,4.2,N,verified
lacasitacubancuisine,La Casita Cuban Cuisine,,https://lacasitacubancuisine.com/,,Coral Gables,food_beverage,4.1,N,verified
la_casita_restaurant,La Casita Restaurant,(305) 448-8224,https://lacasitacubancuisine.com/,3805 Southwest 8th Street,Coral Gables,food_beverage,4.5,N,verified
laelegantecleaners,La Elegante Cleaners,(305) 444-8711,https://www.instagram.com/laelegante_cleaners/?hl=en,,Coral Gables,personal_services,4.1,N,verified
la_familia,La Familia,(305) 894-2993,http://www.lafamiliamultiservices.com/,"4800 W Flagler St, Coral Gables, FL 33134",University of Miami Area,hospitality,3.6,N,verified
la_fitness,LA Fitness,(305) 665-7846,https://www.lafitness.com/Pages/clubhome.aspx?clubid=712&utm_source=google&utm_medium=googlemaps&utm_campaign=maps,5701 Sunset Drive,Sunset / South Gables,wellness,2.7,N,verified
laindustriabakerycafe,La Industria Bakery & Cafe,(786) 803-8333,https://www.laindustriabakery.com/,,Coral Gables,food_beverage,4.7,N,verified
lajamotecacoralgables,La Jamoteca Coral Gables,(305) 399-9095,http://www.lajamoteca.com/,,Miracle Mile,retail,4.9,N,verified
la_palma,La Palma,(305) 261-1113,,6091 Southwest 8th Street,Coral Gables,food_beverage,4,N,
la_pata_gorda,La Pata Gorda,(786) 741-4961,https://lapatagorda.com/,"232 Miracle Mile, Coral Gables, FL 33134",Coral Gables,other,4.8,Y,verified
laperlaautoreir,La Perla Auto Repair Corp,(786) 401-7020,,,Coral Gables,auto_dealer,4.5,N,
lapremiereecole,La Premiere Ecole,,,,Douglas Road Corridor,education,,N,
lapremiererealty,LA PREMIERE Realty,(305) 927-8103,http://www.lapremiererealty.com/,,Coral Gables,real_estate,5.0,N,verified
la_provence,La Provence,(305) 476-0530,,"2300 Ponce de Leon Blvd, Coral Gables, FL 33134",Ponce de Leon Corridor,retail,4.4,N,
larocamiami,La Roca Miami,(520) 245-7020,https://www.larocacc.com/miami/,,Bird Road Corridor,nonprofit,4.9,N,verified
larosagastrobar,La Rosa Gastrobar,(786) 870-5466,https://www.larosagastrobar.com/?y_source=1_MjAxNTc0NDk5Mi03MTUtbG9jYXRpb24ud2Vic2l0ZQ%3D%3D,,Miracle Mile,food_beverage,4.9,N,verified
la_rosa_restaurant,La Rosa Restaurant,(305) 215-7947,https://larosagastrobar.com,"382 Miracle Mile, Coral Gables, FL 33134",Coral Gables,food_beverage,4.9,Y,unverified
latabernagiralda,La Taberna Giralda,(786) 362-5677,http://www.giralda254.com/,,Miracle Mile,food_beverage,4.3,N,verified
ladintaxfinancialgroupcoralgablesmiamifinancialadvisors,Ladin Tax & Financial Group - Coral Gables & Miami Financial Advisors,(305) 444-4898,http://www.ladintax.com/,,Miracle Mile,financial_services,5.0,N,verified
lag_realty_international_s_a,"LAG REALTY INTERNATIONAL, S. A.",(507) 340-6444,https://laglex.com,"4601 Ponce de Leon Blvd Suite 102, Coral Gables, FL 33146",Coral Gables,real_estate,5,Y,unverified
lakeside_expo_center,Lakeside Expo Center,,https://events.miami.edu/lakeside_expo_center_17,1280 Stanford Drive,University of Miami Area,other,,N,verified
lakeside_patio_stage,Lakeside Patio Stage,(305) 445-1119,http://www.gablestage.org/,"1200 Anastasia Ave #230, Coral Gables, FL 33134",University of Miami Area,arts_culture,4.8,N,unverified
lamoursfl,Lamour spa fl,(305) 992-0630,https://lamourspafl.com/?contact_posted=true#ContactForm-AcDc2d2N4VDc4MUxpc__contact_form_3BFzBK,,Ponce de Leon Corridor,wellness,4.9,N,verified
lannasiancafe,LAN Pan Asian Cafe,(305) 661-8141,http://lanpanasian.com/,"8332 South Dixie Highway, Miami, FL 33143",Sunset / South Gables,food_beverage,,N,verified
landrovercoralgables,Land Rover Coral Gables,(305) 476-4000,https://www.landrovercoralgables.com/,,Bird Road Corridor,auto_dealer,4.8,N,verified
landmark_at_merrick_park,Landmark at Merrick Park,(786) 574-4116,https://www.landmarktheatres.com/miami/the-landmark-at-merrick-park,"358 San Lorenzo Ave, Coral Gables, FL 33146, United States",Bird Road Corridor,arts_culture,4.3,N,verified
landmarkwinespiritsminorussakeshop,Landmark Wine & Spirits + Minoru's Sake Shop,(212) 242-2323,http://www.wineon23.com/,,Coral Gables,food_beverage,4.7,N,verified
lanes,Lanes,(305) 667-3101,http://lanessouthmiami.com/,"5700 Sunset Dr, South Miami, FL 33143",Sunset / South Gables,retail,4.4,N,verified
lansighttechnology,Lansight Technology,(305) 445-8897,http://www.lansight.com/,,Ponce de Leon Corridor,technology,4.9,N,verified
large_metal_b,Large Metal B,(786) 703-3125,http://hqdtechusa.com/,"3202 Coral Wy unit b, Coral Gables, FL 33145",University of Miami Area,hospitality,4.6,N,unverified
larkin_community_hospital,Larkin Community Hospital,(305) 284-7500,https://larkinhealth.com/en/,7031 Southwest 62nd Avenue,Sunset / South Gables,healthcare,4.5,N,verified
lasamericasdaycarecenter,Las Americas Day Care Center,,,,Coral Gables,education,,N,
lasalledrycleaners,LaSalle Dry Cleaners,(305) 446-6458,http://www.lasalledrycleaners.com/,,Miracle Mile,personal_services,3.3,N,verified
latin_american_art_museum,Latin American Art Museum,(305) 989-9085,http://www.latinartcore.com/,"1646 SW 8th St, Miami, FL 33135",Coral Gables,arts_culture,4.5,N,verified
latin_press_media__events,Latin Press Media & Events,(305) 285-3133,https://www.latinpressinc.com/en/,600 Southwest 22nd Avenue,Coral Gables,marketing,5,N,verified
laura_l_russo_esq_llc,"Laura L. Russo, Esq. LLC",(305) 476-8300,http://www.rexrussolaw.com/contact.html,"1550 Madruga Ave, Coral Gables, FL 33146",Coral Gables,legal,,Y,unverified
laurensfacetheday,Lauren's Face the Day,(305) 448-9400,http://www.laurensfacetheday.com/,,Alhambra Circle,wellness,5.0,N,verified
lavender_greenberg_estate_planning_probate_law,Lavender Greenberg Estate Planning & Probate Law,(786) 832-4694,http://lglawmiami.com/,"2525 Ponce de Leon Blvd Suit 300, Coral Gables, FL 33134, United States",Coral Gables,legal,5,Y,verified
lawofficeofdiaznunezelorza,Law Office of Diaz & Nunez Elorza PA,(305) 521-3299,http://www.diazelorza.com/,,Coral Gables,legal,4.9,N,verified
law_office_of_ferdie_and_lones_chartered,Law Office of Ferdie and Lones Chartered,(305) 445-3557,https://ferdieandlones.com/,717 Ponce de Leon Boulevard,Coral Gables,legal,5,N,verified
law_office_of_francisco_a_marty,Law Office of Francisco A. Marty,(305) 545-5282,http://criminaldefenseattorneys.miami/,"6790 Coral Wy 3rd floor, Miami, FL 33155",Coral Gables,legal,5,Y,verified
law_office_of_francisco_cieza_pa,"Law Office of Francisco Cieza, P.A.",(786) 423-8144,http://www.ciezalawfirm.com/,"2525 Ponce de Leon Blvd Suit 300, Miami, FL 33134",Coral Gables,legal,5,Y,verified
law_office_of_vanessa_d_torres_pa,Law Office of Vanessa D. Torres P.A.,(786) 801-0271,http://www.vdtlaw.com/,"999 Ponce de Leon Blvd # 500, Coral Gables, FL 33134",Coral Gables,legal,4.9,Y,verified
lawofficesofandrearouviere,Law Offices of Andre A. Rouviere,(305) 774-7000,https://rouvierelawfirm.com/,,Bird Road Corridor,legal,4.8,N,verified
lawofficesofdiegotraibel,Law Offices of Diego Traibel,(305) 791-6775,,,Ponce de Leon Corridor,legal,5.0,N,
lawofficesoflawrenceskatz,Law Offices of Lawrence S. Katz PA,(305) 670-8656,https://www.katzfamilylaw.com/?npcmp=dir:local:2113713:33156,"Miami, FL - Serving Coral Gables",Coral Gables,legal,4.7,N,verified
lawofficesofmjlouis,Law Offices of M J Louis,(305) 377-9646,http://mjlouislaw.com/,,Miracle Mile,legal,5.0,N,verified
lawofficesofmartinjrivas,Law Offices of Martin J Rivas PA,(305) 441-2221,,,Coral Gables,legal,4.8,N,
lawofficesofrodrigosdasilva,Law Offices of Rodrigo S. Da Silva PA,(305) 615-1434,http://rdasilvalaw.com/,"Miami, FL - Serving Coral Gables",Coral Gables,legal,5,N,verified
le_parc_caf,Le Parc Cafe,(305) 772-8785,https://www.coralgablescountryclub.com/leparc-caf%C3%A9,997 North Greenway Drive,Coral Gables,food_beverage,4.7,N,unverified
lercbonjourcafbistro,"Le Parc-Bonjour, Café Bistro",(305) 722-8785,https://leparccafe.com/,,Coral Gables,food_beverage,4.7,N,verified
le_paris_cake_design_bakery,Le Paris Cake Design Bakery,(305) 269-7000,http://lepariscakedesign.com/,6180 Southwest 8th Street,Coral Gables,food_beverage,4.3,N,verified
le_petit_caf,Le petit cafe,(305) 442-9915,,92 Miracle Mile,Miracle Mile,food_beverage,4.3,N,
lepetitscoralgables,Le Petit Spa Corp. - Coral Gables,(786) 801-1140,http://www.lepetiteyouthspa.com/,,Ponce de Leon Corridor,wellness,4.9,N,verified
leaderservice,Leader Service,(305) 858-1020,https://leaderservicemiami.com/,"1700 Coral Way, Miami, FL 33145",Coral Gables,auto_dealer,4.9,N,verified
learningworkshop,Learning Workshop,,,,Sunset / South Gables,education,,N,
leasing_office__district_west_gables,Leasing Office - District West Gables,(786) 765-4586,https://solenawestmiami.com/?utm_source=gmb&utm_medium=organic,2001 Ludlam Road,Coral Gables,real_estate,4.6,N,unverified
leeschool,Lee School,,,,Sunset / South Gables,education,,N,
legacy,LEGACY,(305) 240-1096,https://legacyfit.com/,,Ponce de Leon Corridor,wellness,4.7,N,verified
legal_services_of_greater_miami_inc,Legal Services of Greater Miami Inc.,(305) 438-2513,http://www.legalservicesmiami.org/,"4343 W Flagler St #100, Miami, FL 33134",Coral Gables,legal,4,Y,verified
legends_miami_hurricanes,Legends  Miami Hurricanes,(305) 284-2211,https://miamihurricanes.com,"1320 S Dixie Hwy, Coral Gables, FL 33146",Coral Gables,accounting,4.6,Y,unverified
leicastoremiami,Leica Store Miami,(305) 921-4433,http://www.leicastoremiami.com/,,Miracle Mile,retail,4.7,N,verified
lenscrafters,LensCrafters,(786) 526-5053,https://local.lenscrafters.com/fl/coral-gables/358-san-lorenzo-avenue.html?cid=yext_E896&y_source=1_MTc0MzI4MzYtNzE1LWxvY2F0aW9uLndlYnNpdGU%3D,"Second Floor, 358 San Lorenzo Ave Space 2305, Coral Gables, FL 33146",Coral Gables,wellness,4.9,Y,verified
let_go_stress_llc,"Let Go Stress, LLC",(786) 328-8437,https://www.letgostress.com/,"3309 Ponce de Leon Blvd, Coral Gables, FL 33134",Coral Gables,wellness,5,Y,verified
let_them_have_cake_llc,"Let Them Have Cake, LLC",(305) 987-3428,https://letthemhavecakemiami.com/,"367 Alhambra Cir, Coral Gables, FL 33134",Coral Gables,food_beverage,4.9,Y,verified
letsprototype,Let's prototype,(786) 402-1124,https://letsprototype.com/en,,Ponce de Leon Corridor,healthcare,4.6,N,verified
leticiainsuranceagency,Leticia Insurance Agency,(305) 631-2094,http://www.leticiainsuranceagency.com/,,Coral Gables,insurance,4.8,N,verified
leunamjrodriguezmd,"Leunam J. Rodriguez, MD, LLC",(305) 663-0088,https://baptisthealth.net/doctors/primary-care/leunam-jesys-rodriguez/869929,,University of Miami,other,4.3,N,verified
liberty_elevator_corporation,Liberty Elevator Corporation,(800) 522-4551,https://florida.libertyelevator.com/en/locations/Coral-Gables/,,Coral Gables,construction,,Y,verified
liberty_health_sciences,Liberty Health Sciences,(786) 598-2022,https://www.libertyhealthsciences.com,6827 Southwest 40th Street,Bird Road Corridor,retail,4.7,N,unverified
librera_san_pablo,Libreria San Pablo,(305) 269-9585,http://www.sanpablomia.com/,5800 Southwest 8th Street,Coral Gables,retail,4.9,N,verified
life_imaging_fla,Life Imaging FLA,(772) 773-6675,https://lifeimagingfla.com/contact/?utm_source=gmb_auth,"2344 Douglas Rd, Coral Gables, FL 33134",Coral Gables,other,4.9,Y,verified
lifescoralgables,Life Spa Coral Gables,(786) 437-4424,http://www.lifespaonline.com/,,Coral Gables,wellness,4.8,N,verified
life_theory_inc,Life Theory Inc.,(786) 676-2592,https://lifetheorymia.com/,"2525 Ponce de Leon Blvd STE 302, Coral Gables, FL 33134",Coral Gables,healthcare,5,Y,verified
life_time,Life Time,(786) 437-4467,https://www.lifetime.life/locations/fl/coral-gables.html?utm_source=google&utm_medium=local&utm_campaign=google-local-club,237 South Dixie Highway,Coral Gables,wellness,3.8,Y,verified
lifetimecoralgables,Life Time Coral Gables,(786) 437-4407,https://www.lifetime.life/locations/fl/coral-gables.html?utm_source=google&utm_medium=local&utm_campaign=google-local-club,,Coral Gables,wellness,3.8,N,verified
lifeclinicchiropracticrehabilitationcoralgablesfl,"LifeClinic Chiropractic & Rehabilitation - Coral Gables, FL",(786) 437-4458,https://lifeclinic.lifetime.life/locations/fl/coral-gables.html,,Coral Gables,healthcare,4.9,N,verified
lighthouse_internet_media,Lighthouse Internet Media,(305) 987-2506,https://lighthouseinternetmedia.com/,,Coral Gables,marketing,,Y,verified
lightrailyoga,Lightrail Yoga,(786) 294-1264,http://www.lightrailyoga.com/,,Ponce de Leon Corridor,wellness,5.0,N,verified
liksbeautyandwellnesssfacialandbodycontouring,Liks Beauty and Wellness Spa- Facial and Body Contouring,(954) 505-0734,https://www.liksbeautymiami.com/,,Coral Gables,healthcare,4.9,N,verified
lilianafineartgallery,Liliana Fine Art Gallery,(786) 635-4912,,,Coral Gables,arts_culture,5.0,N,
lilly_pulitzer,Lilly Pulitzer,(305) 441-9837,https://www.lillypulitzer.com/store/details/?storeId=80228-262&city=coral-gables&utm_source=gmb&utm_medium=organic,"358 San Lorenzo Ave #1525, Coral Gables, FL 33146",Coral Gables,other,4.2,Y,verified
lolnmartischools,Lincoln Marti Schools,,http://www.lincoln-marti.com/,,Douglas Road Corridor,education,,N,verified
lolnmartischool,Lincoln-Marti School,,http://www.lincoln-marti.com/,,Coral Gables,education,,N,verified
lolnmartischool1stcampus,Lincoln-Marti School 1st Campus,,,,Coral Gables,education,,N,
lolnmartischool3rdcampus,Lincoln-Marti School 3rd Campus,,,,Douglas Road Corridor,education,,N,
liquor_dreams,Liquor Dreams,(305) 456-3567,http://liquordreams.com/,248 Giralda Avenue,Miracle Mile,food_beverage,4.9,N,verified
lisandrasjewelryofmiami,Lisandra’s Jewelry of Miami,(305) 269-3889,,,Coral Gables,retail,5.0,N,
lisset_galeyev_photography,Lisset Galeyev Photography,(786) 768-5104,https://www.lissetgaleyevphotography.com/,"2614 SW 8th St, Miami, FL 33135",Coral Gables,media_entertainment,5,Y,verified
little_caesars,Little Caesars,(305) 661-7202,https://littlecaesars.com/en-us/store/494,4100 Southwest 67th Avenue,Bird Road Corridor,food_beverage,4.1,N,verified
littlehavanagiftshop,LITTLE HAVANA GIFT SHOP,(786) 768-1170,https://littlehavanagiftshop.com/,,Coral Gables,retail,4.5,N,verified
little_local,Little Local,(305) 439-6641,https://littlelocal.co,"Miami, 3808 SW 8th St, Coral Gables, FL 33134",Coral Gables,personal_services,4.8,Y,unverified
littlepeoplelearningcenter,Little People Learning Center,,,,Coral Gables,education,,N,
littlepeopleschool,Little People School,,,,Coral Gables,education,,N,
littleshavernumber1josemartischool,Little Shaver Number 1 Jose Marti School,,,,Douglas Road Corridor,education,,N,
live_like_bella_childhood_cancer_foundation,Live Like Bella(R) Childhood Cancer Foundation,(786) 505-3914,http://livelikebella.org/,"2199 Ponce de Leon Blvd #303, Coral Gables, FL 33134",Coral Gables,nonprofit,5.0,Y,verified
llakhdar_coaching,Llakhdar Coaching,(850) 322-8109,https://lakhdarcoaching.com,,Coral Gables,consulting,,Y,unverified
loews_coral_gables_hotel,Loews Coral Gables Hotel,(786) 772-7676,https://www.loewshotels.com/coral-gables,2950 Coconut Grove Drive,downtown coral gables,hospitality,4.6,Y,verified
loewscoralgableshotel,Loews Coral Gables Hotel,(786) 772-7600,https://www.loewshotels.com/coral-gables,,Coral Gables,hospitality,4.6,N,verified
lokal_burgers_and_beer,Lokal Burgers and Beer,(305) 442-3377,https://www.kushhospitality.com/lokal,3190 Commodore Plaza,Coral Gables,food_beverage,4.5,N,verified
lolysmiami,Loly Spa Miami,(786) 659-7859,https://www.lolyspa.com/,,Ponce de Leon Corridor,wellness,5.0,N,verified
lolysoptical,Loly's Optical,(305) 446-8220,http://www.lolysoptical.com/,,Coral Gables,healthcare,4.0,N,verified
lomax_legal_pllc,Lomax Legal PLLC,(305) 582-6506,http://www.lomaxlegal.com/,"396 Alhambra Cir # 202, Coral Gables, FL 33134",Coral Gables,legal,3,Y,verified
longevity_pr_agency,Longevity PR Agency,(305) 989-4824,http://www.longevitymedia.co/,"253 NE 2nd St #609, Miami, FL 33132",Coral Gables,marketing,,Y,unverified
los_gallegos,Los Gallegos,(305) 661-3040,https://www.instagram.com/losgallegosmiami,6549 Bird Road,Bird Road Corridor,food_beverage,4.5,N,verified
los_jalapeos_coral_way,Los Jalapenos Coral Way,,,2090 Ludlam Road,Coral Gables,food_beverage,4.3,N,
los_ranchos_coral_gables,Los Ranchos Coral Gables,(305) 220-5153,https://losranchossteakhouse.com,"2728 Ponce de Leon Blvd, Coral Gables, FL 33134",Coral Gables,other,4.1,Y,unverified
lot28,Lot28,(917) 528-2072,,,Coral Gables,retail,5.0,N,
lovediscoveryinstitute,Love Discovery Institute,(305) 518-1178,https://www.lovediscovery.org/?utm_campaign=gmb,,Coral Gables,healthcare,4.8,N,verified
lovesac,Lovesac,(305) 476-6017,http://www.lovesac.com/,,Bird Road Corridor,retail,4.3,N,verified
lowe_art_gallery,Lowe Art Gallery,(305) 284-3535,https://www.lowe.miami.edu/,"1301 Stanford Dr, Miami, FL 33146",University of Miami Area,arts_culture,4.6,N,verified
lowe_art_museum,Lowe Art Museum,(305) 284-3535,https://www.lowe.miami.edu/,"1301 Stanford Dr, Miami, FL 33146",Coral Gables,arts_culture,4.6,Y,verified
lowell_international_realty_llc,"Lowell International Realty, LLC",(305) 520-5420,https://thelanigroup.com/,"4601 Ponce de Leon Blvd Suite 102, Coral Gables, FL 33146",Coral Gables,real_estate,5,Y,verified
lrk_seating_products_llc,"LRK Seating Products, LLC",(305) 926-6277,https://lrkseating.com/,"15763 NW 16th Ct, Miami, FL 33169",Coral Gables,retail,5,Y,verified
luca_osteria,Luca Osteria,(305) 381-5097,http://www.lucamiami.com/,,Giralda Plaza,food_beverage,4.2,N,verified
lucasautoreir,Lucas Auto Repair,(305) 264-0220,,,Coral Gables,auto_dealer,4.8,N,
lucernebakery,Lucerne Bakery,(305) 986-1507,https://www.lucernebakery.com/,,Coral Gables,food_beverage,4.5,N,verified
luckyconcretecoralgables,Lucky Concrete Coral Gables,(786) 692-4274,https://luckysconcretecoralgables.com/,,Coral Gables,construction,5.0,N,verified
ludlamelementaryschool,Ludlam Elementary School,,https://ludlamelementary.net/,,Sunset / South Gables,education,,N,verified
ludlam_insurance,Ludlam Insurance,(305) 669-8823,,2504 Southwest 67th Avenue,Coral Gables,insurance,4.7,N,
ludos,Ludo's,,http://www.ludosristorante.com,,Douglas Road Corridor,food_beverage,,N,unverified
luis_galindo_latin_america_restaurant,Luis Galindo Latin America Restaurant,(305) 267-9995,https://luisgalindolatinamerica.shop/,,Coral Gables,food_beverage,4.3,N,verified
lulu,Lulu,(305) 506-1378,https://shop.lululemon.com/stores/us/coral-gables/merrick-park?utm_source=organic&utm_medium=local_listings&utm_campaign=GBP,"342 San Lorenzo Ave Unit 1050, Coral Gables, FL 33146",Douglas Road Corridor,food_beverage,4.1,N,verified
luly_b_inc,Luly B Inc.,(305) 417-8817,http://www.lulyb.com/,,Coral Gables,consulting,5,Y,verified
luminaireflagship,Luminaire Flagship,(305) 448-7367,https://www.luminaire.com/,,Miracle Mile,retail,4.4,N,verified
luxlifestylechiropracticdrbrittanyhollidaydc,"Lux Lifestyle Chiropractic || Dr. Brittany Holliday, DC",(786) 919-6316,https://www.luxlifestylechiropractic.com/,,Ponce de Leon Corridor,healthcare,5.0,N,verified
luxeproperties,LUXE Properties,(305) 438-7764,http://liveluxehomes.com/,,Ponce de Leon Corridor,real_estate,4.6,N,verified
luxon_construction,Luxon Construction,(786) 862-6033,https://luxonconstruction.com/,,Coral Gables,construction,5.0,Y,verified
mcautotech,M C Auto Tech,(305) 662-6273,http://www.facebook.com/DrGasket,,Sunset / South Gables,auto_dealer,4.8,N,verified
m_bravocampa_dds_and_leyanne_salvador_dmd_dentist,M. Bravo-Campa DDS and Leyanne Salvador DMD Dentist,(305) 266-3974,http://www.salvadordmd.com/,6507 Southwest 24th Street,Coral Gables,healthcare,4.7,N,verified
m2e_consulting_engineers,M2E Consulting Engineers,(305) 998-0663,,5815 Southwest 68th Street,Sunset / South Gables,professional_services,4.0,N,
m2skin,M2Skin,(407) 600-1656,https://www.m2skin.com/,"114 NW 25th St unit #102, Miami, FL 33127",Coral Gables,technology,5,Y,verified
macdonald_west,Macdonald West,(305) 666-9919,https://www.mcdonalds.com/us/en-us/location/FL/CORAL-GABLES/1148-DIXIE-HWY/14782.html?cid=RF:YXT:GMB::Clicks,"1148 S Dixie Hwy, Coral Gables, FL 33146",Coral Gables,other,3.5,Y,verified
mack_cycle_and_fitness,Mack Cycle and Fitness,(305) 661-8363,https://www.mackcycle.com/,5995 Southwest 72nd Street,Sunset / South Gables,retail,4.8,N,verified
macondo_coffee_roasters,Macondo Coffee Roasters,(786) 860-5515,https://macondocoffee.com/,820 Southwest 20th Avenue,Coral Gables,food_beverage,4.8,N,verified
macys,Macy's,(201) 255-5200,,,Coral Gables,retail,4.3,N,
made_in_miami,Made In Miami,(630) 414-6810,https://drmiamimd.com,"39 Harding Ave, Clifton, NJ 07011",Coral Gables,other,4.5,Y,unverified
madewell,Madewell,(332) 456-4976,https://stores.madewell.com/us/fl/coral-gables/350-san-lorenzo-avenue,,Coral Gables,retail,4.5,N,verified
madisonconstructiongroup,Madison Construction Group Inc.,(305) 220-8997,http://www.madisongc.com/,,Coral Gables,construction,5.0,N,verified
madisonreedhaircolorbarcoralgables,Madison Reed Hair Color Bar Coral Gables,(305) 487-8812,https://www.madison-reed.com/colorbar/locations/coralgables,,Bird Road Corridor,personal_services,4.7,N,verified
madrugabakery,Madruga Bakery,(305) 262-6130,https://madrugaorders.square.site/,,Sunset / South Gables,food_beverage,4.5,N,verified
mahoneypearson_dining_hall,Mahoney-Pearson Dining Hall,(305) 284-2715,https://business-services.miami.edu/departments/auxiliary-services/dining-services/index.html,1221 Stanford Drive,University of Miami Area,food_beverage,4.3,N,verified
maidelingc,MaidelinGC,(786) 899-1385,https://hairbymaidelingc.square.site/,3825 Southwest 8th Street,Coral Gables,retail,5,N,verified
maison_berger_usa_inc,Maison Berger USA Inc.,(805) 260-4226,https://maison-berger.com/,"358 San Lorenzo Ave Suite 2327, Coral Gables, FL 33146",Coral Gables,other,5,Y,verified
maiz_y_agave,Maiz y Agave,(305) 723-9898,https://www.maizyagave.com/,"375 Miracle Mile, Miami, FL 33134",Coral Gables,other,4.7,Y,verified
majesticportuguesebakehouse,Majestic Portuguese Bakehouse,(786) 294-0833,http://www.majesticbakehouse.com/,,Coral Gables,food_beverage,4.7,N,verified
major_food_group_sadelle_restaurant,Major Food Group | Sadelle Restaurant,(917) 817-8770,https://majorfood.com,"1350 S Dixie Hwy, Coral Gables, FL 33146",Coral Gables,food_beverage,4.3,Y,unverified
malakor_thai_isaan,Malakor Thai Isaan,(786) 558-4862,http://www.malakorthaiisaan.com/,90 Miracle Mile,Miracle Mile,food_beverage,4.1,N,verified
maman,maman,(305) 603-9206,https://mamannyc.com/locations/coral-gables,"136 Miracle Mile, Coral Gables, FL 33134",Coral Gables,food_beverage,4.8,Y,verified
maman_coffee_bakery_kitchen,Maman Coffee Bakery Kitchen,(305) 967-8260,https://mamannyc.com/locations/coral-gables,136 Miracle Mile,Miracle Mile,food_beverage,4.7,N,unverified
mamey_miami,Mamey Miami,(305) 266-2639,http://mameymiami.com/,"1350 S Dixie Hwy, Coral Gables, FL 33146",Coral Gables,food_beverage,4.3,Y,verified
mancaveformentheplazacoralgables,ManCave for Men - The Plaza Coral Gables,(786) 977-1977,http://mancaveformen.com/,,Ponce de Leon Corridor,food_beverage,4.9,N,verified
mandellawgroup,Mandel Law Group PA,(786) 785-2579,https://www.mandellawgroup.com/,Throughout Florida,Coral Gables,legal,3,N,verified
mandlerphysicaltherapy,Mandler Physical Therapy,(786) 362-5618,https://www.mandlerpt.com/,,Sunset / South Gables,healthcare,5.0,N,verified
manipediboutique,MANIPEDI Boutique,(786) 290-1813,https://manipediboutique.com/,,Coral Gables,personal_services,5.0,N,verified
mankindgroomingservices,ManKind Grooming & Services,(305) 446-2500,https://mankindformen.com/coral-gables/,,Miracle Mile,food_beverage,4.7,N,verified
manoliberamarcogiugliano,Mano Libera - Marco Giugliano,(786) 783-6960,https://www.manoliberamiami.com/,,Sunset / South Gables,food_beverage,4.9,N,verified
manuelgarciafrangiemdfamilydoctor,"Manuel Garcia-Frangie, M.D., P.A. Family Doctor",(305) 326-3343,,,Bird Road Corridor,healthcare,3.9,N,
marengineers,MAR Engineers,(786) 208-7972,https://marengineers.com/,,Ponce de Leon Corridor,professional_services,5.0,N,verified
marathon,Marathon,(305) 448-6145,,3000 Southwest 27th Avenue,Douglas Road Corridor,auto_dealer,3.4,N,
marbella_perfumes,Marbella Perfumes,(305) 720-7157,https://marbellaperfumes.com,"1600 Ponce de Leon Blvd Suite A, Coral Gables, FL 33134",Coral Gables,other,5,Y,unverified
mariaelenakendallmd,"Maria Elena Kendall, MD",(305) 446-2121,http://www.dermbarmd.com/,,Alhambra Circle,healthcare,2.9,N,verified
mariagonzalezod,"Maria Gonzalez, OD",(305) 854-0736,,,Coral Gables,healthcare,5.0,N,
mariamartinez,Maria Martinez,,,,Coral Gables,healthcare,4.8,N,
marietorossianc,"Marie Torossian, CPA",(866) 812-2910,https://marietorossiancpa.com/,,Miracle Mile,accounting,5.0,N,verified
mariner,Mariner,(305) 443-0060,https://www.marinerwealthadvisors.com/,,Coral Gables,financial_services,5.0,N,verified
mariner_wealth_advisors,Mariner Wealth Advisors,(305) 443-0230,https://marinewealthadvisors.com,"800 Douglas Rd # 900, Coral Gables, FL 33134, United States",Coral Gables,financial_services,5,Y,unverified
maritza_capiro_interior_designs_corp,Maritza Capiro Interior Designs Corp.,(305) 528-2332,https://www.maritzacapiro.com/interior-design/coral-gables/?utm_source=GMBCoral&utm_medium=organic,"4160 SW 11th St, Coral Gables, FL 33134",Coral Gables,marketing,5,Y,verified
market_nxt,Market NXT,(305) 529-1215,https://www.shopsatmerrickpark.com/en.html,1306 Stanford Drive,University of Miami Area,retail,4.6,N,verified
markham_yard,Markham Yard,(305) 445-6642,https://www.markhamyard.com/,"2121 Ponce de Leon Blvd Suite 530, Coral Gables, FL 33134",Coral Gables,marketing,5,Y,verified
marly_q_llc,"MARLY Q, LLC",(305) 908-2483,https://www.marlyq.com/,,Coral Gables,consulting,5,Y,verified
marriott_international_cala_development,Marriott International  CALA Development,(305) 420-4052,https://marriott.com,"4101 NW 87th Ave, Miami, FL 33178",Coral Gables,hospitality,4.5,Y,unverified
marsicano_leyva_pllc,"Marsicano + Leyva, PLLC",(305) 721-2917,http://www.mlesquire.com/,"1600 Ponce de Leon Blvd 10th floor, Coral Gables, FL 33134",Coral Gables,legal,4.9,Y,verified
marthamendezoffeinsteinmendez,Martha Mendez of Feinstein & Mendez,(786) 404-1024,https://fmpalawfirm.com/?utm_source=organic&utm_medium=gbp&utm_campaign=nsa-seo,,Coral Gables,legal,5.0,N,verified
marthavieramd,Martha Viera MD,(305) 239-5585,https://www.vieramarthamd.com/?utm_source=gmb_auth,,Coral Gables,healthcare,4.8,N,verified
marujagilrealtor,"Maruja Gil PA, Realtor",(305) 812-1454,https://marujagilproperties.com/,,Coral Gables,real_estate,5.0,N,verified
marys_cafeteria,Mary's Cafeteria,(305) 443-6672,https://www.instagram.com/maryscafemiami/?hl=en,2542 Southwest 27th Avenue,Douglas Road Corridor,food_beverage,4.4,N,verified
masmedrehab,MasMed Rehab,(305) 781-7121,http://masmedrehab.com/,,Coral Gables,healthcare,5.0,N,verified
massage_envy,Massage Envy,(305) 662-2622,https://locations.massageenvy.com/florida/coral-gables/6927-red-road.html?utm_source=GMB&utm_medium=useractions&utm_campaign=website,6927 Southwest 57th Avenue,Sunset / South Gables,wellness,4.5,N,verified
masterpiecebarbersbarbershop,Masterpiece Barbers Barbershop,(786) 760-1876,https://masterpiece-barbers.square.site/,,Ponce de Leon Corridor,food_beverage,5.0,N,verified
matmaternity,Mat & Maternity,(786) 309-5784,https://www.matandmaternity.com/google,,Miracle Mile,wellness,5.0,N,verified
mathreadingfocusgablestutoring,Math & reading focus Gables Tutoring,(786) 972-1602,https://gablestutoring.com/,,Coral Gables,education,4.9,N,verified
mathnasium,Mathnasium,,https://www.mathnasium.com/math-centers/dadeland?utm_source=Google+&utm_medium=Listing&utm_campaign=Google+Business+Profile,,Sunset / South Gables,education,,N,verified
matsoncharltonsuretygroup,Matson-Charlton Surety Group,(305) 662-3852,https://www.mcsurety.com/,"700 S Dixie Hwy # 100, Coral Gables, FL 33146",Coral Gables,insurance,5,N,verified
matsuri,Matsuri,(305) 663-1615,http://www.matsurimiami.com/,"5759 Bird Rd, Miami, FL 33155",Bird Road Corridor,food_beverage,4.4,N,verified
mattress_firm,Mattress Firm,(786) 237-2983,https://www.mattressfirm.com/en-us/stores/fl/coral-gables/052100?utm_source=Google%20My%20Business&utm_medium=organic&utm_campaign=GMB&utm_term=coral%20gables%20fl&utm_kxconfid=uflnw2ovk,1204 South Dixie Highway,University of Miami Area,retail,4.9,N,verified
mauricio_j_barba_re_brokerassociate,"Mauricio J. Barba, RE Broker/Associate",(305) 439-8311,https://miamisignaturehomes.com/?utm_source=gbp&utm_medium=organic,"1515 Sunset Dr Suite 40, Coral Gables, FL 33143",Coral Gables,food_beverage,4.8,Y,verified
maxappliancereirmiami,Max Appliance Repair Miami,(786) 733-9343,https://www.maxappliancerepairmiami.com/,,Coral Gables,technology,4.9,N,verified
maxwellengineers,"Maxwell Engineers, Inc.",(305) 444-6260,https://maxwellengineers.com/,,Miracle Mile,professional_services,,N,verified
mayfair_grill,Mayfair Grill,(305) 441-0000,https://www.mayfair-grill.com/,3000 Florida Avenue,Douglas Road Corridor,food_beverage,4.4,N,verified
mayfair_house_hotel_garden,Mayfair House Hotel & Garden,(305) 441-0000,https://www.mayfairhousemiami.com/?utm_source=google-gbp&utm_medium=organic&utm_campaign=gbp,"3000 Florida Ave, Miami, FL 33133",Coral Gables,hospitality,4.6,Y,verified
mayors,Mayors,(305) 446-1233,https://www.mayors.com/?utm_source=yext&utm_medium=google&utm_campaign=storelisting&utm_content=4150,,Bird Road Corridor,retail,4.9,N,verified
mazdi_omnicultural_marketing_agency,Mazdi | Omnicultural Marketing Agency,(786) 461-8659,https://mazdi.us,"45 Valencia Ave, Coral Gables, FL 33134",Coral Gables,marketing,5,Y,unverified
mccarter_english_llp,"McCarter & English, LLP",(786) 385-7372,https://www.mccarter.com/,"250 W 55th St 13th Floor, New York, NY 10019",Coral Gables,legal,3.8,Y,verified
mccombie_group,McCombie Group,(305) 331-3555,https://mccombiegroup.com/,"901 Ponce de Leon Blvd Ste. 700, Coral Gables, FL 33134",Coral Gables,other,5,Y,verified
mcdonalds,McDonald's,(305) 667-3551,https://www.mcdonalds.com/us/en-us/location/FL/CORAL-GABLES/1148-DIXIE-HWY/14782.html?cid=RF:YXT:GMB::Clicks,6700 Southwest 40th Street,Bird Road Corridor,food_beverage,3.5,N,verified
mcguire_woods,McGuire Woods,(850) 322-8786,https://mcguirewoods.com,,Coral Gables,consulting,,Y,unverified
mckellar_poursine_pllc,McKellar Poursine PLLC,(305) 721-2954,http://mckellarpoursine.com/,"Upon Request, 175 SW 7th St STE 1611, Miami, FL 33130, United States",Coral Gables,legal,5,Y,verified
md_now_urgent_care,MD Now Urgent Care,(305) 569-9942,https://www.mymdnow.com/locations/dade/dadeland?utm_campaign=corp_listings_mgmt&utm_source=google&utm_medium=business_listing,6605 South Dixie Highway,Sunset / South Gables,healthcare,4.5,N,verified
mdnowurgentcarecoralway,MD Now Urgent Care - Coral Way,(305) 569-9942,https://www.mymdnow.com/locations/dade/coral-way?utm_campaign=corp_listings_mgmt&utm_source=google&utm_medium=business_listing,"2750 Coral Way, Coral Gables, FL 33145",Coral Gables,healthcare,4.5,N,verified
md_senior_placement,MD Senior Placement,(786) 326-3933,http://www.floridaseniorplacement.net/,,Coral Gables,accounting,5,Y,verified
mdcps_office_of_community_engagement,MDCPS Office of Community Engagement,(305) 995-2594,https://engagemiamidade.net,"Dooly Memorial Classroom Building, 1111 Memorial Dr, Coral Gables, FL 33146",Coral Gables,accounting,,Y,unverified
mean_average,Mean Average,,,"2901 Coconut Grove Dr, Coral Gables, FL 33134",Ponce de Leon Corridor,hospitality,5,N,
mediaglobalgroup,Media Global Group,(786) 431-4555,http://www.mggmedia.com/,,Ponce de Leon Corridor,marketing,5.0,N,verified
medical_care_survices_miami,Medical Care Survices Miami,(305) 501-2306,https://www.mcskeys.com/,"Davmor Center, 4300 SW 73rd Ave #110, Miami, FL 33155",Bird Road Corridor,retail,4,N,verified
megaluxehomes,Mega Luxe Homes,(305) 204-2462,https://www.megaluxehomes.com/contact/,,Coral Gables,real_estate,5.0,N,verified
meirawealth,Meira Wealth,(305) 670-4440,http://www.meirawealth.com/,,Ponce de Leon Corridor,financial_services,4.7,N,verified
melliggroupwealthadvisors,Mellig Group - Wealth Advisors,(917) 421-9890,http://www.mellig.us/,,Coral Gables,financial_services,5.0,N,verified
mepworldgroup,MEP World Group,(305) 205-8681,http://mepworldgroup.com/,,Coral Gables,professional_services,5.0,N,verified
mera_photography,Mera Photography,(310) 926-9704,https://portraitsbymera.com,"264 Andalusia Ave, Coral Gables, FL 33134",Coral Gables,media_entertainment,4.9,Y,unverified
mercantile_europarts_inc,"Mercantile Europarts, Inc.",(305) 266-0507,http://meuroparts.com,6747 Southwest 8th Street,Coral Gables,retail,3,N,unverified
mercedesbenz_of_coral_gables,MercedesBenz of Coral Gables,(305) 445-8593,https://www.mbcoralgables.com/?utm_source=google&utm_medium=organic&utm_campaign=google_my_business&utm_content=website_button,"2801 Salzedo St, Coral Gables, FL 33134",Coral Gables,auto_dealer,4.8,Y,verified
mercysflowers,Mercy's Flowers,(305) 264-5053,https://www.mercysflowers.net/,,Coral Gables,retail,4.3,N,verified
merrickdentalcoralgables,Merrick Dental Coral Gables,(305) 677-9062,http://www.merrickdentalcoralgables.com/,,Bird Road Corridor,healthcare,5.0,N,verified
merrickschool,Merrick School,,,,Ponce de Leon Corridor,education,,N,
merrickspecialeducationcenter,Merrick Special Education Center,,,,Ponce de Leon Corridor,education,,N,
merrilllynchwealthmanagement,Merrill Lynch Wealth Management,(305) 442-6217,https://advisor.ml.com/sites/fl/coral-gables,,Alhambra Circle,financial_services,,N,verified
mesamar,Mesa Mar,,,,Coral Gables,food_beverage,4.2,N,
mesamarseafoodtable,MesaMar Seafood Table,(305) 640-8448,https://mesamar.com/,,Miracle Mile,food_beverage,4.6,N,verified
methodxfitnesscoralgables,Method X Fitness Coral Gables,(305) 299-9666,https://methodxfitness.com/,,Coral Gables,wellness,4.8,N,verified
metro_by_tmobile,Metro by T-Mobile,(305) 261-2005,https://www.metrobyt-mobile.com/stores/bd/metro-by-t-mobile-coral-gables-fl-10193158/?utm_source=google&utm_medium=lastmile&utm_campaign=36635,6556 Southwest 40th Street,Bird Road Corridor,retail,4.5,N,verified
metro_fund_inc,Metro Fund Inc.,(786) 369-8412,https://www.metrofundgroup.com/,"12002 SW 128th Ct #206, Miami, FL 33186",Coral Gables,financial_services,5,Y,verified
metro_mommy_agency,Metro Mommy Agency,(786) 553-3122,https://www.metromommyagency.com/,,Coral Gables,other,4.6,Y,verified
mg_developer,MG Developer,(305) 718-4575,http://www.mgdevelopermiami.com/,"301 Almeria Ave #330, Coral Gables, FL 33134",Coral Gables,technology,4.4,Y,verified
mghairstudio,MG Hair Studio,(305) 774-7151,https://mghair.miami/,,Coral Gables,personal_services,5,N,verified
mghairstudiosoralgablesbesthaircolorsalon,MG Hair Studios in Coral Gables. Best Hair Color Salon,(305) 774-7151,https://mghair.miami/,,Coral Gables,personal_services,5.0,N,verified
mgearchitects,Mge Architects,(305) 444-0413,,,Coral Gables,professional_services,5.0,N,
minailbarcoralgables,Mi Nail Bar Coral Gables,(786) 953-6365,https://minailbarmiraclemile.com/,,Miracle Mile,personal_services,4.2,N,verified
mi_rinconcito_mexicano,Mi Rinconcito Mexicano,(305) 644-4015,https://mirinconcitomexicano.shop/,1961 Southwest 8th Street,Coral Gables,food_beverage,4.5,N,verified
miadentalcoralgables,MIA Dental - Coral Gables,(305) 444-8591,https://miadental.net/,,Coral Gables,healthcare,4.7,N,verified
miamcafecoralgables,MIAM CAFE - CORAL GABLES,(305) 200-3190,http://www.miamcafe.com/,,Ponce de Leon Corridor,food_beverage,4.7,N,verified
miami247plumbingmiamiemergencyplumbers,Miami 24/7 Plumbing - Miami Emergency Plumbers,(305) 440-0878,https://www.miami247plumbing.com/,,Coral Gables,construction,4.8,N,verified
miami_accident_clinic,Miami Accident Clinic,(786) 380-6652,https://iconmedicalcenters.com/miami/,3727 Southwest 8th Street,Coral Gables,healthcare,,N,verified
miami_association_of_realtors,Miami Association of Realtors,(305) 468-7000,http://miamirealtors.com/,"245 Alcazar Ave, Coral Gables, FL 33134",Coral Gables,real_estate,4.6,Y,verified
miamiautocollection,Miami Auto Collection Inc,(305) 264-5506,https://www.305autocollection.com/,,Coral Gables,auto_dealer,4.8,N,verified
miamiautoreirshopbrakestuneupsmultiserversailles,Miami Auto Repair Shop Brakes Tune Ups Multiser Versailles,(786) 474-1311,,,Coral Gables,auto_dealer,3.9,N,
miamibeachinreliefcenter,Miami Beach Pain Relief Center,(305) 531-2933,,,Douglas Road Corridor,healthcare,4.6,N,
miami_center_for_architecture_design,Miami Center for Architecture & Design,(305) 448-7488,http://www.miamicad.org/,"310 SE 1st St, Miami, FL 33131",Coral Gables,professional_services,4.7,Y,verified
miamichildrenshospitalchildcarecenter,Miami Children's Hospital Child Care Center,,,,Coral Gables,education,,N,
miamichiropractic,Miami Chiropractic,(786) 732-1323,https://miamichiropractic.us/,,Douglas Road Corridor,healthcare,4.9,N,verified
miamicounselingresourcecenter,Miami Counseling & Resource Center,(305) 448-8325,https://miamicounseling.com/,,Ponce de Leon Corridor,healthcare,4.5,N,verified
miami_dade_college_eduardo_j_padron_campus,Miami Dade College  Eduardo J. Padron Campus,(305) 237-6186,http://www.mdc.edu/padron,"627 SW 27th Ave, Miami, FL 33135",Coral Gables,accounting,4.4,Y,verified
miami_dade_college_kendall_campus,Miami Dade College Kendall Campus,(305) 237-2154,http://www.mdc.edu/kendall/,2705 Southwest 3rd Street,Douglas Road Corridor,education,4,Y,verified
miami_dade_college_koubek_center,Miami Dade College Koubek Center,(305) 237-7749,https://koubekcenter.org/,2705 Southwest 3rd Street,Douglas Road Corridor,nonprofit,4.7,N,verified
miami_dade_college_padrn_campus,Miami Dade College Padron Campus,(305) 237-6000,http://www.mdc.edu/padron,627 Southwest 27th Avenue,Douglas Road Corridor,education,4.4,N,verified
miamidentalheaven,Miami Dental Heaven,(305) 446-1067,https://www.miamidentalheaven.com/,,Coral Gables,healthcare,5.0,N,verified
miami_derm_anna_chacon_md_pa,"Miami Derm: Anna Chacon, MD, PA",(305) 902-5733,http://www.drannachacon.com/,"135 Madeira Ave, Coral Gables, FL 33134",Coral Gables,legal,4.8,Y,verified
miami_dominoes,Miami Dominoes,(305) 448-7900,https://www.dominos.com/en/?utm_source=google&utm_medium=loclist&utm_campaign=localmaps,"1400 Ponce de Leon Blvd, Coral Gables, FL 33134",University of Miami Area,hospitality,3.3,N,verified
miamielectricalservices,Miami Electrical Services,(844) 987-9393,,,Coral Gables,construction,4.7,N,
miamienvironmentalcivilengineering,"Miami Environmental & Civil Engineering, LLC",(305) 697-8455,http://mec-e.com/,,Coral Gables,professional_services,,N,verified
miamifairtrade,Miami Fair Trade,(305) 448-7421,https://gablesucc.org/miami-fair-trade-marketplace/,,Coral Gables,retail,4.8,N,verified
miami_fire_college,Miami Fire College,(305) 569-3600,http://miamigov.com/,,Coral Gables,education,4.8,N,verified
miami_friends_meeting_of_the_religious_society_of_friends,Miami Friends Meeting of the Religious Society of Friends,(305) 661-7374,https://miamifriends.org/,"1185 Sunset Dr, Coral Gables, FL 33146",Sunset / South Gables,nonprofit,3.5,N,verified
miamifurnitureoutletfurniturestoresinmiami,Miami Furniture Outlet - Furniture Stores in Miami,(305) 400-2016,http://miamifurnitureoutlet.com/,,Sunset / South Gables,retail,5.0,N,verified
miami_guitars,Miami Guitars,(305) 364-5747,https://www.miami-guitars.com/,6703 Southwest 40th Street,Bird Road Corridor,financial_services,4.8,N,verified
miami_herald,Miami Herald,(800) 843-4372,https://miamiherald.com,"sw, 7302 NW 43rd St, Miami, FL 33166",Coral Gables,other,2.5,Y,unverified
miamiinternationaldanceacademy,Miami International Dance Academy,(305) 986-8470,http://www.miaminternationaldanceacademy.com/,,Coral Gables,education,4.7,N,verified
miami_jewish_health,Miami Jewish Health,(305) 762-3842,https://www.miamijewishhealth.org/?utm_source=google&utm_medium=gbp&utm_campaign=main_gbp,"5200 NE 2nd Ave, Miami, FL 33137",Coral Gables,healthcare,3.4,Y,verified
miami_learning_experience_school,Miami Learning Experience School,(305) 275-5900,http://www.mleschool.org/,,Coral Gables,education,,Y,verified
miami_lighthouse_for_the_blind_and_visually_impaired,Miami Lighthouse for the Blind and Visually Impaired,(305) 856-4176,http://miamilighthouse.com/,"601 SW 8th Ave, Miami, FL 33130",Coral Gables,other,4.7,Y,verified
miami_marlins,Miami Marlins,(305) 480-1450,https://marlins.com,"501 Marlins Way, Miami, FL 33125",Coral Gables,accounting,4.5,Y,unverified
miamimarriottdadeland,Miami Marriott Dadeland,(305) 670-1035,https://www.marriott.com/en-us/hotels/miadd-miami-marriott-dadeland/overview/?scid=f2ae0541-1279-4f24-b197-a979c79310b0,,Sunset / South Gables,hospitality,4.2,N,verified
miami_new_times,Miami New Times,(305) 992-1941,https://www.miaminewtimes.com/,"3050 Biscayne Blvd Suite 901, Miami, FL 33137",Coral Gables,other,3.5,Y,verified
miamioldschoolbarbershopcoralgables,Miami Old School Barbershop - Coral Gables,(786) 781-4819,https://miami-old-school-barbershop---coral-gables.square.site/,,Ponce de Leon Corridor,food_beverage,4.9,N,verified
miamiphysicaltherapyassociates,"Miami Physical Therapy Associates, Inc.",(305) 444-0074,http://www.miamipta.com/,,Douglas Road Corridor,healthcare,5.0,N,verified
miami_private_school,Miami Private School,(305) 448-1463,https://www.britomiamipanthers.com/,"3030 Coral Wy, Miami, FL 33145",University of Miami Area,education,,N,verified
miamiroyalballetdanceschool,Miami Royal Ballet Dance School,(305) 396-8839,https://www.miamiroyalballet.com/,,Bird Road Corridor,education,4.9,N,verified
miamiseniorhighschool,Miami Senior High School,,http://miamiseniorhigh.org/,"2450 Southwest 1st Street, Miami, FL 33135",Douglas Road Corridor,education,,N,verified
miami_skin__vein,Miami Skin & Vein,(786) 618-5039,https://www.miamiskinandvein.com/,6705 Southwest 57th Avenue,Sunset / South Gables,healthcare,4.8,N,verified
miamismileinstitute,Miami Smile Institute,(786) 703-9430,https://www.miamismileinstitute.com/,,Coral Gables,healthcare,4.7,N,verified
miami_spine__posture_clinic,Miami Spine & Posture Clinic,(305) 448-2600,http://www.miamipostures.com/,3850 Bird Rd.,Bird Road Corridor,healthcare,,N,verified
miami_twice,Miami Twice,(305) 666-0127,https://miamitwice.com/,6562 Southwest 40th Street,Bird Road Corridor,retail,4.7,N,verified
miamis_best_pizza,Miami's Best Pizza,(305) 666-5931,https://www.miamisbestpizza.com/,5833 Ponce de Leon Boulevard,Coral Gables,food_beverage,4.4,N,verified
miamis_community_newspapers,Miami's Community Newspapers,(305) 669-7355,http://www.communitynewspapers.com/,"6796 SW 62nd Ave, South Miami, FL 33143",Coral Gables,wellness,4.9,Y,verified
miamisqualityautoreir,Miami's Quality Auto Repair,(305) 574-9099,http://qualityautorepairfl.com/?utm_campaign=gmb,,Coral Gables,auto_dealer,4.7,N,verified
miamidade_county_courthouse,Miami-Dade County Courthouse,(305) 275-1155,http://www.miami-dadeclerk.com/location_coral_gables.asp,"3100 Ponce de Leon Blvd, Coral Gables, FL 33134",Ponce de Leon Corridor,government,4.9,N,verified
miamicfo,MiamiCFO,(305) 676-6977,https://miamicfo.com,"4000 Ponce de Leon Blvd #470, Coral Gables, FL 33146",Coral Gables,accounting,4.8,Y,unverified
miamidade_county_aviation_department,MiamiDade County Aviation Department,(305) 876-7000,http://www.miamidade.gov/,"4200 NW 36th St, Miami, FL 33166",Coral Gables,transportation,3,Y,verified
miamidade_county_fair_exposition_inc,"MiamiDade County Fair & Exposition, Inc.",(305) 223-7060,https://www.fairexpo.com/,"10901 SW 24th St, Miami, FL 33165",Coral Gables,arts_culture,4.3,Y,verified
miamidade_county_transportation_trust,MiamiDade County | Transportation Trust,(305) 375-1357,https://miamidade.gov/citt,"515 S Dixie Hwy, Coral Gables, FL 33146",Coral Gables,government,3.2,Y,unverified
michelleacreativeagency,MICHELLE a creative agency,(305) 799-9936,http://www.michelleagency.com/,,Ponce de Leon Corridor,marketing,4.2,N,verified
michelsons_trophies,Michelson's Trophies,(305) 687-9898,http://www.goawards.com/,"14730 NW 7th Ave, Miami, FL 33168",Coral Gables,accounting,4.8,Y,verified
michys_kitchen,Michys Kitchen,(305) 587-4965,http://www.michyskitchen.com/,"4635 SW 75th Ave, Miami, FL 33155",Coral Gables,food_beverage,4.6,Y,verified
mickeyandminniedaycarenumber2,Mickey and Minnie Day Care Number 2,,,,Bird Road Corridor,education,,N,
micocos,Micocos,(786) 741-9058,http://micocoselbuencafe.com/,,Ponce de Leon Corridor,food_beverage,4.8,N,verified
miguel_e_turbay_cpa,"Miguel E. Turbay, CPA",(305) 267-0565,https://www.turbaytax.com/,2138 Southwest 67th Avenue,Coral Gables,professional_services,3.8,N,verified
mikacoralgables,Mika Coral Gables,(305) 404-2200,http://mikacoralgables.com/,,Coral Gables,food_beverage,4.0,N,verified
milams_market,Milam's Market,(305) 446-4909,http://www.milamsmarkets.com/,5767 Bird Road,Bird Road Corridor,retail,4.6,N,verified
milamsmarketcoralgableseast,Milam's Market- Coral Gables (East),(786) 673-1236,http://www.milamsmarkets.com/,,Bird Road Corridor,food_beverage,4.7,N,verified
millers_ale_house,Miller's Ale House,(305) 444-3600,https://millersalehouse.com/locations/coral-gables/,101 Miracle Mile,Miracle Mile,food_beverage,4.2,N,verified
millesimausawinestorenewyork,Millesima USA Wine Store New York,(212) 639-9463,https://www.millesima-usa.com/,,Coral Gables,food_beverage,4.2,N,verified
mindfulpsychiatry,Mindful Psychiatry,(786) 664-7757,https://squareup.com/appointments/book/CMMCVRWMEBKPA/mindful-psychiatry-coral-gables-fl,,Ponce de Leon Corridor,healthcare,4.8,N,verified
mindfultherapy,Mindful Therapy LLC,(786) 344-8757,https://www.mindfultherapyfl.com/,,Coral Gables,healthcare,4.2,N,verified
mint_leaf_indian_brasserie,Mint Leaf Indian Brasserie,(305) 358-5050,,"1063 Brickell Plaza, Miami, FL 33131",Alhambra Circle,food_beverage,2.2,N,
mintwellnesscenter,Mint Wellness Center,(954) 203-5361,http://www.mintwellness.center/,,Miracle Mile,wellness,3.9,N,verified
mintyfreshmiamidentalorthodontics,Minty Fresh Miami: Dental & Orthodontics,(305) 442-6422,https://mintyfreshmiami.com/,,Alhambra Circle,healthcare,5.0,N,verified
minuteman_press,Minuteman Press,(305) 762-4147,https://minuteman.com/us/locations/fl/coral-gables/,"4240 SW 73rd Ave, Miami, FL 33155",Coral Gables,other,5,Y,verified
miraclemarketplace,Miracle Marketplace,(305) 443-9620,https://www.miracle-marketplace.com/,,Coral Gables,retail,4.4,N,verified
miraclemiledowntowncoralgables,Miracle Mile & Downtown Coral Gables,(305) 569-0311,http://experiencecoralgables.com/,,Miracle Mile,retail,4.6,N,verified
miraclesmiledentistrydrannaaller,Miracle Smile Dentistry - Dr. Anna Aller,(305) 569-9966,https://miracle-smile.com/,,Coral Gables,healthcare,4.9,N,verified
mishas_cupcakes,Misha's Cupcakes,(786) 200-6153,http://www.mishascupcakes.com/,"1586 S Dixie Hwy, Coral Gables, FL 33146",Coral Gables,other,3.4,Y,verified
miss_saigon,Miss Saigon,,,148 Giralda Avenue,Ponce de Leon Corridor,food_beverage,4.3,N,
mistersrky,Mister Sparky,(305) 203-0964,https://miamimistersparky.com/?utm_source=GBP&utm_medium=organic&utm_campaign=miamigbp,,Sunset / South Gables,construction,4.7,N,verified
miyaresgroup,Miyares Group,(305) 640-8521,https://miyaresgroup.com/,,Ponce de Leon Corridor,food_beverage,4.9,N,verified
mktdirector,MKTDIRECTOR,(786) 623-4041,https://mktdirector.com/,,Coral Gables,marketing,5,N,verified
mobil,Mobil,(305) 666-6396,https://www.exxonmobilfuels.com/en/find-gas-station/200316004,"375 S Dixie Hwy, Coral Gables, FL 33133",Coral Gables,auto_dealer,4.3,N,verified
modelsdreams,Models Dream Spa,(786) 930-2023,,,Ponce de Leon Corridor,wellness,5.0,N,
modernhomes,Modern Homes,(786) 322-0471,,,Coral Gables,healthcare,,N,
modofurniture,Modo Furniture,(305) 567-2970,https://www.modo-furniture.com/,,Bird Road Corridor,retail,4.9,N,verified
moi_homemade_peruvian_bakery,Moi Homemade Peruvian Bakery,(305) 456-7485,https://www.moihomemade.com/,7388 Southwest 57th Avenue,Sunset / South Gables,food_beverage,4.8,N,verified
moisesgross,Moises|Gross,(305) 306-3055,https://moisesgross.com/?utm_source=GMB&utm_medium=Organic,,Coral Gables,legal,4.8,N,verified
monsatroyalvet,Mon-Sat Royal Vet,(305) 667-5821,https://royalvet.com,"4569 Ponce de Leon, Coral Gables, FL 33146",Coral Gables,healthcare,4.7,N,unverified
monahanmijaresc,Monahan Mijares CPA,(305) 407-1440,https://monahanmijares.com/,,Ponce de Leon Corridor,accounting,5.0,N,verified
monalisa_pizzeria_italian_restaurant,Monalisa Pizzeria Italian Restaurant,(305) 445-7500,https://monalisapizza.com/,"4751 SW 8th St, Coral Gables, FL 33134",Coral Gables,food_beverage,4.1,N,verified
monkeyfurniturestore,Monkey Furniture Store,(305) 849-3668,https://www.instagram.com/lussofurniture__,,Coral Gables,retail,4.2,N,verified
monsalve_integrative_health,Monsalve Integrative Health,(305) 209-4731,http://www.monsalvehealth.com/,6705 Southwest 57th Avenue,Sunset / South Gables,healthcare,4.9,N,verified
montes_de_oca,Montes de Oca,(305) 567-0306,http://www.primecare1.com/,5241 Southwest 8th Street,Coral Gables,food_beverage,4.6,N,unverified
montessori_childrens_house,Montessori Childrens House,(305) 567-1900,https://gablesmontessori.com/,"990 S Le Jeune Rd, Coral Gables, FL 33134",Bird Road Corridor,education,4.9,N,verified
montessori_international_school,Montessori International School,(786) 732-2661,http://www.international-montessori.com/,"12400 SW 84th Avenue Rd, Miami, FL 33156",Sunset / South Gables,education,5,N,verified
montessori_smart_learning_academy,Montessori Smart Learning Academy,,,,Coral Gables,education,,N,
montica_jewelry,Montica Jewelry,(305) 446-2957,http://www.montica.com/,"500 S Dixie Hwy # 203, Coral Gables, FL 33146",Coral Gables,retail,5.0,Y,verified
montys,Monty's,(305) 856-3992,https://www.montysrawbar.com/,2550 South Bayshore Drive,Bird Road Corridor,food_beverage,4.6,N,verified
montyscoconutgrove,Monty's Coconut Grove,(305) 856-3992,https://www.montysrawbar.com/,,Bird Road Corridor,food_beverage,4.6,N,verified
moodwellnesss,Mood Wellness Spa,(786) 327-1713,https://moodspa.us/,,Miracle Mile,wellness,4.2,N,verified
moraysjewelers,Morays Jewelers,(305) 374-0739,https://www.moraysjewelers.com/,,Miracle Mile,retail,4.6,N,verified
morgan_horton_law,Morgan Horton Law,(305) 624-0011,https://morganhortonlaw.com/,"2121 Ponce de Leon Blvd Ste 900, Coral Gables, FL 33134",Coral Gables,legal,5,Y,verified
morganstanleyfinancialadvisors,Morgan Stanley Financial Advisors,(305) 460-7800,https://advisor.morganstanley.com/coral-gables-branch-2361797?y_source=1_MjM2MTc5Ny03MTUtbG9jYXRpb24ud2Vic2l0ZQ%3D%3D,,Ponce de Leon Corridor,financial_services,3.0,N,verified
morgan_stanley_wealth_management,Morgan Stanley Wealth Management,(786) 848-3054,https://morganstanley.com,"220 Alhambra Cir 10th FL, Coral Gables, FL 33134",Coral Gables,accounting,3,Y,unverified
mortons_the_steakhouse,Morton's The Steakhouse,(305) 442-1662,https://www.mortons.com/location/mortons-the-steakhouse-coral-gables-fl/,2333 Ponce de Leon Boulevard,Miracle Mile,food_beverage,3.9,N,verified
motek_coral_gables,Motek Coral Gables,(305) 396-8547,http://www.motekcafe.com/,"45 Miracle Mile, Miami, FL 33134",Coral Gables,food_beverage,4.9,Y,verified
mountnebocommunitydaycarecenter,Mount Nebo Community Day Care Center,,,,Coral Gables,education,,N,
mountsinaiprimaryspecialtycare,Mount Sinai Primary & Specialty Care,(305) 441-0910,https://www.msmc.com/location/coral-gables/,"836 Ponce de Leon Boulevard, Suite 200, Coral Gables, FL 33134",Coral Gables,healthcare,3.6,N,verified
mount_sinai_primary_specialty_care_coral_gables,Mount Sinai Primary & Specialty Care Coral Gables,(305) 390-0596,https://www.msmc.com/location/coral-gables/,"836 Ponce de Leon Boulevard, Suite 200, Coral Gables, FL 33134",Coral Gables,technology,3.6,Y,verified
mrjeffcleaners,Mr Jeff Cleaners,(786) 505-0201,https://www.jeffcleaners.com/,,Sunset / South Gables,personal_services,4.4,N,verified
mr_c_miami__coconut_grove,Mr. C Miami - Coconut Grove,(305) 800-6672,http://www.mrccoconutgrove.com/,2988 McFarlane Road,Douglas Road Corridor,hospitality,4.6,N,verified
museinthegables,Muse In the Gables,(305) 446-9696,,,Ponce de Leon Corridor,personal_services,4.8,N,
music_for_your_eyes,Music for your Eyes,(305) 441-1717,https://locations.foreyes.com/fl/miami/3542-coral-way.html?y_source=1_NjM2NzY5MDktNzE1LWxvY2F0aW9uLndlYnNpdGU%3D,"3542 Coral Wy Suite 44, Miami, FL 33145",University of Miami Area,hospitality,4.7,N,verified
mutual_of_omaha,Mutual of Omaha,(786) 655-0163,https://agents.mutualofomaha.com/district-offices/fl/coral-gables/2600-douglas-road,"2600 Douglas Rd Ste 1109, Coral Gables, FL 33134",Coral Gables,financial_services,4.4,Y,verified
mytimenailbar,My Time Nail Bar,(305) 332-7305,http://www.mytimenailbar.com/,,Coral Gables,personal_services,4.2,N,verified
myxcellnetwork,My Xcell Network,305-704-0521,http://www.myxcell.net/,,Coral Gables,technology,,Y,verified
mycitysocial,MyCity Social,,,,Coral Gables,marketing,,N,
myfloridamsp,MyFloridaMSP LLC,(888) 852-2408,https://myfloridamsp.com/,,Ponce de Leon Corridor,technology,4.9,N,verified
mystic_healing,Mystic Healing,(786) 228-7098,https://mystichealing.com,"57 Miracle Mile #7862287098, Miami, FL 33134",Coral Gables,retail,5,Y,verified
nailspearlss,Nails & Pearls Spa,(786) 501-0283,http://blondebarbershop.co/,,Ponce de Leon Corridor,personal_services,4.9,N,verified
nailsbyyc,Nails by Yc,(786) 869-1842,https://www.nailsbyyc.net/,,Ponce de Leon Corridor,personal_services,5.0,N,verified
nailsdelrosario,Nails Del Rosario,(786) 479-5899,,,Miracle Mile,personal_services,5.0,N,
nailsartbykarla,Nailsart by Karla,(561) 690-1132,https://book.squareup.com/appointments/xvbwks1l32sui1/location/LAG3YCHV9QRHZ/services?utm_source=ig&utm_medium=social&utm_content=link_in_bio&fbclid=PAdGRleASGmE5leHRuA2FlbQIxMQBzcnRjBmFwcF9pZA8xMjQwMjQ1NzQyODc0MTQAAadqxrkUbrOwPL-zXbQNScs6isQyFqPVeqdAehYj1sM8NrHuDJbhxcnGymen8Q_aem_SikOoLmYX_5GWOAScP77gQ,,Ponce de Leon Corridor,personal_services,5.0,N,verified
naked_farmer,Naked Farmer,(305) 487-7327,https://www.eatnakedfarmer.com/,"137 Giralda Ave, Coral Gables, FL 33134",Coral Gables,other,4.9,Y,verified
nanceschool,Nance School,,,,Coral Gables,education,,N,
natalcounseling,Natal Counseling,(305) 204-8292,http://www.natalcounseling.com/,,Coral Gables,healthcare,5.0,N,verified
national_headache_institute,National Headache Institute,(305) 440-5969,https://nationalheadacheinstitute.com/houston/,2344 Douglas Road,Coral Gables,healthcare,4.6,N,verified
nationalshrineofourladyofcharity,National Shrine of Our Lady of Charity,(305) 854-2404,https://ermita.org/,,Coral Gables,nonprofit,4.9,N,verified
national_stem_cell_clinic,National Stem Cell Clinic,(305) 440-5969,https://www.nationalstemcellclinic.com/miami,2344 Douglas Road,Coral Gables,healthcare,,N,verified
naturalpress,Natural Press,(305) 854-1044,,,Coral Gables,personal_services,4.0,N,
navarro_discount_pharmacy,Navarro Discount Pharmacy,(786) 450-5737,https://www.cvs.com/store-locator/miami-fl-pharmacies/3949-sw-8th-street-miami-fl-33134/storeid=10697?WT.mc_id=LS_GOOGLE_RX_10697,87 Miracle Mile,Miracle Mile,healthcare,4.5,N,verified
ncafinancialservices,NCA FINANCIAL SERVICES,(786) 672-4424,,,Miracle Mile,financial_services,5.0,N,
neighborhood_tennis,Neighborhood Tennis,(786) 483-7626,https://ntcoralgables.com/,1007 South Greenway Drive,Coral Gables,wellness,4.7,N,verified
neimanmarcus,Neiman Marcus,(786) 999-1000,https://stores.neimanmarcus.com/stores/coralgables/fl/coralgables/1034,,Bird Road Corridor,retail,4.0,N,verified
neoklasikmodernartisanbakery,Neoklasik Modern Artisan Bakery,(305) 615-9940,http://www.neoklasikmiami.com/,,Miracle Mile,food_beverage,5.0,N,verified
nerds_support_inc,"Nerds Support, Inc.",(305) 551-2009,https://nerdssupport.com/,4155 Southwest 130th Avenue,Bird Road Corridor,technology,4.9,N,verified
nero_immigration_law,NERO Immigration Law,(305) 351-1079,http://www.neroimmigration.com/,"2100 Ponce de Leon Blvd STE 1180, Coral Gables, FL 33134",Coral Gables,legal,4.8,N,verified
nero_immigration_law_pl,"NERO Immigration Law, P.L.",(305) 351-1079,http://www.neroimmigration.com/,"2100 Ponce de Leon Blvd STE 1180, Coral Gables, FL 33134",Coral Gables,legal,4.8,Y,verified
netsmiamidigitalmarketing,NetsMiami Digital Marketing,(786) 505-1114,https://www.netsmiami.com/,,Ponce de Leon Corridor,marketing,4.8,N,verified
new_company_beauty_shop,New Company Beauty Shop,(305) 662-7572,http://www.newcobeauty.com/,5747 Southwest 40th Street,Bird Road Corridor,personal_services,4.9,N,verified
newdaychiropracticclinic,New Day Chiropractic Clinic,(786) 899-0214,http://newdayclinic.com/,,Miracle Mile,healthcare,5.0,N,verified
new_edge_associates,New Edge Associates,(786) 447-9323,https://newedgeassociates.com,"2525 Ponce de Leon Blvd Suite 1080, Coral Gables, FL 33134, United States",Coral Gables,accounting,,Y,unverified
newlifepresbyteriankindergartendaycare,New Life Presbyterian Kindergarten/Day Care,,,,University of Miami,education,,N,
newsunrisedaycarecenter,New Sunrise Day Care Center,,,,Coral Gables,education,,N,
new_york_life,New York Life,(305) 537-8116,https://newyorklife.com/agent/rpaz01,"6505 Waterford District Dr #225, Miami, FL 33126",Coral Gables,other,3.2,Y,unverified
nexogy,nexogy,(866) 639-6491,http://www.nexogy.com/,,Ponce de Leon Corridor,technology,4.2,N,verified
nexusconsultancy,Nexus Consultancy,786-642-1803,,,Coral Gables,consulting,,Y,
nicestbarbersbarbershop,Nicest Barbers Barbershop,(786) 203-7668,http://nicestbarbers.com/,,Ponce de Leon Corridor,food_beverage,5.0,N,verified
nicholsarchitects,Nichols Architects,(305) 443-5206,https://www.nicholsarch.com/,,Coral Gables,professional_services,4.2,N,verified
nicklaus_childrens_hospital,Nicklaus Childrens Hospital,(305) 663-8435,https://www.nicklauschildrens.org/home,3100 Southwest 62nd Avenue,Coral Gables,healthcare,3.7,Y,verified
nicolevaldesphdassociates,Nicole Valdes Ph.D. & Associates P.A.,(954) 465-1633,https://nicolevaldesphd.com/,,Coral Gables,healthcare,5.0,N,verified
ninoskahuertagallery,Ninoska Huerta Gallery,(305) 588-1231,http://www.ninoskahuertagallery.com/,,Miracle Mile,arts_culture,,N,verified
noboundariessport,No Boundaries Sport,(305) 444-3206,https://www.noboundariessport.com/,,Miracle Mile,retail,4.7,N,verified
noble_insurance_group,Noble Insurance Group,(305) 907-7995,,"5451 NW 24th St, Margate, FL 33063",Coral Gables,insurance,5.0,Y,
noblhausmiami,NOBLHAUS MIAMI,(786) 953-2027,,,Miracle Mile,arts_culture,5.0,N,
noma_beach_at_redfish,NOMA Beach at Redfish,(786) 668-8788,https://noma-beach.com/,"9610 Old Cutler Rd, Coral Gables, FL 33156",Coral Gables,other,4.3,Y,verified
nonnoscafe,Nonnos Cafe,(305) 992-9233,,,Coral Gables,food_beverage,5.0,N,
nordstrom,Nordstrom,(786) 999-1313,https://www.nordstrom.com/store-details/nordstrom-shops-at-merrick-park?utm_source=google&utm_medium=organic&utm_campaign=fls&utm_content=763&utm_channel=low_nd_seo_local&sp_source=google&sp_campaign=fls,,Bird Road Corridor,retail,4.5,N,verified
northern_trust,Northern Trust,(305) 529-7702,https://www.northerntrust.com/about-us/locations/us/fl/coral-gables-595-biltmore-way,"595 Biltmore Way, Coral Gables, FL 33134",Coral Gables,banking,4.1,Y,verified
northwestern_mutual_coral_gables,Northwestern Mutual  Coral Gables,(305) 448-5666,https://www.northwesternmutual.com/office/fl/coral-gables/20691908/,"201 Alhambra Cir #703, Coral Gables, FL 33134",Coral Gables,financial_services,4.2,Y,verified
nourish_and_refine_llc_nourish_refine,"Nourish and Refine, LLC (Nourish & Refine)",(786) 626-1956,https://nourishandrefine.com/,"119 Cadima Ave, Coral Gables, FL 33134",Coral Gables,other,5,Y,verified
nova_southeastern_university,Nova Southeastern University,(305) 275-2601,https://www.nova.edu/campuses/miami/,"8585 SW 124th Ave., Miami, FL 33183",Coral Gables,accounting,4.1,Y,verified
novotel_miami_brickell,Novotel Miami Brickell,(786) 725-3215,https://all.accor.com/lien_externe.svlt?goto=fiche_hotel&code_hotel=B4Z0&merchantid=seo-maps-US-B4Z0&sourceid=aw-cen&utm_medium=seo%20maps&utm_source=google%20Maps&utm_campaign=seo%20maps,"1500 SW 1st Ave, Miami, FL 33129",Coral Gables,hospitality,4.2,Y,verified
npc_financial_dmg_corp,NPC Financial DMG Corp.,(786) 241-5516,http://npcfinancial.com/,"2 Biscayne Blvd # 1740, Miami, FL 33131, United States",Coral Gables,financial_services,5,Y,verified
nr_cpas_and_business_advisors,NR CPAs and Business Advisors,(305) 978-1533,http://www.rc.cpa/,,Coral Gables,accounting,5,Y,verified
nri_nolan_reynolds_international,NRI  Nolan Reynolds International,(305) 529-9928,https://www.nrinternational.com/,,Coral Gables,construction,,Y,verified
nsiinsurance,NSI Insurance,(305) 521-9082,https://nsigroup.org/contact/coral-gables-fl-insurance/,"2122 SW 67th Ave, Miami, FL 33155",Miracle Mile,insurance,4.7,N,verified
osole_boutique,O'sole Boutique,(786) 615-6171,http://osoleboutique.com/,3444 Main Highway,Douglas Road Corridor,retail,,N,verified
ogee_paint,O-Gee Paint,(305) 666-3300,https://go.o-geepaint.com/,6995 Southwest 40th Street,Bird Road Corridor,retail,4.6,N,verified
oak_harbors_laundry,Oak Harbor's laundry,(786) 409-4598,,"2341 SW 32nd Ave, Miami, FL 33145",Douglas Road Corridor,personal_services,4,N,
oasischiropracticcenter,Oasis Chiropractic Center,(305) 374-5866,https://coralwaychiropracticcenter.com/,,Bird Road Corridor,healthcare,4.9,N,verified
obepowerchargingstation,Obe Power Charging Station,(888) 951-1118,https://obepower.com/,,Coral Gables,construction,5.0,N,verified
obmiarchitectureinteriordesignfirm,OBMI Architecture & Interior Design Firm,(305) 537-7100,http://www.obmi.com/,,Coral Gables,professional_services,4.6,N,verified
oceanautoclub,Ocean Auto Club,(786) 718-1225,https://www.oceanautoclub.com/?utm_source=GMB%20CG&utm_medium=organic,,Bird Road Corridor,auto_dealer,4.6,N,verified
ocean_bank,Ocean Bank,(786) 909-2677,https://www.oceanbank.com/,6939 Southwest 57th Avenue,Sunset / South Gables,banking,4.9,Y,verified
oceanlmrealty,Ocean Palm Realty,(305) 456-6630,,,Coral Gables,real_estate,4.4,N,
oceanpsychologygroup,Ocean Psychology Group,(305) 200-3921,https://www.oceanpsychologygroup.com/,,Coral Gables,healthcare,4.9,N,verified
oceansideconstructionremodeling,Oceanside Construction & Remodeling,(786) 866-9670,http://www.oceansidecr.com/,,Ponce de Leon Corridor,construction,,N,verified
offthemilerestaurant,Off The Mile Restaurant,,,,Coral Gables,food_beverage,4.0,N,
office_depot,Office Depot,(305) 860-9484,https://www.officedepot.com/storelocator/fl/miami/office-depot-281?utm_source=google&utm_medium=organic&utm_campaign=gmb_281_website_retail,2690 Coral Way,Douglas Road Corridor,retail,4.2,N,verified
office_edge_coral_gables,Office Edge Coral Gables,(305) 777-0200,https://officeedge.com/coral-gables/,"4000 Ponce de Leon Blvd #470, Coral Gables, FL 33146",Coral Gables,wellness,4.4,Y,verified
office_of_disability_services,Office of Disability Services,(305) 349-1478,,1307 Stanford Drive,University of Miami Area,professional_services,4,N,
office_of_the_supervisor_of_elections,Office of the Supervisor of Elections,(305) 499-8332,http://www.miamidade.gov/elections/,"2700 NW 87th Ave, Doral, FL 33172",Coral Gables,professional_services,4.5,Y,unverified
office_of_the_university_registrar,Office of the University Registrar,(305) 284-2294,https://registrar.miami.edu/,1306 Stanford Drive,University of Miami Area,education,4,N,verified
office_of_undergraduate_admission,Office of Undergraduate Admission,(305) 284-6000,http://admissions.miami.edu/,1306 Stanford Drive,University of Miami Area,professional_services,4.6,N,verified
ogletree_deakins,Ogletree Deakins,(305) 374-0506,https://ogletree.com/locations/miami/,,Coral Gables,legal,,Y,verified
ohmarynails,Oh Mary Nails,(786) 982-4755,https://www.ohmarynails.com/,,Coral Gables,personal_services,5.0,N,verified
ohmboutique,Ohm Boutique,(305) 284-8455,http://www.ohmboutique.com/,,Sunset / South Gables,retail,4.3,N,verified
olasbeautyroom,Ola’s Beauty Room,(786) 839-7849,https://www.instagram.com/olas.miami/,,Sunset / South Gables,personal_services,5.0,N,verified
oneinsuranceservices,One Insurance Services LLC,(305) 445-3535,http://www.oneinsuranceservices.com/,"365 Palermo Ave, Coral Gables, FL",Coral Gables,insurance,3,N,verified
onesothebyscoralgables,One Sotheby's Coral Gables,(305) 666-0562,https://www.onesothebysrealty.com/,"1507 Sunset Drive, Coral Gables, FL 33143",Coral Gables,real_estate,4.2,N,verified
one_sothebys_international_realty,One Sotheby's International Realty,(786) 443-0040,https://www.onesothebysrealty.com/,"1507 Sunset Dr, Coral Gables, FL 33143",Coral Gables,real_estate,4.2,Y,verified
onestopconstruction,One Stop Construction,(305) 442-2799,http://www.onestopconstruction.com/,,Coral Gables,construction,4.6,N,verified
onestopdrycleaning,One Stop Dry Cleaning,(305) 860-1444,http://www.onestopdrycleaning.com/,,Coral Gables,personal_services,4.2,N,verified
one_white_orchid_inc,One White Orchid Inc.,(305) 851-5626,http://www.onewhiteorchid.com/,,Coral Gables,other,4.7,Y,verified
onyx_ink,Onyx Ink,(305) 394-8500,https://onyx-ink.com/pages/coral-gables,"95 Merrick Wy #340, Coral Gables, FL 33134",Coral Gables,accounting,5,Y,verified
optfirst,OptFirst Inc.,305-401-4983,https://optfirst.com,,Coral Gables,marketing,4.6,Y,unverified
optimusbarbershop,OPTIMUS BARBERSHOP,(305) 606-6081,,,Coral Gables,food_beverage,4.6,N,
opulence_entertainment_group,Opulence Entertainment Group,+1 407-749-9246;+1 786-204-1555,http://www.opulencemia.com/,400 University Dr,Coral Gables,retail,4.9,N,verified
opulenzza_jewlery,Opulenzza Jewlery,(786) 219-5480,https://www.opulenzza.com/,"6661 SW 8th St, Miami, FL 33144",Coral Gables,retail,4.9,N,verified
orange_bowl_committee,Orange Bowl Committee,(305) 341-4700,http://www.orangebowl.org/,"14360 NW 77th Ct, Miami Lakes, FL 33016",Coral Gables,other,4.3,Y,verified
orangetheoryfitness,Orangetheory Fitness,(305) 460-6006,https://www.orangetheory.com/en-us/locations/coral-gables-florida-0077?utm_medium=seo&utm_source=gg&utm_term=corporate&utm_campaign=soci,"2300 Salzedo Street, Coral Gables, FL 33134",Miracle Mile,wellness,4.8,N,verified
orangetheory_fitness_coral_gables,Orangetheory Fitness Coral Gables,(305) 797-4611,https://www.orangetheory.com/en-us/locations/coral-gables-florida-0077?utm_medium=seo&utm_source=gg&utm_term=corporate&utm_campaign=soci,2300 Salzedo Street,Miracle Mile,wellness,4.8,Y,verified
organity,Organity,(305) 799-4576,http://vanitypointwellness.com/,"1553 San Ignacio Ave Suite B, Coral Gables, FL 33146",Coral Gables,other,5,Y,verified
origen,Origen,(561) 322-8020,http://www.shop-origen.com/,,Miracle Mile,retail,4.9,N,verified
originphysicaltherapy,Origin Physical Therapy,(786) 789-1442,https://www.theoriginway.com/florida/miami-coral-gables,,Coral Gables,healthcare,4.9,N,verified
original_uncle_toms_barbecue,Original Uncle Tom's Barbecue,(305) 445-0844,http://www.originaluncletomsbbq.com/,3988 Southwest 8th Street,Coral Gables,food_beverage,4,N,verified
origini_italian_market,Origini Italian Market,(786) 747-4014,http://www.originimarket.com/,6709 Southwest 40th Street,Bird Road Corridor,retail,4.6,N,verified
orion,Orion,(305) 284-8001,,"5701 Bird Rd, Miami, FL 33155",Coral Gables,auto_dealer,3.4,N,
orion_mart,Orion Mart,(305) 209-7688,https://hannatiger.com/,"Florida, Coral Gables, Ponce de Leon Blvd, 邮政编码: 33134",Coral Gables,retail,4.9,N,unverified
orion_merchant_solutions_petro_solutions,Orion Merchant Solutions / Petro Solutions,(305) 883-8687,http://orionmerchantsolutions.com/,"5200 NW 77th Ct, Miami, FL 33166",Coral Gables,retail,5,Y,verified
orlando_optical,Orlando Optical,(305) 266-2717,,"603 SW 57th Ave, Miami, FL 33144",Coral Gables,retail,3,N,
orno_miami,Orno Miami,(305) 667-6766,http://ornomiami.com/,1350 South Dixie Highway,Coral Gables,food_beverage,4.6,N,verified
oroboro,Oroboro,(917) 409-1499,,,Coral Gables,retail,4.2,N,
orrplumbing,Orr Plumbing,(305) 240-6731,https://orrplumbing.com/,,Coral Gables,construction,4.6,N,verified
oscararellanocoralgablesrealtor,Oscar Arellano - Coral Gables Realtor,(305) 525-7324,https://realestatebulldog.com/,,Bird Road Corridor,real_estate,4.9,N,verified
oscardetoffolijrc,"Oscar De Toffoli, Jr., CPA, PA",(305) 898-4008,,,Ponce de Leon Corridor,accounting,5.0,N,
ossobucococonutgrove,Ossobuco Coconut Grove,(305) 339-5593,http://ossobuco.miami/,,Douglas Road Corridor,food_beverage,4.9,N,verified
ostentabeautyconceptcoralgablesnailslashesfacials,"Ostenta Beauty Concept Coral Gables - Nails, Lashes & Facials",(786) 781-3061,,,Ponce de Leon Corridor,personal_services,4.9,N,
oteroc,"OTERO CPA, LLC",(786) 557-2342,http://www.oterocpa.com/,,Ponce de Leon Corridor,accounting,5.0,N,verified
our_lady_of_fatima_academy,Our Lady of Fatima Academy,,,,Douglas Road Corridor,education,,N,
our_lady_of_lourdes_academy,Our Lady of Lourdes Academy,,http://www.olla.org/,,Sunset / South Gables,education,,N,verified
ourladyofsorrowscatholicchurch,Our Lady of Sorrows Catholic Church,(305) 447-8911,http://www.olsmiami.org/,,Coral Gables,nonprofit,4.8,N,verified
outdoor_adventure_center,Outdoor Adventure Center,(305) 284-5116,,"1211 Wm E Walsh Ave, Coral Gables, FL 33146",University of Miami Area,wellness,4.7,N,
outdoor_lighting_perspectives_miami,Outdoor Lighting Perspectives Miami,(305) 593-5533,https://www.outdoorlights.com/miami/?utm_source=google&utm_medium=organic&utm_campaign=gbp,,Coral Gables,other,5,Y,verified
outsmartlabs,Outsmart Labs,(305) 209-0807,https://outsmartlabs.com/?utm_source=GMB&utm_medium=Organic,,Coral Gables,marketing,4.9,N,verified
overseas_network,Overseas Network,(786) 276-8686,http://www.overseasnetwork.com/,"814 Ponce de Leon Blvd, Miami, FL 33134",Coral Gables,accounting,4.1,Y,verified
oxionebeautyextensions,OXIONE BEAUTY & EXTENSIONS,(305) 967-8452,https://oxionebeautyspa.glossgenius.com/,"1913 Ponce de Leon Blvd, Coral Gables, FL 33134",Ponce de Leon Corridor,personal_services,5.0,N,verified
oxxocarecleanerscoralgables,Oxxo Care Cleaners Coral Gables,(305) 661-6126,http://www.oxxousa.com/,,Sunset / South Gables,personal_services,4.3,N,verified
oxxocarecleanersmerrickrk,Oxxo Care Cleaners Merrick Park,(305) 441-2996,https://oxxousa.com/locations/florida/merrick-park/,,Bird Road Corridor,personal_services,4.4,N,verified
oyahealth,OYA.health,(917) 647-8314,https://oya.health,"1700 SW 2nd Ave 3rd floor, Miami, FL 33129",Coral Gables,healthcare,5,Y,unverified
oyo_hotel_coral_gables__miami_airport,OYO Hotel Coral Gables - Miami Airport,(213) 594-7549,https://www.oyorooms.com/us/103476/?utm_source=GMB&utm_medium=Organic&utm_campaign=US_MAI004,4700 Southwest 8th Street,Coral Gables,hospitality,3.8,N,unverified
ppole_pizza,P.Pole Pizza,(786) 618-5287,https://ppolepizza.com/,279 Miracle Mile,Coral Gables,food_beverage,4.8,Y,verified
ppolepizzacoralgables,P.Pole Pizza Coral Gables,,https://ppolepizza.com/,,Coral Gables,food_beverage,4.7,N,verified
pacific_national_bank,Pacific National Bank,(305) 539-7633,https://www.pnb.com/,"255 Aragon Ave, Coral Gables, FL 33134",Coral Gables,banking,4.2,Y,verified
gechiropracticlifecenter,Page Chiropractic Life Center,(305) 662-6433,https://www.pagechiropractic.com/?UTM_source=GBL,,Sunset / South Gables,healthcare,4.8,N,verified
golainsurancegroup,Pagola Insurance Group,(305) 257-9171,,,Miracle Mile,insurance,5.0,N,
palme_dor,Palme d'Or,(305) 445-8066,https://www.biltmorehotel.com/dining/palme_dor/?utm_source=local&utm_medium=organic&utm_campaign=gmb,"1200 Anastasia Ave, Coral Gables, FL 33134",Coral Gables,other,4.5,Y,unverified
lmettopresbyterianpreschool,Palmetto Presbyterian Preschool,,,,Coral Gables,education,,N,
melaiperry,Pamela I. Perry PA,(305) 202-3545,http://www.pamperrylaw.com/,,Coral Gables,legal,,N,verified
pan_american_institute,Pan American Institute,(305) 874-6000,https://www.panamacademy.com/,Southwest 29th Avenue,Douglas Road Corridor,education,4.4,N,unverified
pancitas_pregnancy_and_ultrasound,Pancitas Pregnancy and Ultrasound,(786) 728-9368,https://littlebelliesspa.com/en/home/miami,Southwest 39th Street,Bird Road Corridor,healthcare,5,N,verified
panda_express,Panda Express,(305) 907-6126,https://www.pandaexpress.com/locations/fl/coral-gables/2415?utm_source=google_gbp&utm_medium=organic&utm_campaign=websitelink,1306 Stanford Drive,University of Miami Area,food_beverage,3.4,N,verified
ndorajewelry,Pandora Jewelry,(332) 345-4947,https://stores.pandora.net/en-us/fl/coralgables/pandora-jewelry-us896cc056.html?utm_source=google&utm_medium=listing&utm_content=us896cc056&utm_campaign=FL&utm_keyword=Coral%20Gables,,Coral Gables,retail,3.6,N,verified
panera_bread,Panera Bread,(305) 448-0478,https://www.panerabread.com/en-us/cafe/locations/fl/coral-gables/137-miracle-mile?utm_medium=local&utm_source=google&utm_campaign=dpm-dist&utm_term=601425&utm_content=main,137 Miracle Mile,Miracle Mile,food_beverage,4,N,verified
ngaeaexploration,Pangaea Exploration,,https://www.panexplore.com/,"2500 Swanson Avenue, 33133",Bird Road Corridor,education,,N,unverified
panorama_restaurant__sky_lounge,Panorama Restaurant & Sky Lounge,(305) 447-8256,http://www.hotelarya.com/,"2889 McFarlane Rd #6008, Coconut Grove, FL 33133",Douglas Road Corridor,food_beverage,4.1,N,verified
pantin_gov,Pantin Gov,(305) 215-2162,http://pantingov.com/,,Coral Gables,other,,Y,verified
olofontanotbakerycafe,Paolo Fontanot Bakery & Cafe,(786) 522-2310,https://paolofontanot.com/,,Coral Gables,food_beverage,4.5,N,verified
papa_johns,Papa John's,(305) 669-8800,https://locations.papajohns.com/united-states/fl/33155/miami/6701-bird-road,6701 Southwest 40th Street,Bird Road Corridor,food_beverage,4,N,unverified
parajon_animal_clinic,Parajon Animal Clinic,(305) 856-2885,https://rymaps.xyz/business/parajon-animal-clinic-523uik,2751 Southwest 8th Street,Douglas Road Corridor,healthcare,4,N,verified
rameter,Parameter,(305) 916-4471,https://parameterllc.com/,,Sunset / South Gables,technology,5.0,N,verified
ramounttaxaccountingcoralgables,Paramount Tax & Accounting Coral Gables,(786) 788-7877,https://paramount.tax/coral-gables,,Ponce de Leon Corridor,accounting,5.0,N,verified
parmac_inc,Parmac Inc.,(305) 461-0797,https://parmac.com/,"3675 SW 24th St #200, Miami, FL 33145",Coral Gables,other,4.4,Y,verified
parrot_fish_studio,Parrot Fish Studio,(305) 299-9228,http://parrotfishstudio.com/,"9441 SW 146th St, Miami, FL 33176",Coral Gables,arts_culture,5,Y,verified
party_city,Party City,(786) 697-1998,https://stores.partycity.com/us/fl/southmiami/party-store-pc558.html,6272 South Dixie Highway,Sunset / South Gables,retail,3.9,N,unverified
pascals_on_ponce,Pascal's On Ponce,(305) 444-2024,https://pastoratpascal.net/,2611 Ponce de Leon Boulevard,Ponce de Leon Corridor,food_beverage,4.3,N,verified
siondelcielo,Pasion del Cielo,,https://www.pasiondelcielocoffee.com/,,Coral Gables,food_beverage,4.5,N,verified
siondelcielocoffee,Pasion del Cielo Coffee,(305) 448-0007,https://www.pasiondelcielocoffee.com/,,Ponce de Leon Corridor,food_beverage,4.5,N,verified
storatscal,Pastor at Pascal,,https://pastoratpascal.net/,,Coral Gables,food_beverage,4.1,N,verified
pauloluigi,Pauloluigi,(305) 446-6664,https://pauloluigi.com/,"2859 Bird Ave, Coconut Grove, FL 33133",Douglas Road Corridor,food_beverage,4.8,N,verified
pause_studio,Pause Studio,(786) 661-3461,https://pausestudio.com/coralgables,"111 Palermo Ave #214, Coral Gables, FL 33134",Coral Gables,wellness,5,N,verified
pause_studio_coral_gables,Pause Studio Coral Gables,(513) 509-8478,https://pausestudio.com/coralgables,"111 Palermo Ave #214, Coral Gables, FL 33134",Coral Gables,accounting,5,Y,unverified
wnjewelrycoralgablesmiami,"Pawn Jewelry - Coral Gables, Miami",(786) 605-9593,https://pawnjewelry.com/fl/miami/pawn-jewelry/?utm_source=GBP&utm_medium=GBPh&utm_campaign=Miami,,Coral Gables,retail,5.0,N,verified
ycargo,"PayCargo, LLC",(888) 250-7778,https://www.paycargo.com/,,Ponce de Leon Corridor,technology,4.6,N,verified
paycom,Paycom,(619) 609-3731,https://www.paycom.com/?utm_campaign=googlemybusiness&utm_source=paycom+miami&utm_medium=organic,"1221 Brickell Ave STE 800, Miami, FL 33131",Coral Gables,other,4,Y,verified
pazos_robaina,Pazos & Robaina,(305) 720-2535,http://prmiami.com/,"145 Madeira Ave Suite 313, Coral Gables, FL 33134",Coral Gables,other,2.3,Y,verified
peacockfoundation,Peacock Foundation Inc,(305) 373-1386,http://peacockfoundationinc.org/,,Bird Road Corridor,nonprofit,5.0,N,verified
peacock_garden,Peacock Garden,,https://peacockgardenrestobar.com/,"2889 McFarlane Rd, Miami, FL 33133, United States",Douglas Road Corridor,food_beverage,4.4,N,verified
peaklegal,Peak Legal,(305) 697-1375,https://www.peaklegalfirm.com/?npcmp=dir:local:5336361:33127,"Miami, FL - Serving Coral Gables",Coral Gables,legal,4.9,N,verified
pecansdays,Pecan's Day Spa,(305) 284-8636,http://pecansdayspacoralgables.com/,,Coral Gables,wellness,4.9,N,verified
peets_coffee,Peet's Coffee,,https://www.peets.com/,"Near D51, D Gates, 2100 NW 42nd Ave, Miami, FL 33122",University of Miami Area,food_beverage,2.7,N,verified
peiwei,Pei Wei,(305) 444-1370,https://www.peiwei.com/florida/240-coral-gables,"2283 Southwest 37th Avenue, Miami, FL 33145",Coral Gables,food_beverage,,N,verified
pei_wei_asian_kitchen,Pei Wei Asian Kitchen,(305) 444-1370,https://www.peiwei.com/florida/240-coral-gables,2283 Southwest 37th Avenue,Coral Gables,food_beverage,4.5,Y,verified
pelicanschool,Pelican School,,,,Bird Road Corridor,education,,N,
pelvictherapysouthflorida,Pelvic Therapy South Florida,(305) 510-5522,http://www.pelvictherapysf.com/,,Bird Road Corridor,healthcare,5.0,N,verified
pena_garcia_diz_pllc,"Pena Garcia & Diz, PLLC",(786) 361-4950,https://pgdlegal.com,"150 Alhambra Cir Suite 900, Coral Gables, FL 33134, United States",Coral Gables,legal,5,Y,unverified
pension_services_inc,Pension Services Inc.,(305) 595-5500,https://www.pensionnetwork.net/,"3150 SW 38th Ave #900, Miami, FL 33146, United States",Coral Gables,financial_services,3.4,Y,verified
perez_neurology,Perez Neurology,(305) 403-7197,http://www.perezneurology.com/,"2695 S Le Jeune Rd # 200, Coral Gables, FL 33134",Coral Gables,healthcare,4.6,Y,verified
perezabreu_aguerrebere_sueiro_torres_pl,"PerezAbreu, Aguerrebere, Sueiro & Torres, P.L.",(305) 567-0150,https://paast.com/,,Coral Gables,accounting,,Y,verified
performancerewired,PerformanceREWIRED,(601) 540-7087,https://jeskabrodbeck.com,"1526 Ponce de Leon Blvd, Coral Gables, FL 33134",Coral Gables,consulting,5,Y,unverified
perilloconstruction,Perillo Construction Inc.,(305) 441-0022,http://perilloconstruction.com/,,Ponce de Leon Corridor,construction,3.0,N,verified
permuyarchitecture,Permuy Architecture,(305) 200-5302,https://permuyarchitecture.com/,,Coral Gables,professional_services,4.2,N,verified
perron_company,Perron & Company,(305) 509-6171,https://perronandcompany.com,"2320 Ponce de Leon Blvd, Coral Gables, FL 33134",Coral Gables,healthcare,4.1,Y,unverified
perryssteakhousegrillecoralgables,Perry's Steakhouse & Grille - Coral Gables,,https://perryssteakhouse.com/locations/fl/miami/coral-gables/,,Coral Gables,food_beverage,3.7,N,verified
personal_conciergmed,Personal ConciergMed,(305) 845-8817,https://www.pcm-md.com/,"60 Aragon Ave, Coral Gables, FL 33134",Coral Gables,other,5,Y,verified
pet_supermarket,Pet Supermarket,(305) 529-1800,https://www.petsupermarket.com/storelocator/?storeId=136,2720 South Dixie Highway,Douglas Road Corridor,retail,4.4,N,verified
petal_cartel,Petal Cartel,(305) 794-4712,http://petalcartel.com/,"13280 SW 131st St #117, Miami, FL 33186",Coral Gables,retail,4.4,Y,verified
petco,Petco,(305) 665-7335,https://stores.petco.com/fl/miami/pet-supplies-miami-fl-2712.html?utm_source=google&utm_campaign=locallist_2712_pcc,6200 South Dixie Highway,Sunset / South Gables,retail,4.4,N,verified
petertmavricklaw,Peter T. Mavrick Law,(305) 570-4042,https://www.mavricklaw.com/?utm_source=google&utm_medium=local,,Coral Gables,legal,5,N,unverified
petronaspotofamilydaycarecenter,Petrona Spoto Family Day Care Center,,,,Coral Gables,education,,N,
petsmart,PetSmart,(305) 714-8948,https://www.petsmart.com/stores/us/fl/coral-gables-store1411.html?utm_source=google&utm_medium=organic&utm_campaign=google-my-business,8302 South Dixie Highway,Sunset / South Gables,retail,4.3,N,verified
petsmartveterinaryservicescoralgables,PetSmart Veterinary Services - Coral Gables,(786) 981-7155,https://pvshospitals.com/fl/coral-gables/coral-gables-1411/?utm_source=google&utm_medium=organic&utm_campaign=google-my-business,,Coral Gables,healthcare,5.0,N,verified
pharma_plus_drug_store,Pharma Plus Drug Store,(305) 262-3738,http://www.mygnp.com/store-locator,619 Southwest 57th Avenue,Coral Gables,healthcare,4.5,N,verified
pharmag_pharmacy,Pharmag Pharmacy,(305) 382-3000,,6622 Southwest 24th Street,Coral Gables,healthcare,4.9,N,
phillip_morris_international,Phillip Morris International,,https://pmi.com,,Coral Gables,other,,Y,unverified
phoenix_pro_connect,Phoenix Pro Connect,(786) 290-3996,https://www.phoenixproconnect.com/,,Coral Gables,consulting,,Y,verified
photo_offset_inc,Photo Offset Inc.,(305) 666-1067,http://www.photooffset.com/,"4824 SW 72nd Ave, Miami, FL 33155",Coral Gables,media_entertainment,5,Y,verified
physical_therapy_for_mental_sharpness_llc,"Physical Therapy for Mental Sharpness, LLC",(786) 376-6844,https://www.ptformentalsharpness.com/,,Coral Gables,healthcare,5,Y,verified
physicaltherapynowbirdroad,Physical Therapy NOW Bird Road,(305) 599-0911,https://www.physicaltherapynow.com/bird-road/,,Bird Road Corridor,healthcare,5.0,N,verified
physicaltherapynowcoralgables,Physical Therapy Now Coral Gables,(305) 615-1628,https://www.physicaltherapynow.com/coral-gables/,,Douglas Road Corridor,healthcare,4.7,N,verified
physicians_weight_loss_center,Physician's Weight Loss Center,(305) 666-8882,https://www.physiciansweightloss-miami.com/,"5761 Bird Rd, Miami, FL 33155",Bird Road Corridor,wellness,4.5,N,verified
pibank_usa,Pibank USA,(954) 636-7777,https://pibank.com,"255 Aragon Ave, Coral Gables, FL 33134",Coral Gables,banking,4.2,Y,unverified
pierresfrenchcleaners,Pierre’s French Cleaners,(305) 441-1015,,,Alhambra Circle,personal_services,5.0,N,
pietra_veloce,Pietra Veloce,(786) 359-4275,https://portosolemiami.com/,"2530 Ponce de Leon Blvd, Coral Gables, FL 33134",University of Miami Area,hospitality,4.6,N,verified
pil_creative_group,PIL Creative Group,(305) 720-3533,https://thepil.com/,,Coral Gables,marketing,,Y,verified
pilatesgaia,Pilates Gaia,(786) 899-0337,http://pilatesgaia.com/,,Ponce de Leon Corridor,wellness,4.6,N,verified
pinecrestbakerycoconutgrove,Pinecrest Bakery - Coconut Grove,(305) 680-0906,https://pinecrestbakery.com/,,Douglas Road Corridor,food_beverage,4.9,N,verified
pinecrestbakerycoralgables,Pinecrest Bakery - Coral Gables,(786) 591-7800,https://pinecrestbakery.com/,,Coral Gables,food_beverage,4.7,N,verified
pinecrest_bakery_llc,"Pinecrest Bakery, LLC",(305) 400-4686,https://pinecrestbakery.com/,"3906 SW 8th St, Coral Gables, FL 33134",Coral Gables,food_beverage,4.7,Y,verified
pinecrestphysicaltherapy,Pinecrest Physical Therapy,(305) 722-0568,https://www.pinecrestpt.com/,,Sunset / South Gables,healthcare,4.9,N,verified
pink_luminous_advocacy_project,Pink Luminous Advocacy Project,(305) 747-8712,https://luminousadvocacyproject.com,"3257 NW 7th Ave Cir, Miami, FL 33127",Coral Gables,nonprofit,5,Y,unverified
pinochobakery,Pinocho Bakery,(305) 448-7843,https://pinocho-bakery.com/,,Coral Gables,food_beverage,4.3,N,verified
pisco_y_nazca,Pisco y Nazca,(786) 810-2266,https://piscoynazca.com/,"101 Miracle Mile, Coral Gables, FL 33134",Coral Gables,food_beverage,4.9,N,verified
pisco_y_nazca_coral_gables,Pisco y Nazca Coral Gables,(786) 810-4519,https://piscoynazca.com/coralgables,,giralda plaza,other,4.6,Y,unverified
pita_weber_del_prado,Pita Weber Del Prado,(305) 670-2889,https://www.pwdlawfirm.com/,"9350 S Dixie Hwy Suite 1200, Miami, FL 33156",Coral Gables,legal,4.9,Y,verified
pizza_hut,Pizza Hut,(305) 663-9988,https://locations.pizzahut.com/fl/miami/3396-coral-way?utm_medium=organic&utm_source=local&utm_campaign=googlelistings&utm_content=website&utm_term=313243,6625 South Dixie Highway,Sunset / South Gables,food_beverage,3.4,N,verified
playa_bowls_coral_gables,Playa Bowls Coral Gables,(786) 505-3011,https://www.playabowls.com/location/coral-gables/,"6620 SW 57th Ave Suite E113, South Miami, FL 33143",Coral Gables,other,4.8,Y,verified
playhouseandbiltmoreschool,Playhouse and Biltmore School,,,,Sunset / South Gables,education,,N,
plazaassociates,Plaza & Associates,(786) 310-5428,https://www.plazaandassociates.com/,,Ponce de Leon Corridor,professional_services,,N,verified
please_hold_advertising,Please Hold Advertising,(305) 388-3088,https://pleasehold.com/,,Coral Gables,accounting,5,Y,verified
plenitude_med_spa,Plenitude Med Spa,(305) 298-9034,https://plenitudemedspa.com/,"343 Aragon Ave, Coral Gables, FL 33134",Coral Gables,wellness,5.0,Y,verified
plymouth_church,Plymouth Church,(305) 444-6521,http://www.plymouthmiami.org/,"3400 Devon Rd, Miami, FL 33133",Coral Gables,nonprofit,4.7,N,verified
plymouthcongregationalchurch,Plymouth Congregational Church,(305) 444-6521,http://www.plymouthmiami.org/,,Coral Gables,nonprofit,4.7,N,verified
plymouthpreschoolofplymouthcongregationalchurch,Plymouth Preschool of Plymouth Congregational Church,,,,Coral Gables,education,,N,
pnc_bank,PNC Bank,(786) 218-8060,https://locator.pnc.com/en/details/fl/coral-gables/branch/2730-ponce-de-leon-blvd?lnksrc=branch-listing-google,"2730 Ponce de Leon Blvd, Coral Gables, FL 33134",Coral Gables,banking,3.5,Y,verified
pocbuffet,POC Buffet,,,,Coral Gables,food_beverage,4.3,N,
poke_305_grove,Poke 305 Grove,(305) 640-8147,http://www.poke305.com/,3415 Main Highway,Douglas Road Corridor,food_beverage,4.1,N,verified
polestarmiami,Polestar Miami,(786) 963-7025,https://www.polestar.com/us/spaces/miami,,Miracle Mile,auto_dealer,5.0,N,verified
pollo_campero,Pollo Campero,(833) 226-7376,https://us.campero.com/locations/calle-ocho,2800 Southwest 8th Street,Douglas Road Corridor,food_beverage,4.2,N,verified
pollo_tropical,Pollo Tropical,(786) 329-7650,https://www.pollotropical.com/,7021 Southwest 8th Street,Douglas Road Corridor,food_beverage,3.8,N,verified
ponce_circle_tower,Ponce Circle Tower,(305) 447-7855,https://poncecircletower.com/,,Coral Gables,other,,Y,verified
poncedeleonanimalclinic,Ponce De Leon Animal Clinic,(305) 666-6813,http://poncedeleonanimalclinic.com/,,Coral Gables,healthcare,4.8,N,verified
ponce_de_leon_hotel,Ponce De Leon Hotel,(305) 444-9934,http://www.hotelponcedeleon.com/,1721 Ponce de Leon Boulevard,Ponce de Leon Corridor,hospitality,4.0,N,verified
ponce_de_leon_middle_school,Ponce de Leon Middle School,(305) 661-1611,https://poncedeleonmiddle.net/,,University of Miami,accounting,,Y,verified
ponte_vecchio_ristorante_e_pizzeria,Ponte Vecchio Ristorante e Pizzeria,(786) 313-3800,http://pontevecchiomiami.com,2250 Southwest 22nd Street,Coral Gables,food_beverage,4.7,N,verified
poochie_on_your_block,Poochie on your Block,(305) 666-4669,http://www.poochieonyourblock.com/,6803 Southwest 40th Street,Bird Road Corridor,retail,4.6,N,verified
popeyes,Popeyes,(786) 783-3470,https://www.popeyes.com/store-locator/store/restaurant_240534,6800 Southwest 57th Avenue,Sunset / South Gables,food_beverage,3.7,N,verified
porsche,Porsche,(786) 885-3481,https://www.thecollectionporsche.com/,"200 Bird Rd, Coral Gables, FL 33146",Bird Road Corridor,retail,4.8,N,verified
portfoliosalon,Portfolio Salon,(305) 443-0101,http://www.instagram.com/portfoliosalon,,Miracle Mile,personal_services,4.8,N,verified
portosole,Portosole,(786) 359-4275,https://portosolemiami.com/,,Miracle Mile,food_beverage,4.6,N,verified
portosole_italian_restaurant,Portosole Italian Restaurant,(786) 359-4275,https://portosolemiami.com/,"2530 Ponce de Leon Blvd, Coral Gables, FL 33134",Coral Gables,food_beverage,4.6,Y,verified
positivehealthpsychologyassociatesph,Positive Health Psychology Associates {PHPA},(786) 567-8160,http://www.drsandracastillo.com/,,Coral Gables,healthcare,4.3,N,verified
potterybarn,Pottery Barn,(305) 569-9022,https://www.potterybarn.com/stores/us-fl-coral-gables-merrick-park/,,Bird Road Corridor,retail,3.7,N,verified
power_financial_credit_union,Power Financial Credit Union,(305) 219-9066,http://www.powerfi.org/,"The Palms at Town and Country Mall, 8228 Mills Dr, Miami, FL 33183",Coral Gables,banking,4.5,Y,verified
powering_elite_performers_llc,"Powering Elite Performers, LLC",(305) 801-6876,https://us.shaklee.com/en_US/kensmith,"8854 SW 129th St, Miami, FL 33176",Coral Gables,other,4.7,Y,unverified
premia_global_advisors,Premia Global Advisors,(786) 646-9140,https://premiaglobaladvisors.com,"2600 Douglas Rd # 1103, Coral Gables, FL 33134",Coral Gables,financial_services,5,Y,unverified
premier_golf_fitting,Premier Golf Fitting,(305) 275-9070,http://planetgolfmiami.com/,"7045 SW 87th Ave, Miami, FL 33173",Bird Road Corridor,retail,4.8,N,verified
premier_nad,Premier NAD+,(786) 340-1538,https://www.premiernadplus.com/,"301 Altara Ave Suite 105, Coral Gables, FL 33146",Coral Gables,healthcare,5,Y,verified
premier_pediatric_dentistry,Premier Pediatric Dentistry,(786) 296-1891,https://pediatricdentistmiami.com/?y_source=1_NzYxMDAyMTktNzE1LWxvY2F0aW9uLndlYnNpdGU%3D,"4145 Laguna St, Miami, FL 33146",Coral Gables,healthcare,5,Y,verified
preocommunicationsbestdigitalmarketingagency,Preo Communications - Best Digital Marketing Agency,(786) 451-2859,https://preocommunications.com/,,Ponce de Leon Corridor,marketing,5.0,N,verified
prestigiousimagebarbershonds,Prestigious Image Barbershop and Spa,(305) 640-8775,http://www.prestigiousimage.com/,,Ponce de Leon Corridor,food_beverage,4.8,N,verified
presto_cleaners,Presto Cleaners,(305) 665-7952,https://www.prestocleanersmiami.com/contact-us/,6640 Southwest 40th Street,Bird Road Corridor,retail,3.4,N,verified
primarycare,Primary Care,(305) 284-3333,https://onemedical.com/locations/mia/coconut-grove?y_source=1_MTA1Mzk0OTQzOC03MTUtbG9jYXRpb24ud2Vic2l0ZQ%3D%3D,,University of Miami,healthcare,,N,unverified
primary_windows,Primary Windows,(786) 471-1811,http://primarywindows.com/?utm_source=gmyb,250 Giralda Ave,Miracle Mile,construction,4.6,N,verified
prime_institute,Prime Institute,(786) 866-7804,https://www.primeinstitute.us/,475 Biltmore Way,Coral Gables,education,5,Y,verified
primesportswellnessphysicaltherapypt,"Prime Sports Wellness Physical Therapy, PT",(305) 798-5612,https://primesportspt.com/,,Bird Road Corridor,healthcare,5.0,N,verified
primecareofcoralgables,Primecare of Coral Gables,(305) 443-3001,http://www.primecarecg.com/,,Alhambra Circle,healthcare,4.2,N,verified
pressjoyeria,Princess Joyeria,(786) 777-9852,https://www.princessjoyeria.es/,,Coral Gables,retail,4.9,N,verified
pretonpreschool,Princeton Preschool,,,,Sunset / South Gables,education,,N,
privateoasisatarya,Private Oasis at Arya,(305) 798-8811,https://www.miamivacationrentals.com/web/apartments/listing,,Douglas Road Corridor,hospitality,4.5,N,verified
private_wealth_management_of_coral_gables,Private Wealth Management of Coral Gables,(305) 548-2247,https://pwmcg.com/,"141 Miracle Mile, Coral Gables, FL 33134",Coral Gables,financial_services,5.0,Y,verified
privecarerx,PriveCareRx,(352) 284-4390,https://privecarerx.com/,"2020 Ponce de Leon Blvd #105, Coral Gables, FL 33134",Coral Gables,auto_dealer,5.0,Y,verified
profitnessrehab,Pro Fitness & Rehab,(305) 445-4224,,,Coral Gables,healthcare,5.0,N,
professionalbuildingsolutions,Professional Building Solutions,(954) 473-0025,https://probuildingsvcs.com/,"2332 Galiano St, Coral Gables, FL 33134",Coral Gables,construction,4.5,N,unverified
professional_health_diagnostics,Professional Health Diagnostics,(305) 441-2262,http://www.phdmiami.com/,6527 Southwest 24th Street,Coral Gables,healthcare,3.8,N,verified
promexico_mexicos_trade_investment_commmiami,PROMEXICO / Mexico's Trade & Investment Comm.Miami,(305) 415-9360,https://gob.mx,"999 Ponce de Leon Blvd, Coral Gables, FL 33134",Coral Gables,accounting,5,Y,unverified
prominentfinancialconsultants,Prominent Financial Consultants,(305) 396-2000,https://www.prominentfc.com/,,Ponce de Leon Corridor,consulting,4.7,N,verified
providence_healthcare_services,Providence Healthcare Services,(305) 220-1088,http://providencehhs.com/,"10250 SW 56th St Suite D-103, Miami, FL 33165",Coral Gables,healthcare,4.9,Y,verified
prowork_us,PROWORK US,(305) 631-2534,,"25 Merrick Wy, Coral Gables, FL 33134",Coral Gables,professional_services,4.9,N,
prowork_us_multinational_talent_acquisition_company,PROWORK US  Multinational Talent Acquisition Company,(305) 531-0838,https://prowork.us,,Coral Gables,accounting,,Y,unverified
ps_mortgage_lending,PS Mortgage Lending,(786) 586-3336,https://psmortgagelending.com/?utm_source=gbp&utm_medium=webclick,"9480 SW 77th Ave #201, Miami, FL 33156",Coral Gables,real_estate,5,Y,verified
psychologicalservicescenter,Psychological Services Center,(305) 284-4265,http://www.psy.miami.edu/psc/,,Coral Gables,healthcare,3.0,N,verified
psychologybeyond,"Psychology & Beyond, Inc.",(305) 917-5414,https://www.psychologytoday.com/profile/210683,,Ponce de Leon Corridor,healthcare,4.4,N,verified
psychologyassociatesofcoralgables,Psychology Associates of Coral Gables,(305) 344-7224,http://psychologyassociatesofcoralgables.com/,,Sunset / South Gables,healthcare,,N,verified
public_storage,Public Storage,(305) 874-0999,https://www.publicstorage.com/self-storage-fl-miami/1580.html?pspid=pslocalsearch&utm_source=google&utm_medium=local_maps,2190 Southwest 8th Street,Bird Road Corridor,retail,4.8,N,verified
publix,Publix,(305) 445-3221,https://www.publix.com/locations/51,1500 South Douglas Road,Ponce de Leon Corridor,retail,4.4,N,unverified
publixpharmacyatdouglasgrand,Publix Pharmacy at Douglas Grand,(305) 445-3252,https://www.publix.com/pharmacy?utm_medium=maps&utm_source=google&utm_content=psmpharm_google_override,,Ponce de Leon Corridor,healthcare,3.2,N,verified
publixpharmacyatrivieraplaza,Publix Pharmacy at Riviera Plaza,(305) 929-7068,https://www.publix.com/pharmacy?utm_medium=maps&utm_source=google&utm_content=psmpharm_google_override,,Sunset / South Gables,healthcare,,N,verified
publixsupermarketatdouglasgrand,Publix Super Market at Douglas Grand,(305) 445-3221,https://www.publix.com/?setstorenumber=51&utm_medium=maps&utm_source=extendednetwork&utm_content=psm_website_url,,Ponce de Leon Corridor,food_beverage,4.5,N,verified
publixsupermarketonmonzaave,Publix Super Market on Monza Ave,(305) 667-1681,https://www.publix.com/?setstorenumber=94&utm_medium=maps&utm_source=extendednetwork&utm_content=psm_website_url,,Sunset / South Gables,food_beverage,4.4,N,verified
publixsupermarketonslejeunerd,Publix Super Market on S Le Jeune Rd,(305) 445-2641,https://www.publix.com/?setstorenumber=84&utm_medium=maps&utm_source=extendednetwork&utm_content=psm_website_url,,Miracle Mile,food_beverage,4.4,N,verified
pulverc,Pulver CPA,(305) 790-5604,https://www.whittmarsh.com/,,Coral Gables,accounting,4.6,N,verified
pummarola_coral_gable,Pummarola Coral Gable,(786) 409-6866,https://www.pummarola.us/,141 Aragon Avenue,Miracle Mile,food_beverage,4.5,N,verified
puntocriollo,Punto Criollo,,https://www.puntocriollomiami.com/,,Coral Gables,food_beverage,4.5,N,verified
pura_vida_miami,Pura Vida Miami,(305) 204-0602,https://www.puravidamiami.com/locations/florida/miraclemile,"244 Miracle Mile, Coral Gables, FL 33134",Coral Gables,food_beverage,4.8,Y,verified
pureprojecthome,Pure Project Home,(305) 418-0325,http://www.pureprojecthome.com/,,Coral Gables,retail,4.8,N,verified
pure_water_factory_llc,"Pure Water Factory, LLC",(213) 810-2513,http://purewaterflorida.com/,"2625 SW 27th Ave, Miami, FL 33133",Coral Gables,other,4.9,Y,verified
pushforwardproject,Push Forward Project,(786) 509-9671,https://www.thepushforwardproject.org/,,Coral Gables,nonprofit,,N,verified
quadriplate_v,Quadriplate V,(786) 391-1276,https://450gradimiami.com/,"130 Miracle Mile, Coral Gables, FL 33134",University of Miami Area,hospitality,4.8,N,verified
quest_diagnostics,Quest Diagnostics,(305) 668-9566,https://locations.questdiagnostics.com/fl/miami/5761-sw-40th-st,Southwest 39th Street,Bird Road Corridor,healthcare,3.2,N,verified
quest_workspaces,Quest Workspaces,(305) 200-8700,https://questworkspaces.com,"121 Alhambra Plz # 1000, Coral Gables, FL 33134",Coral Gables,wellness,5,Y,unverified
questworksces2525poncecoralgables,Quest Workspaces 2525 Ponce Coral Gables,(305) 518-1101,https://questworkspaces.com/coral-gables-ponce?utm_source=google_business_profile&utm_medium=website,,Miracle Mile,wellness,5.0,N,verified
quintana_law_pa,"Quintana Law, P.A.",(305) 376-0821,http://www.quintanalawpa.com/,"10281 SW 72nd St # B-105, Miami, FL 33173",Coral Gables,legal,5,Y,verified
quito,Quito,,http://www.quito.gob.ec/,,Coral Gables,hospitality,,N,verified
quiznos,Quiznos,(305) 661-2890,https://quiznosbirdroadmiami.com/,"7100 Bird Rd, Miami, FL 33155",Bird Road Corridor,food_beverage,4.3,N,verified
quuanthairsalon,Quuant Hair Salon,(305) 460-0097,http://quuanthairsalon.com/,,Ponce de Leon Corridor,personal_services,4.9,N,verified
rabrandonco,R A Brandon & Co Inc,(305) 442-2340,https://rabrandoninsurance.com/,"217 Aragon Ave, Coral Gables, FL",Coral Gables,insurance,5,N,verified
rahalarchitects,Rahal Architects LLC,(305) 906-0851,http://rahalarchitects.com/,,Miracle Mile,professional_services,5.0,N,verified
rainbow_pharmacy,Rainbow Pharmacy,(305) 749-7000,http://rainbowpharmacyrx.com/,"257 Giralda Ave, Coral Gables, FL 33134",Coral Gables,healthcare,5.0,Y,verified
ramhofer_garcia,Ramhofer Garcia,(305) 481-9733,https://ramhofergarcia.com,"133 Grand Ave B, Coral Gables, FL 33133",Coral Gables,other,5,Y,unverified
ransomevergladesschool,Ransom Everglades School,,http://www.ransomeverglades.org/,,Douglas Road Corridor,education,,N,verified
ransonevergladeschildrenscenter,Ranson Everglades Children's Center,,,,Douglas Road Corridor,education,,N,
rathskeller,Rathskeller,(305) 284-6310,,1330 Miller Road,University of Miami Area,food_beverage,4,N,
rausabuilders,Rausa Builders Corp,(305) 554-5711,https://rausabuilders.com/?utm_source=GMBlisting&utm_medium=organic,,Coral Gables,construction,4.4,N,verified
raymourflaniganfurnitureandmattressstore,Raymour & Flanigan Furniture and Mattress Store,(201) 809-1353,,,Coral Gables,retail,4.6,N,
razzledazzle_barbershop,RazzleDazzle BarberShop,(305) 774-0074,https://www.razzledazzlebarbershop.com/,241 Miracle Mile,Miracle Mile,retail,4.3,N,unverified
rc_cafe,RC Cafe,(305) 889-8684,https://www.rccafe.miami/,"276 Alhambra Cir, Coral Gables, FL 33134",Coral Gables,food_beverage,4.8,Y,verified
rccoastconstruction,RC Coast Construction,(786) 291-7892,,,Coral Gables,construction,5.0,N,
rdzfineart,RDZ Fine Art LLC,(305) 720-5172,,,Ponce de Leon Corridor,arts_culture,5.0,N,
reactionrehab,"Reaction Rehab, LLC.",(305) 856-9000,http://reactionrehab.com/,,Coral Gables,healthcare,4.9,N,verified
rebecamelendezpsychotherapyandassessments,Rebeca Melendez- Psychotherapy and Assessments,(305) 908-7118,http://psychicounseling.wixsite.com/psychicounseling,,Coral Gables,healthcare,5.0,N,verified
recapturing_the_vision_international_inc,Recapturing the Vision International Inc,(305) 232-6003,http://rtv.org/,,Coral Gables,healthcare,,Y,verified
recycling,Recycling,(305) 986-6107,https://wm.com,"7333 Coral Wy Ste 108, Miami, FL 33155",Coral Gables,real_estate,,Y,unverified
red_bird_animal_clinic,Red Bird Animal Clinic,(305) 661-6466,http://www.redbirdanimalclinic.com/,5753 Southwest 40th Street,Bird Road Corridor,healthcare,4.8,N,verified
red_carpet_italian_restaurant,Red Carpet Italian Restaurant,(305) 529-4220,https://www.cidrarestaurant.com/,3438 Southwest 8th Street,Coral Gables,food_beverage,4.7,N,verified
redforalgables,Redfin Coral Gables,(877) 973-3346,https://www.redfin.com/city/3707/FL/Coral-Gables/real-estate/agents?utm_source=gmb&utm_medium=organic&utm_campaign=gmb-coral-gables-fl,,Coral Gables,real_estate,3.1,N,verified
refugeeassistancealliance,Refugee Assistance Alliance,,http://refugeeassistancealliance.org/,,Ponce de Leon Corridor,nonprofit,5.0,N,verified
regencymiamiairportbysonesta,Regency Miami Airport by Sonesta,(305) 441-1600,https://www.sonesta.com/sonesta-hotels-resorts/fl/miami/regency-miami-airport-sonesta?utm_source=google&utm_medium=organic&utm_campaign=gmb,,Coral Gables,hospitality,3.6,N,verified
regions_bank,Regions Bank,(305) 774-5219,https://www.regions.com/locator/fl/miami/full-service-branch-8373-west-flagler-st?cid=localListing_google,6990 Southwest 8th Street,Coral Gables,banking,4.3,Y,verified
regis_remote_office_solutions,Regis Remote Office Solutions,(786) 875-8511,https://regisro.com,"Columbus Center, 1 Alhambra Plz Floor PH, Coral Gables, FL 33134",Coral Gables,accounting,4.2,Y,unverified
remax360realestate,REMAX 360 Real Estate,(305) 602-0360,http://www.miamicre360.com/,,Bird Road Corridor,real_estate,3.3,N,verified
renaissance_at_the_gables,Renaissance at the Gables,(305) 445-1313,http://renaissancemiami.com/renaissance-at-the-gables/?y_source=1_Mzg3MTk5MC03MTUtbG9jYXRpb24ud2Vic2l0ZQ%3D%3D,2340 Southwest 32nd Avenue,Coral Gables,media_entertainment,4.3,N,verified
residence_inn_miami_coconut_grove_3,Residence Inn Miami Coconut Grove 3,(305) 285-9303,,2835 Tigertail Avenue,Douglas Road Corridor,hospitality,4.2,N,
resident_member,Resident Member,(305) 788-5345,https://www.lifetime.life/locations/fl/coral-gables.html?utm_source=google&utm_medium=local&utm_campaign=google-local-club,"237 S Dixie Hwy, Coral Gables, FL 33133",Coral Gables,real_estate,3.8,Y,unverified
retail_shop,Retail Shop,(305) 569-0311,http://experiencecoralgables.com/,"130 Miracle Mile #200, Coral Gables, FL 33134",Coral Gables,retail,4.6,N,verified
revitamaxx,Revitamaxx,(305) 308-8850,https://revitamaxx.com/,"315 Palermo Ave, Coral Gables, FL 33134",Coral Gables,other,5,Y,verified
reys,Rey's,(305) 443-0839,http://reys.co/,,Miracle Mile,personal_services,3.3,N,verified
reysautoreirshop,Rey's Auto Repair Shop,(305) 541-7339,https://search.app/fXQeVBRakCV64sbB8,,Coral Gables,auto_dealer,4.9,N,verified
reys_pizza,Rey's Pizza,(305) 265-2040,http://www.reypizza.com/,6340 Southwest 8th Street,Coral Gables,food_beverage,3.9,N,verified
reytormedicalcenterfranciscoreytormd,"Reytor Medical Center: Francisco Reytor, MD PA",(305) 264-5154,https://www.reytormedicalcenter.com/,,Coral Gables,healthcare,4.9,N,verified
rhonda_a_anderson_pa,Rhonda A. Anderson  P.A.,(305) 567-3004,,"2655 S Le Jeune Rd # 5, Coral Gables, FL 33134",Coral Gables,legal,5,Y,
richards_legal_group,Richards Legal Group,(305) 448-2228,https://richpa.net,"201 Alhambra Cir #1060, Coral Gables, FL 33134",Coral Gables,legal,5,Y,unverified
rickburkestatefarminsuranceagent,Rick Burke - State Farm Insurance Agent,(305) 860-0616,https://www.rickburkeagency.com/?cmpid=L8L1_blm_0001,,Coral Gables,insurance,4.3,N,verified
rimasgifts,RIMA’S GIFTS,(305) 776-1682,http://rimasgifts.com/,,Douglas Road Corridor,retail,5.0,N,verified
rincon_antioqueo,Rincon Antioqueno,(305) 262-1515,,6521 Southwest 8th Street,Coral Gables,food_beverage,4.4,N,
rinconcito_superlatino_4,Rinconcito Superlatino 4,(305) 264-0749,https://elrinconcitolatino.com/,"6741 SW 24th St, Miami, FL 33155",Bird Road Corridor,food_beverage,4.4,N,verified
ring_theater,Ring Theater,(305) 284-3355,http://www.as.miami.edu/ringtheatre/,"1312 Miller Dr, Coral Gables, FL 33146",University of Miami Area,arts_culture,4.6,N,verified
ringbyname,RingByName,(786) 567-3040,https://www.ringbyname.com/,"6303 Waterford District Dr, Miami, FL 33126",Coral Gables,other,3.4,Y,verified
ristorante_ll_duomo_dei_sapori,Ristorante ll Duomo Dei Sapori,(305) 381-5604,https://ilduomodeisapori.com/,"2312 Ponce de Leon Blvd, Coral Gables, FL 33134",Coral Gables,food_beverage,4.5,Y,verified
rita_herrera_real_estate_broker,"Rita Herrera, Real Estate Broker",(305) 300-4760,https://ritafrommiami.com/,,Coral Gables,real_estate,4.6,Y,verified
ritzysnails,Ritzy's Nails,(305) 562-8336,https://ritzysnails.booksy.com/a/,,Coral Gables,personal_services,5.0,N,verified
riveraperformancerecovery,RIVERA Performance & Recovery,(305) 850-1247,http://www.rivera.biz/,,Ponce de Leon Corridor,wellness,5.0,N,verified
riverchasedermatologymiami,Riverchase Dermatology - Miami,(305) 856-6555,https://www.riverchasedermatology.com/location/miami/?utm_source=Organic&utm_medium=Google&utm_campaign=GMB_Miami_6008,,Coral Gables,healthcare,4.7,N,verified
riverochiropracticcenter,Rivero Chiropractic Center,(305) 397-8345,http://www.chiromiami.com/,,Bird Road Corridor,healthcare,5.0,N,verified
rivieradayschool,Riviera Day School,,,,Sunset / South Gables,education,,N,
riviera_health_resort,Riviera Health Resort,(786) 517-6999,https://rivierahealthresort.com/,"6901 Yumuri St, Coral Gables, FL 33146, United States",Coral Gables,accounting,4.4,Y,verified
rivieralive,Rivieralive,(786) 703-3729,,"3138 Coral Wy, Miami, FL 33145",Douglas Road Corridor,nonprofit,4.2,N,
rize_mortgage_llc,"Rize Mortgage, LLC",(786) 287-5836,https://rizemtg.com/,"53 NW 100th Ave, Plantation, FL 33324",Coral Gables,real_estate,4.9,Y,verified
roarmedia,Roar Media,(305) 600-1178,http://www.roarmedia.com/,,Ponce de Leon Corridor,marketing,4.8,N,verified
robert_j_fewell_company,Robert J. Fewell Company,(305) 445-7755,,"2313 Salzedo St, Coral Gables, FL 33134",Coral Gables,other,5,Y,
robert_j_shafer_associates,Robert J. Shafer & Associates,(305) 775-3578,,,Coral Gables,other,,Y,
robert_m_levy_associates,Robert M. Levy & Associates,(850) 294-7583,http://www.levylawgroup.com/contactus.html,"3399 Ponce de Leon Blvd, Coral Gables, FL 33134",Coral Gables,other,2.3,Y,unverified
roberto_garcia_new_york_life,Roberto Garcia New York Life,(786) 443-1774,https://newyorklife.com,,Coral Gables,financial_services,,Y,unverified
robinhooddiamonds,RobinHood Diamonds,(646) 200-2197,https://robinhooddiamonds.com/,,Coral Gables,retail,4.9,N,verified
rochebobois,Roche Bobois,(305) 444-1017,https://www.roche-bobois.com/en-US/showrooms/fl-miami-coral-gables/s1508.html,,Miracle Mile,retail,4.2,N,verified
rodewayinnsouthmiamicoralgables,Rodeway Inn South Miami - Coral Gables,(786) 408-9221,https://www.choicehotels.com/florida/south-miami/rodeway-inn-hotels/fl645?mc=llgoxxpx,,Sunset / South Gables,hospitality,2.7,N,verified
rodriguezarchitects,Rodriguez Architects Inc,(305) 448-3373,http://www.rodriguezarchitects.com/,,Ponce de Leon Corridor,professional_services,5.0,N,verified
rolys_auto_service,Roly's Auto Service,(305) 332-4949,http://www.rolyseuropeanautocenter.com/,"7368 SW 42nd St, Miami, FL 33155",Coral Gables,auto_dealer,4.7,N,verified
roma_bakery,Roma Bakery,(305) 446-0433,http://www.romabakery.miami/,4897 Southwest 8th Street,Coral Gables,food_beverage,4.3,N,verified
ronald_jakubisin_associates,Ronald Jakubisin & Associates,(954) 922-5052,https://jakubisin.net,,Coral Gables,marketing,,Y,unverified
ronald_mcdonald_house_charities_of_south_florida,Ronald McDonald House Charities of South Florida,(786) 476-2176,http://rmhcsouthflorida.org/,"1145 NW 14th Terrace, Miami, FL 33136",Coral Gables,food_beverage,4.8,Y,verified
roofing_company,Roofing Company,(786) 521-0022,https://greenhomeroofinginc.com,"2525 Ponce de Leon Blvd Suit 300, Coral Gables, FL 33134",Coral Gables,retail,4.9,Y,unverified
rosa_clar,Rosa Clara,(786) 414-0832,https://www.rosa-clara.com/en-us/shop/rosa-clara-miami?utm_campaign=rosaclaramiami-250411-tienda&utm_content=linkficha&utm_medium=gmb&utm_source=google,"365 Miracle Mile, Coral Gables, FL 33134",Coral Gables,other,4.5,Y,verified
rosettabakery,Rosetta Bakery,(305) 763-8215,https://www.rosettabakery.com/,,Coral Gables,food_beverage,4.5,N,verified
ross,Ross,(305) 446-8440,https://www.rossstores.com/,2 Miracle Mile,Coral Gables,retail,4.4,N,verified
rossenlawfirm,Rossen Law Firm,(786) 936-1633,https://www.rossenlawfirm.com/?utm_source=googlemybusiness&utm_medium=organic&utm_campaign=gbpcoral-gables,,Coral Gables,legal,5.0,N,verified
rothstar_construction_inc,Rothstar Construction Inc.,(305) 442-4462,http://rothstar.com/,"250 Catalonia Ave Ste 300, Coral Gables, FL 33134",Coral Gables,construction,5.0,Y,verified
rotorooter,Roto-Rooter,(305) 461-5521,https://rotorooter.com,,Coral Gables,construction,4.7,N,unverified
roy_b_gonas_attorney,"Roy B. Gonas, Attorney",(786) 420-5598,https://rgonasarbitration.com,,Coral Gables,legal,,Y,verified
royal_ballet_miami_corporation,Royal Ballet Miami Corporation,(305) 728-9587,https://miamiroyalballet.com,"300 Altara Ave #1415, Coral Gables, FL 33146",Coral Gables,arts_culture,4.9,Y,unverified
rrjinsuranceservicesofflorida,RRJ Insurance Services of Florida,(305) 614-0055,https://www.rrj-insurance.com/,,Miracle Mile,insurance,,N,verified
rudysantayanajewelrydesigns,Rudy Santayana Jewelry Designs,(786) 801-0111,https://rudysantayana.com/,,Bird Road Corridor,retail,5.0,N,verified
rumbasrestaurant,Rumbas Restaurant,,,,Coral Gables,food_beverage,5.0,N,
rumbleboxing,Rumble Boxing,(347) 571-5039,http://www.rumbleboxinggym.com/coralgables?utm_source=google&utm_medium=referral&utm_campaign=yext&utm_term=organic,,Coral Gables,wellness,3.9,N,verified
rumble_boxing_coral_gables,Rumble Boxing Coral Gables,(786) 449-8955,http://www.rumbleboxinggym.com/coralgables?utm_source=google&utm_medium=referral&utm_campaign=yext&utm_term=organic,"111 Palermo Ave Suite 208, Coral Gables, FL 33134",Ponce de Leon Corridor,other,4.7,Y,verified
russell_capital_group,Russell Capital Group,(786) 493-7378,https://rcgmortgage.com,"476 E High St, Lexington, KY 40507",Coral Gables,financial_services,3.7,Y,unverified
ruths_chris_steak_house,Ruth's Chris Steak House,(305) 461-8360,https://www.ruthschris.com/locations/fl/coral-gables/coral-gables/7320?cmpid=br:rc_ag:ie_ch:loc_ca:RCGMB_sn:gmb_gt:coral-gables-fl-7320_pl:locurl_rd:1013,,Coral Gables,food_beverage,4.2,Y,verified
ryder_system_inc,Ryder System Inc.,(305) 500-4989,https://ryder.com,"2333 Ponce de Leon Blvd # 700, Coral Gables, FL 33134",Coral Gables,other,3.7,Y,unverified
rzonefitnesscoralgables,RZone Fitness Coral Gables,(305) 461-1090,https://www.rzonefitness.com/coral-gables/?utm_source=GMB&utm_medium=Organic&utm_campaign=Coral+Gables,,Ponce de Leon Corridor,wellness,4.9,N,unverified
rsteakhouse,Ró Steakhouse,(786) 778-4158,http://www.rosteakhouse.com/,,Ponce de Leon Corridor,food_beverage,4.9,N,verified
s_pellegrino_acqua_panna,S. Pellegrino & Acqua Panna,(305) 776-8105,https://www.camilaspatisserie.com/,"3011 Ponce de Leon Blvd Kiosk #3, Coral Gables, FL 33134",Coral Gables,other,4.6,Y,unverified
sabahmillaresod,"Saba H. Millares, OD",(305) 858-6414,,,Coral Gables,healthcare,5.0,N,
sabor_latino_cubano_criollo,Sabor Latino Cubano Criollo,(786) 773-2940,https://saborlatinocubano.com/,6500 Southwest 40th Street,Bird Road Corridor,food_beverage,4.4,N,verified
sabor_tropical_supermarket,Sabor Tropical Supermarket,(305) 266-6678,https://sabortropical.net/,6190 Southwest 8th Street,Coral Gables,food_beverage,4.2,N,verified
sachascafe,Sacha's Cafe,,https://www.sachas-cafe.com/contact.html,,Coral Gables,food_beverage,3.6,N,verified
safelite_autoglass,Safelite AutoGlass,(887) 465-5224,https://www.safelite.com/stores/Dade?utm_source=yext&utm_medium=list&utm_campaign=local&y_source=1_MTc4NzA3OS03MTUtbG9jYXRpb24ud2Vic2l0ZQ%3D%3D,2757 Southwest 8th Street,Douglas Road Corridor,retail,4,N,verified
saintalbansdaynursery,Saint Alban's Day Nursery,,,,Coral Gables,education,,N,
saintalbansdaynurserymainbranch,Saint Albans Day Nursery - Main Branch,,,,Coral Gables,education,,N,
saintalbansdaynurserynumber3,Saint Albans Day Nursery Number 3,,,,Coral Gables,education,,N,
saint_athanasios_greek_orthodox_church,Saint Athanasios Greek Orthodox Church,(305) 444-6541,http://www.stgmiami.org/,"320 Palermo Ave, Coral Gables, FL 33134",Coral Gables,nonprofit,4.8,N,verified
saint_augustine_church,Saint Augustine Church,(305) 661-1648,http://www.saintaugustinechurch.org/,1400 Miller Road,University of Miami Area,nonprofit,4.8,N,verified
saint_basil_catholic_church_byzantine_rite,Saint Basil Catholic Church Byzantine Rite,(786) 320-5125,https://stbasilbyzantinecatholicchurch.org/,"1475 NE 199th St, Miami, FL 33179, United States",Coral Gables,nonprofit,4.4,N,verified
saintbrendanhighschool,Saint Brendan High School,,,,Sunset / South Gables,education,,N,
sainthughchurchandschool,Saint Hugh Church and School,,,,Coral Gables,education,,N,
sainthughschool,Saint Hugh School,,http://www.coralgablescavaliers.org/,,Coral Gables,education,,N,verified
saint_james_church,Saint James Church,(305) 443-0014,,"110 Phoenetia Ave, Coral Gables, FL 33134",Coral Gables,nonprofit,4.5,N,
saintkevatholicschool,Saint Kevin Catholic School,,https://www.stks.org/,,Bird Road Corridor,education,,N,verified
saint_marks_lutheran_church,Saint Mark's Lutheran Church,(305) 444-0425,https://www.stmarkslutherancoralgables.org/,3930 Southwest 42nd Avenue,Bird Road Corridor,nonprofit,5.0,N,verified
saintmatthewslutheranschool,Saint Matthew's Lutheran School,,,,Douglas Road Corridor,education,,N,
saint_peters_lutheran_church,Saint Peters Lutheran Church,(305) 858-2621,https://www.sppmiami.org/CatholicChurch.php?,Southwest 41st Avenue,Coral Gables,nonprofit,4.7,N,verified
saintphilipsepiscolschool,Saint Philips Episcopal School,,https://www.stphilips.org/,,Coral Gables,education,,N,verified
saintstephensepiscolschool,Saint Stephen's Episcopal School,,,,Douglas Road Corridor,education,,N,
saintstephensschool,Saint Stephens School,,,,Douglas Road Corridor,education,,N,
saint_thomas_episcopal_church,Saint Thomas Episcopal Church,(305) 661-3436,https://www.stepsmia.org/st-thomas-episcopal-church,"5690 N Kendall Dr, Coral Gables, FL 33156",Bird Road Corridor,nonprofit,4.3,N,verified
saintthomastheapostleschool,Saint Thomas the Apostle School,,http://stamiami.org/,,Sunset / South Gables,education,,N,verified
sakuragablesjaneserestaurant,Sakura Gables Japanese Restaurant,(305) 665-7020,https://sakuragablesjapaneserestaurant.getsauce.com/,,Coral Gables,food_beverage,4.5,N,verified
salonsbyjccoralgablesonmiraclemile,Salons by JC Coral Gables on Miracle Mile,(305) 209-9384,https://salonsbyjc.com/location/florida-coral-gables/,,Ponce de Leon Corridor,personal_services,4.9,N,verified
salty_donut,Salty Donut,(786) 966-7200,https://www.saltydonut.com/,6022 South Dixie Highway,Sunset / South Gables,food_beverage,4.8,N,verified
salumeria_104,Salumeria 104,(305) 640-5547,https://www.salumeria104.com/,,Coral Gables,other,4.6,Y,verified
salumeria104coralgables,Salumeria 104 - Coral Gables,(786) 947-5342,https://www.salumeria104.com/,,Miracle Mile,food_beverage,4.8,N,verified
salvahalelaw,"Salva Hale Law, P.A.",(305) 432-3443,https://www.salvalawfirm.com/,,Bird Road Corridor,legal,5.0,N,verified
salvadore_park_tennis_center,Salvadore Park Tennis Center,(305) 460-5333,https://www.coralgables.com/department/community-recreation/fitness-athletics/tennis/salvadore-park-tennis-center,1121 Andalusia Avenue,Coral Gables,wellness,4.8,N,verified
samicutz,Samicutz,(786) 970-8623,,,Ponce de Leon Corridor,food_beverage,4.8,N,
san_juan_motel,San Juan Motel,(305) 780-0316,,2390 Southwest 8th Street,Coral Gables,hospitality,3.9,N,
sanlazarojewelry,San Lazaro Jewelry,(305) 567-9747,http://www.sanlazarojewelry.com/,,Coral Gables,retail,4.4,N,verified
san_lorenzo_gelato_and_pastry,San Lorenzo Gelato and Pastry,(248) 495-8946,https://www.sanlorenzogelato.com/,"128 Sevilla Ave, Coral Gables, FL 33134",Coral Gables,food_beverage,4.7,Y,verified
sanctuary_of_the_arts,Sanctuary of the Arts,(786) 362-5132,http://www.sanctuaryofthearts.org/,"410 Andalusia Ave, Coral Gables, FL 33134",Coral Gables,arts_culture,4.9,Y,verified
sands_investments,Sands Investments,(305) 661-7972,https://www.sandsig.com/,,Coral Gables,financial_services,,Y,verified
sardinalaworateimmigrationlawyers,Sardina Law Corporate/Immigration Lawyers,(305) 468-9262,https://www.sardinalawoffices.com/,,Bird Road Corridor,legal,4.9,N,verified
sartori_amici_my_grooms_room,Sartori Amici / My Grooms Room,(305) 964-5073,http://www.mygroomsroom.com/,"225 Miracle Mile, Coral Gables, FL 33134",Coral Gables,food_beverage,5,Y,verified
sb_architects,SB Architects,(305) 856-2021,http://www.sb-architects.com/,"2333 Ponce de Leon Blvd #1000, Coral Gables, FL 33134",Coral Gables,professional_services,4.7,Y,verified
scheckner_hetenyi_pl,"Scheckner & Hetenyi, PL",(305) 379-0603,http://www.cpa-sh.com/,,Coral Gables,accounting,,Y,verified
schoolhouse,School House,,,,Sunset / South Gables,education,,N,
school_of_architecture,School of Architecture,(305) 284-3731,https://www.arc.miami.edu/,1223 Theo Dickinson Drive,University of Miami Area,education,4.9,N,verified
school_of_communications,School of Communications,(305) 284-2265,http://com.miami.edu/,5100 Brunson Drive,University of Miami Area,education,3,N,verified
school_of_education_and_human_development,School of Education and Human Development,(305) 284-3711,https://www.edu.miami.edu/,5202 University Drive,University of Miami Area,education,,N,unverified
school_of_nursing_and_health_studies,School of Nursing and Health Studies,(305) 284-3666,https://www.sonhs.miami.edu/,5030 Brunson Drive,University of Miami Area,education,3.4,N,verified
school_of_rock,School of Rock,(786) 843-9230,https://www.schoolofrock.com/locations/southmiami,5701 Sunset Drive,Sunset / South Gables,education,5,N,verified
schwartz_center_for_athletic_excellence,Schwartz Center for Athletic Excellence,,,5811 San Amaro Drive,University of Miami Area,wellness,5,N,
seagrill,Sea Grill,,https://seagrillmiami.com/,,Coral Gables,food_beverage,4.2,N,verified
seacoast_bank,Seacoast Bank,(786) 814-4747,https://www.seacoastbank.com/locations/coral-gables-alhambra,"396 Alhambra Cir STE 150, Coral Gables, FL 33134",Coral Gables,banking,3.4,Y,verified
seacoast_construction_inc,Seacoast Construction Inc.,(786) 433-8740,http://www.seacoastconstruction.net/,"6355 NW 36th St, Virginia Gardens, FL 33166, United States",Coral Gables,construction,5.0,Y,verified
sears,Sears,(305) 460-3400,https://www.sears.com/,"3655 SW 22nd St, Miami, FL 33145",Coral Gables,retail,4,N,verified
seasons52,Seasons 52,305-442-8552,https://www.seasons52.com/locations/fl/coral-gables/coral-gables/4509?cmpid=br:s52_ag:ie_ch:loc_ca:S52GMB_sn:gmb_gt:coral-gables-fl-4509_pl:locurl_rd:1008,321 Miracle Mile,miracle mile,food_beverage,4.8,Y,verified
sebastians_cafe,Sebastian's Cafe,(305) 284-1934,https://newman-alumni-center.com/about-2/sebastians-cafe/,6200 San Amaro Drive,Coral Gables,food_beverage,4.9,N,verified
secured_debt_investments,Secured Debt Investments,(305) 338-4547,http://secureddebtinvestments.com/,,Coral Gables,financial_services,,Y,verified
sedanos,Sedano's,(305) 446-5872,https://www.sedanos.com/stores/coral-gables-7,4803 Southwest 8th Street,Coral Gables,retail,4.3,N,verified
seedsofhopebehavioralhealth,Seeds of Hope Behavioral Health,(786) 245-4463,http://seedsofhopebh.com/,,Coral Gables,healthcare,5.0,N,verified
selectphysicaltherapycoconutgrove,Select Physical Therapy - Coconut Grove,(305) 860-6383,https://www.selectphysicaltherapy.com/contact/find-a-location/fl/miami/coconut-grove/?ty=xt,,Coral Gables,healthcare,4.8,N,verified
selemmedicalcenteroration,Selem Medical Center Corporation,(305) 448-7848,,,Coral Gables,healthcare,4.2,N,
semillitas,Semillitas,,http://www.citybeautiful.net/,,University of Miami Area,hospitality,,N,unverified
seminole_hard_rock_hotel_casino_hollywood,Seminole Hard Rock Hotel & Casino Hollywood,(954) 797-5569,https://casino.hardrock.com/hollywood?utm_campaign=shrss_casino_hard-rock-hotel-and-casino-hollywood_websitelisting&utm_medium=referral&utm_source=gmb,"1 Seminole Way, Davie, FL 33314",Coral Gables,hospitality,4.5,Y,verified
semper,Semper,(786) 705-2121,https://www.semperlaser.com/location/miami-laser-hair-removal,"5740 Sunset Dr, Miami, FL 33143",Sunset / South Gables,retail,4.9,N,verified
senior_living,Senior Living,(305) 422-1397,https://belmontvillage.com,"1 Andalusia Ave, Coral Gables, FL 33134",Coral Gables,healthcare,4.9,Y,unverified
ser_associates_pllc,"Ser & Associates, PLLC",(305) 222-7282,http://ser-associates.com/,"2020 Ponce de Leon Blvd #1101, Coral Gables, FL 33134",Coral Gables,legal,4.4,Y,verified
seraphic_fire,Seraphic Fire,(305) 285-9060,http://www.seraphicfire.org/,"2153 Coral Wy #401, Miami, FL 33145",Coral Gables,arts_culture,5,Y,verified
serenityscoralgables,Serenity Spa Coral Gables,(786) 800-9595,https://www.serenityspacoralgables.com/,,Ponce de Leon Corridor,wellness,4.9,N,verified
sergios,Sergio's,,http://www.sergios.com/,,Coral Gables,food_beverage,,N,verified
sergios_restaurant,Sergio's Restaurant,(305) 529-0047,http://www.sergios.com/,,Coral Gables,food_beverage,4.1,Y,verified
serpguru,SerpGuru,(305) 631-2029,https://serpguru.io/,1256 Medina Avenue,Coral Gables,professional_services,4.5,N,unverified
serranoassociatesrealestateestelaserranobroker,"Serrano & Associates Real Estate LLC - Estela Serrano, Broker.",(305) 521-3290,http://www.serranoandassociates.com/,,Coral Gables,real_estate,4.9,N,verified
service_keepers,Service Keepers,(786) 750-0287,https://servicekeepers.com,"7541 NE 3rd Pl, Miami, FL 33138",Coral Gables,other,4.9,Y,unverified
servproofwynwood,SERVPRO of Wynwood,(305) 377-2325,https://www.servpro.com/locations/fl/servpro-of-wynwood?utm_medium=organic&utm_source=gbp,,Douglas Road Corridor,other,5.0,N,verified
sexy_fish_miami,Sexy Fish Miami,(305) 790-1993,https://sexyfishmiami.com/?utm_source=LocalGoogleExtNet&utm_medium=Organic,"1001 S Miami Ave, Miami, FL 33130",Coral Gables,other,4.5,Y,verified
sfrphysicaltherapysouthmiami,SFR PHYSICAL THERAPY SOUTH MIAMI,(305) 905-4188,http://miamiphysicaltherapy.com/,,Sunset / South Gables,healthcare,4.9,N,verified
shadow_wagyu,Shadow Wagyu,(305) 484-3911,https://shadowwagyu.com/?fbclid=PAAaZGZ1ob9KnaCjfw0gSbV2M3wB3EieYDiWq2K-MAEaQ8iA3WwzwiLNHsYzs_aem_Ae8f4i1zEf-eY2k6p1TMLGC5rkS_vmKvGSYNIidO9VZKmfYUPU6_063efpUqRTM6AVU#kitchen,4702 Southwest 42nd Avenue,Merrick Park,other,4.7,Y,verified
shah_of_kebab,Shah of Kebab,(786) 275-6652,https://eatkabob.com/shahssouthmiami?utm_source=google,"5975 Sunset Dr #109, South Miami, FL 33143",Sunset / South Gables,food_beverage,4.6,N,verified
shake_shack,Shake Shack,(786) 470-3701,https://www.shakeshack.com/location/coral-gables-fl?utm_source=google&utm_medium=listing,"1450 S Dixie Hwy, Coral Gables, FL 33146",Coral Gables,food_beverage,4.5,N,verified
shakeshackcoralgables,Shake Shack Coral Gables,(786) 470-3701,https://www.shakeshack.com/location/coral-gables-fl?utm_source=google&utm_medium=listing,"1450 S Dixie Hwy, Coral Gables, FL 33146",Coral Gables,food_beverage,4.5,N,verified
shalala_student_center,Shalala Student Center,(305) 284-4351,http://www.miami.edu/sa/index.php/student_center_complex/student_center_complex/,1330 Miller Road,University of Miami Area,education,4.7,N,verified
sharff_wittmer_kurtz_jackson_diaz_pa,"Sharff, Wittmer, Kurtz, Jackson, & Diaz, P.A.",(305) 666-7229,https://www.citrincooperman.com/,"4621 Ponce de Leon Blvd, Coral Gables, FL 33146",Coral Gables,accounting,3.5,Y,verified
shell,Shell,(305) 661-4902,https://find.shell.com/us/fuel/10008719-2775-sw-28th-ter/en_US,2775 Southwest 28th Terrace,Douglas Road Corridor,auto_dealer,3.1,N,verified
shell_lumber_and_hardware,Shell Lumber and Hardware,(305) 856-6401,https://www.shelllumber.com/,2733 Southwest 27th Avenue,Douglas Road Corridor,retail,4.4,N,verified
shelton_and_stewart_realtors_llc,"Shelton and Stewart Realtors, LLC",(305) 607-7212,https://www.sheltonandstewart.com/,"7311 SW 59th Ct, South Miami, FL 33143",Coral Gables,real_estate,4.6,Y,verified
shingo,SHINGO,(201) 286-3015,http://www.shingomiami.com/,"112 Alhambra Cir, Coral Gables, FL 33134",Coral Gables,other,4.8,Y,verified
shiso_miami,Shiso Miami,(412) 760-9370,https://shisomiami.com,"239 NW 28th St, Miami, FL 33127",Coral Gables,other,4.7,Y,unverified
shoporigen,Shop Origen,305-934-1270,http://www.shop-origen.com/,,Coral Gables,retail,4.0,Y,verified
shopping_malls,Shopping Malls,(305) 529-1215,https://www.shopsatmerrickpark.com/en.html,"358 San Lorenzo Ave, Coral Gables, FL 33146",Coral Gables,retail,4.6,Y,verified
shopsatmerrickrk,Shops at Merrick Park,305-529-1215,https://www.shopsatmerrickpark.com/en.html,358 San Lorenzo Avenue,merrick park,retail,4.5,Y,verified
show_tech_inc,Show Tech Inc.,(305) 986-5012,http://showtechinc.com/,"353 N Seaboard Rd, Miami Gardens, FL 33169",Coral Gables,technology,3.7,Y,verified
shutts_bowen_llp,"Shutts & Bowen, LLP",(305) 347-7348,http://www.shutts.com/,"200 S Biscayne Blvd #4100, Miami, FL 33131",Coral Gables,legal,4.2,Y,verified
siboney,Siboney,(786) 380-9667,,6051 Southwest 8th Street,Coral Gables,nonprofit,2.5,N,
sierrafurniture,Sierra Furniture,(305) 469-7858,https://sierrafurnituremiami.com/,,Bird Road Corridor,retail,4.7,N,verified
silva__silva_pa,"Silva & Silva, P.A.",(305) 445-0011,https://silvasilva.com/,236 Valencia Avenue,Ponce de Leon Corridor,legal,4.8,N,verified
silvaarchitects,Silva Architects,(305) 444-8262,https://www.silvaarc.com/,,Bird Road Corridor,professional_services,5.0,N,verified
silverbluffanimalclinic,Silver Bluff Animal Clinic,(305) 859-7979,http://www.silverbluffanimalclinic.com/,,Douglas Road Corridor,healthcare,4.6,N,verified
silverbluffschool,Silver Bluff School,,https://silverbluffelementary.net/,,Douglas Road Corridor,education,,N,verified
silverdragonstore,Silver Dragon Store,(786) 307-5575,http://www.silverdragongables.com/,,Ponce de Leon Corridor,retail,4.7,N,verified
silver_mirror_facial_bar,Silver Mirror Facial Bar,(786) 899-0600,https://silvermirror.com/locations/coral-gables-miami-best-facial-in-mia/,"2955 Ponce de Leon Blvd Suite 222, Coral Gables, FL 33134",Coral Gables,food_beverage,4.9,Y,verified
se1973licensedinsuredlandscapingbygeorge,"Since 1973, licensed & insured Landscaping by George",(786) 801-2971,https://www.landscapingbygeorge-fl.com/,,Coral Gables,construction,4.5,N,verified
se198135yearsexperiencelandscapingbysteveblaum,"Since 1981, 35+ years experience Landscaping by Steve Blaum",(305) 662-7045,http://www.blaumlandscaping.com/,,Coral Gables,construction,4.5,N,verified
se200430yearsexperienceoceansideconstructionremodeling,"Since 2004, 30+ years experience Oceanside Construction & Remodeling",,,"161 Madeira Ave Suite 106, Coral Gables, FL 33134",Coral Gables,construction,,N,
se2012nocontracticscreativeagency,"Since 2012, no contract ICS Creative Agency",(305) 799-9936,https://icscreativeagency.com,,Coral Gables,marketing,4.2,N,unverified
sipsip_rum_bar,Sipsip Rum Bar,(305) 441-0000,https://mayfair-grill.getbento.com/sipsip-rum-bar/,3000 Florida Avenue,Douglas Road Corridor,food_beverage,3.9,N,verified
sir_speedy,Sir Speedy,(305) 446-7628,https://www.sirspeedy.com/CoralGablesFL610,"3150 Ponce de Leon Blvd, Coral Gables, FL 33134",Coral Gables,personal_services,4.3,Y,verified
siren_in_the_clouds_ca_1965,"Siren in the Clouds, ca. 1965",(786) 760-2569,https://inthecloudsspa.net/,"145 Madeira Ave #101, Coral Gables, FL 33134",University of Miami Area,hospitality,5,N,verified
sirianniinsurance,Sirianni Insurance Corp.,(305) 510-4510,https://www.sirianniinsurance.com/,,Ponce de Leon Corridor,insurance,4.9,N,verified
skilled_nursing__rehabilitation_center,Skilled Nursing & Rehabilitation Center,(786) 517-6999,https://rivierahealthresort.com/,"6901 Yumuri St, Coral Gables, FL 33146",Coral Gables,healthcare,4.4,Y,verified
skinassociatesofsouthflorida,Skin Associates of South Florida,(305) 443-6606,https://www.sflskin.com/,,Bird Road Corridor,healthcare,4.7,N,verified
skin_local,Skin Local,(305) 322-2941,https://theskinlocal.com,"9410 SW 77th Ave, Miami, FL 33156",Coral Gables,accounting,5,Y,unverified
skin_studio_by_doctors_daughter,Skin Studio By Doctor's Daughter,(786) 942-4704,https://skinstudiodd.com/,"386 Miracle Mile, Coral Gables, FL 33134",Coral Gables,healthcare,5,Y,verified
skinnylouie,Skinny Louie,,https://www.skinnylouie.com/louiespot/southmiami,,Sunset / South Gables,food_beverage,4.9,N,verified
skyycounseling,Skyy Counseling,(954) 687-1091,http://skyycounseling.com/,,Coral Gables,healthcare,5.0,N,verified
smallworldchristiandaycarecenter,Small World Christian Day Care Center,,,,Coral Gables,education,,N,
smashinteractiveagencydigitalmarketingagencymiami,Smash Interactive Agency | Digital Marketing Agency Miami,(786) 981-4758,https://smashinteractiveagency.com/?utm_campaign=gmb,,Coral Gables,marketing,5.0,N,verified
smash_pixel_studio,Smash Pixel Studio,(786) 873-0114,http://www.smashpixelstudio.com/,,Coral Gables,arts_culture,4.7,Y,verified
smgq_law,SMGQ Law,(305) 377-1000,http://www.smgqlaw.com/,"201 Alhambra Cir Suite1205, Coral Gables, FL 33134",Coral Gables,legal,4,Y,verified
smiles_sonrisas,Smiles & Sonrisas,(305) 665-5525,http://www.smilesinmiami.com/,"6000 Bird Rd, Miami, FL 33155",Coral Gables,healthcare,4.9,Y,verified
smith_wollensky_restaurant,Smith & Wollensky Restaurant,(305) 673-2800,https://www.smithandwollensky.com/locations/miami-beach/,"1 Washington Ave, Miami Beach, FL 33139",Coral Gables,food_beverage,4.4,Y,verified
smooth_sailing_of_miami,Smooth Sailing of Miami,(786) 493-4391,https://smoothsailingmiami.com/,,Coral Gables,other,5,Y,verified
smoothie_king,Smoothie King,(305) 284-6258,https://locations.smoothieking.com/ll/us/fl/coral-gables/1280-standford-dr/?utm_source=google&utm_medium=organic&utm_content=SOCi,6637 South Dixie Highway,Sunset / South Gables,food_beverage,4.2,N,verified
snapcrack_chiropractic_vitamin_infusion,SnapCrack Chiropractic & Vitamin Infusion,(305) 301-8885,https://snapcrack.com,"2421 Galiano St, Coral Gables, FL 33134",Coral Gables,healthcare,4.8,Y,unverified
snapcrack29dollarchiropractic,SnapCrack | 29 Dollar Chiropractic,,https://snapcrack.com/coral-gables/,,Miracle Mile,healthcare,4.8,N,verified
snapcrack99dollarivdrip,SnapCrack | 99 Dollar IV Drip,,https://snapcrack.com/coral-gables/,,Miracle Mile,healthcare,4.8,N,verified
snapper_creek,Snapper Creek,,https://vcahospitals.com/knowles-snapper-creek?utm_source=maps&utm_medium=organic&utm_campaign=AU_4071,,University of Miami Area,hospitality,,N,verified
sndwch_sunset,SNDWCH Sunset,(954) 257-4131,https://sndwchmiami.com,"1573 Sunset Dr, Miami, FL 33143",Coral Gables,other,4.9,Y,unverified
socal_cantina,Socal Cantina,(305) 733-5349,https://www.socal-taco.com/,1306 Stanford Drive,University of Miami Area,food_beverage,4.4,N,verified
soccer,Soccer,(305) 665-2222,https://www.coralgables.com/community-recreation/fitness-athletics/fitness-athletics-programs,"405 University Dr, Coral Gables, FL 33134",Coral Gables,education,2.7,Y,verified
social_bus_company,Social Bus Company,(786) 658-9760,https://socialbuscompany.com,"515 S Dixie Hwy, Coral Gables, FL 33146",Coral Gables,accounting,3.2,Y,unverified
social_security_administration,Social Security Administration,(800) 772-1213,https://www.ssa.gov/,3663 Southwest 8th Street,Coral Gables,professional_services,4.1,N,verified
societycleanersdrycleaningcomny,Society Cleaners - Dry Cleaning Company,(305) 444-6611,http://societyc.com/,,Coral Gables,personal_services,4.7,N,verified
soffer_indoor_practice_facility,Soffer Indoor Practice Facility,(305) 284-3253,,5851 San Amaro Drive,University of Miami Area,wellness,4.4,N,
sofia_coral_gables_a_luxury_rental_community,"Sofia Coral Gables, a Luxury Rental Community",(305) 569-1669,https://sofiacoralgables.com,"2000 Salzedo St, Coral Gables, FL 33134",Coral Gables,real_estate,4.8,Y,unverified
solstylehairandbeautysalon,Sol & Style Hair and Beauty Salon,(786) 767-1324,http://www.solandstyle.com/,,Ponce de Leon Corridor,personal_services,4.8,N,verified
sol_kiss_escapes,Sol Kiss Escapes,(305) 878-4004,https://solkissescapes.com,"1731 Ponce de Leon Blvd, Coral Gables, FL 33134",Coral Gables,accounting,4.8,Y,unverified
solefly,SoleFly,(305) 661-3423,http://www.solefly.com/,8099 South Dixie Highway,Sunset / South Gables,retail,3.6,N,verified
soles_inc,Soles Inc,(305) 476-9602,,3030 Grand Avenue,Douglas Road Corridor,retail,5,N,
solid_title_company,Solid Title Company,(305) 582-7694,http://www.cgtitle.com/,"224 Palermo Ave, Coral Gables, FL 33134",Coral Gables,real_estate,4.6,Y,unverified
solvedpuzzle,Solved Puzzle,(305) 487-7477,https://solvedpuzzle.com/,,Coral Gables,marketing,5.0,N,verified
solvo_global,Solvo Global,(305) 318-8541,https://solvoglobal.com,"Cl. 72 #8-24, Quinta Camacho. Piso 4, 6, 7 y 8, Bogotá, Colombia",Coral Gables,healthcare,2.9,Y,unverified
somi_bike,SoMi Bike,(305) 666-7702,http://www.somibike.com/,6600 Southwest 80th Street,Sunset / South Gables,retail,4.1,N,verified
sonesta_miami_airport,Sonesta Miami Airport,(786) 294-1035,https://www.sonesta.com/sonesta-hotels-resorts/fl/miami/sonesta-miami-airport?utm_source=google&utm_medium=organic&utm_campaign=gmb,"950 NW Le Jeune Rd, Miami, FL 33126",Coral Gables,transportation,4.1,Y,verified
south_dade_christian_church,South Dade Christian Church,(305) 446-6132,https://www.cccgables.org/,"222 Menores Ave #3906, Coral Gables, FL 33134",Bird Road Corridor,nonprofit,4.9,N,verified
south_dixie_ace_hardware,South Dixie Ace Hardware,(786) 605-1471,https://www.acehardware.com/store-details/16671,6448 South Dixie Highway,Sunset / South Gables,retail,4.5,N,verified
south_florida_afterschool_allstars,South Florida AfterSchool AllStars,(305) 348-9870,http://sfasas.org/,"Ziff Education Building, 11200 SW 8th St, Miami, FL 33199",Coral Gables,education,5,Y,verified
southfloridadermatologyvitorweinmanmdfaad,"South Florida Dermatology: Vitor Weinman, MD, FAAD",(305) 445-2941,https://www.dermatologyofsouthflorida.com/,,Miracle Mile,healthcare,4.1,N,verified
southfloridainsurancebrokersmedicarespecialists,South Florida Insurance Brokers - Medicare Specialists,(786) 303-8065,https://sfib.net/,,Coral Gables,insurance,5.0,N,verified
south_florida_integrative_medicine,South Florida Integrative Medicine,(786) 664-7810,https://southfloridaintegrativemed.com/contact-us,"5915 Ponce de Leon Blvd Suite 23, Coral Gables, FL 33146",Coral Gables,other,4,Y,verified
southfloridalawp,"South Florida Law, PLLC",(954) 900-8885,http://www.southfloridalawpllc.com/,,Coral Gables,legal,5.0,N,verified
south_florida_pbs,South Florida PBS,(305) 424-4013,https://www.southfloridapbs.org/,"3401 S Congress Ave, Boynton Beach, FL 33426",Coral Gables,other,4.7,Y,verified
south_florida_pumpkin_porches,South Florida Pumpkin Porches,(786) 685-5889,https://www.southfloridapumpkinporches.com/,,Coral Gables,food_beverage,5,Y,verified
south_gables_dental,South Gables Dental,(305) 665-1263,http://southgablesdental.com/,4950 South Le Jeune Road,Coral Gables,healthcare,4.9,N,verified
south_miami_car_accident_lawyer_group,South Miami Car Accident Lawyer Group,(786) 248-1024,https://accidentlawgrouppa.com/,7000 SW 62nd Avenue,Sunset / South Gables,legal,5,N,verified
south_miami_family_dental,South Miami Family Dental,(305) 666-3824,https://www.tmjdentalconsultants.com/,7741 Southwest 62nd Avenue,Sunset / South Gables,healthcare,4.9,N,verified
southmiamiheadstart,South Miami Head Start,,,,Sunset / South Gables,education,,N,
southmiamihospitalchildcarecenter,South Miami Hospital Child Care Center,,,,Sunset / South Gables,education,,N,
southmiamijewelerswatch,South Miami Jewelers & Watch,(305) 667-1898,http://www.southmiamijewelers.net/,,Sunset / South Gables,retail,5.0,N,verified
southmiamik8center,South Miami K-8 Center,,http://www.smk8center.org/,,Coral Gables,education,,N,verified
southmiamilutheranschool,South Miami Lutheran School,,http://www.smlcpreschool.org/,,Sunset / South Gables,education,,N,verified
southmiamimiddleschool,South Miami Middle School,,http://southmiamimiddle.org/,,Coral Gables,education,,N,verified
southmiamiphysicaltherapyandpilates,South Miami Physical Therapy and Pilates,(305) 297-4661,https://www.southmiamiptpilates.com/?utm_source=google&utm_medium=organic&utm_campaign=coral=gbp,,Sunset / South Gables,healthcare,5.0,N,verified
southmiamiseniorhighschool,South Miami Senior High School,,https://www.southmiamiseniorhigh.org/,,Coral Gables,education,,N,verified
southmiamisportsmedicine,South Miami Sports Medicine,(305) 666-7116,https://southmiamisportsmedicine.com/,,Sunset / South Gables,healthcare,4.6,N,verified
southstate_bank,SouthState Bank,(786) 362-8560,https://www.southstatebank.com/global/location-detail/665/2-Alhambra-Plaza?utm_source=listings&utm_medium=local&utm_campaign=yext,"2 Alhambra Plz Suite 100B, Coral Gables, FL 33134",Coral Gables,banking,3.4,Y,verified
soy_delicious_inc,Soy Delicious Inc.,(305) 484-9525,http://soydelicious.com/,"12379 SW 130th St, Miami, FL 33186",Coral Gables,food_beverage,4.9,Y,verified
sbarmiami,Spa Bar Miami,(305) 812-3881,https://spabarmiami.com/,,Coral Gables,wellness,4.9,N,verified
scagnaitalianhairdesign,Spacagna Italian Hair Design,(305) 444-2374,http://www.spacagna.com/,"Miracle Mile, Coral Gables, FL",Coral Gables,personal_services,4.9,N,verified
space_coast_credit_union,Space Coast Credit Union,(786) 932-2419,https://www.sccu.com/about-sccu/locations/bird-road?utm_source=GMBBirdRoad&utm_medium=organic&utm_campaign=LocalSearch,5785 Southwest 40th Street,Bird Road Corridor,banking,4.2,Y,verified
snishchurchofgod,Spanish Church of God Inc,(305) 443-6381,,,Coral Gables,nonprofit,4.8,N,
specificgravity,Specific Gravity,(347) 291-1766,,,Coral Gables,retail,4.6,N,
speech_and_swallowing_continuum,Speech and Swallowing Continuum,(786) 210-5344,https://speech-swallowing.com/,,Coral Gables,accounting,,Y,verified
speranzanailsboutiquecoralgables,Speranza Nails Boutique - Coral Gables,(786) 593-2969,https://www.speranzanailsboutique.com/?utm_source=google&utm_medium=organic&utm_campaign=google_business,,Ponce de Leon Corridor,personal_services,4.7,N,verified
sports_grill,Sports Grill,(305) 668-0395,https://sportsgrill.com/,"1559 Sunset Dr, Miami, FL 33143",Sunset / South Gables,food_beverage,4.4,N,verified
sportsnl_maurice_ouderland,SportsNL / Maurice Ouderland,(786) 614-9889,https://sportsnlen.com,"156 Giralda Ave, Coral Gables, FL 33134",Coral Gables,other,,Y,unverified
spotlightmiami,Spotlight Miami,,http://spotlightmiami.org/,,Miracle Mile,nonprofit,,N,verified
spoton,SpotOn,(612) 251-5709,https://spoton.com,"1600 Ponce de Leon Blvd, Coral Gables, FL 33134, United States",Coral Gables,other,4.6,Y,unverified
spritz,Spritz,(305) 381-5097,http://www.lucamiami.com/,"116 Giralda Ave, Coral Gables, FL 33134",Ponce de Leon Corridor,food_beverage,4.5,N,verified
sprouts_farmers_market,Sprouts Farmers Market,(561) 765-2216,https://www.sprouts.com/store/fl/coconut-grove/miami-27th-ave/,2750 Southwest 27th Terrace,Douglas Road Corridor,retail,4.3,N,verified
spyworld,Spy World,(305) 542-4600,http://www.spyworldmiami.com/,,Miracle Mile,professional_services,4.9,N,verified
sra_martinez,Sra. Martinez,(786) 860-5980,https://sramartinezmiami.getbento.com/,"2325 Galiano St, Coral Gables, FL 33134",Coral Gables,food_beverage,4.7,Y,verified
stgeorgeantiochianorthodoxcathedral,St George Antiochian Orthodox Cathedral,(305) 444-6541,http://www.stgmiami.org/,,Coral Gables,nonprofit,4.8,N,verified
stjamesevangelicallutheran,St James Evangelical Lutheran,(305) 443-0014,,,Coral Gables,nonprofit,4.5,N,
straymondofpeafortcatholicchurch,St Raymond of Peñafort Catholic Church,(305) 446-2427,http://www.straymondchurch.com/,,Coral Gables,nonprofit,4.8,N,verified
sttheresaconvent,St Theresa Convent,(305) 448-0662,,,Coral Gables,nonprofit,5.0,N,
staugustinechurchcatholicstudentcenterattheuniversityofmiami,St. Augustine Church & Catholic Student Center at the University of Miami,(305) 661-1648,http://www.saintaugustinechurch.org/,,University of Miami,nonprofit,4.8,N,verified
st_philips_episcopal_church_school,St. Philip's Episcopal Church & School,(305) 444-6366,https://www.stphilips.org/,"1121 Andalusia Avenue, Coral Gables, FL 33134",Coral Gables,education,4.6,Y,verified
st_theresa_catholic_school,St. Theresa Catholic School,(305) 446-9950,http://www.stscg.org/,"2701 Indian Mound Trail, Coral Gables, FL 33134",Coral Gables,education,,Y,verified
stantec,Stantec,(305) 445-2900,https://www.stantec.com/en/offices/united-states-locations/florida-offices-filtered/coral-gables-florida-office?utm_source=google-business-profile&utm_medium=organic&utm_campaign=website-gbp_listing_united-states&utm_content=florida_coral-gables,,Coral Gables,professional_services,4.0,N,verified
starautoservices,Star Auto Services Inc,(305) 265-4585,,,Coral Gables,auto_dealer,4.7,N,
starbucks,Starbucks,(305) 442-4179,https://www.starbucks.com/store-locator/store/1018110/292-miracle-mile-292-miracle-mile-coral-gables-fl-331345908-us,292 Miracle Mile,Sunset / South Gables,food_beverage,3.1,N,unverified
starfishholisticlearning,Starfish Holistic Learning,,,,Sunset / South Gables,education,,N,
state_farm,State Farm,(305) 661-4213,https://www.kitsiagaines.com/,6704 Southwest 80th Street,Sunset / South Gables,insurance,5,N,unverified
stealthmediamarketing,Stealth Media Marketing,(786) 570-4816,https://stealthmediamarketing.com/?utm_source=google&utm_medium=gbp&utm_campaign=business_profile,,Ponce de Leon Corridor,marketing,4.9,N,verified
steinbauer_associates_inc,Steinbauer Associates Inc.,(305) 629-9740,https://steinbauer.com/,"7875 NW 12th St STE 101, Doral, FL 33126",Coral Gables,other,5,Y,verified
steingergreenefeiner,"Steinger, Greene & Feiner",(786) 220-2990,https://www.injurylawyers.com/coral-gables/?utm_source=GMB&utm_medium=organic&utm_campaign=CGL,,Alhambra Circle,legal,4.7,N,verified
stellatribecahome,Stella Tribeca Home,(212) 233-9610,http://www.stellatribeca.com/,,Coral Gables,retail,4.9,N,verified
stellaritsolutions,Stellar IT Solutions,(305) 699-0607,https://www.stellarit.net/,,Ponce de Leon Corridor,technology,5.0,N,verified
stellarsynergy,Stellar Synergy,305-467-7552,https://www.stellar-synergy.com/,,Coral Gables,consulting,,Y,verified
stemree_of_coral_gables,Stemree of Coral Gables,(305) 850-5885,https://stemtree.com/coralgables/,"101 Aragon Ave Unit 1, Coral Gables, FL 33134",Coral Gables,technology,5,Y,verified
stephan_baker_md_facs,Stephan Baker MD FACS,(305) 381-8837,https://www.drbaker.com/?utm_source=google&utm_medium=organic&utm_campaign=gbp,3850 Bird Road,Bird Road Corridor,healthcare,4.8,N,verified
stephan_baker_md,"Stephan Baker, MD",(305) 381-8837,https://www.drbaker.com/?utm_source=google&utm_medium=organic&utm_campaign=gbp,"3850 Bird Rd STE 702, Miami, FL 33146",Coral Gables,other,4.8,Y,verified
strada_in_the_grove,Strada in the Grove,(305) 444-1312,https://www.stradainthegrove.com/,3176 Commodore Plaza,Coral Gables,food_beverage,4.5,N,verified
straight_2_u_solution_services,Straight 2 U Solution Services,(678) 866-5145,https://s2usolutionservice.com,,Coral Gables,other,,Y,unverified
stretchzone,Stretch Zone,786-636-1306,https://www.stretchzone.com/locations/coral-gables-2,,Coral Gables,wellness,4.1,N,verified
stretch_zone_coral_gables,Stretch Zone Coral Gables,(786) 636-1306,https://www.stretchzone.com/locations/coral-gables-2,,Coral Gables,other,4.1,Y,verified
student_center_complex_information_desk,Student Center Complex Information Desk,(305) 284-4351,http://www.miami.edu/SCC,1330 Miller Road,University of Miami Area,professional_services,4.8,N,verified
studio_hd,Studio HD,(305) 401-8169,https://hollyedavidson.com,"145 Aragon Ave, Coral Gables, FL 33134",Coral Gables,arts_culture,4.8,Y,unverified
study_lounge,Study Lounge,(305) 639-8218,https://groucommunity.com/,"4100 Salzedo St STE 5, Coral Gables, FL 33146",University of Miami Area,professional_services,4.8,N,verified
subzeroreirservices,Sub-Zero Repair Services,(800) 651-4528,https://fivestarappliancerepairpros.com/,,Ponce de Leon Corridor,technology,5.0,N,verified
subway,Subway,(786) 558-5195,https://restaurants.subway.com/united-states/fl/coral-gables/2211-ponce-de-leon-blvd?utm_source=yxt-goog&utm_medium=local&utm_term=acq&utm_content=1638&utm_campaign=evergreen-2020&y_source=1_MTQ4OTg4NTQtNzE1LWxvY2F0aW9uLndlYnNpdGU%3D,4819 Southwest 8th Street,Bird Road Corridor,food_beverage,3.5,N,verified
succeedwithloveloveshiddenpolicycoralgables,Succeed with Love - Loves Hidden Policy - Coral Gables,(561) 437-2286,https://loveshiddenpolicy.com/couples-therapy-coral-gables/,,Coral Gables,healthcare,4.9,N,verified
summer_of_success,Summer Of Success,(305) 498-3877,https://summerofsuccess.org,,Coral Gables,other,5,Y,unverified
sunflowers_academy,Sunflowers Academy,,https://www.sunflowersacademyprep.com/,,Douglas Road Corridor,education,,N,verified
suniland_academy,Suniland Academy,(305) 442-8626,http://www.somersetgables.com/,"624 Anastasia Ave, Coral Gables, FL 33134",Douglas Road Corridor,education,,N,verified
sunny_side_motel,Sunny Side Motel,(305) 266-1727,,"6024 SW 8th St, West Miami, FL 33144",Coral Gables,hospitality,3.8,N,
sunrise_senior_living,Sunrise Senior Living,(305) 564-1400,https://www.sunriseseniorliving.com/communities/fl/sunrise-of-coral-gables?utm_source=directory_listings&utm_medium=clicks&utm_campaign=google,"1000 Ponce de Leon Blvd, Coral Gables, FL 33134",Coral Gables,accounting,5,Y,verified
sunsetelementaryschool,Sunset Elementary School,,https://sunsetinternationalschool.com/,"5120 SW 72nd St, Miami, FL 33143",Sunset / South Gables,education,,N,verified
sunsetinsuranceoration,Sunset Insurance Corporation,(305) 661-2377,https://www.sunsetins.net/,,Ponce de Leon Corridor,insurance,5.0,N,verified
sunset_preparatory_school,Sunset Preparatory School,,,,Sunset / South Gables,education,,N,
sunshineforall,Sunshine For All,(305) 285-3217,http://www.sunshineforall.org/,,Coral Gables,nonprofit,4.5,N,verified
sunstate_bank,Sunstate Bank,(305) 567-0600,https://www.sunstatefl.com/,5722 Southwest 8th Street,Coral Gables,banking,4.1,N,verified
sunstateinsurancegroup,"Sunstate Insurance Group, Inc.",(305) 446-2112,,,Bird Road Corridor,insurance,5.0,N,
super_insurance_group,Super Insurance Group,(305) 615-6158,https://www.sisuper.com/,2122 Southwest 67th Avenue,Coral Gables,insurance,4.9,N,verified
supercuts,Supercuts,(305) 441-6406,https://www.supercuts.com/locations/nearme/haircut/fl/coral-gables/2309-ponce-de-leon-blvd/82779,2720 South Dixie Highway,Douglas Road Corridor,retail,4.6,N,verified
suraia_patricia_interiors,Suraia Patricia Interiors,(786) 835-0633,http://www.suraiapatriciainteriors.com/,,Coral Gables,other,5,Y,verified
surynailart,Sury Nail Art,(786) 254-7363,https://surynailart.com/,,Coral Gables,personal_services,5.0,N,verified
sushi_by_scratch_restaurant,Sushi by Scratch Restaurant,(786) 254-1204,https://www.sushibyscratchrestaurants.com/miami,3540 Main Highway,Coral Gables,food_beverage,4.5,N,verified
sushi_garage_cocowalk,Sushi Garage Cocowalk,(786) 946-4222,https://www.sushigarage.com/,3015 Grand Avenue,Douglas Road Corridor,food_beverage,4.5,N,verified
sushi_kong,Sushi KONG,(305) 800-5664,http://www.sushikong.com/,3000 Coral Way,Douglas Road Corridor,food_beverage,4.3,N,verified
sushi_maki,Sushi Maki,(305) 443-1884,https://www.sushimaki.com/,2334 Ponce de Leon Boulevard,Miracle Mile,food_beverage,4.4,Y,verified
sushi_sake,Sushi Sake,(786) 636-8125,https://www.sushisakemiami.com/sushi-sake-coral-gables/,202 Miracle Mile,Miracle Mile,food_beverage,4.4,N,verified
suvayoga,Suvayoga,(305) 338-7038,https://suvayoga.net/,,Ponce de Leon Corridor,wellness,5.0,N,verified
sweat440coralgables,SWEAT440 Coral Gables,(888) 507-9328,https://sweat440.com/gyms/florida/coral-gables-33146/?utm_source=GMB&utm_medium=organic&utm_campaign=coral+gables,"Coral Gables, FL 33146",Coral Gables,wellness,4.9,N,verified
sweat440fitnessgables,SWEAT440 Fitness Gables,(888) 507-9328,https://sweat440.com/gyms/florida/coral-gables-33146/?utm_source=GMB&utm_medium=organic&utm_campaign=coral+gables,,Bird Road Corridor,wellness,4.9,N,verified
sweet_art_by_lucila_bird_road,"Sweet Art by Lucila, Bird Road",(305) 668-0060,https://www.sweetartcakesmiami.com/,7120 Bird Road,Bird Road Corridor,retail,4.1,N,verified
sweet_dogs,Sweet Dogs,(305) 448-4900,http://sweetdogs305.com/,4749 Southwest 8th Street,Coral Gables,food_beverage,4.7,N,verified
sweetmanifestocoralgables,Sweet Manifesto Coral Gables,(786) 833-7789,https://www.sweetmanifesto.com/,,Ponce de Leon Corridor,food_beverage,4.8,N,verified
sweetriscreperieandcaf,Sweet Paris Creperie and Cafe,(786) 360-3519,http://www.sweetparis.com/,,Coral Gables,food_beverage,4.5,N,verified
swensens,Swensen's,,https://www.swensensicecream.com/,1586 Dixie Highway,Sunset / South Gables,food_beverage,4.3,N,unverified
sykes_printing,Sykes Printing,(305) 444-6505,http://www.sykesprinting.com/,"222 Andalusia Ave, Coral Gables, FL 33134",Coral Gables,personal_services,4.9,Y,verified
sylvaniaheightselementaryschool,Sylvania Heights Elementary School,,https://sylvaniaheights.net/,"5901 Southwest 16th Street, Miami, FL 33155",Coral Gables,education,,N,verified
symbits,Symbits Inc,(866) 422-0511,http://www.symbits.com/,,Coral Gables,consulting,4.0,N,verified
symmetry_it,Symmetry IT,(888) 847-0018,https://www.symmetrytech.com/,"2355 Salzedo St Suite 207, Coral Gables, FL 33134",Coral Gables,technology,5.0,Y,verified
synchroteam,Synchroteam,(855) 809-6200,http://www.synchroteam.com/,,Ponce de Leon Corridor,technology,3.0,N,verified
synergyworkssolutionsmobileappdevelopmentflorida,SynergyWorks Solutions: Mobile App Development Florida,(842) 733-3204,https://thesynergyworks.com/,,University of Miami,technology,5.0,N,verified
synovus_bank,Synovus Bank,(305) 756-2310,https://www.synovus.com/locations/usa/fl/coral-gables/121-alhambra-plaza/,"121 Alhambra Plz, Coral Gables, FL 33134",Coral Gables,banking,5.0,Y,verified
tmobile,T-Mobile,(305) 264-9383,https://www.t-mobile.com/stores/bd/t-mobile-coral-gables-fl-33134-1302?utm_source=google&utm_medium=lastmile&utm_campaign=1302,6798 Southwest 40th Street,Alhambra Circle,retail,4.1,N,verified
taco_bell,Taco Bell,(305) 649-6055,https://locations.tacobell.com/fl/miami/3190-coral-way.html?utm_source=yext&utm_campaign=googlelistings&utm_medium=referral&utm_term=042909&utm_content=website&y_source=1_NjE0NDI2Ni03MTUtbG9jYXRpb24ud2Vic2l0ZQ%3D%3D,2375 Southwest 8th Street,Sunset / South Gables,food_beverage,3.8,N,verified
taco_rico_tex_mex_cafe,Taco Rico Tex Mex Cafe,(305) 663-3200,https://tacorico.culinarycloud.co/?store_id=1912c8cf-44d9-48bc-9c3a-4e8928159378,473 South Dixie Highway,Coral Gables,food_beverage,4.3,N,verified
talavera_cocina_mexicana,Talavera Cocina Mexicana,(305) 444-2955,http://www.talaveracocinamexicana.com/?y_source=1_OTkwMjQwMy03MTUtbG9jYXRpb24ud2Vic2l0ZQ%3D%3D,2299 Ponce de Leon Boulevard,giralda plaza,food_beverage,4.2,Y,verified
tamiami_baptist_church,Tamiami Baptist Church,(305) 261-1464,https://www.tamiamibc.org/,Southwest 9th Street,Coral Gables,nonprofit,4.8,N,verified
tap_42_craft_kitchen__bar__coral_gables,Tap 42 Craft Kitchen & Bar - Coral Gables,(786) 391-1566,http://tap42.com/coral-gables,301 Giralda Avenue,Alhambra Circle,food_beverage,4.5,N,verified
target,Target,(305) 668-0262,https://www.target.com/sl/dadeland/1039,8350 South Dixie Highway,Sunset / South Gables,retail,3.9,N,verified
tastigokitchen,TastiGo Kitchen,(305) 530-8315,https://www.tastigokitchen.com/,,Douglas Road Corridor,food_beverage,4.8,N,verified
taudrey,Taudrey,(786) 600-7009,http://www.taudrey.com/,,Ponce de Leon Corridor,retail,4.6,N,verified
tax_collectors_office_miami_dade_county,Tax Collectors Office Miami Dade County,(305) 375-1567,https://mdctaxcollector.gov,"224 Minorca Ave, Coral Gables, FL 33134",Coral Gables,accounting,4.8,Y,unverified
taylordaycarecenter,Taylor Day Care Center,,,,Coral Gables,education,,N,
tb_media_group,TB Media Group,(786) 350-8395,http://tbmediagroup.com/,,Coral Gables,accounting,5,Y,verified
tcby,TCBY,(205) 349-4661,https://www.tcby.com/,2720 South Dixie Highway,Douglas Road Corridor,food_beverage,4.3,N,verified
td_bank,TD Bank,(305) 441-5630,https://locations.td.com/us/2401-ponce-de-leon-boulevard-coral-gables-miracle-mile?y_source=1_MzE0ODEwNi03MTUtbG9jYXRpb24ud2Vic2l0ZQ%3D%3D,6601 South Dixie Highway,Miracle Mile,banking,3.7,Y,verified
tdbankcoralgablesmiraclemile,TD Bank Coral Gables Miracle Mile,(305) 448-8995,https://locations.td.com/us/2401-ponce-de-leon-boulevard-coral-gables-miracle-mile?y_source=1_MzE0ODEwNi03MTUtbG9jYXRpb24ud2Vic2l0ZQ%3D%3D,"2401 Ponce de Leon Boulevard, Coral Gables, FL",Coral Gables,banking,3.7,N,verified
tdwealth,TD Wealth,(866) 235-1248,https://www.tdbank.com/investments/private-client-group/private-client-group.html?y_source=1_ODI4MDE4NS03MTUtbG9jYXRpb24ud2Vic2l0ZQ%3D%3D,,Ponce de Leon Corridor,financial_services,5.0,N,verified
teamlogicit,TeamLogic IT,(786) 558-0048,https://www.teamlogicit.com/CoralGablesFL,,Sunset / South Gables,technology,5.0,N,verified
teamlogic_it_west_miami,TeamLogic IT West Miami,(305) 363-4655,https://www.teamlogicit.com/MiamiFL942,"1700 SW 57th Ave unit #222, Miami, FL 33155",Coral Gables,food_beverage,5,Y,verified
teatro_trail,Teatro Trail,,http://www.teatrotrail.com/,"3715 SW 8th St, Miami, FL 33134",Coral Gables,arts_culture,4.6,N,unverified
technologycoastrtners,Technology Coast Partners LLC,(305) 854-8900,https://www.tcpamericas.com/,,Coral Gables,technology,,N,verified
temple_judea,Temple Judea,(305) 667-5657,https://www.judeagables.org/,5500 Granada Boulevard,University of Miami Area,nonprofit,4.8,N,verified
tequila_sunrise,Tequila Sunrise,(305) 564-1400,https://www.sunriseseniorliving.com/communities/fl/sunrise-of-coral-gables?utm_source=directory_listings&utm_medium=clicks&utm_campaign=google,"1000 Ponce de Leon Blvd, Coral Gables, FL 33134",University of Miami Area,hospitality,5,N,verified
terracivilengineering,Terra Civil Engineering,(305) 499-5010,https://terracivil.net/,,Coral Gables,professional_services,,N,verified
terrabank,Terrabank,(305) 448-4898,https://www.terrabank.com/,,Coral Gables,banking,,Y,verified
terranova_corp,Terranova Corp,(305) 695-8700,http://www.terranovacorp.com/,"834 Lincoln Rd Mall, Miami Beach, FL 33139",Miracle Mile,real_estate,3.7,N,verified
terrazzo_granitech_usa,Terrazzo Granitech USA,(917) 848-3439,https://terrazzo-usa.com/,"3734 NW 50th St, Miami, FL 33142",Coral Gables,technology,5,Y,verified
tesla_coral_gables,Tesla Coral Gables,(786) 804-6926,https://www.tesla.com/findus/location/store/coralgables,"3851 Bird Rd, Miami, FL 33146",Bird Road Corridor,retail,3.9,N,verified
tesla_supercharger,Tesla Supercharger,(305) 441-1234,https://tesla.com/charge,6971 Southwest 24th Street,Sunset / South Gables,other,,N,verified
ttette,Tete- -Tete,(786) 533-3523,https://www.babettemiami.com/,"301 Alcazar Ave, Coral Gables, FL 33134",University of Miami Area,hospitality,4.8,N,unverified
tetrahelix_and_son,Tetrahelix and Son,(305) 460-3560,https://www.crateandbarrel.com/stores/coral-gables/str814?utm_source=gmb&utm_medium=organic_search,"358 San Lorenzo Ave, Coral Gables, FL 33146",University of Miami Area,hospitality,3.8,N,unverified
thailand_trade_office_miami,Thailand Trade Office Miami,(786) 388-7888,http://www.thaitrade.com/,"6100 Waterford District Dr # 100, Miami, FL 33126",Coral Gables,accounting,5,Y,verified
the_allen_morris_company,The Allen Morris Company,(305) 443-1000,http://www.allenmorris.com/,"121 Alhambra Plz #1600, Coral Gables, FL 33134",Coral Gables,real_estate,5,Y,verified
the_americas_collection,The Americas Collection,(305) 446-5578,https://americascollection.com/,"4213 Ponce de Leon Blvd, Coral Gables, FL 33146",Coral Gables,other,4.9,Y,verified
theamericascollectionartgalleryframeshop,The Americas Collection Art Gallery & Frame Shop,(305) 446-5578,https://americascollection.com/,,Bird Road Corridor,arts_culture,4.9,N,verified
theangelsplacedaycarecenter,The Angels Place Day Care Center,,,,Coral Gables,education,,N,
the_asian_kitchen,The Asian Kitchen,,http://ordertheasiankitchen.com/,5796 Bird Road,Bird Road Corridor,food_beverage,4.3,N,verified
the_bar,The Bar,(305) 442-2730,http://www.gablesthebar.com/,172 Giralda Avenue,Ponce de Leon Corridor,food_beverage,4.3,N,verified
the_big_cheese,The Big Cheese,(305) 662-6855,https://www.bigcheesemiami.com/,8080 Ludlam Road,Sunset / South Gables,food_beverage,4.6,N,verified
the_biltmore_bar,The Biltmore Bar,(877) 624-2830,https://biltmorehotel.com/coral-gables-dining/biltmore-bar/?utm_source=google&utm_medium=organic&utm_campaign=gmb-listing,1200 Anastasia Avenue,Coral Gables,food_beverage,4.4,N,verified
the_biltmore_hotel,The Biltmore Hotel,(855) 421-4192,https://www.biltmorehotel.com/,"1200 Anastasia Ave, Coral Gables, FL 33134",downtown coral gables,hospitality,4.4,Y,verified
thebiltmorehotelfitnesscenter,The Biltmore Hotel Fitness Center,(305) 913-3102,https://biltmorehotel.com/wellness/miami-spa-fitness/?utm_source=google&utm_medium=organic&utm_campaign=gmb-listing,,Coral Gables,wellness,4.3,N,verified
the_biltmore_school,The Biltmore School,(305) 266-4666,http://biltmoreschool.com/?utm_medium=referral&utm_source=gmb&utm_campaign=lnk-gmb,,downtown coral gables,education,,Y,verified
thebiltmoresmiami,The Biltmore Spa Miami,(305) 913-3187,https://biltmorehotel.com/wellness/miami-spa/?utm_source=google&utm_medium=organic&utm_campaign=gmb-listing,,Coral Gables,wellness,3.9,N,verified
the_blow_and_glow_bar_by_mlo,The Blow And Glow Bar By Mlo,(305) 661-5240,http://blowandglowbar.com/,5966 South Dixie Highway,Sunset / South Gables,retail,4.9,N,verified
the_board_miami,The Board Miami,(786) 475-3166,http://www.theboardmiami.com/,"7162 SW 47th St, Miami, FL 33155",Coral Gables,food_beverage,4.9,Y,verified
thebrandcollective,The Brand Collective,(305) 442-9196,https://wearebrandcollective.com/,,Ponce de Leon Corridor,marketing,5.0,N,verified
the_brandon_company,The Brandon Company,(305) 442-2340,https://rabrandoninsurance.com/,"217 Aragon Ave, Coral Gables, FL 33134",Bird Road Corridor,real_estate,5,N,verified
thecafatbooksbooks,The Café at Books & Books,(305) 448-9599,http://www.booksandbooks.com/,,Miracle Mile,food_beverage,4.6,N,verified
the_calta_group,The Calta Group,(305) 496-9735,http://thecaltagroup.com/,"3109 Ponce de Leon Blvd, Coral Gables, FL 33134",Coral Gables,real_estate,4,Y,verified
the_car_wash,The Car Wash,(866) 305-4329,https://elcarwash.com/fl/car-wash-in-coral-gables/,"5201 SW 8th St, Coral Gables, FL 33134",Bird Road Corridor,auto_dealer,4.8,N,verified
the_cheesecake_factory,The Cheesecake Factory,(305) 529-0703,https://locations.thecheesecakefactory.com/fl/coral-gables-214.html?utm_source=Google&utm_medium=Maps&utm_campaign=Google+Places,2418 Ponce de Leon Boulevard,Douglas Road Corridor,food_beverage,3.9,N,verified
the_clearwater_project,The Clearwater Project,(561) 212-0903,https://theclearwaterproject.net,,Coral Gables,other,,Y,unverified
the_closet_boutique,The Closet Boutique,(305) 668-6472,https://theclosetboutique.co/,6354 SW 40 Street,Bird Road Corridor,retail,,N,unverified
the_collab,The Collab,(305) 667-6766,https://thecollabmiami.com/,"1350 S Dixie Hwy, Coral Gables, FL 33146",Coral Gables,healthcare,4.4,Y,verified
the_collection,The Collection,(305) 444-5555,http://www.thecollection.com/,"200 Bird Rd, Coral Gables, FL 33146",Coral Gables,auto_dealer,4.6,Y,verified
thecollectionalfaromeo,THE COLLECTION Alfa Romeo,(786) 885-3487,https://www.thecollectionalfaromeomiami.com/,,Bird Road Corridor,auto_dealer,4.2,N,verified
thecollectionastonmartin,The Collection Aston Martin,(786) 885-3486,https://www.thecollectionastonmartin.com/,,Bird Road Corridor,auto_dealer,4.8,N,verified
thecollectionferrari,The Collection Ferrari,(786) 885-3490,https://miami.ferraridealers.com/en-US/,,Bird Road Corridor,auto_dealer,4.6,N,verified
thecollectionporsche,THE COLLECTION Porsche,(786) 885-3481,https://www.thecollectionporsche.com/,,Bird Road Corridor,auto_dealer,4.8,N,verified
the_combined_group_corp,The Combined Group Corp.,(786) 316-5838,https://thecombinedgroup.com,"1200 Anastasia Ave #207, Coral Gables, FL 33134",Coral Gables,construction,5,Y,unverified
thecoredancecenter,The Core Dance Center,(786) 539-3238,https://www.thecoredancecenter.com/,,Douglas Road Corridor,education,4.8,N,verified
the_corner_deli,The Corner Deli,,,1330 Miller Road,University of Miami Area,food_beverage,4.3,N,
thecutvipbarberlounge,The Cut - Vip Barber Lounge,(305) 209-6080,,,Coral Gables,personal_services,5.0,N,
thedazzlenailsboutique,The Dazzle Nails Boutique,(305) 962-6090,http://www.dazzlenailsboutique.com/,,Bird Road Corridor,personal_services,5.0,N,verified
the_deck_at_island_gardens,The Deck At Island Gardens,(786) 627-4949,https://www.islandgardens.com/the-deck,"888 Mac Arthur Cswy, Miami, FL 33132",Coral Gables,other,4.3,Y,verified
thedentalstudiomiami,The Dental Studio Miami,(305) 666-0006,https://thedentalstudiomiami.com/,,Bird Road Corridor,healthcare,4.8,N,verified
the_drip_bar,The Drip Bar,(305) 662-7291,https://www.thedripbar.com/south-miami-sunset-drive/?utm_source=south-miami-fl-google-listing&utm_medium=organic&utm_campaign=profile-link,"5734 Sunset Dr 2nd Floor, South Miami, FL 33143",Sunset / South Gables,retail,4.8,N,verified
thedrycleaningfactory,THE DRYCLEANING FACTORY,(305) 726-7777,http://www.thedrycleaningfactory.com/,,Coral Gables,personal_services,4.6,N,verified
the_education_fund,The Education Fund,(786) 714-0139,https://www.educationfund.org/,"6713 Main St Suite 240, Miami Lakes, FL 33014",Coral Gables,education,5,Y,verified
theemnadassouthmiami,The Empanada's South Miami,(305) 699-0663,http://www.theempanadas.com/,,Sunset / South Gables,food_beverage,4.8,N,verified
the_english_center,The English Center,(305) 445-7731,http://www.tecmiami.com/,"3501 SW 28th St, Miami, FL 33133",Coral Gables,other,4.5,Y,verified
the_everglades_foundation,The Everglades Foundation,(914) 659-5906,https://www.evergladesfoundation.org/,"18001 Old Cutler Rd #625, Palmetto Bay, FL 33157",Coral Gables,nonprofit,1,Y,verified
theeyeproject,The Eye Project,(305) 910-6892,https://theeyeproject.com/,,Ponce de Leon Corridor,healthcare,5.0,N,verified
thefamilymedicalgroupcoralgables,The Family Medical Group Coral Gables,(305) 306-0233,https://thefamilymedgroup.com/locations/coral-gables/,"1330 SW 22nd Street Suite 401, Miami, FL 33145",Coral Gables,healthcare,4.9,N,verified
thefarberlawfirm,The Farber Law Firm,(305) 774-0134,https://thefarberlawfirm.com/,,Ponce de Leon Corridor,legal,5.0,N,verified
the_flanagan_law_firm_pa,"The Flanagan Law Firm, P.A.",(305) 444-1500,,,Coral Gables,legal,,Y,
thefloridadivorcecriminaldefenselawyerscoralgables,The Florida Divorce & Criminal Defense Lawyers - Coral Gables,(786) 901-7960,https://thepathtojustice.com/?utm_source=GBP&utm_medium=organic&utm_campaign=Coral_Gables,,Coral Gables,legal,4.7,N,verified
the_franchise_tailor,The Franchise Tailor,(305) 460-9925,https://thefranchisetailor.com,,Coral Gables,consulting,,Y,unverified
the_fresh_market,The Fresh Market,(305) 854-7202,https://stores.thefreshmarket.com/fl/miami/55,2640 South Bayshore Drive,Bird Road Corridor,retail,4.4,N,verified
thegablesshop,The Gables Shop,(305) 460-5311,https://www.gablesshop.com/pages/contact,,Miracle Mile,retail,5.0,N,verified
theglobe,The Globe,(305) 445-3555,http://theglobecafe.com/,,Alhambra Circle,food_beverage,4.5,N,verified
thegoldentriangle,The Golden Triangle,(305) 447-1900,https://www.goldtri.com/,,Ponce de Leon Corridor,retail,4.7,N,verified
the_great_miami_lgbtq_chamber_of_commerce,The Great Miami LGBTQ Chamber of Commerce,(305) 673-4440,https://gogaymiami.com,"201 Alhambra Cir Suite 100, Coral Gables, FL 33134",Coral Gables,other,5,Y,unverified
the_grove_spot,The Grove Spot,(786) 388-0557,https://thespotbarbershop.com/locations/coconut-grove/,"3015 Grand Ave Unit 235, Coconut Grove, FL 33133",Douglas Road Corridor,food_beverage,4.8,N,verified
thegrowingplacedaycarecenter,The Growing Place Day Care Center,,,,Coral Gables,education,,N,
the_hache_law_firm,The Hache Law Firm,(305) 684-3175,http://www.thehachelawfirm.com/,,Coral Gables,legal,,Y,verified
the_halal_shack,The Halal Shack,,https://www.thehalalshack.com/,1306 Stanford Drive,University of Miami Area,food_beverage,4.9,N,verified
thehealingbalmholisticwellnesss,The Healing Balm Holistic Wellness Spa,(786) 657-8698,http://www.thbwellness.com/,,Coral Gables,healthcare,4.8,N,verified
the_hollywood_donut_factory,The Hollywood Donut Factory,,http://www.thehollywooddonutfactory.com/,6601 Southwest 57th Avenue,Sunset / South Gables,food_beverage,4.5,N,verified
the_home_depot,The Home Depot,(305) 443-3534,https://www.homedepot.com/l/Coconut-Grove/FL/Miami/33133/6856?emt=MSGoogleMaps,2999 Southwest 32nd Avenue,Douglas Road Corridor,retail,4.3,N,verified
theinternationalseakeeperssociety,The International SeaKeepers Society,(786) 924-6209,https://www.seakeepers.org/,,Miracle Mile,nonprofit,5.0,N,verified
the_irving_korach_architecture_gallery,The Irving Korach Architecture Gallery,,,1215 Dickenson Drive,University of Miami Area,arts_culture,5,N,
the_launch_pad,The Launch Pad,(305) 284-2789,https://www.thelaunchpad.org/,"1280 Stanford Dr Room 1078, Coral Gables, FL 33146",University of Miami Area,professional_services,5,N,verified
thelawofficeofmattheweladd,The Law Office of Matthew E. Ladd,(305) 665-3978,https://www.mllawmiami.com/,,Coral Gables,legal,5.0,N,verified
thelawofficeofscottaferris,"The Law Office of Scott A. Ferris, P.A.",(305) 670-3330,http://ferrislawfirm.com/,,Ponce de Leon Corridor,legal,5.0,N,verified
thelawofficesofanidjarlevine,The Law Offices of Anidjar & Levine,(305) 384-6882,https://www.anidjarlevine.com/miami-personal-injury-lawyer/?utm_source=google&utm_medium=organic&utm_campaign=gbp-listing-coral-gables,,Miracle Mile,legal,4.9,N,verified
thelearninggardendaycarecenter,The Learning Garden Day Care Center,,,,Coral Gables,education,,N,
the_lennar_foundation_medical_center,The Lennar Foundation Medical Center,(305) 689-5555,https://umiamihealth.org/en/locations/the-lennar-foundation-medical-center,5555 Ponce de Leon Boulevard,Coral Gables,healthcare,3.9,N,verified
thelouiscollection,The Louis Collection,(305) 444-5555,http://www.thecollection.com/,2415 Ponce de Leon Blvd,Coral Gables,food_beverage,4.6,N,verified
themanegroupsalon,THE MANE GROUP SALON,(305) 284-1095,http://www.tmgsalons.com/,,Sunset / South Gables,personal_services,4.9,N,verified
the_market,The Market,(305) 529-1215,https://dineoncampus.com/miami,1306 Stanford Drive,University of Miami Area,retail,4.6,N,verified
the_market_at_village,The Market at Village,(305) 529-1215,https://www.shopsatmerrickpark.com/en.html,1531 Albenga Avenue,University of Miami Area,retail,4.6,N,verified
the_marks_development_company,The Marks Development Company,(312) 948-8400,http://eigfl.com/,"6201 SW 70th St, South Miami, FL 33143",Coral Gables,healthcare,4.4,Y,unverified
the_mazzei_group_inc,The Mazzei Group Inc.,(305) 446-5348,https://mazzeirealty.com,"1501 Venera Ave # 245, Coral Gables, FL 33146",Coral Gables,other,5,Y,verified
themcgilllawfirm,The McGill Law Firm,(786) 375-5621,https://www.mcgilllegal.com/,,Coral Gables,legal,5.0,N,verified
themensroombarbershop,The Men’s Room Barbershop,(305) 815-5865,https://tmrbarbers.square.site/,,Ponce de Leon Corridor,food_beverage,4.9,N,verified
themiamichiropractor,The Miami Chiropractor,(305) 791-4609,https://themiamichiropractor.com/,,Coral Gables,healthcare,5.0,N,verified
the_miami_guide_ocean_sky_media_llc,"The Miami Guide  Ocean Sky Media, LLC",(786) 481-0622,https://oceanskymedia.com/,,Coral Gables,marketing,5,Y,verified
the_miamidade_beacon_council,The MiamiDade Beacon Council,(305) 579-1300,http://www.beaconcouncil.com/,"80 SW 8th St Unit 2400, Miami, FL 33130",Coral Gables,technology,5,Y,verified
the_molieri_group,The Molieri Group,(786) 742-2001,https://molierigroupcpa.com/,,Coral Gables,accounting,,Y,verified
the_monica_betancourt_group_berkshire_hathaway_homeservices_,The Monica Betancourt Group @ Berkshire Hathaway HomeServices EWM Realty,(305) 632-7248,http://monicabetancourt.com/,"4000 Ponce de Leon Blvd Ste 700, Miami, FL 33146",Coral Gables,real_estate,5,Y,verified
the_moore,The Moore,(305) 209-2100,https://www.mooremiami.com/,"4040 NE 2nd Ave, Miami, FL 33137",Coral Gables,other,4.6,Y,verified
the_morgan_law_group,The Morgan Law Group,(786) 530-3795,https://policyadvocate.com/,"220 Alhambra Cir Suite 500, Coral Gables, FL 33134",Coral Gables,legal,4.4,Y,verified
themunchbypumpmunch,The Munch by Pump & Munch,(786) 360-6575,http://www.pumpandmunch.com/,,Coral Gables,food_beverage,4.8,N,verified
the_mutiny_hotel,The Mutiny Hotel,(866) 610-1814,https://www.providentresorts.com/the-mutiny-hotel-coconut-grove-miami/?utm_source=local&utm_campaign=gmb&utm_medium=organic,2951 South Bayshore Drive,Douglas Road Corridor,hospitality,4.3,N,verified
themutinyhotelbyprovidenthotelsresorts,The Mutiny Hotel by Provident Hotels & Resorts,(866) 610-1814,https://www.providentresorts.com/the-mutiny-hotel-coconut-grove-miami/?utm_source=local&utm_campaign=gmb&utm_medium=organic,,Douglas Road Corridor,hospitality,4.3,N,verified
thenailbar,The Nail Bar,(786) 452-7484,,,Coral Gables,personal_services,4.1,N,
the_nest,The Nest,(561) 233-0287,https://www.nesteateryboca.com/,1306 Stanford Drive,University of Miami Area,professional_services,4.1,N,verified
thenewyorkpubliclibraryshop,The New York Public Library Shop,(212) 930-0641,http://shop.nypl.org/,,Coral Gables,retail,4.8,N,verified
the_nicolas_group_compass,The Nicolas Group / Compass,(305) 336-0916,https://compass.com/agents/miami/angelnicolas,,Coral Gables,other,5,Y,unverified
the_ois_group,The OIS Group,(786) 251-3294,https://theoisgroup.com/,"7301 SW 57th Ct Suite 550, Miami, FL 33143",Coral Gables,other,5,Y,verified
the_opera_atelier,The Opera Atelier,(786) 560-6845,https://www.theoperaatelier.org/,"970 SW 1st St Suite 408, Miami, FL 33130",Coral Gables,arts_culture,4.5,Y,verified
the_palace_coral_gables,The Palace Coral Gables,(305) 445-7444,http://www.palacecoralgables.com/,"1 Andalusia Ave, Coral Gables, FL 33134",Coral Gables,accounting,4.9,Y,verified
the_pawar_corporation,The Pawar Corporation,(323) 463-2204,,"1825 Ponce de Leon Blvd, Coral Gables, FL 33134",Coral Gables,other,,Y,
thepeacemaker,The Peacemaker,(813) 786-5477,http://www.thepeacemakerstudio.com/,,Sunset / South Gables,wellness,5.0,N,verified
theplayhouseandbiltmoreschool,The Playhouse and Biltmore School,,http://biltmoreschool.com/?utm_medium=referral&utm_source=gmb&utm_campaign=lnk-gmb,"1600 Southwest 57th Avenue, Miami, FL 33155",Coral Gables,education,,N,verified
the_plaza_coral_gablesjll,The Plaza Coral Gables/JLL,(305) 459-8131,https://theplazacoralgables.com/,"2811 Ponce de Leon Blvd, Coral Gables, FL 33134",ponce de leon corridor,other,3.9,Y,verified
the_plump_room,The Plump Room,(786) 416-6514,http://theplumproommiami.com/?utm_source=google&utm_medium=organic&utm_campaign=gbp,"147 Alhambra Cir # 205, Coral Gables, FL 33134, United States",Coral Gables,food_beverage,5,N,verified
the_popok_firm,The Popok Firm,(786) 999-4285,https://thepopokfirm.com,"75 Valencia Ave # 100, Coral Gables, FL 33134, United States",Coral Gables,legal,5,Y,unverified
thepsychologyteamofsouthflorida,"The Psychology Team of South Florida, P.A.",(786) 452-9984,http://www.thepsychologyteam.com/,,Sunset / South Gables,food_beverage,3.0,N,verified
the_reserve_at_the_plaza,The Reserve at The Plaza,(305) 444-0706,https://www.thereserveattheplaza.com/?utm_source=GoogleLocalListing&utm_medium=organic,"122 Sevilla Ave, Coral Gables, FL 33134",Coral Gables,real_estate,4.5,Y,verified
the_residences_at_merrick_park,The Residences at Merrick Park,(305) 448-0098,https://residencesatmerrickpark.com,"4251 Salzedo St, Coral Gables, FL 33146",Coral Gables,real_estate,4.3,Y,unverified
theretailoutsource,The Retail Outsource,(305) 539-3810,http://theretailoutsource.com/,,Coral Gables,professional_services,5.0,N,verified
the_ritz_carlton_of_coconut_grove_miami,"The Ritz Carlton of Coconut Grove, Miami",(305) 644-4680,https://www.ritzcarlton.com/en/hotels/miarz-the-ritz-carlton-coconut-grove-miami/overview/?scid=f2ae0541-1279-4f24-b197-a979c79310b0,"3300 SW 27th Ave, Miami, FL 33133",Coral Gables,auto_dealer,4.5,Y,verified
the_ritzcarlton_coconut_grove_miami,"The Ritz-Carlton Coconut Grove, Miami",(305) 644-4680,https://www.ritzcarlton.com/en/hotels/miarz-the-ritz-carlton-coconut-grove-miami/overview/?scid=f2ae0541-1279-4f24-b197-a979c79310b0,"3300 SW 27th Ave, Miami, FL 33133",Douglas Road Corridor,hospitality,4.5,N,verified
the_rose_tree_cottage,The Rose Tree Cottage,(305) 448-9688,https://rosetreecottage.com,"388 Miracle Mile, Coral Gables, FL 33134",Coral Gables,food_beverage,4.7,Y,verified
therosetreecottageinteriordesignfinegiftshomeaccessories,"The Rose Tree Cottage | Interior Design, Fine Gifts & Home Accessories",(305) 448-9688,,,Miracle Mile,retail,4.7,N,
thesaadelawfirm,The Saade Law Firm,786-633-1114,https://www.saadelaw.com/,"3271 NW 7th St STE 103 STE 103, Miami, FL 33125",Coral Gables,legal,4.3,N,verified
thesanchezteamcoralgablesrealestateagentsdouglaselliman,The Sanchez Team – Coral Gables Real Estate Agents | Douglas Elliman,(786) 567-0386,https://www.sanchezteamre.com/?utm_source=GMB&utm_medium=organic&utm_campaign=coralgables_gmb,,Sunset / South Gables,real_estate,5.0,N,verified
thesatloewscoralgables,The Spa at Loews Coral Gables,(786) 772-7715,https://www.loewshotels.com/coral-gables/discover/spa-fitness,,Ponce de Leon Corridor,wellness,4.5,N,verified
thespotbarbershopcoralway,The Spot Barbershop - Coral Way,(786) 592-5199,https://thespotbarbershop.com/locations/coral-way/,,Coral Gables,food_beverage,4.7,N,verified
thespotbarbershopmerrickrk,The Spot Barbershop - Merrick Park,(786) 409-2748,https://thespotbarbershop.com/locations/merrick-park/,,Bird Road Corridor,food_beverage,4.7,N,verified
thespotbarbershopponce,The Spot Barbershop - Ponce,(786) 592-5290,https://thespotbarbershop.com/locations/ponce/,,Ponce de Leon Corridor,food_beverage,4.6,N,verified
the_u_statue,The U Statue,(305) 284-2211,http://www.miami.edu/sa/index.php/student_center_complex/,"4 State Highway 9, Miami, FL 33125",University of Miami Area,hospitality,5,N,verified
the_ups_store,The UPS Store,(305) 441-7161,https://locations.theupsstore.com/fl/miami/6800-sw-40th-st?utm_source=Yext&utm_medium=organic&utm_campaign=Listings,6800 Southwest 40th Street,Bird Road Corridor,retail,4.5,N,verified
the_village_at_coral_gables,The Village at Coral Gables,(786) 244-6364,https://thevillageatcoralgables.com,2900 Ponce de Leon Boulevard,Ponce de Leon Corridor,arts_culture,5,N,unverified
the_vitamin_shoppe,The Vitamin Shoppe,(305) 569-0525,https://locations.vitaminshoppe.com/fl/miami/vitamins-supplements-miami-fl-481.html?utm_source=gmb&utm_medium=local,3301 Southwest 22nd Street,Sunset / South Gables,retail,4.2,N,verified
thewellgroomedgentlemanbarbershop,The Well Groomed Gentleman - Barbershop,(786) 353-2196,https://thewellgroomedgentleman.com/,,Miracle Mile,food_beverage,4.7,N,verified
thewinwoman,The Win Woman,305-697-6147,https://thewinwoman.com/,"8400 NW 36th St Suite 450, Doral, FL 33166",Coral Gables,consulting,5,Y,verified
the_womens_fund_miami_dade,The Women's Fund Miami Dade,(305) 441-0506,http://www.womensfundmiami.org/,"3692 Grand Ave #176, Coconut Grove, FL 33133",Coral Gables,financial_services,5,Y,verified
the_wow_center,The WOW Center,(786) 797-7611,http://www.wowcentermiami.org/,,Coral Gables,other,,Y,verified
thegenielab_llc,"TheGenieLab, LLC",(305) 762-0130,http://www.thegenielab.com/,"121 Alhambra Plaza Suite 1000, Coral Gables, Miami, FL 33134",Coral Gables,accounting,4.5,Y,verified
themeit_inc,ThemeIT Inc.,(888) 484-3637,http://www.themeitevents.com/,,Coral Gables,marketing,4.7,Y,verified
thesis_hotel_miami,THesis Hotel Miami,(305) 667-5611,https://www.hilton.com/en/hotels/mialtqq-thesis-hotel-miami-coral-gables/?SEO_id=GMB-AMER-QQ-MIALTQQ,1350 South Dixie Highway,Coral Gables,hospitality,4.2,Y,verified
thesishotelmiamicoralgables,Thesis Hotel Miami Coral Gables,(305) 667-5611,https://www.hilton.com/en/hotels/mialtqq-thesis-hotel-miami-coral-gables/?SEO_id=GMB-AMER-QQ-MIALTQQ,,Coral Gables,hospitality,4.2,N,verified
thesis_hotel_miami_coral_gables_curio_collection_by_hilton,"THesis Hotel Miami Coral Gables, Curio Collection by Hilton",(305) 667-5611,https://www.hilton.com/en/hotels/mialtqq-thesis-hotel-miami-coral-gables/?SEO_id=GMB-AMER-QQ-MIALTQQ,1350 South Dixie Highway,Coral Gables,hospitality,4.2,N,verified
thomas_f_daly_loggia,Thomas F. Daly Loggia,(305) 284-2211,http://www.miami.edu/,1215 Dickenson Drive,University of Miami Area,hospitality,4.6,N,unverified
thomaskeanefinancial,Thomas Keane Financial,(786) 402-7782,http://www.thomaskeanefinancial.com/,,Coral Gables,financial_services,5.0,N,verified
thorn,Thorn,(786) 803-8973,http://thornmiami.com/,"6976 SW 40th St, Miami, FL 33155",Bird Road Corridor,food_beverage,4.4,N,verified
threefoldcafe,Threefold Cafe,(305) 704-8007,http://www.threefoldcafe.com/,"141 Giralda Ave, Coral Gables, FL",Coral Gables,food_beverage,4.3,N,verified
thriveyogamiami,Thrive Yoga Miami,,http://thriveyogamiami.com/,,Sunset / South Gables,wellness,4.8,N,verified
tiffanyco,Tiffany & Co.,(305) 529-4390,https://www.tiffany.com/stores/en/united-states/coral-gables-village-of-merrick-park-106?local=true&y_source=1_MTc5OTU0Ny03MTUtbG9jYXRpb24ud2Vic2l0ZQ%3D%3D,,Bird Road Corridor,retail,4.2,N,verified
tijon_miami,Tijon Miami,(305) 766-4953,https://tijon.com/pages/miami,"1600 Ponce de Leon Blvd Suite A, Coral Gables, FL 33134",Coral Gables,other,5,Y,verified
tintin,Tin Tin,,http://tintinmiami.co/,"2555 Southwest 8th Street, 33135",Douglas Road Corridor,food_beverage,,N,verified
tinainthegables,Tina in the Gables,(305) 666-0103,http://www.tinainthegables.com/,,Merrick Park,food_beverage,4.1,N,verified
tintaycafe,Tinta y Cafe,,http://tintaycafe.co/,"1315 Ponce de Leon Blvd, Coral Gables, FL",Coral Gables,food_beverage,4.0,N,verified
tintaycafecoralgables,Tinta Y Cafe - Coral Gables,(305) 285-0101,http://tintaycafe.co/,,Ponce de Leon Corridor,food_beverage,4.2,N,verified
tire_kingdom,Tire Kingdom,(305) 649-7880,https://www.mavis.com/locations/miami-8th-ave-fl/?utm_source=yext&utm_medium=organic&utm_campaign=gmb&stnum=4089,2821 Southwest 8th Street,Douglas Road Corridor,retail,4.5,N,verified
tireskingofmiami2,Tires King of Miami 2,(305) 445-7244,https://www.tireskingofmiami.com/,,Douglas Road Corridor,auto_dealer,4.7,N,verified
tiresplus,Tires Plus,(786) 671-3880,https://www.tiresplus.com/florida/miami/3820-bird-rd/?utm_source=google&utm_medium=organic&utm_campaign=localmaps&cmp=oloc_google_localmaps_maps,,Bird Road Corridor,auto_dealer,4.4,N,verified
titanicbreweryrestaurant,Titanic Brewery & Restaurant,(305) 667-2537,https://www.titanicbrewery.com/?y_source=1_MjAzNTc5OTY4OC03MTUtbG9jYXRpb24ud2Vic2l0ZQ%3D%3D,,Coral Gables,food_beverage,4.4,N,verified
titanic_restaurant_and_brewery,Titanic Restaurant and Brewery,(305) 667-2537,https://www.titanicbrewery.com/?y_source=1_MjAzNTc5OTY4OC03MTUtbG9jYXRpb24ud2Vic2l0ZQ%3D%3D,5813 Ponce de Leon Boulevard,Coral Gables,food_beverage,4.4,N,verified
title_union_llc,"Title Union, LLC",(305) 842-2272,https://titleunion.com/,"2828 Coral Wy #470, Coral Gables, FL 33145",Coral Gables,real_estate,4.9,Y,verified
tlcanimalclinici,TLC Animal Clinic I,(305) 637-6699,,,Coral Gables,healthcare,4.9,N,
togetherforkidsusa,Together for kids USA,(786) 416-4889,http://www.togetherforkidsusa.com/,,Coral Gables,nonprofit,5.0,N,verified
tom_thumb,Tom Thumb,(305) 667-3747,https://kentkwik.com/tom-thumb/,8047 Southwest 67th Avenue,Sunset / South Gables,auto_dealer,2.8,N,verified
tomaheads,Toma Head Spa,(813) 551-0306,https://tomaheadspa.net/,,Ponce de Leon Corridor,wellness,4.9,N,verified
tonysvehiclesolutions,Tony’s Vehicle Solutions,(786) 703-9084,https://tonyvehiclesolution.com/,,Coral Gables,auto_dealer,4.8,N,verified
tornapradofineartcollect,Torna Prado Fine Art Collect,(305) 476-8444,,,Ponce de Leon Corridor,arts_culture,5.0,N,
torreconstructiondevelopment,Torre Construction & Development,(305) 442-9494,http://www.torrecompanies.com/,,Miracle Mile,construction,5.0,N,verified
toskasfacialbar,Toska Spa & Facial Bar,786-536-2998,https://toskaspa.com/,,Coral Gables,wellness,4.7,Y,verified
total_wine,Total Wine,(786) 772-0710,https://www.totalwine.com/store-info/florida-grove-central/936?cid=referral:website_link::momentfeed:936_grove_central_store_details_page:,2750 Southwest 27th Terrace,Douglas Road Corridor,retail,4.5,N,verified
totalwinemore,Total Wine & More,(305) 630-3790,https://www.totalwine.com/store-info/florida-kendall/922?cid=referral:website_link::momentfeed:922_kendall_store_details_page:,,Sunset / South Gables,food_beverage,4.6,N,verified
touzetstudioarchitectureinteriordesign,Touzet Studio Architecture & Interior Design,(305) 789-2870,https://touzetstudio.com/,,Coral Gables,professional_services,5.0,N,verified
towerznailsscoralgables,Towerz Nails & Spa Coral Gables,(786) 378-7166,http://www.towerznailsspa.com/,,Coral Gables,personal_services,4.7,N,verified
toy_drive_n_events_inc,Toy Drive 'N Events Inc.,(305) 528-6700,https://toydriveandevents.com,"Coral Gables, Miami, FL 33155",Coral Gables,retail,4.9,Y,unverified
tpe_coaching_consulting,TPE Coaching & Consulting,(954) 263-5829,https://tpecoaching.com/,,Coral Gables,consulting,5,Y,verified
trader_joes,Trader Joe's,(305) 442-5402,https://locations.traderjoes.com/fl/coral-gables/781/?utm_source=gmb&utm_medium=organic&utm_campaign=local,211 South Dixie Highway,Coral Gables,retail,4.7,N,verified
trafficlawfirm,Traffic Law Firm,(305) 442-0243,,,Ponce de Leon Corridor,legal,4.9,N,
trail_animal_hospital,Trail Animal Hospital,(305) 261-0793,https://trailanimalhospital.com/,6464 Southwest 8th Street,Coral Gables,healthcare,4.8,N,verified
trailtotheworlddaycarenursery,Trail to the World Day Care Nursery,,,,Bird Road Corridor,education,,N,
transforma_translation_services,TransForma Translation Services,(305) 722-3827,http://transformaonline.com/,"9100 S Dadeland Blvd #1500, Miami, FL 33156",Coral Gables,professional_services,5,Y,verified
travel_by_design_inc,Travel by Design Inc.,(305) 443-5441,https://travelsbydesign.net,"2601 S Bayshore Dr STE 245, Miami, FL 33133",Coral Gables,accounting,5,Y,unverified
trax,Trax,(877) 264-8729,https://www.trax.aero/,,Ponce de Leon Corridor,technology,4.1,N,verified
tremble,TREMBLE,(833) 873-6253,http://makeittremble.com/,,Bird Road Corridor,wellness,4.8,N,verified
tremgrouprealestatemarketingagency,TREMGroup | Real Estate Marketing Agency,(888) 617-2510,https://www.tremgroup.com/?utm_campaign=gmb,,Douglas Road Corridor,marketing,4.9,N,verified
tresor,TRESOR,(305) 375-0935,https://tresorcollection.com/,"301 Altara Ave #115, Coral Gables, FL 33146",Coral Gables,other,5,Y,verified
trias_flowers__gifts,Trias Flowers & Gifts,(305) 749-0316,https://www.triasflowers.com/?utm_source=google&utm_medium=organic&utm_campaign=gmb,6520 Southwest 40th Street,Bird Road Corridor,retail,4.7,N,verified
trinity_construction_group,Trinity Construction Group,(786) 431-5770,https://trinitygoc.com/,"420 S Dixie Hwy Suite #2N, Coral Gables, FL 33146",Coral Gables,construction,4.9,Y,verified
tropical_audubon_society,Tropical Audubon Society,(305) 667-7337,http://www.tropicalaudubon.org/,5530 Sunset Drive,Sunset / South Gables,hospitality,4.8,N,verified
tropicalusedcars,Tropical Used Cars,(305) 290-3080,,,Coral Gables,auto_dealer,4.4,N,
truffle_temptations,Truffle Temptations,(305) 746-0426,https://www.thetruffletmeptations.com/,"6915 Southwest 57th Avenue, S Red Rd, Coral Gables, FL 33143",Coral Gables,other,4.9,Y,verified
trufusioncoralgables,TruFusion Coral Gables,(305) 851-5252,https://trufusion.com/coral-gables/,,Alhambra Circle,wellness,4.6,N,verified
trugman_valuation_associates_inc,Trugman Valuation Associates Inc.,(954) 607-6677,https://trugmanvaluation.com,"7957 N University Dr, Parkland, FL 33067",Coral Gables,education,5,Y,unverified
truist,Truist,(305) 442-3200,https://www.truist.com/branch/fl/coral-gables/33134/201-alhambra-cir-fl-1,1190 Southwest 67th Avenue,Miracle Mile,banking,3.1,N,verified
trulucks_oceans_finest_seafood_and_crab,Truluck's Oceans Finest Seafood and Crab,(786) 275-5730,https://trulucks.com/locations/miami-florida/,"777 Brickell Ave suite 110, Miami, FL 33131",Coral Gables,food_beverage,4.6,Y,verified
trustedelectricalsolutions,Trusted Electrical Solutions,(786) 342-9582,https://www.trustedelectricalsolutions.com/,,Sunset / South Gables,construction,5.0,N,verified
ttgtalent_solutions,ttg.Talent Solutions,(786) 796-2795,http://usattg.com/,"110 Merrick Wy, Coral Gables, FL 33134",Coral Gables,accounting,4.4,Y,verified
tullio,Tullio,(786) 707-8978,http://www.tulliomiami.com/,,Miracle Mile,food_beverage,4.7,N,verified
tullioristoranteitaliano,Tullio Ristorante Italiano,(305) 926-4208,,160 Andalusia Ave,Coral Gables,food_beverage,4.2,N,
turbo_workface,Turbo Workface,(786) 624-8963,https://turboworkforce.ai/,,Coral Gables,professional_services,4,Y,verified
two_sisters_restaurant,Two Sisters Restaurant,(305) 447-6030,http://coralgables.hyatt.com/en/hotel/dining/TwoSistersRestaurant.html,"50 Alhambra Plz, Coral Gables, FL 33134",Coral Gables,food_beverage,4.2,Y,verified
uautolease,U Auto Lease,(305) 901-6161,https://uautolease.com/?utm_source=google&utm_medium=organic&utm_campaign=gmb-listing&utm_content=coral-gables,,Ponce de Leon Corridor,auto_dealer,5.0,N,verified
uhaul,U-Haul,(305) 448-1756,https://www.uhaul.com/Locations/Truck-Rentals-near-Coral-Gables-FL-33134/049471/?utm_source=gmb&utm_medium=primary&utm_campaign=uhaulsmlm&utm_content=049471,6701 South Dixie Highway,Sunset / South Gables,retail,5,N,unverified
us_century_bank,U.S. Century Bank,(305) 715-5141,http://www.uscentury.com/,8201 South Dixie Highway,Sunset / South Gables,banking,3.9,Y,verified
ubsfinancialservices,UBS Financial Services Inc.,(305) 448-5444,https://local.ubs.com/floridainternationalmarket/?utm_source=Yext&utm_medium=GMB&utm_campaign=174654&y_source=1_MjAwOTY5NjctNzE1LWxvY2F0aW9uLndlYnNpdGU=,,Coral Gables,financial_services,,N,verified
ues,UES,(305) 249-8479,https://teamues.com,"2950 Coconut Grove Dr, Coral Gables, FL 33134",Coral Gables,professional_services,4.6,Y,unverified
ugas,UGas,,http://coral-way-u-gas.edan.io/,"2200 Coral Wy, Coral Gables, FL 33145",Coral Gables,auto_dealer,4.1,N,unverified
uhealth,UHealth,(305) 243-3453,http://www.uhealthsystem.com/,"5550 Ponce de Leon Blvd, Coral Gables, FL 33146",Coral Gables,healthcare,2.5,Y,verified
uhealthdermatologycoralgables,UHealth Dermatology Coral Gables,(305) 243-6704,https://umiamihealth.org/en/locations/uhealth-dermatology-coral-gables,,Ponce de Leon Corridor,healthcare,2.2,N,verified
ultimate_medical_center_spa_llc,"Ultimate Medical Center & Spa, LLC",(305) 889-9237,http://ultimatemdcenters.com/,"12700 SW 128th St Suite 205, Miami, FL 33186",Coral Gables,healthcare,5,Y,verified
uni_k_wax_of_coral_gables,Uni K Wax of Coral Gables,(305) 450-0885,https://unikwax.com/coralgables,"165 Aragon Ave, Coral Gables, FL 33134",Coral Gables,wellness,4.8,Y,unverified
unitedarchitects,United Architects,(305) 552-5465,http://www.unitedarchitectsinc.com/,,Bird Road Corridor,professional_services,4.5,N,verified
united_banking_community,United Banking Community,(305) 421-2250,https://www.ucbi.com/locations/south-miami-sunset-drive?utm_source=Yext&utm_medium=location_listing,Southwest 57th Court,Sunset / South Gables,banking,5,N,verified
united_community_bank,United Community Bank,(305) 667-5511,https://www.ucbi.com/locations/coral-gables-3399-ponce-de-leon-boulevard?utm_source=Yext&utm_medium=location_listing,"3399 Ponce de Leon Blvd, Coral Gables, FL 33134",Coral Gables,banking,5,Y,verified
united_way_miami,United Way Miami,(305) 646-7000,https://unitedwaymiami.org/,"The Ansin Building, 3250 SW 3rd Ave, Miami, FL 33129",Coral Gables,nonprofit,4.5,Y,verified
unity,Unity,(305) 573-9191,http://www.unityonthebay.org/,"Temple Israel, 137 NE 19th St, Miami, FL 33132",Coral Gables,hospitality,4.7,N,unverified
unity_center_of_practical_christianity,Unity Center of Practical Christianity,(305) 573-9191,http://www.unityonthebay.org/,"Temple Israel, 137 NE 19th St, Miami, FL 33132",Sunset / South Gables,nonprofit,4.7,N,verified
university_baptist_child_development_center,University Baptist Child Development Center,(786) 662-5080,https://baptisthealth.net/locations/rehabilitation-centers/south-miami-hospital-child-development-center?utm_source=yext&utm_medium=google&utm_campaign=listing&y_source=1_MTIwNTAzMTgtNzE1LWxvY2F0aW9uLndlYnNpdGU%3D,,Coral Gables,education,4,N,unverified
university_baptist_church,University Baptist Church,(305) 667-1066,,Southwest 50th Terrace,Coral Gables,nonprofit,5,N,
university_center_information_desk,University Center Information Desk,(305) 284-2211,http://www.miami.edu/,1306 Stanford Drive,University of Miami Area,education,4.6,N,unverified
universitychristianchildrenscenter,University Christian Children's Center,,,,Sunset / South Gables,education,,N,
university_christian_church,University Christian Church,(305) 448-7421,http://www.gablesucc.org/,Southwest 59th Avenue,Sunset / South Gables,nonprofit,4.8,N,verified
university_credit_union,University Credit Union,(786) 425-5024,http://www.ucumiami.org/,6250 Southwest 57th Avenue,Coral Gables,banking,4.4,Y,verified
university_of_florida,University of Florida,(352) 392-1667,http://www.miami.edu/,"1320 S Dixie Hwy, Coral Gables, FL 33146",Coral Gables,accounting,4.6,Y,verified
university_of_miami,University of Miami,(305) 284-5478,http://www.miami.edu/,5807 Ponce de Leon Boulevard,Coral Gables,accounting,4.6,Y,verified
universityofmiamilennarcenterpharmacy,University of Miami - Lennar Center Pharmacy,(305) 351-0606,https://www.walgreens.com/locator/walgreens-5555+ponce+de+leon+blvd-coral+gables-fl-33146/id=16543,,Coral Gables,healthcare,3.9,N,verified
university_of_miami_campus_store,University of Miami Campus Store,(305) 284-4101,https://www.bkstr.com/miamistore/home?cm_mmc=OrganicSearch-_-GoogleMyBusiness-_-Google-_-475,1306 Stanford Drive,University of Miami Area,retail,4.6,N,verified
university_of_miami_canterbury_child_care_center,University of Miami Canterbury Child Care Center,(786) 718-1265,https://child-care-preschool.brighthorizons.com/fl/coralgables/umcanterburygables?utm_source=google&utm_medium=organic&utm_campaign=gmb&utm_term=weblink&utm_content=centerwebsite&IMS_SOURCE_SPECIFY=google|organic|gmb|weblink|centerwebsite,1150 Stanford Drive,University of Miami Area,education,4.7,N,verified
university_of_miami_parking_and_transportation_services,University of Miami Parking and Transportation Services,(305) 284-3096,http://www.miami.edu/ref/index.php/parking_and_transportation/,5807 Ponce de Leon Boulevard,Coral Gables,education,1.9,N,verified
university_of_st_augustine_for_health_sciences,University of St. Augustine for Health Sciences,(786) 725-4010,https://www.usa.edu/about/our-campuses/about-our-campuses-miami-fl/,"North Tower, 800 Douglas Rd Suite 149, Coral Gables, FL 33134",Coral Gables,accounting,4.3,Y,verified
universitypharmacy,University Pharmacy,(305) 448-6116,http://www.university-pharmacy.com/,,Miracle Mile,healthcare,4.5,N,verified
univision_foundation,Univision Foundation,(305) 998-8410,https://univision.org,"288 Aragon Ave Suite D, Coral Gables, FL 33134",Coral Gables,nonprofit,5,Y,unverified
univista_insurance,Univista Insurance,(305) 622-2739,https://www.univistainsurance.com/location/miami-fl-33155-1,6711 Southwest 40th Street,Bird Road Corridor,insurance,5.0,N,verified
upgrade_education_solutions_llc,"UpGrade Education Solutions, LLC",(305) 772-1811,https://UpGradeEducation.org,"2525 Ponce de Leon Blvd Suit 300, Coral Gables, FL 33134",Coral Gables,accounting,4.7,Y,unverified
upperkutz,Upper Kutz LLC,(305) 456-1872,,,Coral Gables,food_beverage,4.8,N,
uptownpsychology,Uptown Psychology,(786) 977-3242,https://uptownpsychologyny.com/locations/florida/,,Coral Gables,healthcare,5.0,N,verified
urbanwinesandspirits,Urban Wines and Spirits,(212) 477-1003,,,Coral Gables,food_beverage,4.7,N,
urbanchillacreirscoralgables,UrbanChill AC Repairs Coral Gables,(786) 882-8468,https://coralgables.urbanchill.net/location/ac-repairs-in-coral-gables-your-ultimate-guide,,Ponce de Leon Corridor,other,4.4,N,verified
urbengiftsgadgets,Urben Gifts & Gadgets,(786) 577-0151,http://shopurben.com/,,Sunset / South Gables,retail,4.9,N,verified
us_health_advisors,US Health Advisors,(561) 428-5448,https://ushealthadvisor.net,"3400 Coral Wy Ste 500, Coral Gables, FL 33145",Coral Gables,healthcare,4.5,Y,unverified
usasportstherapycoralgables,USA Sports Therapy Coral Gables,(305) 420-5682,https://usasportsmedicine.com/locations/coral-gables?utm_source=google&utm_medium=organic&utm_campaign=gbp_listing,,Coral Gables,healthcare,4.9,N,verified
usaa_realty_company,USAA Realty Company,(305) 443-2956,,"100 Almeria Ave #200, Coral Gables, FL 33134",Coral Gables,real_estate,5,Y,
usi_insurance_services,USI Insurance Services,(786) 454-2082,http://www.usi.com/,"201 Alhambra Cir, Coral Gables, FL",Coral Gables,insurance,5,Y,verified
usseryautomotivegroup,Ussery Automotive Group,(305) 567-3444,,,Coral Gables,auto_dealer,3.0,N,
uvagallery,UVA Gallery,(786) 496-2276,http://www.uvagallery.com/,,Alhambra Circle,arts_culture,5.0,N,verified
uvawinesspirits,Uva Wines & Spirits,(718) 963-3939,http://www.uvawines.com/,,Coral Gables,food_beverage,3.4,N,verified
v__v_jewelry,V & V Jewelry,(305) 663-9333,http://www.vnvjewelry.com/,6554 Southwest 40th Street,Bird Road Corridor,retail,4.9,N,verified
valero,Valero,(210) 345-2000,https://www.valero.com/,"4790 W Flagler St, Coral Gables, FL 33134",Douglas Road Corridor,auto_dealer,4.2,N,verified
valiscoralgables,Vali Spa Coral Gables,(786) 292-6120,http://www.valispa.com/,,Ponce de Leon Corridor,wellness,5.0,N,verified
valley_national_bank,Valley National Bank,(305) 341-8558,https://locations.valley.com/fl/coralgables/valley-bank-265.html,"2121 Ponce de Leon Blvd STE 130, Coral Gables, FL 33134",Coral Gables,banking,3.1,Y,verified
van_orsdel_funeral_cremation_services_coral_gables,Van Orsdel Funeral & Cremation Services  Coral Gables,(305) 446-4412,https://www.vanorsdel.com/?utm_source=google&utm_medium=organic&utm_campaign=gbp-coral-gables&utm_id=local&utm_content=coral-gables,4600 SW 8th St,Coral Gables,government,5,Y,verified
vanderbiltavenuewinemerchants,Vanderbilt Avenue Wine Merchants,(718) 398-1800,http://www.vwm.wine/,,Coral Gables,food_beverage,5.0,N,verified
vanguardschool,Vanguard School,,,,Coral Gables,education,,N,
vanguardschoolofcoconutgrove,Vanguard School of Coconut Grove,,,,Coral Gables,education,,N,
vanity_point_wellness_llc,"Vanity Point & Wellness, LLC",(305) 799-4576,http://vanitypointwellness.com/,"1553 San Ignacio Ave Suite B, Coral Gables, FL 33146",Coral Gables,accounting,5,Y,verified
vantagecommunications,Vantage Communications,,https://www.vantage-communications.com/,,Coral Gables,marketing,,N,verified
vapor_shark,Vapor Shark,(305) 808-3045,https://www.vaporshark.com/locations?utm_source=Local&utm_medium=organic&utm_campaign=gmb&utm_content=SW40thStreetMiami,6550 Southwest 40th Street,Bird Road Corridor,retail,4.4,N,verified
vca_animal_hospital,VCA Animal Hospital,(305) 261-2374,https://vcahospitals.com/cabrera?utm_source=maps&utm_medium=organic&utm_campaign=AU_593,6390 Southwest 8th Street,Coral Gables,healthcare,4.8,N,verified
velizassociatesanestatelegacyplanningfirm,"Veliz & Associates P.A., an Estate & Legacy Planning Firm",(786) 839-3840,https://velizlaw.com/?utm_source=GBP&utm_medium=GBP&utm_campaign=GBP_Coral%20Gables&utm_id=GBP_Coral%20Gables,,Ponce de Leon Corridor,legal,5.0,N,verified
venetiannailscoralway,Venetian Nail Spa Coral Way,(786) 599-1217,https://screenshot.googleplex.com/9cbwMfafqenBc3V,,Coral Gables,personal_services,3.2,N,verified
venetian_pool,Venetian Pool,(305) 460-5306,https://www.coralgables.com/venetian-pool,2701 De Soto Boulevard,Coral Gables,hospitality,4.4,N,verified
venezuelanamerican_chamber_of_commerce,VenezuelanAmerican Chamber of Commerce,(305) 307-8393,http://venezuelanchamber.org/,"75 Valencia Ave Suite 703, Coral Gables, FL 33134",Coral Gables,other,4.4,Y,verified
ventanasrestaurantbarlounge,Ventanas Restaurant Bar & Lounge,(786) 353-9460,,,Bird Road Corridor,food_beverage,4.9,N,
venusopticalboutique,Venus Optical Boutique,(305) 961-1060,http://www.venuseyewear.com/,,Ponce de Leon Corridor,auto_dealer,5.0,N,verified
vera_jewelry,Vera Jewelry,(888) 305-8372,https://verajewelry.com/?utm_campaign=location40&utm_content=listing&utm_medium=organic&utm_source=gmb,6505 Southwest 40th Street,Bird Road Corridor,retail,4.9,N,verified
verdejaalvarez,"Verdeja & Alvarez, LLP",(305) 446-3177,http://www.va-cpa.com/,"Coral Gables, FL 33134",Coral Gables,accounting,5,N,verified
veridian,Veridian,(305) 928-6822,https://www.veridianhq.com/,,Coral Gables,accounting,,Y,verified
veritran,Veritran,,https://www.veritran.com/,,Coral Gables,other,,Y,verified
verizon,Verizon,(305) 446-1946,https://www.verizon.com/stores/details/florida/coral-gables/coral-gables-201100/?CMP=seo_b_x_vz_gbp_ot_2022_08_website,2720 South Dixie Highway,Douglas Road Corridor,retail,3.9,N,verified
versailles_bakery,Versailles Bakery,(305) 441-2500,https://www.versaillesbakery.com/home,3501 Southwest 8th Street,Coral Gables,food_beverage,4.2,N,verified
versailles_restaurant,Versailles Restaurant,(305) 444-0240,http://www.versaillesrestaurant.com/,3555 Southwest 8th Street,Coral Gables,food_beverage,4.5,N,verified
vestra_consultants,Vestra Consultants,(305) 340-2003,https://vestraconsultants.com,"901 Ponce de Leon Blvd #900, Coral Gables, FL 33134",Coral Gables,accounting,4,Y,unverified
vicki_lopez_state_representative_hd_113,Vicki Lopez State Representative  HD 113,(305) 315-0740,http://www.citybeautiful.net/,,Coral Gables,other,,Y,unverified
vickybakeryuniversityofmiami,Vicky Bakery University of Miami,(305) 434-0048,https://vickybakery.com/university-of-miami/,,University of Miami,food_beverage,4.6,N,verified
vicky_cafe,Vicky Cafe,(305) 434-0048,https://vickybakery.com/university-of-miami/,1306 Stanford Drive,University of Miami Area,food_beverage,4.6,N,verified
victor_e_clarke_recital_hall,Victor E. Clarke Recital Hall,(305) 284-2241,http://www.miami.edu/frost/index.php/frost/facilities/Concert_Halls/weeks_center_recording_performance/victor_e_clarke_recital_hall/,"Volpe Building, 5501 San Amaro Dr, Coral Gables, FL 33146, United States",University of Miami Area,arts_culture,4.8,N,verified
victoriasarmoire,Victoria's Armoire,(305) 445-3848,https://www.victoriasarmoire.net/,,Bird Road Corridor,retail,3.7,N,verified
vidadentalcoralgables,Vida Dental Coral Gables,(305) 496-1618,https://www.vidadentalcoralgables.com/,,Coral Gables,healthcare,4.8,N,verified
videoworks_llc,Videoworks LLC,(956) 639-2910,https://videoworks.miami,"4901 NW 17th Way Suite 406, Fort Lauderdale, FL 33309",Coral Gables,accounting,,Y,unverified
vim_wealth_management,VIM Wealth Management,(305) 905-8950,https://pwmcg.com/,"141 Miracle Mile, Coral Gables, FL 33134",Coral Gables,accounting,5,Y,verified
vinacomnycs,Vina + Company CPAs,(305) 441-0070,https://www.vinacpa.com/,,Ponce de Leon Corridor,accounting,5.0,N,verified
ve,Vince,(786) 905-0003,https://www.vince.com/storelocator,,Bird Road Corridor,retail,4.3,N,verified
vine_communications_inc,Vine Communications Inc.,(305) 447-8678,http://www.vinecommunicationsinc.com/,,Coral Gables,personal_services,5,Y,verified
vintage_cars_of_florida_llc,"Vintage Cars of Florida, LLC",(305) 648-2328,http://www.miamivintagepropcars.com/?utm_source=google&utm_medium=wix_google_business_profile&utm_campaign=6986583761200508723,"5010 NW 3rd Ave, Miami, FL 33127",Coral Gables,auto_dealer,5,Y,unverified
vinya_table,Vinya Table,(305) 203-4229,https://vinyawine.com/pages/coral-gables#/,,Coral Gables,other,4.5,Y,verified
violetas,Violetas,(305) 381-0711,https://www.violetashomedesign.com/?utm_source=local&utm_medium=organic&utm_campaign=gmb,"257 Miracle Mile, Coral Gables, FL 33134",Coral Gables,other,4.8,Y,verified
violetaslifestylehome,Violetas Lifestyle & Home,(305) 381-0711,https://www.violetashomedesign.com/?utm_source=local&utm_medium=organic&utm_campaign=gmb,,Miracle Mile,retail,4.8,N,verified
virginiamillergalleries,Virginia Miller Galleries Inc,(305) 444-4493,http://www.virginiamiller.com/,,Ponce de Leon Corridor,arts_culture,5.0,N,verified
virtuworks,Virtuworks,(305) 265-0447,https://virtuworks.com/?utm_campaign=gmb,"3850 Bird Rd STE 103, Miami, FL 33146",Coral Gables,technology,4.9,Y,verified
visionunlimitedatsunset,Vision Unlimited at Sunset,(305) 662-2990,https://www.visionunlimited.com/,,Sunset / South Gables,healthcare,3.9,N,verified
visionworks,Visionworks,(305) 443-7276,https://locations.visionworks.com/ll/US/FL/Miami/3301-Coral-Way?utm_medium=organic&utm_source=gbp&utm_campaign=website&utm_content=sl&utm_term=340,3301 Southwest 22nd Street,Coral Gables,retail,4.6,N,verified
visionworksmiraclemarketplace,Visionworks Miracle Marketplace,(305) 443-7276,https://locations.visionworks.com/ll/US/FL/Miami/3301-Coral-Way?utm_medium=organic&utm_source=gbp&utm_campaign=website&utm_content=sl&utm_term=340,,Coral Gables,healthcare,4.6,N,verified
visiting_angels_miami,Visiting Angels Miami,(305) 728-3153,https://www.visitingangels.com/miami/home?utm_source=gmb&utm_medium=organic&utm_campaign=local,"8501 SW 124th Ave. #310A, Miami, FL 33183",Coral Gables,other,4.8,Y,verified
vital_imaging_center,Vital Imaging Center,(305) 596-9992,https://vitalimg.com/contacts-brickell-gables-center-2/,3146 Southwest 22nd Street,Douglas Road Corridor,healthcare,4,N,verified
vivify,Vivify,(305) 661-4775,http://www.vivifymiami.com/,Southwest 40th Street,Bird Road Corridor,healthcare,5,N,verified
vivifychiropractic,Vivify Chiropractic,(305) 661-4775,http://www.vivifymiami.com/,,Bird Road Corridor,healthcare,5.0,N,verified
voices_for_children_foundation_inc,Voices for Children Foundation Inc.,(305) 324-5678,http://beavoice.org/,"601 NW 1st Ct #10, Miami, FL 33136",Coral Gables,nonprofit,5,Y,verified
voli_305_vodka,Voli 305 Vodka,(305) 564-5464,https://voli305vodkashop.com,"1590 S Dixie Hwy, Coral Gables, FL 33146",Coral Gables,food_beverage,4.7,Y,unverified
volkswagen,Volkswagen,(305) 448-3335,http://www.deelvolkswagen.com/,"3601 Bird Rd, Miami, FL 33133",Bird Road Corridor,retail,4.6,N,verified
volvo_bomnin,Volvo Bomnin,(305) 677-0641,https://www.bomninvolvocarsdadeland.com/?utm_source=google&utm_medium=organic&utm_campaign=google_my_business,8105 Southwest 70th Avenue,Sunset / South Gables,retail,4.9,N,unverified
vortex_roofing_construction_services,Vortex Roofing & Construction Services,(305) 216-3247,https://vortexroof.com,"2332 Galiano St, Coral Gables, FL 33134",Coral Gables,construction,5,Y,unverified
wagner_montessori_school,Wagner Montessori School,(305) 567-1900,https://gablesmontessori.com/,"990 S Le Jeune Rd, Coral Gables, FL 33134",Bird Road Corridor,education,4.9,N,verified
wahlstrominsuranceassociates,Wahlstrom Insurance Associates,(305) 447-8718,https://wahlstrominsuranceassociates.godaddysites.com/,"1107 Genoa St, Coral Gables, FL 33134",Coral Gables,insurance,5,N,unverified
walgreens,Walgreens,(305) 444-2544,https://www.walgreens.com/locator/walgreens-4200+sw+8th+st-coral+gables-fl-33134/id=3317,5731 Southwest 40th Street,Bird Road Corridor,healthcare,2.7,N,verified
walgreenspharmacy,Walgreens Pharmacy,(305) 444-8427,https://www.walgreens.com/locator/walgreens-3490+bird+rd-miami-fl-33133/id=10900,,Coral Gables,healthcare,3.6,N,unverified
walls_old_fashioned_ice_cream,Wall's Old Fashioned Ice Cream,(305) 740-9830,http://www.wallsicecreamfl.com/,8075 Southwest 67th Avenue,Sunset / South Gables,food_beverage,4.5,N,verified
walmart_neighborhood_market,Walmart Neighborhood Market,(786) 257-4094,https://www.walmart.com/store/4140-miami-fl/?veh=seo_loc,6991 Southwest 8th Street,Coral Gables,retail,4.2,N,verified
waste_management,Waste Management,(305) 986-6107,https://wm.com,"2800 SW 72nd Ave, Miami, FL 33155",Coral Gables,professional_services,2.3,Y,unverified
watches_world_llc,Watches World LLC,(786) 767-5547,https://www.watchesworld.com/,2937 Southwest 27th Avenue,Douglas Road Corridor,retail,4.8,N,verified
wawa,Wawa,(786) 471-0804,https://www.wawa.com/locations/5260?utm_source=gmblisting&utm_medium=organic&utm_campaign=locallisting,6971 Southwest 24th Street,Coral Gables,retail,3.8,N,verified
waxxedsportscards,Waxxed Sports Cards,(786) 542-9454,https://www.triplecards.com/,,Ponce de Leon Corridor,retail,5.0,N,verified
waymo,Waymo,(650) 346-0856,https://waymo.com,"650 Coral Wy, Coral Gables, FL 33134",Coral Gables,accounting,3.4,Y,unverified
we_are_major_llc,"We Are Major, LLC",(305) 697-7271,https://wearemajor.com,"99 NW 183rd St Suite 100B, Miami, FL 33169",Coral Gables,other,5,Y,unverified
weinsurerandymarzullo,We Insure - Randy Marzullo,(844) 472-2011,http://weinsuregroupmiami.com/,"1550 Madruga Ave Ste 330, Coral Gables, FL 33146",Coral Gables,insurance,4.6,N,verified
wealth_enhancement_group,Wealth Enhancement Group,(305) 877-8070,https://www.wealthenhancement.com/location/miami-fl?utm_source=gbp&utm_medium=organic&utm_campaign=local-seo&utm_id=local-seo&utm_content=miami&utm_term=miami,"2665 S Bayshore Dr STE 230, Miami, FL 33133",Coral Gables,financial_services,5,Y,verified
wedoinsurancetaxes,WeDo Insurance & Taxes,(305) 432-3966,https://www.wedoinsuranceandtaxes.com/,,Coral Gables,insurance,4.9,N,verified
wellnessproteam,Wellness Pro Team,(305) 774-0104,http://www.wellnessproteam.com/,,Douglas Road Corridor,healthcare,4.8,N,verified
wells_fargo,Wells Fargo,(305) 263-1030,https://www.wellsfargo.com/locator/bank/900__SW__57TH__AVE_MIAMI_FL_33144/,900 Southwest 57th Avenue,Bird Road Corridor,banking,3.4,N,unverified
wendys,Wendy's,(305) 262-8666,https://locations.wendys.com/united-states/fl/miami/6720-sw-8th-street?utm_source=Yext&utm_medium=Google_My_Business&utm_campaign=Local_Search,6720 Southwest 8th Street,Bird Road Corridor,food_beverage,3.9,N,verified
wernerhoffmangreiggarcia,"Werner, Hoffman, Greig & Garcia",(305) 518-1619,https://wernerhoffman.com/coral-gables-injury/?utm_source=GBP&utm_medium=GBP&utm_campaign=GBP_Coral_Gables&utm_id=GBP_Coral_Gables,,Coral Gables,legal,5.0,N,verified
westelm,west elm,(305) 670-7774,https://www.westelm.com/stores/us-fl-miami-downtown-dadeland/,,Sunset / South Gables,retail,3.9,N,verified
westendrkpreschool,West End Park Preschool,,,,Coral Gables,education,,N,
westmiamianimalhospital,West Miami Animal Hospital,(305) 266-1825,https://www.westmiamianimalhospital.com/,,Coral Gables,healthcare,4.2,N,verified
west_miami_city_hall,West Miami City Hall,(305) 266-1122,http://cityofwestmiami.gov/,901 Southwest 62nd Avenue,Coral Gables,other,3.7,N,verified
west_miami_paint_and_body_shop,West Miami Paint and Body Shop,(305) 266-5226,,6468 Southwest 8th Street,Coral Gables,auto_dealer,5,N,
weststreetwinespirits,West Street Wine & Spirits,(212) 383-8300,https://www.weststwine.com/,,Coral Gables,food_beverage,4.4,N,verified
westar_mart,Westar Mart,(786) 409-5819,http://vapecityusa.com/,6401 Southwest 8th Street,Coral Gables,retail,3.4,N,verified
westbrookdaycarecenter,Westbrook Day Care Center,,,,Coral Gables,education,,N,
western_union,Western Union,(305) 541-7080,https://www.westernunion.com/,1817 Southwest 8th Street,Coral Gables,financial_services,2,N,verified
whitesartgallery,White’s Art Gallery,(786) 406-0650,,,Bird Road Corridor,arts_culture,4.7,N,
whole_foods_market,Whole Foods Market,(305) 421-9421,https://www.wholefoodsmarket.com/stores/coralgables?utm_source=google&utm_medium=organic&utm_campaign=listings,6701 Red Road,Sunset / South Gables,retail,4.5,N,verified
wild_fork_foods,Wild Fork Foods,(786) 915-8115,http://wildforkfoods.com/,1180 South Dixie Highway,University of Miami Area,retail,4.6,N,verified
williamhamiltonarthurarchitectwhaa,"William Hamilton Arthur Architect, Inc. (WHAA)",(305) 770-6100,http://whaiv.us/,,Ponce de Leon Corridor,professional_services,5.0,N,verified
williamsburgtherapygroupbrooklyn,Williamsburg Therapy Group Brooklyn,(347) 970-6757,https://williamsburgtherapygroup.com/brooklyn-ny?utm_source=gmb_listing&utm_medium=organic&utm_campaign=gmb-profile,,Coral Gables,healthcare,4.5,N,verified
williamson_automotive_group,Williamson Automotive Group,(305) 670-7100,https://williamsonautomotivegroup.com,"7815 SW 104th St, Miami, FL 33156, United States",Coral Gables,auto_dealer,4.7,Y,unverified
wine_41,Wine 41,(786) 429-3957,https://wine41.com,"12401 SW 134th Ct #4, Miami, FL 33186",Coral Gables,accounting,4.4,Y,unverified
wingstop,Wingstop,(786) 701-9977,https://www.wingstop.com/location/wingstop-1972-miami-fl-33155/menu?y_source=1_NTUyMDgxNzctNzE1LWxvY2F0aW9uLndlYnNpdGU%3D,6714 Bird Road,Bird Road Corridor,food_beverage,3.4,N,verified
winndixie,Winn-Dixie,(305) 666-5241,https://www.winndixie.com/StoreDetails?search=251,5850 Southwest 73rd Street,Sunset / South Gables,retail,4.3,N,verified
winstongablesinsurance,Winston Gables Insurance Corp,(305) 777-1322,http://www.gableseliteinsurance.com/,"90 Almeria Ave Ste 203, Coral Gables, FL 33134",Coral Gables,insurance,5,N,unverified
wlrn_radio_and_television,WLRN Radio and Television,(305) 505-6686,https://wlrn.org,"172 NE 15th St, Miami, FL 33132",Coral Gables,healthcare,4.8,Y,unverified
wolfelawmiami,Wolfe Law Miami,(888) 655-4709,https://www.wolfelawmiami.com/?npcmp=dir:local:3201075:33130,"Miami, FL - Serving Coral Gables",Coral Gables,legal,4,N,verified
wolfeswineshoppe,Wolfe's WINE Shoppe,(305) 445-4567,http://www.wolfeswines.com/,,Miracle Mile,food_beverage,4.4,N,verified
women_for_success_inc,Women for Success Inc.,(305) 721-2917,https://giveforsuccess.org,"1600 NW 3rd Ave #111, Miami, FL 33136",Coral Gables,other,4.1,Y,unverified
woodlawn_park_cemetery,Woodlawn Park Cemetery,,https://www.dignitymemorial.com/,"Miami, FL 33135",Coral Gables,legal,4.3,N,unverified
words_of_life_fellowship_church,Words of Life Fellowship Church,(305) 653-8155,http://www.wordsoflife.com/,"20051 NE 15th Ct, Miami, FL 33179",Bird Road Corridor,nonprofit,4.8,N,verified
worksite,Worksite,(786) 427-4015,https://worksiteemployee.com,"4000 Ponce de Leon Blvd #470, Coral Gables, FL 33146",Coral Gables,other,4.9,Y,unverified
worldofchildrendaycarecenter,World of Children Day Care Center,,,,Coral Gables,education,,N,
world_of_smoke__vape__south_miami,World of Smoke & Vape - South Miami,(305) 381-0631,https://www.worldofsmokenvape.com/?utm_source=gmb&utm_medium=organic&utm_campaign=south-miami,4024 SW 57th Ave (off Bird Road),Bird Road Corridor,retail,5,N,verified
wow_mktg,WOW MKTG,(305) 273-8373,https://wowmktg.com/,"Executive Tower, 804 Douglas Rd 5th Floor, Coral Gables, FL 33134",Coral Gables,marketing,4.4,Y,verified
wragg_casas_strategic_communications,Wragg & Casas Strategic Communications,(305) 372-1234,https://www.wraggcasas.com/,"3191 Coral Wy #607, Miami, FL 33145",Coral Gables,consulting,5,Y,verified
wrk_lab,WRK LAB,(305) 801-2356,https://wrklab.com,"3605 NW 115th Ave, Doral, FL 33178",Coral Gables,healthcare,4.2,Y,verified
wvumfm,WVUM-FM,(786) 309-8861,http://wvum.org/,1306 Stanford Drive,University of Miami Area,arts_culture,4,N,verified
xandra_marketing,Xandra Marketing,(954) 802-1398,http://www.xandramarketing.com/,"8112 Wiles Rd, Coral Springs, FL 33067",Coral Gables,marketing,5,Y,verified
xmartpowerelectric,Xmart Power Electric,(800) 741-5257,https://xmartpower.com/,,Sunset / South Gables,construction,5.0,N,verified
yablenvaliente,Yablen Valiente,(305) 476-5444,https://www.yablenvaliente.com/?npcmp=dir:local:3910627:33134,,Coral Gables,legal,4.8,N,verified
yardhouse,Yard House,(305) 447-9273,https://www.yardhouse.com/locations/fl/coral-gables/coral-gables-merrick-park/8323?cmpid=br:yh_ag:ie_ch:loc_ca:YHGMB_sn:gmb_gt:coral-gables-fl-8323_pl:locurl_rd:1021,,Bird Road Corridor,food_beverage,4.4,N,verified
yard_house_coral_gables,Yard House Coral Gables,(305) 447-9273,https://www.yardhouse.com/locations/fl/coral-gables/coral-gables-merrick-park/8323?cmpid=br:yh_ag:ie_ch:loc_ca:YHGMB_sn:gmb_gt:coral-gables-fl-8323_pl:locurl_rd:1021,"320 San Lorenzo Ave Space 1320, Coral Gables, FL 33146",Coral Gables,wellness,4.4,Y,verified
yaritzafloresod,"Yaritza Flores, OD",(305) 443-7070,http://www.beraja.com/,,Coral Gables,healthcare,4.9,N,verified
yaron_intramural_field,Yaron Intramural Field,(305) 284-3253,,"College Dr, Coral Gables, FL 33146",University of Miami Area,wellness,4.4,N,
yoga_joint,Yoga Joint,(718) 913-4990,https://www.yogajoint.com/,"45 Alhambra Plz, Coral Gables, FL 33134",Coral Gables,accounting,4.9,Y,verified
yogajointcoralgables,Yoga Joint Coral Gables,(786) 334-5052,https://www.yogajoint.com/,,Ponce de Leon Corridor,wellness,4.9,N,verified
yolandasgardenschool,Yolanda's Garden School,,,,Coral Gables,education,,N,
youfitgymscoralgables,YouFit Gyms Coral Gables,(888) 968-3481,http://youfit.com/locations/florida/miami-coral-way,"7070 Coral Way, Miami, FL 33155",Coral Gables,wellness,4.1,N,verified
young_skin,Young Skin,(954) 242-4275,https://youngskinmd.com,"4100 Salzedo St STE 16, Coral Gables, FL 33146",Coral Gables,wellness,4.4,Y,unverified
yourmarketingagency,Your Marketing Agency,(305) 775-6689,https://yourmarketingagency.com/,,Bird Road Corridor,marketing,5.0,N,verified
yuly_barbershop_and_mens_grooming,Yuly Barbershop and Men's Grooming,(786) 449-0340,https://www.vagaro.com/yulybarbershopandmensgrooming?utm_source=Google&utm_id=LMS,"2 Aragon Ave Suite #30, Coral Gables, FL 33134",Coral Gables,personal_services,4.9,Y,verified
zafar_francuz_company_llc,"Zafar Francuz & Company, LLC",(305) 281-3954,http://zafarfrancuz.com/,"5730 SW 74th St #300, South Miami, FL 33143",Coral Gables,accounting,5,Y,verified
zag_creates,ZAG Creates,(786) 468-8595,http://www.zagcreates.com/,"237 S Dixie Hwy Floor 4, Coral Gables, FL 33133",Coral Gables,marketing,5,Y,verified
zambrano_orthodontics,Zambrano Orthodontics,(305) 394-8112,https://www.zambranoortho.com//?,550 Biltmore Way,Coral Gables,healthcare,4.9,N,verified
zataartgallery,Zapata Art Gallery,(786) 505-8715,http://zapatagallery.com/,,Coral Gables,arts_culture,5.0,N,verified
zediker_law_firm,Zediker Law Firm,(305) 269-4600,https://www.zedikerlaw.com/,"2151 S Le Jeune Rd UNIT 305, Coral Gables, FL 33134",Coral Gables,legal,4.6,Y,verified
zip_in_media_productions_llc__miami_video_production_company,Zip In Media Productions LLC - Miami Video Production Company,(305) 723-9961,https://zipinmedia.com/?utm_source=gmb&utm_medium=organic&utm_campaign=miami,2103 Coral Way,Coral Gables,retail,5,N,verified
zitz_sum,Zitz Sum,(786) 409-6920,http://www.zitzsum.com/,,Giralda Plaza,food_beverage,4.5,N,verified
zommagroup,ZOMMA Group,305-444-8288,https://zommagroup.com/,"355 Alhambra Cir Suite 1100, Coral Gables, FL 33134",Coral Gables,accounting,5,N,verified
zooattraction,Zoo Attraction,(305) 255-5551,https://zoomiami.org,"1111 Parrot Jungle Trail, Miami, FL 33132",Coral Gables,wellness,4.1,Y,unverified
zoo_miami_foundation,Zoo Miami Foundation,(305) 255-5551,https://zoomiami.org,"Zoo Miami, 12400 SW 152nd St, Miami, FL 33177",Coral Gables,accounting,5,Y,unverified
zucca,Zucca,(786) 580-3731,https://zuccamiami.com/,162 Alcazar Avenue,Ponce de Leon Corridor,food_beverage,4.3,Y,verified
zuri_plastic_surgery,Zuri Plastic Surgery,(786) 804-1603,https://www.zuriplasticsurgery.com/?utm_source=gmb&utm_medium=organic,7540 SW 61st Ave,Sunset / South Gables,healthcare,4.9,N,verified
zweck,Zweck,(305) 908-8911,http://www.zweck.com/,"12910 SW 89th Ct, Miami, FL 33176",Sunset / South Gables,retail,4.7,N,verified
zyscovich_architects,Zyscovich Architects,(305) 372-5222,https://www.stratusteam.com/,"100 Biscayne Blvd 27th floor, Miami, FL 33132",Coral Gables,professional_services,4.2,Y,verified
