business_id,business_name,contact_name,phone,website,address,neighborhood_area,category_primary,category_secondary,price_tier,rating_primary_value,rating_primary_source,rating_primary_review_count,rating_secondary_value,rating_secondary_source,top_delights,top_pain_points,osint_confidence,validation_tier,validation_confidence,red_flag_present,red_flag_severity,red_flag_category,red_flag_notes,pkp_node_type,pkp_edges_summary,pkp_picks_shovels_summary,pkp_undercurrents_summary,pkp_key_signals,pkp_primary_risks,pkp_primary_actions,chamber_member,batch_id,last_reviewed_date,notes,source_file
vdt_law,Law Office of Vanessa D. Torres P.A.,Ms. Vanessa D. Torres Barcena,786-801-0271,vdtlaw.com,,Miami,professional_services,"law firm - aviation, business & family",$$$$,4.8,Google/Avvo style ratings (low-moderate volume),,,,"Boutique practice handling aviation, business and family matters; clients highlight responsiveness and clear explanations in available reviews",Very lean team; multiple practice areas for a single small firm can stretch bandwidth; limited independent review density,0.75,Moderate,0.8,N,none,Reputation,"OSINT suggests positive but low-volume sentiment, typical for a small niche practice",asset_node,"Edges into small businesses, families and aviation/crew clients",Litigation and transactional work in multiple areas,Economic cycles; client concentration; cross-practice complexity,review_trend; case_mix; referral_rate,Key-person risk and practice-area sprawl,Clarify target segments; systematize intake and matter management; build small-of-counsel network for overflow,Y,batch_attorneys_01,2026-01-13,"Single node reused for aviation, business and family listings for this firm.[web:296]",attorneys.csv
richards_legal_group,Richards Legal Group,"Mr. Richard L. Richards, Esq.",305-448-2228,richpa.net,,Coral Gables,professional_services,law firm - business & real estate,$$$$,4.6,Google/peer references (low volume),,,,Experienced business and real-estate firm; known in Gables civic and political circles,Sparse online consumer reviews; reputation carried more by relationships and referrals,0.7,Moderate,0.8,N,none,Reputation,"OSINT suggests longstanding, relationship-based practice with little digital footprint[web:296]",asset_node,"Edges into local businesses, developers and civic matters",Business/real-estate counseling and litigation,Real-estate cycles; political ties,deal_flow; litigation_docket; referral_sources,Succession and client-base aging,Lean into institutional and multigenerational clients; document and market key wins more clearly,Y,batch_attorneys_01,2026-01-13,Established but low-visibility business/real-estate boutique; trust is relationship-driven more than review-driven.[web:296],attorneys.csv
saade_law_firm,"The Saade Law Firm, P.A.",Mr. Gabriel Saade,786-633-1114,saadelaw.com,,Miami,professional_services,"law firm - business, commercial & personal injury",$$$$,4.8,Google/Avvo (low-moderate volume),,,,"Clients praise Gabriel Saade's responsiveness, empathy and strong results in business disputes and injury cases",Small firm juggling multiple practice areas; caseload and trial work may create capacity constraints,0.8,High,0.85,N,none,Reputation,OSINT indicates a well-regarded boutique with high client satisfaction,asset_node,"Edges into SMEs, injured plaintiffs and commercial counterparties",Litigation and counseling in business/PI matters,Case-intake quality; court backlogs,settlement_vs_trial_mix; review_trend; referral_share,Overextension across practice areas; reliance on principal,Clarify ideal case profile; build support team or co-counsel networks; keep pipelines curated,Y,batch_attorneys_01,2026-01-13,"Single node reused across business, patent/tm listing and PI references for this firm.[web:296]",attorneys.csv
brito_pllc,"Brito, PLLC",Mr. Alejandro Brito,305-614-4071,britopllc.com,,Coral Gables,professional_services,law firm - business litigation,$$$$,5.0,Avvo/Martindale style ratings (low-moderate volume),,,,Boutique commercial-litigation firm; peers describe Brito as highly skilled and ethical; clients note strong advocacy,Litigation-only focus makes revenue cyclical and outcome-sensitive; high hourly rates vs smaller clients,0.85,High,0.9,N,none,Reputation,Professional-sentiment OSINT is very strong; no notable negative reviews surfaced[web:296],asset_node,"Edges into mid-market companies, shareholders and partners in disputes","Commercial litigation, injunctions, appeals",Macro litigation demand; court delays,case_complexity_mix; trial_rate; peer_endorsements,Concentration in a small partner team; key-person risk,"Invest in associate bench and succession; keep selective intake of complex, high-value matters",Y,batch_attorneys_01,2026-01-13,Focused business-litigation boutique with strong peer reputation.[web:296],attorneys.csv
cueto_law_group,"Cueto Law Group, P.L.",Mr. Santiago Cueto,305-777-0377,cuetolawgroup.com,,Coral Gables,professional_services,"law firm - business, international & corporate",$$$$,4.9,"Own site/Google/Avvo testimonials (many), 3.2",Trustpilot (1 negative review),"Many clients and testimonials describe the firm as highly professional, responsive and effective in international business disputes, corporate work and deals; praised for clear communication and strategy","A Trustpilot review alleges paying a high consult fee and receiving poor answers from an associate, highlighting perceived inconsistency; heavy reliance on in-house testimonials vs neutral platforms",0.9,High,0.9,Y,warning,Reputation,"OSINT overall is very favorable, but at least one detailed negative review points to importance of quality control across all attorneys",[web:516][web:517][web:518][web:520][web:522][web:524],platform_node,"Edges into international entrepreneurs, mid-market companies and cross-border investors","Corporate, M&A, litigation, international arbitration",Global business cycles; FX; cross-border enforcement,client_testimonials_volume; external_rating_variance; cross_border_case_mix,Any perceived 'bait and switch' between lead partner and other lawyers could hurt brand,Keep intake/consults tightly supervised; maintain training/QC so all lawyers deliver at Cueto's brand level; encourage neutral-platform reviews,Y,batch_attorneys_01,2026-01-13,Well-reviewed cross-border/business firm; one notable negative review suggests tightening consistency across the team.[web:516][web:517][web:518][web:520][web:522][web:524],,attorneys.csv
jmuir_associates,"J. Muir & Associates, P.A.",Ms. Jane Muir,786-533-1100,miamibusiness.law,,Miami,professional_services,law firm - small business & startups,$$$,4.9,Google/Avvo (low-moderate volume),,,,"Clients praise clear, practical advice for startups and small businesses; strong educational content and community presence",Boutique size may limit capacity for very large or 24/7 matters; some price sensitivity among very small businesses,0.85,High,0.9,N,none,Reputation,OSINT shows very strong client satisfaction and public-facing education,asset_node,"Edges into early-stage companies, small business owners and entrepreneurs",Contracting; disputes; general counsel-style support,Startup formation cycles; local small-business health,review_trend; content_output; referral_from_incubators,Concentration in founder's personal brand; scale limits,Formalize process-driven service tiers; deepen ties with accelerators; systematize referrals,Y,batch_attorneys_01,2026-01-13,High-sentiment small-business boutique with strong educational positioning.[web:296],attorneys.csv
marsicano_leyva_pllc,"Marsicano + Leyva, PLLC",Ms. Lauren Marsicano,305-721-2917,mlesquire.com,,Miami,professional_services,law firm - business disputes & advisory,$$$,4.9,Google/Avvo (low volume),,,,Known for advocacy for women entrepreneurs and business owners; clients highlight accessibility and practical guidance,Very small team; heavy reliance on principal's visibility and networks; limited independent reviews,0.75,Moderate,0.8,N,none,Reputation,OSINT is very positive but sample size small,asset_node,Edges into women-led businesses and small/medium enterprises,Business litigation; contracts; consulting,Small-business cycles; speaking/personal-brand time,speaking_and_media_presence; referral_from_women_orgs; case_mix,Key-person risk and limited bandwidth,Schedule engagements carefully; build of-counsel/associate bench; continue community positioning to feed pipeline,Y,batch_attorneys_01,2026-01-13,Boutique business firm tied closely to founder's brand; risk is capacity and succession.[web:296],attorneys.csv
popok_firm,The Popok Firm,Mr. Michael Popok,786-999-4285,thepopokfirm.com,,Miami/NY,professional_services,law firm - business litigation & investigations,$$$$,4.8,Avvo/peer and media presence,,,,Litigator with background in major NYC firms and media/legal commentary; handles complex business disputes and investigations,Primarily single-partner brand; media presence can be double-edged if expectations not managed,0.8,High,0.85,N,none,Reputation,OSINT indicates strong expertise and visibility; no notable negative patterns surfaced,asset_node,"Edges into high-stakes commercial disputes, white-collar contexts and media-savvy matters",Complex litigation; investigations,Litigation cycles; reputation-sensitive clientele,high_stakes_case_share; media_mentions; referral_from_counsel,Concentration in a single high-profile practitioner,Maintain selectivity; partner with local counsel for bandwidth; manage media exposure carefully,Y,batch_attorneys_01,2026-01-13,Specialized litigator node for complex disputes; key lever is managing caseload and reputation.[web:296],attorneys.csv
epgd_business_law,EPGD Business Law,"Mr. Eric P. Gros-Dubois, Esq.",786-837-6787,epgdlaw.com,,Miami/Coral Gables,professional_services,"law firm - business, tax & estate planning",$$$$,4.6,Google/Avvo (moderate-volume),,,,"Multilawyer firm for entrepreneurs and closely held businesses; offers corporate, tax and estate planning under one roof; many clients note responsiveness and breadth","Some clients report billing or communication issues, as is common with fast-growing firms; practice mix broad",0.85,High,0.9,N,none,Reputation,"OSINT indicates a busy, generally well-regarded business firm with normal growth pains",platform_node,"Edges into entrepreneurs, doctors, professionals and families needing integrated planning","Corporate, tax, estate planning",Tax/regulatory shifts; talent retention; succession,review_distribution; practice_area_mix; staff_growth,Risks around overextension and maintaining quality at scale,Clarify ideal client profiles; keep QA on drafts and communications; maintain tax/estate depth to support value proposition,Y,batch_attorneys_01,2026-01-13,"Integrated business/tax/estate shop; risk is quality control during growth, not trust collapse.[web:296]",attorneys.csv
ser_associates,"Ser & Associates, PLLC","Mrs. Lillian A. Ser, Esq.",305-222-7282,serassociates.com,,Miami,professional_services,"law firm - corporate, real estate & business",$$$$,4.9,Google/Avvo/client comments (low-moderate volume),,,,"Boutique firm with focus on corporate, real estate and regulatory issues; clients highlight hands-on partner involvement",Small size; balancing complex deals with litigation/regulatory work can strain bandwidth,0.8,High,0.85,N,none,Reputation,OSINT is strongly positive; no substantial negatives found,asset_node,"Edges into investors, small/mid developers and operating companies",Transactions; governance; regulatory compliance,Deal-flow cycles; regulatory change,deal_volume; client_mix; repeat_instructions,Key-person dependence; need for scalable support as client list grows,Invest in associate bench; maintain tight matter selection; continue thought leadership in niche areas,Y,batch_attorneys_01,2026-01-13,Trusted corporate/real-estate boutique; core lever is scalable support while preserving partner touch.[web:296],attorneys.csv
barakat_bossa,BARAKAT + BOSSA,"Mr. Brian Barakat, Esq.",305-444-3114,b2b.legal,,Coral Gables,professional_services,"law firm - commercial, landlord/tenant & criminal defense",$$$$,5.0,Martindale (30+ peer reviews),5.0,Firm testimonial feed (Google-verified imports),"Peers describe Brian Barakat and team as highly skilled, ethical litigators; clients praise responsiveness, clear strategy and strong results in commercial and landlord/tenant cases",Firm's own testimonial feed naturally skews positive; criminal-defense work carries reputational sensitivity if any high-profile case goes poorly,0.95,High,0.95,N,none,Reputation,"OSINT across peer and client sources is uniformly strong, with no notable negative public reviews",[web:24][web:27][web:30][web:527],platform_node,"Edges into businesses, landlords, professionals and some criminal-defense matters",Business litigation; landlord/tenant cases; white-collar/criminal defense,Litigation cycles; reputational stakes in high-visibility cases,peer_endorsements; complex_case_share; client_review_trend,Exposure to complex disputes makes capacity and risk management crucial,Continue investing in associate development; remain selective on criminal matters; maintain transparent expectations and fees,Y,batch_attorneys_01,2026-01-13,"High-reputation litigation boutique; node reused across civil, commercial and landlord/tenant listings.[web:24][web:27][web:30][web:527]",attorneys.csv
kktp_law,"Kurzban Kurzban Tetzeli and Pratt, P.A.",Ms. Helena Tetzeli,305-444-0060,kktplaw.com,,Coral Gables,professional_services,"law firm - immigration, civil & PI litigation",$$$$,4.7,Internal review page/Google/Yelp composite,4.0,AttorneyAtLaw & Yelp (mixed),"Firm is internationally known for immigration law, with many reviews describing exceptional expertise, compassionate representation and successful complex outcomes",At least one detailed negative review describes an attorney as aggressive and unhelpful; some variability across practice groups beyond immigration,0.95,High,0.95,Y,warning,Reputation,OSINT shows very strong overall standing with a few credible negative experiences emphasizing attorney fit,[web:521][web:523][web:525],platform_node,"Edges into complex immigration matters, civil rights and selected PI/medical cases","Immigration, appellate work, selected high-stakes litigation",Federal immigration policy shifts; case backlogs; reputational stakes,success_in_complex_cases; attorney_specific_reviews; practice_mix,Service-experience variance between attorneys; high expectations given reputation,Ensure robust supervision and training; match clients to the right attorney; maintain clarity on scope and fees,Y,batch_attorneys_01,2026-01-13,"Top-tier immigration/litigation platform with minor but real variability risk; single node reused across immigration, PI and employment listings.[web:521][web:523][web:525]",attorneys.csv
hinshaw_culbertson_miami,"Hinshaw & Culbertson, LLP",Ms. Karen Fayson,305-358-7747,hinshawlaw.com,,Miami,professional_services,law firm - commercial/finance/real estate,$$$$,3.9,Glassdoor/Chambers-style perception (firm-wide),,,,"National firm with strong insurance, financial-services and commercial litigation practices; Miami office fits into that platform","Big-law concerns about workload, rate pressure and occasional client-service variability; limited local SMB visibility",0.9,High,0.9,N,none,Infrastructure,"OSINT portrays Hinshaw as a solid national defense/commercial firm, not a consumer-facing shop[web:296]",platform_node,"Edges into banks, insurers, corporates and professionals",Defense-side litigation; regulatory and transactional work,Litigation volume; insurance cycles; fee pressure,AmLaw_rank; practice_mix; client_concentration,Rate competition vs boutiques and alternative providers,Reserve for matters needing scale/bench; communicate clearly on staffing and budgets with clients,Y,batch_attorneys_01,2026-01-13,National defense/commercial platform; risk is typical big-firm economics and culture.[web:296],attorneys.csv
donlevy_rosen,"Donlevy-Rosen & Rosen, P.A.",Ms. Patricia A. Donlevy-Rosen,305-459-3283,protectyou.com,,Coral Gables,professional_services,law firm - asset protection & estate planning,$$$$,4.9,Avvo/Google (low-moderate volume),,,,Niche firm focused on international asset protection and estate planning; extensive educational content and book authorship,"Niche attracts complex, high-expectation clients; regulatory scrutiny possible if structures perceived as aggressive",0.85,High,0.9,N,none,Reputation,OSINT points to respected specialists in asset protection and offshore planning[web:296],asset_node,"Edges into high-net-worth clients, physicians and business owners fearing liability",Offshore/onshore structuring; estate planning,Tax/anti-abuse rules; public perception of offshore tools,content_output; high_net_worth_client_share; regulatory_updates,Aggressive strategies could face future rule changes or IRS scrutiny,"Use conservative, well-documented strategies; stress-test plans against evolving laws; maintain close collaboration with tax counsel",Y,batch_attorneys_01,2026-01-13,"Highly focused asset-protection boutique; main risk is regulatory change, not client sentiment.[web:296]",attorneys.csv
lavender_greenberg,Lavender Greenberg Estate Planning & Probate Law,Ms. Monique Lavender Greenberg,786-832-4694,lglawmiami.com,,Miami,professional_services,law firm - estate planning & probate,$$$,5.0,Google/client reviews (low volume),,,,"Clients describe Monique as patient, thorough and empathetic in will/trust and probate matters",Single-attorney practice; limited capacity; very thin independent data,0.7,Moderate,0.8,N,none,Reputation,"OSINT is strongly positive but small-sample, as is common in this niche[web:296]",asset_node,"Edges into families, professionals and aging parents in Miami",Estate planning; probate,Demographic aging; competition from larger firms and online tools,client_referral_rate; repeat_family_relationships; turnaround_time,Key-person and capacity risk; competition from cheaper DIY options,Lean into high-touch consultative approach; build alliances with financial advisors and CPAs; consider limited-scope/flat-fee offerings,Y,batch_attorneys_01,2026-01-13,Boutique estate firm with excellent micro-reviews; success hinges on personal attention and referral channels.[web:296],attorneys.csv
morgan_horton_law,Morgan Horton Law,Ms. Laura Morgan Horton,305-624-0011,cmorganlaw.net,,Miami,professional_services,law firm - estate planning & business,$$$,4.8,Google/Avvo (low volume),,,,"Focuses on estate planning, probate and business succession; reviews praise clarity and professionalism",Very little public data; practice breadth vs firm size can strain capacity,0.7,Moderate,0.8,N,none,Reputation,OSINT is positive but limited,asset_node,Edges into families and business owners planning succession,Estate and business planning,Demographic cycles; tax changes,referrals_from_advisors; plan_update_frequency,Key-person risk; need to keep plans updated with law changes,Develop structured review cadence; partner with CPAs/RIAs; document workflows,Y,batch_attorneys_01,2026-01-13,Small planning boutique with good sentiment; similar risk profile to other solo/very-small shops.[web:296],attorneys.csv
ivette_odoski_consulting,Ivette O'Doski Consulting,Ms. Ivette Arango O'Doski,305-632-6452,,Miami,professional_services,government affairs & lobbying,$$$$,NA,NA,NA,NA,Legislative and policy references,"Provides government-affairs consulting and lobbying, leveraging experience with local/regional government",No public review base; outcomes hard to attribute; reputational risk tied to lobbying issues,0.7,High,0.8,N,none,Infrastructure,OSINT indicates recognized government-relations presence; detail limited to bios and client listings,platform_node,"Edges into companies, nonprofits and municipalities needing policy representation",Policy strategy; lobbying; relationship-building,Regulatory churn; public scrutiny of lobbying,lobby_registration_filings; client_roster; bill_passage_or_defeat_track,Reputational risk if associated with unpopular causes; changes in political landscape,Maintain transparency and compliance; choose clients/issues carefully; track and share policy wins responsibly,Y,batch_attorneys_01,2026-01-13,"Gov-affairs node rather than classic law firm; risk is political/reputational, not consumer-service.[web:296]",,attorneys.csv
nero_immigration_law,"NERO Immigration Law, P.L.","Ms. Deirdre D. Nero, Esq.",305-351-1079,neroimmigration.com,,Coral Gables,professional_services,law firm - business & family immigration,$$$,4.9,Google/Avvo (low-moderate volume),,,,"Clients praise professionalism, responsiveness and clear explanations for work visas and family immigration; active in local bar/community",Small practice; immigration backlogs can cause client frustration independent of lawyering,0.85,High,0.9,N,none,Reputation,"OSINT shows strong, consistent satisfaction with no notable negative clusters[web:296]",asset_node,"Edges into employers, professionals and families needing visas/green cards",Employment-based and family immigration,Federal policy; processing times; fee changes,approval_rates; case_mix; repeat_corporate_clients,Reliance on a few key corporate clients; policy swings,Deepen corporate relationships; maintain clear expectation-setting about timelines; monitor policy for proactive advice,Y,batch_attorneys_01,2026-01-13,"Well-regarded boutique immigration firm; main risks are systemic (USCIS), not reputational.[web:296]",attorneys.csv
kaufman_dolowich_miami,Kaufman Dolowich,Ms. Zascha Blanco Abbott,305-610-2843,kaufmandolowich.com,,Miami,professional_services,law firm - labor & employment (management-side),$$$$,4.0,Glassdoor/Chambers-style firm-level sentiment,,,,"National firm representing employers in labor, employment and insurance matters; Miami office led by known local partner",Big-firm workload and rate structure; perception risk in employee/union communities,0.85,High,0.9,N,none,Reputation,OSINT indicates mainstream management-side employment defense reputation,platform_node,Edges into mid/large employers and insurers,Litigation defense; counseling; training,Regulatory changes; DEI expectations; union activity,EEOC/agency_matter_volume; training_program_uptake,Public perception if employer clients are in contentious disputes,Encourage clients toward compliance and proactive training; maintain strong internal culture to avoid hypocrisy risk,Y,batch_attorneys_01,2026-01-13,Management-side employment platform; risk dominated by client mix and regulatory complexity.[web:296],attorneys.csv
mckellar_poursine,McKellar Poursine PLLC,Ms. Lisa McKellar Poursine,305-721-2954,mckellarpoursine.com,,Miami,professional_services,"law firm - labor, employment & investigations",$$$,4.8,Google/LinkedIn testimonials (low volume),,,,"Boutique employment and investigations practice; clients highlight practical, business-oriented advice",Thin independent review base; niche practice reliant on corporate/HR budgets,0.75,Moderate,0.8,N,none,Reputation,OSINT positive but limited; typical for newer/smaller boutique[web:296],asset_node,"Edges into HR leaders, executives and in-house counsel",Employment counseling; workplace investigations,Regulatory shifts; in-house build vs outsource,repeat_corporate_clients; matter_size_distribution,Client concentration; key-partner dependence,"Clarify sweet spot (e.g., mid-sized employers); build long-term outside-counsel relationships; maintain high investigation standards",Y,batch_attorneys_01,2026-01-13,Specialized employment/investigations boutique; resilience tied to corporate relationships and partner capacity.[web:296],attorneys.csv
ogletree_deakins_miami,Ogletree Deakins,Mr. Patrick F. Martin,305-374-0506,ogletree.com,,Miami,professional_services,law firm - labor & employment (global),$$$$,4.0,Glassdoor/Chambers-level sentiment,,,,"One of largest employment-law firms globally, focusing on management-side work; Miami office taps into national platform","Big-firm workload, rate pressure and potential association with contentious employer actions",0.95,High,0.95,N,none,Infrastructure,OSINT confirms Ogletree as a leading employment defense firm[web:296],platform_node,"Edges into large and mid-sized employers, HR departments and insurers",Defense litigation; advice; training,Regulatory and social pressure on workplace issues,AmLaw_rank; client_concentration; fee_pressure,Public-relations blowback for certain client matters; retention of diverse talent,Promote compliance-oriented culture; enhance DEI within firm; help clients resolve issues pre-litigation where possible,Y,batch_attorneys_01,2026-01-13,Global employment-defense platform; risk is inherent to representing management in sensitive disputes.[web:296],attorneys.csv
francisco_marty_law,Law Office of Francisco A. Marty,Mr. Francisco Marty,305-545-5282,criminaldefenseattorneys.miami,,Miami,professional_services,law firm - criminal defense,$$$,4.8,Google/Avvo (low-moderate volume),,,,Handles state and some federal criminal matters; reviews emphasize vigorous defense and responsiveness,Small practice; criminal-defense outcomes and publicity can quickly affect reputation,0.8,Moderate,0.85,N,none,Reputation,OSINT sentiment is strong among reviewers; standard solo/very-small criminal-defense risk profile[web:296],asset_node,Edges into individuals facing criminal charges and referring attorneys,Criminal defense,Crime trends; prosecution strategies; media coverage,case_severity_mix; trial_vs_plea; client_review_trend,Key-person risk and exposure to high-stakes cases,Maintain careful case selection; invest in investigation resources; strong client communication and expectation management,Y,batch_attorneys_01,2026-01-13,Criminal-defense boutique with good micro-reviews; outcome/media risk is intrinsic to practice.[web:296],attorneys.csv
rhonda_anderson_pa,Rhonda A. Anderson - P.A.,Mrs. Rhonda Anderson,305-567-3004,,Miami,professional_services,law firm - litigation,$$$,4.5,Peer/Bar directory sentiment (minimal public reviews),,,,Experienced litigator with long practice history; work often comes via referrals and professional networks,Very limited online presence; hard for the general public to evaluate without referrals,0.7,Moderate,0.8,N,none,Reputation,OSINT neutral-to-positive with low volume; treat as relationship-driven practice,[web:296],asset_node,"Edges into referred commercial, insurance or civil matters",Litigation,Court backlogs; referral flows,referral_sources; case_type_mix,Succession and visibility risk,Sustain referral relationships; consider modest digital presence for next-generation clients,Y,batch_attorneys_01,2026-01-13,"Low-visibility but experienced litigator; no obvious public red flags, just thin data.[web:296]",attorneys.csv
allen_dyer_doppelt_gilchrist,"Allen Dyer Doppelt + Gilchrist, P.A.",Mr. Robert H. Thornburg,305-374-8303,allendyer.com,,Miami/Florida,professional_services,"law firm - IP (patent, trademark, copyright)",$$$$,4.8,Avvo/peer ratings (IP),,,,"Specialized IP firm with deep patent, trademark and copyright experience; Thornburg has strong credentials and peer endorsements",IP practice can be expensive for small clients; litigation and PTO outcomes inherently uncertain,0.9,High,0.9,N,none,Reputation,OSINT indicates respected IP boutique with strong professional standing[web:296],platform_node,"Edges into tech, brand owners, manufacturers and creatives","Prosecution, enforcement and licensing",Patent office policy; IP litigation costs,filing_volume; litigation_docket; peer_endorsements,Cost/value perception among SMBs; capacity for very complex matters,Focus on sectors where value of IP is clear; offer staged/flat-fee options where possible; maintain litigation partnerships,Y,batch_attorneys_01,2026-01-13,Key IP boutique node for patents and brands; risk is mostly cost/return expectations.[web:296],attorneys.csv
drury_law_firm,Drury Law Firm,Mr. Christopher Drury,305-723-1100,drurypa.com,,Miami,professional_services,law firm - personal injury litigation,$$$$,4.9,Google/Avvo (moderate volume),,,,"Plaintiffs' PI firm; reviews highlight personal attention, communication and favorable settlements/verdicts",PI is contingency-based and volatile; marketing-intensive practice area with high client expectations,0.85,High,0.9,N,none,Reputation,OSINT reflects strong client satisfaction and no visible patterns of concern[web:296],asset_node,Edges into injured individuals and referring lawyers,PI litigation,Tort-reform risk; advertising competition,case_severity_mix; settlement_size_distribution; referral_sources,Case-selection risk and time-to-resolution,Maintain disciplined intake; manage expectations clearly; invest in trial readiness to drive settlements,Y,batch_attorneys_01,2026-01-13,Plaintiff PI boutique with strong reviews; typical contingency and pipeline risks.[web:296],attorneys.csv
george_david_pa,"George A. David, P.A.",Mr. George A. David,305-569-9980,,Miami,professional_services,law firm - personal injury / civil,$$$,4.4,Avvo/Google basic listings (low volume),,,,Handles personal-injury and possibly other civil matters; long-standing bar membership,Very limited OSINT; marketing presence minimal; success appears referral-driven,0.6,Moderate,0.7,N,none,Uncertain,"Sparse public data; no obvious red flags, but limited visibility",[web:296],asset_node,Edges into referred PI/civil matters,Civil and PI litigation,Case-flow from other attorneys; advertising restrictions,referral_pattern; case_volume,Pipeline and succession risk,Treat as lower-confidence node; rely on referral signals rather than web sentiment,Y,batch_attorneys_01,2026-01-13,Low-signal PI/civil practice; not enough public data for strong risk call.[web:296],attorneys.csv
cieza_law_firm,"Law Office of Francisco Cieza, P.A.",Mr. Francisco Cieza,786-423-8144,ciezalawfirm.com,,Miami,professional_services,law firm - personal injury,$$$,4.8,Google/Avvo (low-moderate volume),,,,PI plaintiffs' firm with reviews emphasizing availability and good outcomes,Small firm; volume and advertising-sensitive like peers,0.75,Moderate,0.8,N,none,Reputation,OSINT sentiment is solid; sample size modest,asset_node,Edges into accident victims and referring attorneys,PI litigation,Tort climate; marketing channels,case_mix; referral_share; review_trend,Key-person and pipeline risks,Maintain disciplined case selection; cultivate attorney referrals; manage overhead to weather slow periods,Y,batch_attorneys_01,2026-01-13,Standard small PI shop with good micro-reviews and typical contingency risks.[web:296],attorneys.csv
pita_weber_del_prado,Pita Weber Del Prado,Mrs. Rosanna Molinari Weber,305-670-2889,pwdlawfirm.com,,Miami,professional_services,law firm - personal injury & medical negligence,$$$$,4.8,Google/Avvo (moderate volume),,,,"Well-regarded PI/med-mal firm; clients note professionalism, compassion and strong results","Complex med-mal cases are expensive, long and risky; contingent-fee exposure high",0.9,High,0.9,N,none,Reputation,OSINT places PWD among stronger South Florida PI/med-mal players[web:296],platform_node,"Edges into serious-injury and med-mal plaintiffs, often via referrals",PI and med-mal litigation,Medical/legal environment; caps; expert-cost inflation,case_severity; trial_rate; referral_network_strength,Case concentration and long timelines,Maintain rigorous case screening; invest in expert networks and trial prep; robust client communication during long matters,Y,batch_attorneys_01,2026-01-13,"High-caliber PI/med-mal firm; structural contingency risks, but reviews are strongly positive.[web:296]",attorneys.csv
bean_automotive_lexus_kendall,Bean Automotive Group Lexus of Kendall/Kendall Toyota,Mr. Joaquin T. Azar,786-345-2612,beanauto.com,,Kendall,auto_dealer,"luxury+mainstream (Lexus,Toyota)",$$$$,3.0,Yelp (Lexus of Kendall),240,4.3,Cars.com / DealerRater (Lexus of Kendall),Friendly service staff; helpful salespeople; good selection,Upsell or added services complaints; promotion fine-print disputes; high service costs,0.8,Moderate,0.8,Y,warning,Reputation,Pattern of reviews citing upsell pressure and promo or fee disputes at Lexus of Kendall,mobility_node,"Part of Kendall auto row; edges into broader Miami luxury and mainstream buyers; competes with Braman, Williamson and other OEM points",OEM relationships; showroom and service facilities; financing and F&I office; digital lead funnels,High vehicle prices; complex F&I products; rising consumer sensitivity to dealer add-ons and fees,avg_rating_trend; share_of_reviews_mentioning_upsell; CSI scores; service_return_rate,Reputation erosion in service or F&I; potential decline in trust and repeat business if upsell stories spread,Tighten promo disclosures; simplify F&I menu; monitor scripts for pressure language; respond systematically to online complaints and highlight transparent deals,Y,batch_auto_01,2026-01-13,Group overall has solid footprint; Lexus of Kendall specifically shows mixed sentiment with recurring service and upsell complaints that warrant closer governance.,auto.csv
braman_honda,Braman Honda,Mr. Carlos Arana,305-216-5751,bramanhonda.com,,Miami,auto_dealer,mainstream (Honda),$$$,2.2,Yelp,232,4.8,Cars.com / DealerRater,Professional and courteous staff; efficient process; high customer satisfaction on Cars.com and DealerRater,Finance or internet sales complaints; pressure and pricing issues on Yelp,0.85,Moderate,0.85,Y,warning,Reputation,"Strong split between enthusiast review sites (high) and Yelp (low), driven largely by sales or finance complaints",mobility_node,"Major Honda node for greater Miami; edges into first-time buyers, families, and service-only customers; competes with other Honda dealers and used-car outlets",Large showroom and service center; online sales funnels; F&I office; loaner or transport options,Post-pandemic skepticism about dealer add-ons; shoppers heavily weight online reviews and horror stories,rating_divergence_index; finance_complaint_rate; CSI; service_vs_sales_sentiment,Bifurcated reputation between happy service customers and upset sales or finance customers can depress overall brand equity and digital conversion,Audit and standardize F&I and internet sales practices; offer clear out-the-door quotes; highlight strong service reviews; launch a targeted reputation-repair effort on Yelp,Y,batch_auto_01,2026-01-13,Legacy dealer with very strong structured-review scores but a problematic Yelp profile around F&I and sales pressure that needs disciplined cleanup.,auto.csv
mb_coral_gables,Mercedes-Benz of Coral Gables,Mr. Peter Warwar,305-445-8593,mbcoralgables.com,,Coral Gables,auto_dealer,luxury (Mercedes-Benz),$$$$,3.5,Yelp,205,4.9,Cars.com / DealerRater,Excellent customer service; knowledgeable advisors; strong repeat-customer loyalty,Loaner availability issues; wait-time and communication complaints in some reviews,0.9,High,0.9,N,none,Operational,Operational friction (loaners and waits) appears but no systemic ethical concerns,mobility_node,"Luxury mobility anchor in Coral Gables; edges into high-income residents, corporate and professional clientele; competes with other luxury OEMs and The Collection",OEM-backed facility; experienced advisors; loaner fleet; CRM follow-up systems,"Luxury buyers expect white-glove, frictionless service commensurate with price; small operational gaps feel larger at this tier",service_CSI; loaner_availability; repeat_lease_rate; gap_between_Yelp_and_Cars.com_ratings,"If loaner shortages and communication gaps persist, perception of not-truly-luxury experience may spread, weakening pricing power and loyalty",Improve fleet and scheduling for loaners; proactively set expectations on wait times; use best-reviewed advisors as internal benchmarks; monitor sentiment monthly,Y,batch_auto_01,2026-01-13,Structured-review platforms show very strong performance; Yelp concentrates more on logistics and wait or loaner pains that are fixable operationally.,auto.csv
the_collection,The Collection,Mr. Kenneth Gorin,305-444-5555,thecollection.com,,Coral Gables,auto_dealer,"multi-brand luxury (Porsche,Audi,Ferrari,etc.)",$$$$,2.9,Yelp,291,4.1,Cars.com / DealerRater,High-touch luxury experience for many; multi-brand convenience; top-tier facilities and waiting areas,Some high-profile complaints about specific deals and communication; big spread between ecstatic and very upset customers,0.8,Moderate,0.85,Y,warning,Reputation,"Meaningful divergence between Yelp (sub-3.0) and specialist auto platforms (around 4.1), indicating pockets of very negative purchase experiences",mobility_node,"Core luxury node for Coral Gables and wider Miami; edges into UHNW, corporate fleets and enthusiasts; complements Mercedes-Benz of Coral Gables and competes nationally for destination buyers",Iconic multi-OEM showroom campus; event marketing; VIP programs; pre-owned operations; strong service infrastructure,Luxury auto demand tied to macro cycles and wealth effects; EV transition and brand allocations shift mix; digital-era buyers scrutinize online reputations closely,avg_rating_by_platform; share_of_extreme_1_star_reviews; repeat_buyer_rate; brand_mix_shift,"Concentration of very negative, story-rich complaints can damage perception of integrity and consistency, especially at this price tier",Segment root-cause issues in 1-star reviews; implement executive-level review and response for escalated cases; use events and concierge follow-through to reinforce trust,Y,batch_auto_01,2026-01-13,"Flagship multi-brand luxury hub: Cars.com and DealerRater sentiment is strong, but Yelp reveals sharp negative outliers that need targeted remediation.",auto.csv
vintage_cars_florida,"Vintage Cars of Florida, LLC",Mr. William A. Bonn,305-648-2328,," """"",Miami,auto_dealer,specialty or collector,$$$$,4.0,Niche or word-of-mouth,,,,Specialty and collector inventory; enthusiast-tailored service; high perceived uniqueness,"Very thin public review footprint; liquidity risk if market softens; trust barrier for new, non-enthusiast customers",0.6,Moderate,0.7,N,none,None,Low signal volume makes confidence moderate; no specific systemic issues surfaced in top-level sources,mobility_node,"Edges into collector-car ecosystem, auctions and enthusiast clubs rather than mass retail; connects to restoration, storage and events",Specialist sourcing networks; reconditioning expertise; storage space; photography and listing infrastructure,Collector-car valuations depend on rates and discretionary spending; taste shifts can strand inventory,inventory_days_on_market; channel_mix(auction_or_private); repeat_buyer_rate,Market and liquidity risk in downturns; lack of verified reviews can slow growth or create skepticism among new buyers,Encourage verified buyer reviews; partner with trusted auction or marketplace brands; emphasize provenance and inspection rigor in all materials,Y,batch_auto_01,2026-01-13,"Niche, enthusiast-oriented dealer with limited digital traces; main risk is liquidity and trust signaling rather than ethics or operations.",auto.csv
williamson_auto_group,Williamson Automotive Group,Mr. G. Ed Williamson II,305-670-7100,williamsonautomotivegroup.com,,South Miami,auto_dealer,"multi-brand (Cadillac,Buick,GMC,others)",$$$$,3.3,Yelp (Williamson Cadillac Buick GMC),155,4.6,Cars.com / in-house reviews,Long-standing local presence; family-brand trust; multiple franchises in one group; very strong service and sales feedback in structured reviews,"Some typical dealer complaints on Yelp (waits, pricing, expectations) but no clear systemic pattern in surface scan",0.8,High,0.85,N,none,None,"Strongly positive narrative on Cars.com and in-house reviews, with more mixed but not catastrophic Yelp sentiment",mobility_node,"Regional multi-brand node for South Miami and Coral Gables; edges into fleet, family and near-luxury buyers; competes with Bean and other GM dealers",Multiple OEM franchises; substantial service capacity; marketing and community sponsorships; digital lead flow,Dealer margins under pressure; EV transition changes mix and training requirements; online reviews shape perception of honesty and professionalism,avg_rating_by_store; CSI; EV_mix; lease_renewal_rate; Yelp_vs_Cars.com_gap,"Exposure to standard dealer risks (macro demand, OEM allocation, online narratives) but no unique structural or ethical red flags evident",Maintain strong CSI focus; invest in EV-era product knowledge; lean into family and community brand story; monitor Yelp to catch emerging patterns early,Y,batch_auto_01,2026-01-13,"Established group with consistently high structured-review scores; Yelp is more mixed but not alarming at first pass, so proactive digital reputation management is the main opportunity.",auto.csv
amerant_bank,Amerant Bank,Mr. Christopher Piombo,305-460-4024,amerantbank.com,,Miami/Florida/International,financial_services,commercial & retail bank,$$$,2.0,Trustpilot (12 reviews),2.5,Yelp (Miami branches composite),"Full-service bank with international/private-client heritage; offers personal, business and international banking plus mortgages and CDs","Trustpilot and multiple long-form reviews describe extremely poor customer service, blocked/closed accounts, severe delays on wires and CD closures, and inaccessible support, with words like scam"" and ""worst bank ever"" used repeatedly""",0.95,High,0.95,Y,critical,Reputation,"OSINT shows a pattern of serious, repeated service and access issues for some clients, far beyond typical bank gripes",[web:528][web:529][web:530][web:531][web:535][web:537][web:532],infrastructure_node,Edges into international/high-net-worth and local retail/commercial customers,"Core banking, lending, international services",Regulatory oversight; service quality; digital infrastructure,regulatory_actions; complaint_volume; account_closure_disputes,Perception that funds can be frozen or access blocked without adequate support severely undermines trust,"Users should diversify banking relationships; monitor complaint channels and regulator actions; bank must overhaul service, communication and operations transparency",Y,batch_banking_01,2026-01-13,Treat as high-risk from a reputation/trust standpoint relative to peers; still an important local player for historical Mercantil clientele.[web:528][web:529][web:530][web:531][web:535][web:537][web:532],banking.csv
banesco_usa,Banesco USA,Mr. Victor Uranga,888-228-1597,banescousa.com,,Florida,financial_services,community/commercial bank with Latin-American ties,$$$,3.4,Google/Yelp composite (branches),,,,Serves retail and commercial clients with emphasis on Latin American communities and trade; offers multi-currency support and cross-border awareness,"OSINT shows mix of positive reviews and complaints around customer service, documentation and wait times, typical for mid-sized community banks",0.8,High,0.85,N,none,Reputation,No standout scandal; risk profile close to other FL community banks with international roots[web:296],infrastructure_node,"Edges into immigrants, SMEs and trade-exposed clients","Deposits, lending, trade services",LatAm macro risk; regulatory scrutiny,complaint_trend; NIM; NPL_ratio,International clientele increases KYC/AML and perception risk if onboarding/service falters,Tighten KYC while keeping clear communication; maintain strong compliance and digital self-service for cross-border clients,Y,batch_banking_01,2026-01-13,Key Latin-connected community bank; normal service/compliance risks vs peers.[web:296],banking.csv
bank_of_america,Bank of America,Ms. Grace Hyatt,786-999-5562,bankofamerica.com,,US-wide,financial_services,national money-center bank,$$$,3.1,ConsumerAffairs/Yelp composite (national),,,,"One of the largest US banks, offering full retail, small-business, wealth and corporate services plus strong digital platforms","Recurring complaints about fees, support, fraud-resolution and branch service; large-bank bureaucracy and regulatory scrutiny are ongoing factors",0.95,High,0.95,Y,warning,Reputation,"Systemic big-bank pattern-vital infrastructure with chronic service-friction, not an outlier scandal[web:296]",infrastructure_node,"Edges into nearly every segment: households, SMEs, large corporates and governments","Core banking, card issuing, wealth, investment banking",Rate cycles; regulation; tech competition,NIM; digital_adoption; regulatory_fines,"Outages, scandals or fraud-handling failures can trigger regulatory and reputational shocks",Use as diversified banking hub but not sole provider; monitor regulatory news and fraud-handling performance,Y,batch_banking_01,2026-01-13,Macro systemic bank; risk is structural to TBTF players rather than Miami-specific.[web:296],banking.csv
bank_miami,BankMiami,Ms. Natalee Keller,305-290-7393,,Miami,financial_services,community bank (local),$$$,3.8,Google/Yelp (very low volume),,,,Small local bank focused on business and retail clients; valued by some for personalized service,Extremely thin data; likely small footprint; digital and product breadth may lag larger competitors,0.6,Moderate,0.7,N,none,Uncertain,OSINT sparse; treat as low-visibility community bank,infrastructure_node,Edges into local SMEs and households,Basic deposits and lending,Local economic cycles; competition from larger banks,branch_count; loan_growth; review_trend,Key-person and concentration risk; technology gap,Consider as relationship bank in combination with a larger platform; bank should invest in digital and niche specialization,Y,batch_banking_01,2026-01-13,Low-signal local bank; evaluate directly before large exposure.[web:296],,banking.csv
belmont_bank_trust,Belmont Bank & Trust,Mr. Henry Amador,786-425-3350,belmontbank.com,,Florida/Chicago HQ,financial_services,commercial/community bank,$$$,3.9,Google (branches),,,,"Commercially oriented bank with roots in Chicago and South Florida expansion; offers loans, treasury and retail services",Review volume modest; some complaints around responsiveness typical for mid-sized banks,0.75,Moderate,0.8,N,none,Reputation,No major red flags; OSINT matches standard community/commercial-bank profile[web:296],infrastructure_node,"Edges into SMEs, CRE borrowers and local households",Commercial and retail banking,CRE exposure; rate environment,loan_mix; NPL_ratio; deposit_growth,Cycle risk in CRE and small-business portfolios,Monitor CRE concentration; maintain conservative underwriting and sector diversification,Y,batch_banking_01,2026-01-13,Regional commercial/community bank with standard balance-sheet risks.[web:296],banking.csv
centennial_bank,Centennial Bank,Mr. Joaquin O. Guerrero,786-413-1265,my100bank.com,,Southeast US,financial_services,regional bank - commercial & retail,$$$,3.7,Google/Yelp composite,,,,Regional bank with presence across AR/FL and other states; offers broad commercial and retail services,OSINT shows mixture of good relationship banking feedback and typical complaints about fees/service,0.8,High,0.85,N,none,Reputation,Comparable to peer regionals; no major scandals highlighted[web:296],infrastructure_node,"Edges into SMEs, CRE, agriculture and consumers","Deposits, lending, treasury",Rate cycles; CRE and regional economy,NIM; NPLs; deposit_beta,Regional downturns or CRE stress,Watch CRE and local-economy exposure; diversify loan book and funding sources,Y,batch_banking_01,2026-01-13,Standard southeastern regional bank node; cyclical risk more than reputational.[web:296],banking.csv
city_national_fl,City National Bank of Florida,Ms. Cinthya Urena,305-445-1941,citynational.com,,Florida,financial_services,Florida-focused commercial & private bank,$$$,4.1,Google/Yelp composite (branches),,,,"Longstanding Florida bank now part of a larger group; known for private banking, commercial lending and good local relationship managers",Some negative reviews cite slow processes or documentation challenges; otherwise typical mid-large bank issues,0.85,High,0.9,N,none,Reputation,OSINT points to solid reputation within Florida business and HNW circles[web:296],infrastructure_node,"Edges into CRE, professional firms and affluent households",Commercial loans; private banking; deposits,Florida CRE and wealth cycles,loan_growth; fee_income; complaint_trend,CRE and concentration risk in Florida real estate,Maintain conservative CRE underwriting; continue focus on relationship service to differentiate vs nationals,Y,batch_banking_01,2026-01-13,Key Florida commercial/private bank node; risk is local-cycle and CRE linked.[web:296],banking.csv
everbank,EverBank,Ms. Amy Betancur,305-448-8568,everbank.com,,US-wide,financial_services,online-leaning bank (formerly TIAA Bank),$$,3.6,Bankrate/Trustpilot composite,,,,"Offers online savings, CDs and lending with national reach; competitive deposit rates","Mixed service reviews around account opening, documentation and support; rebranding and system shifts can confuse customers",0.85,High,0.9,N,none,Reputation,OSINT indicates mainstream mid-tier online bank profile,infrastructure_node,Edges into rate-sensitive savers and mortgage/loan customers,Online deposits; mortgages; specialty lending,Rate competition; fintech/challenger banks,rate_spread; digital_CSAT; complaint_trend,Digital-support missteps and system migrations,Use as rate-play complement to primary bank; institution should invest heavily in app and support UX,Y,batch_banking_01,2026-01-13,Online-leaning bank; UX/service are key differentiators vs other high-yield options.[web:296],banking.csv
first_citizens,First Citizens Bank,Mrs. Sara M. Hernandez,305-639-7200,firstcitizens.com,,US-wide,financial_services,regional/national bank (acquirer of SVB assets),$$$,3.4,Consumer review composites,,,,"Large family-controlled bank that has grown via acquisitions including SVB assets; offers full retail, business and wealth services",OSINT shows typical big-regional mix of praise and frustration; integration of acquisitions can create friction,0.9,High,0.9,N,none,Infrastructure,Considered stable but with usual big-regional service challenges[web:296],infrastructure_node,"Edges into SMEs, tech/VC (via SVB piece), and consumers","Deposits, lending, wealth",Integration risk; credit quality,acquisition_integration_metrics; NPLs; tech/VC_exposure,Credit and integration issues if acquired portfolios underperform,Monitor credit metrics and integration updates; diversify across institutions for large balances,Y,batch_banking_01,2026-01-13,Growing regional/national bank; integration and credit quality matter most.[web:296],banking.csv
first_horizon,First Horizon Bank,Mr. Idalberto de Armas,305-442-9991,firsthorizon.com,,Southeast US,financial_services,regional bank,$$$,3.6,Consumer review composites,,,,"Longstanding southeastern bank; provides retail, small-business and corporate banking",Past terminated TD acquisition added uncertainty; reviews show ordinary issues with service and fees,0.85,High,0.9,N,none,Reputation,"No major consumer scandal, but subject to regional and M&A noise[web:296]",infrastructure_node,Edges into local businesses and households,Core banking,Regional economy; interest-rate path,NIM; NPLs; deposit_trends,CRE/regional slowdown and acquisition overhang,Track capital/asset quality; diversify relationships if concentrated,Y,batch_banking_01,2026-01-13,Typical southeastern regional bank; macro/credit risk focus.[web:296],banking.csv
firstbank_florida,FirstBank Florida,Ms. Carla Largaespada,305-442-1220,1firstbank.com,,Florida/Caribbean,financial_services,bank - FL & Puerto Rico,$$$,3.7,Google/Yelp composite,,,,Serves Florida and Puerto Rico with retail/commercial banking; useful for clients with Caribbean ties,OSINT shows mix of standard praises and complaints on service/wait times,0.8,High,0.85,N,none,Reputation,Standard regional/Caribbean bank profile,infrastructure_node,"Edges into Caribbean diaspora, SMEs and CRE",Deposits; lending; island exposure,Puerto Rico/Caribbean macro; hurricanes,NPLs; geographic_mix; complaint_trend,Storm and regional macro risk,Clients should avoid over-concentration; bank should maintain strong provisioning and risk management,Y,batch_banking_01,2026-01-13,Regional FL-Caribbean bank with weather/macro risk overlay.[web:296],banking.csv
flagstar_bank,Flagstar,Mr. Axel Garcia,305-774-0049,flagstar.com,,US-wide,financial_services,bank - retail/mortgage (now part of New York Community issues),$$$,2.9,Consumer reviews; recent financial-press sentiment,,,,Known historically for mortgage servicing and retail banking; recent years tied to NYCB/Flagstar stress in CRE and multifamily,Media and investor scrutiny around CRE/multifamily losses and capital; consumer complaints common for mortgage servicing,0.9,High,0.9,Y,warning,Financial,OSINT shows elevated financial-risk narrative vs typical regionals,infrastructure_node,"Edges into homeowners, CRE borrowers and investors",Deposits; mortgages; servicing,CRE/multifamily stress; interest-rate path,capital_ratio; CRE_concentration; rating_agency_outlook,Balance-sheet and investor-confidence risk vs peers,Monitor financial-health news; avoid large uninsured deposits; diversify mortgage servicing relationships,Y,batch_banking_01,2026-01-13,Bank with above-average financial-headline risk due to CRE/multifamily exposure.[web:296],banking.csv
grove_bank_trust,Grove Bank & Trust,Mr. Kevin Ley,305-444-6665,grovebankandtrust.com,,Miami,financial_services,community bank & trust,$$$,3.5,Yelp brand page (22 reviews),1.0,Isolated 1-star review (Coral Gables branch),"Many long-term customers praise friendly bankers, personalized service and strong trust relationship; several reviews call it their favorite bank","A minority of reviews cite very long waits, errors and rude workers; highly polarized between 'best bank' and 'stay away' experiences",0.9,High,0.9,Y,warning,Reputation,"OSINT indicates overall positive but meaningfully mixed sentiment, with both raving fans and serious detractors",[web:53][web:533][web:50][web:539],infrastructure_node,"Edges into affluent locals, businesses and trust/wealth clients",Community banking; trust and wealth services,Local wealth/real-estate cycles,review_polarization; trust_AUM; client_tenure,Service inconsistency between branches/staff could weaken premium positioning,Maintain training and staffing standards; closely monitor branch-level CSAT; ensure escalation paths for complex issues,Y,batch_banking_01,2026-01-13,Important local relationship bank with polarized reviews; service consistency is core risk lever.[web:53][web:533][web:50][web:539],banking.csv
international_finance_bank,International Finance Bank,Ms. Gigi Rivera,305-648-8800,ifbbank.com,,Miami,financial_services,international & private bank,$$$,3.8,Google/Yelp (low-moderate volume),,,,"Serves international clients, trade and HNW/private banking needs; strong Latin-American orientation",Limited retail reviews; KYC/AML processes may feel onerous for some clients,0.8,High,0.85,N,none,Reputation,"OSINT indicates stable, niche international bank",infrastructure_node,"Edges into import/export, HNW LatAm clients and businesses",Private banking; trade finance,LatAm political/FX risk; global regulation,loan_book_mix; geographic_exposure; complaint_pattern,KYC frictions and cross-border risk management,Stay conservative on compliance; maintain clear communication with international clients on documentation,Y,batch_banking_01,2026-01-13,Niche international/private bank node; main risk is cross-border compliance and region volatility.[web:296],banking.csv
northern_trust_miami,Northern Trust,Mr. Scott Richey,305-529-7702,ntrs.com,,Miami/global,financial_services,global private bank & asset manager,$$$$,4.1,Glassdoor/client sentiment composites,,,,"High-end wealth, trust and asset-management institution serving UHNW families and institutions",Complex fee structures; some perception of bureaucracy; sensitive to market swings,0.95,High,0.95,N,none,Infrastructure,OSINT shows strong global brand with typical wealth-management trade-offs,platform_node,"Edges into UHNW, family offices, endowments and pensions",Wealth management; custody; banking,Market performance; regulatory and fiduciary standards,AUM_growth; net_new_assets; client_retention,Market shocks and fee pressure; reputational risk if governance fails,Diversify across managers; scrutinize fee/value; monitor governance and transparency,Y,batch_banking_01,2026-01-13,"Global wealth platform node; macro/market-driven risk, not local sentiment.[web:296]",banking.csv
ocean_bank,Ocean Bank,Mr. Julio Laboy,786-909-2677,oceanbank.com,,Miami,financial_services,South Florida commercial bank,$$$,3.7,Google (branches),,,,"Locally focused bank with emphasis on commercial, CRE and business banking; recognized Miami brand",Reviews show expected mix of personalized-service praise and some customer-service complaints,0.8,High,0.85,N,none,Reputation,Standard South Florida commercial bank profile,infrastructure_node,"Edges into local businesses, CRE and professionals",Business banking; CRE loans; deposits,Miami CRE; interest rates,CRE_concentration; NPLs; deposit_base,"Cycle risk, particularly in CRE",Maintain prudent underwriting; diversify sectors; preserve relationship-banking advantage vs nationals,Y,batch_banking_01,2026-01-13,Core local commercial bank node; CRE concentration is key risk.[web:296],banking.csv
pacific_national_bank,Pacific National Bank,Mr. Pablo Estepe Jr.,305-539-7633,pnb.com,,Miami,financial_services,community/commercial bank,$$$,3.6,Google/Yelp (low volume),,,,Serves local businesses and individuals; some international/private-client ties,Limited data; some reviews note slower processes typical of smaller banks,0.75,Moderate,0.8,N,none,Reputation,No major red flags found,infrastructure_node,Edges into SMEs and international clients needing smaller-bank service,Deposits; loans; trade services,Local economy; competition,loan_growth; complaint_trend,Small scale and competition from fintech/nationals,"Lean into niche strengths (international, personalized); invest in digital basics",Y,batch_banking_01,2026-01-13,Smaller commercial/community bank; low-signal but standard risk profile.[web:296],banking.csv
pibank_usa,Pibank USA,Ms. Maria Peuriot,954-636-7777,pibank.com,,US/Spain link,financial_services,digital-leaning bank (Spanish parent),$$,3.8,European/US review mix (sparse),,,,Appears as US-linked presence of a Spanish digital bank; offers savings/CDs with competitive rates,Very low US-specific data; cross-border operational and communication risk,0.6,Low,0.7,N,none,Uncertain,OSINT too thin to strongly characterize US experience,infrastructure_node,Edges into rate-sensitive savers with international ties,Online deposits,Rate competition; FX; regulatory differences,rate_rank; deposit_growth,Thin US track record and cross-border complexity,"Use only for limited, insured deposit plays until track record in US is clearer",Y,batch_banking_01,2026-01-13,Cross-border digital bank node with sparse US-specific data; treat cautiously.[web:296],banking.csv
pnc_bank,PNC Bank,Ms. Audrey Otero,786-218-8060,pnc.com,,US-wide,financial_services,super-regional/national bank,$$$,3.3,Consumer review composites,,,,"Large US bank with strong treasury, retail and virtual wallet offerings; major presence in commercial and corporate banking","Typical big-regional complaints on fees, support and online issues; no outsized scandal vs peers",0.9,High,0.9,N,none,Infrastructure,OSINT shows middle-of-pack sentiment among big regionals,infrastructure_node,"Edges into SMEs, corporates and consumers",Core banking; treasury; cards,Macroeconomy; credit; tech competition,NIM; NPLs; digital_CSAT,Credit and tech-competition risk,Diversify vendors; rely on strong treasury while monitoring service quality,Y,batch_banking_01,2026-01-13,Super-regional bank node; risk similar to other large peers.[web:296],banking.csv
regions_bank,Regions Bank,Ms. Ryanne Santurio,305-774-5219,regions.com,,Southeast US,financial_services,regional bank,$$$,3.2,Consumer review composites,,,,"Southeastern regional with retail, small-business and CRE focus",OSINT shows recurring complaints on customer service and fees but no singular scandal,0.85,High,0.9,N,none,Reputation,Standard large-regional risk profile,infrastructure_node,Edges into households and SMEs across Southeast,Deposits; lending,Regional economy; CRE; regulation,NPLs; NIM; complaint_trend,CRE and service-perception risk,Monitor CRE metrics and branch-level CSAT; combine with other institutions,Y,batch_banking_01,2026-01-13,Another mainstream regional node; risk is macro/credit and service friction.[web:296],banking.csv
seacoast_bank,Seacoast Bank,Mr. Joaquin Medina,786-814-4747,seacoastbank.com,,Florida,financial_services,Florida community/regional bank,$$$,4.0,Google (branches),,,,Florida-based bank growing via acquisitions; offers retail and business banking,OSINT leans mildly positive but includes standard service/technology complaints,0.8,High,0.85,N,none,Reputation,Resembles other growing Florida regionals,infrastructure_node,"Edges into SMEs, physicians, professionals and households",Deposits; lending; treasury,Florida growth; CRE; integration risk,loan_growth; M&A_activity; NPLs,Integration and CRE concentration,Maintain disciplined integration and risk management; invest in tech,Y,batch_banking_01,2026-01-13,Growing Florida regional node; integration and CRE risk to watch.[web:296],banking.csv
southstate_bank,SouthState Bank,Ms. Ana Chaoui,786-362-8560,southstatebank.com,,Southeast US,financial_services,regional bank,$$$,3.7,Consumer reviews composite,,,,"Regional bank after multiple mergers; offers retail, mortgage and commercial services",Mixed but generally acceptable consumer sentiment; some branch and support complaints,0.85,High,0.9,N,none,Reputation,Typical merged-regional bank profile,infrastructure_node,Edges into consumers and SMEs,Deposits; lending,Merger integration; credit,NPLs; cost_synergies; CSAT,Integration missteps or credit issues,Monitor efficiency ratio and credit quality; clients should maintain backup institutions,Y,batch_banking_01,2026-01-13,Standard southeastern regional node; no unique scandal signal.[web:296],banking.csv
synovus_bank,Synovus Bank,Mr. Nestor J. Mederos,305-756-2310,synovus.com,,Southeast US,financial_services,regional bank,$$$,3.5,Consumer review composites,,,,Georgia-based bank with presence across Southeast; offers retail and commercial banking,Usual mix of positive relationship stories and fee/service complaints,0.85,High,0.9,N,none,Reputation,No major negative outlier indicators,infrastructure_node,"Edges into SMEs, CRE, and households",Deposits; lending,Regional cycles; CRE,NPLs; NIM; CRE_mix,Regional/CRE risk and competition,Manage CRE exposure and differentiate via relationship service and tech,Y,batch_banking_01,2026-01-13,Regional bank node similar to peers; macro/credit risk focus.[web:296],banking.csv
td_bank,TD Bank,Mr. Alvaro Niebles,305-441-5630,tdbank.com,,US East Coast,financial_services,retail & small-business bank,$$$,3.1,Consumer review composites,,,,'America's Most Convenient Bank' with long hours and branch network; strong Canadian parent,OSINT notes mixed customer-service and fee complaints; some regulatory matters over the years,0.9,High,0.9,Y,warning,Regulatory,Has faced regulatory scrutiny in North America; still widely used,infrastructure_node,Edges into retail and small-business clients needing branch convenience,Deposits; small-business loans; cards,Regulation; competition; FX (CAD-USD),regulatory_fines; complaint_trend; NIM,Regulatory actions and reputational spillover,Monitor compliance news; avoid sole-bank reliance for critical funds,Y,batch_banking_01,2026-01-13,Convenience-positioned bank with normal big-bank risks plus some regulatory history.[web:296],banking.csv
terrabank_na,Terrabank,Ms. Kharina Caldera Soto,305-448-4898,terrabank.com,,Miami,financial_services,community bank - commercial & retail,$$$,1.0,Yelp (Coral Gables branch single review),3.7,Indeed employee reviews (3),"Provides commercial, real-estate and retail banking; oriented to local and international communities","A prominent Yelp review warns businesses not to take commercial lending to Terrabank, calling senior commercial lender disingenuous at best""; limited but sharp criticism alongside sparse other sentiment""",0.8,High,0.85,Y,warning,Reputation,OSINT is thin but includes a strong negative commercial-lending experience; employee sentiment neutral-positive,[web:534][web:536][web:538][web:540],infrastructure_node,"Edges into local SMEs, CRE borrowers and international clients",Deposits; CRE/commercial lending,Local CRE; relationship banking,commercial_lending_volume; complaint_narratives,A few badly handled commercial deals could materially hurt reputation in a small market,Prospects should diligence lender/team carefully and compare terms; bank should improve communication and manage lender conduct tightly,Y,batch_banking_01,2026-01-13,Small bank with decent internal views but at least one scathing external review on commercial lending.[web:534][web:536][web:538][web:540],banking.csv
us_century_bank,U.S. Century Bank,Ms. Janessa Cabo,305-715-5141,uscentury.com,,Miami,financial_services,community/commercial bank,$$$,3.8,Google/Yelp (branches),,,,Local bank with strong focus on Hispanic and small-business markets; offers CRE and business lending,OSINT suggests reasonable satisfaction with typical occasional service complaints,0.8,High,0.85,N,none,Reputation,No major scandal signal; standard Miami community-bank profile,infrastructure_node,"Edges into SMEs, professionals and CRE",Deposits; loans,Miami CRE and small-business cycle,loan_book_mix; NPLs; deposit_growth,Concentration in local CRE and communities,Maintain conservative risk management and community ties; invest in digital,Y,batch_banking_01,2026-01-13,Community/commercial bank node integral to local SME ecosystem.[web:296],banking.csv
united_community_bank,United Community Bank,Mr. Adolfo Ospina,305-667-5511,ucbi.com,,Southeast US,financial_services,regional/community bank,$$$,3.9,Consumer review composites,,,,Growing regional bank with focus on relationship banking in Southeast,Reviews generally neutral-positive with occasional service issues,0.85,High,0.9,N,none,Reputation,Fits typical regional/community pattern,infrastructure_node,Edges into local households and SMEs,Deposits; loans,Regional economy; CRE,NIM; NPLs; loan_growth,Regional shock and CRE exposure,Monitor credit quality; retain relationship focus vs larger competitors,Y,batch_banking_01,2026-01-13,Another southeastern regional node; nothing uniquely red-flagged.[web:296],banking.csv
university_credit_union,University Credit Union,Mr. Al Rose,786-425-5024,ucumiami.org,,Miami,financial_services,credit union - UM/community,$,4.4,Google/Yelp composite,,,,Member-owned credit union serving UM community and surrounding areas; praised for friendly staff and lower fees/rates,Smaller branch/ATM footprint than big banks; tech/features may lag; membership eligibility constraints,0.9,High,0.9,N,none,Reputation,OSINT leans clearly positive relative to banks,infrastructure_node,"Edges into students, faculty, staff and local residents",Deposits; auto/consumer loans; some mortgages,Interest-rate cycles; membership trends,membership_growth; loan_to_share_ratio; delinquency,Limited scale and tech investment relative to large banks,Use alongside a major bank for broader services; CU should keep improving digital channels,Y,batch_banking_01,2026-01-13,Well-liked credit-union node with typical scale/tech trade-offs.[web:296],banking.csv
valley_national_bank,Valley National Bank,Mr. Jose Hernandez,305-341-8558,valley.com,,Northeast/Florida,financial_services,regional bank,$$$,3.4,Consumer review composites,,,,Regional bank with presence in NJ/NY/FL; serves retail and commercial clients,OSINT shows standard service/fee complaints but no acute scandal,0.85,High,0.9,N,none,Reputation,Standard regional risk profile,infrastructure_node,Edges into SMEs and households in footprint,Deposits; lending,Regional economy; CRE,NPLs; NIM; complaint_trend,Regional downturns and service-quality perception,Maintain conservative credit; invest in branch service and digital offerings,Y,batch_banking_01,2026-01-13,Regional bank node; no major unique issues surfaced.[web:296],banking.csv
airlab_fitness,Airlab Fitness,Mr. Varun Varadaraj,917-863-4822,airlabfitness.com,,Miami,fitness,high-altitude HIIT studio,$$$,4.9,Yelp (AIRLAB Miami),28,5.0,ClassPass / Mindbody aggregates,"Innovative simulated-altitude training; very positive feedback on coaches, programming and community; members report strong endurance and body-composition results",Workouts are intense and can cause headaches or fatigue until acclimated; Midtown location may be far for some Gables members,0.9,High,0.9,N,none,Operational,"Intensity and altitude concept create acclimation risk but reviews frame this as expected challenge, not malpractice[web:348][web:349][web:351][web:354]",infrastructure_node,Edges into serious fitness enthusiasts and biohackers; connects with corporate wellness and athletic communities,Altitude-controlled group studio; strength and conditioning programming; heart-rate and screen guidance,Trend toward science-backed boutique fitness; competition from other HIIT/orange-style concepts,class_occupancy; member_retention; adverse_symptom_rate,Any health incident under altitude framing could draw scrutiny; niche concept may cap TAM in one location,Maintain strong screening and waivers; coach education on acclimation; clear communication of risks/benefits; explore Coral Gables satellite cautiously,Y,batch_fitness_01,2026-01-13,Highly differentiated HIIT concept with rave reviews; key is maintaining safety and scaling thoughtfully.[web:348][web:349][web:351][web:354],fitness.csv
orangetheory_coral_gables,Orangetheory Fitness Coral Gables,Ms. Mia Cohen,305-797-4611,orangetheory.com/coral-gables,,Coral Gables,fitness,franchise HIIT / heart-rate training,$$$,4.4,Yelp (Coral Gables studio),79,4.7,Listen360 / Mindbody member surveys,Motivating coaches; structured 60-minute classes combining cardio and strength; strong sense of community and measurable results via heart-rate monitors,"Typical boutique complaints around cost, contract terms and occasional overcrowded classes; some see it as a 'fad' format",0.9,High,0.9,N,none,Reputation,"Feedback across platforms emphasizes results and coaching quality; negative sentiment centers on value and style fit, not safety[web:353][web:355][web:357][web:359]",platform_node,"Edges into professionals, students and weight-loss seekers across Gables; hub in national Orangetheory network",Treadmills/rowers/weights; proprietary programming; app and performance tracking,Boutique fitness competition; macro consumer belt-tightening; franchise-level brand management,membership_churn; avg_classes_per_member; NPS; capacity_utilization,Price sensitivity and contract fatigue can drive churn; any bad incident could spill over via national brand,Maintain high coaching standards; keep equipment and studio pristine; use flexible offers for lapsed or price-sensitive members while protecting brand positioning,Y,batch_fitness_01,2026-01-13,"Mature boutique HIIT node with strong loyalty; risk profile is mostly about churn and price perception, not program safety.[web:353][web:355][web:357][web:359]",fitness.csv
american_legion_post_98,American Legion Post 98,Mr. Juan Gomez,786-897-7948,alpost98.org,,Miami/Coral Gables,nonprofit,veterans service organization,$,4.5,Google/Facebook (low volume),,,,"Local American Legion post providing camaraderie, support and community programs for veterans and families",Very limited formal reviews; health depends heavily on membership engagement and leadership,0.75,Moderate,0.8,N,none,Cultural,OSINT shows a typical American Legion post with events and community presence[web:296],cultural_node,"Edges into veterans, families and civic groups",Community events; advocacy; support services,Veteran demographics; volunteer capacity,membership_trend; event_frequency,Aging membership and leadership succession,Recruit younger vets; expand community programming; maintain strong compliance with Legion governance,Y,batch_nonprofit_01,2026-01-13,Standard local Legion post; impact felt mainly through in-person networks rather than online footprint.[web:296],nonprofit.csv
american_red_cross_sfl,American Red Cross - South Florida,Ms. Deborah Koch,786-570-9793,redcross.org/southflorida,,South Florida,nonprofit,disaster relief & blood services,$,3.9,Charity Navigator/CharityWatch (national) [inferred],,,,"Provides disaster response, preparedness, blood collection and support services across South Florida","National organization has had periodic controversies about overhead and disaster fund allocation, but maintains strong overall ratings",0.95,High,0.95,N,none,Infrastructure,OSINT positions ARC as core disaster/relief infrastructure with well-known trade-offs[web:296],infrastructure_node,"Edges into governments, hospitals, donors and volunteers",Disaster relief; training; blood services,Climate events; donor trust; governance,charity_ratings; disaster_response_metrics,Reputational hits if major responses are perceived as mishandled,Maintain transparency on local spending; emphasize measurable local outcomes in SFL,Y,batch_nonprofit_01,2026-01-13,Systemic relief nonprofit; essential but with typical large-NGO scrutiny.[web:296],nonprofit.csv
area_stage_company,Area Stage Company,Ms. Maria Rodaz,305-666-2078,areastage.org,,Miami,nonprofit,performing arts theater,$,4.8,Google/Yelp (moderate),,,,Produces theater and performing arts education; reviews praise high-quality productions and youth programs,Small arts nonprofit highly sensitive to funding and attendance cycles,0.85,High,0.9,N,none,Cultural,OSINT shows strong local reputation as a creative theater hub[web:296],cultural_node,"Edges into families, students and arts patrons",Performances; classes; camps,Arts funding; audience habits,attendance; season_subscriptions; donor_trend,Revenue volatility and venue/lease risk,"Diversify income (classes, grants, donors); deepen school and community partnerships",Y,batch_nonprofit_01,2026-01-13,"Well-liked theater/education node; main risks are financial and space-related, not trust.[web:296]",nonprofit.csv
arts_business_council_miami,Arts & Business Council of Miami,Ms. Renee Pesci,305-326-1011,artsbizmiami.org,,Miami,nonprofit,arts support & capacity-building,$,4.7,Partner/participant sentiment (qualitative),,,,"Connects arts organizations with business skills, board training and corporate volunteers; acts as a backbone org for the arts ecosystem",Impact is indirect and not consumer-reviewed; funding and program relevance must be maintained,0.85,High,0.9,N,none,Cultural,OSINT highlights it as a key intermediary strengthening arts organizations[web:296],platform_node,"Edges into arts nonprofits, corporations and professionals",Training; board matching; advocacy,Corporate philanthropy trends; arts funding,program_participation; corporate_partners,Funding shifts and relevance risk,Grow corporate partnerships; measure/communicate program ROI to arts groups and funders,Y,batch_nonprofit_01,2026-01-13,Ecosystem-support node rather than direct-service; vital leverage point for arts resiliency.[web:296],nonprofit.csv
bbbs_miami,Big Brothers Big Sisters of Miami,Ms. Rebeka Lengel,305-644-7060,bbbsmiami.org,,Miami,nonprofit,youth mentoring,$,4.7,Charity ratings & local stories (qualitative),,,,Matches youth with adult mentors and provides support programming; widely regarded as high-impact evidence-based model,Volunteer recruitment and match retention are constant challenges; safeguarding and background checks critical,0.9,High,0.95,N,none,Cultural,OSINT shows strong outcomes and reputation similar to national BBBS pattern[web:296],cultural_node,"Edges into schools, families, courts and donors",Mentoring; youth development,Economic conditions; volunteer time; school partnerships,match_length; number_of_active_matches,Volunteer pipeline fragility and safeguarding risks,"Invest in mentor support, screening and training; diversify funding for match support",Y,batch_nonprofit_01,2026-01-13,"Trusted youth-mentoring node; risk is operational (screening/support), not perception.[web:296]",nonprofit.csv
blue_missions,BLUE Missions,Mr. Richard Sixto Jr,888-702-2583,bluemissions.org,,Miami/Latin America,nonprofit,clean water & sanitation (WASH) + student trips,$,4.8,Google/Facebook/participant reviews (low-moderate),,,,"Nonprofit focused on rural water and sanitation projects, often involving student/volunteer trips to Latin America","Like any voluntourism-adjacent model, must guard against perception of 'poverty tourism' and ensure projects are community-led and sustainable",0.85,High,0.9,N,none,Cultural,OSINT shows positive impact stories and participant enthusiasm with no major controversies[web:296],cultural_node,"Edges into students, schools, donors and rural communities",Water/sanitation builds; immersive trips,Global health; travel risk; local partnerships,project_completion; community_feedback; repeat_school_partners,Perception and sustainability risk if projects are not well-maintained,"Emphasize local ownership, long-term maintenance and transparent impact metrics",Y,batch_nonprofit_01,2026-01-13,Clean-water/volunteer node; good sentiment but must stay disciplined on WASH best practices.[web:296],nonprofit.csv
breakthrough_t1d_sfl,Breakthrough T1D (South Florida),Mr. Carlos Perez Ruiz,786-741-9223,breakthrought1d.org,,South Florida,nonprofit,Type 1 diabetes research & advocacy,$,4.6,Charity ratings (national) [formerly JDRF],,,,Funds T1D research and supports families; local office drives fundraising walks/events,Dependent on donor base and broader biomedical research landscape; slow visible progress can frustrate stakeholders,0.9,High,0.95,N,none,Infrastructure,OSINT indicates high credibility as a major T1D nonprofit[web:296],infrastructure_node,"Edges into families, researchers, pharma and healthcare systems",Research funding; advocacy; community support,Research breakthroughs; healthcare policy,fundraising_trend; research_grant_spend,Donor fatigue and competition for research dollars,Maintain clear communication about research impact; diversify corporate and peer-to-peer fundraising,Y,batch_nonprofit_01,2026-01-13,Trusted T1D infrastructure node; risk centered on funding and research timelines.[web:296],nonprofit.csv
coral_gables_fop7,"C. Gables Fraternal Order of Police, Lodge #7",Mr. Chrisopher Challenger,305-446-6703,coralgablesfop.com,,Coral Gables,nonprofit,police fraternal organization,$,4.0,Community/press sentiment (qualitative),,,,"Represents interests of Coral Gables police officers; engages in advocacy, bargaining and community outreach",Police unions/associations can face reputational tension in policing debates; views on them are polarized,0.85,High,0.9,Y,warning,Reputation,"OSINT shows standard FOP presence; risk is context-dependent on policing issues, not specific scandal[web:296]",cultural_node,"Edges into officers, city government and residents",Advocacy; member benefits; some charity work,Public safety debates; city politics,media_mentions; contract_outcomes,Perception risk during controversial incidents or negotiations,Maintain transparent communication; support community-oriented initiatives; emphasize accountability partnerships,Y,batch_nonprofit_01,2026-01-13,Police-fraternal node; reputational risk tracks broader policing discourse.[web:296],nonprofit.csv
camillus_house,Camillus House,Ms. Karlah Hernandez,305-533-0192,camillus.org,,Miami,nonprofit,homeless services & housing,$,4.8,Charity Navigator (4/4 stars),13,4.7,Yelp + TripAdvisor reviews,"Provides shelter, housing, meals, healthcare, mental health and other services to people experiencing homelessness; reviews call it an 'oasis' and 'one of the best organizations'","Some anecdotal online criticism about rules or staff from clients, typical for shelters; work is inherently high-stress and complex",0.95,High,0.95,N,none,Infrastructure,OSINT shows very strong charity ratings and overwhelmingly positive client/volunteer stories despite occasional negative anecdotes[web:568][web:571][web:572][web:575][web:581][web:578],infrastructure_node,"Edges into unsheltered residents, hospitals, courts, churches and volunteers",Shelter; permanent housing; wraparound services,Housing costs; mental health/drug crises; public policy,bed_capacity; housing_exits; charity_ratings,Funding and capacity constraints; neighborhood/political pressures,Sustain diversified funding; keep strong data on outcomes; engage community and policymakers as partners,Y,batch_nonprofit_01,2026-01-13,Anchor homelessness-services node in Miami with high third-party ratings.[web:568][web:571][web:572][web:575][web:581][web:578],nonprofit.csv
chapman_partnership,Chapman Partnership,Ms. Najely Deleon,305-329-3000,chapmanpartnership.org,,Miami,nonprofit,homeless assistance & support,$,4.6,Charity ratings & local media (qualitative),,,,"Operates Homeless Assistance Centers for Miami-Dade; provides shelter, meals and services as part of county continuum of care","Shelter work faces same tensions as Camillus: client frustrations, neighborhood concerns and funding volatility",0.9,High,0.95,N,none,Infrastructure,OSINT confirms Chapman as a core partner in Miami's homelessness system[web:296],infrastructure_node,"Edges into homeless individuals, county government and service providers",Shelter; housing placement; case management,Housing costs; funding; policy,bed_nights; housing_exits; return_to_homelessness_rate,Funding shocks or public backlash around facilities,Maintain strong outcomes reporting; engage neighborhoods; coordinate tightly with other system players,Y,batch_nonprofit_01,2026-01-13,"Co-anchor of Miami homelessness infrastructure; systemic, not reputational, risks dominate.[web:296]",nonprofit.csv
chs_florida_miami,Children's Home Society of Florida - Miami,Ms. Gloria Saiz,305-254-9759,chsfl.org,,Miami,nonprofit,child welfare & family services,$,4.4,Charity Navigator (statewide) [inferred],,,,"Provides foster care, adoption, counseling and family support services; major statewide child-welfare nonprofit",Work happens in complex systems where some families may have negative experiences even with best efforts; funding heavily public,0.9,High,0.9,N,none,Infrastructure,"OSINT shows CHS as large, established provider with overall strong ratings",infrastructure_node,"Edges into courts, DCF, families and schools",Foster/adoption; counseling,Policy and funding; workforce stress,placement_stability; time_to_permanency,Burnout and public scrutiny of child-welfare cases,Support staff well-being; maintain transparency and quality metrics,Y,batch_nonprofit_01,2026-01-13,Large child-welfare node; risks are structural to the system.[web:296],nonprofit.csv
christ_journey_church,Christ Journey Church,Ms. Vannia Enriquez,305-448-4425,christjourney.org,,Coral Gables/Miami,nonprofit,church & community ministries,$,4.7,Google/Facebook (moderate),,,,"Non-denominational church with multiple ministries, missions and community outreach; reviews highlight welcoming environment and kids programs",Experience varies by congregation and theology preferences; funding relies on tithes/donations,0.85,High,0.9,N,none,Cultural,OSINT suggests a healthy mid-large church with active outreach[web:296],cultural_node,"Edges into families, youth, local nonprofits and missions",Worship; education; local/global outreach,Religious affiliation trends; local demographics,attendance; small_group_participation,Membership and leadership succession,Invest in next-gen leadership; continue community partnerships and transparency,Y,batch_nonprofit_01,2026-01-13,Church/community node with strong local presence; typical faith-organization risks.[web:296],nonprofit.csv
coral_gables_community_foundation,Coral Gables Community Foundation,Mr. Mauricio Vivero,305-446-9670,gablesfoundation.org,,Coral Gables,nonprofit,community foundation & grantmaker,$,4.8,Local donor/partner sentiment (qualitative),,,,"Manages donor-advised funds and grants supporting education, culture and civic projects in Coral Gables","Impact and trust depend on governance, transparency and alignment with local priorities",0.9,High,0.95,N,none,Infrastructure,OSINT reflects a respected local foundation central to Gables philanthropy[web:296],platform_node,"Edges into donors, nonprofits, city government and residents",Grants; scholarships; civic initiatives,Market performance; donor trends,asset_growth; grants_disbursed,Market downturns and donor fatigue,Diversify endowment sources; show clear local impact; maintain strong governance,Y,batch_nonprofit_01,2026-01-13,Civic-philanthropy platform node for Coral Gables; key lever for local impact funding.[web:296],nonprofit.csv
coral_gables_womans_club,Coral Gables Woman's Club,Ms. Arely Ruiz,305-632-5996,coralgableswomansclub.org,,Coral Gables,nonprofit,women's civic/service club,$,4.8,Google/Facebook (low-moderate),,,,"Historic club focused on volunteerism, scholarships and a free children's dental clinic; community members praise events and service",Membership clubs can struggle with aging membership and recruiting younger volunteers,0.85,High,0.9,N,none,Cultural,OSINT highlights this as a well-regarded legacy service club[web:296],cultural_node,"Edges into women leaders, students and low-income families needing dental care",Volunteer programs; dental clinic,Volunteer pipeline; space and funding,membership_trend; clinic_appointments,Aging volunteer base and facility costs,Modernize outreach; partner with schools and health orgs; maintain building/clinic funding,Y,batch_nonprofit_01,2026-01-13,Historic women's club with tangible health impact; key risk is generational transition.[web:296],nonprofit.csv
elcmd_miami,Early Learning Coalition of Miami-Dade/Monroe,Mr. Evelio Torres,305-646-7220,elcmdm.org,,Miami-Dade/Monroe,nonprofit,early childhood funding & coordination,$,4.5,State oversight/partner sentiment (qualitative),,,,"Administers school-readiness and VPK funds, supporting childcare providers and families",Dependent on public funding and complex regulation; any mismanagement could have outsized consequences,0.9,High,0.95,N,none,Infrastructure,OSINT describes ELC as central to early-learning ecosystem with regulatory oversight,platform_node,"Edges into childcare centers, parents and state agencies",Subsidies; quality initiatives,State budgets; policy changes,children_served; provider_quality_scores,Compliance and funding risk,Maintain strong internal controls; communicate clearly with providers/families; advocate for stable funding,Y,batch_nonprofit_01,2026-01-13,Policy/funding rail for early childhood in Miami-Dade/Monroe.[web:296],nonprofit.csv
fcc_usa_soccer_for_peace,FCC USA (Soccer for Peace Foundation),Ms. Danielle Dubuc Wightman,786-445-1544,fcc.futbol/usa,,Miami,nonprofit,youth sports & peace-building,$,4.6,Social/participant sentiment (low volume),,,,"Uses soccer to build community and promote peace, especially among youth",OSINT sparse; impact measured in local participation and stories rather than ratings,0.7,Moderate,0.8,N,none,Cultural,"Available info suggests positive, small- to mid-scale sports nonprofit",cultural_node,"Edges into youth, schools and immigrant communities",Soccer leagues; trainings; events,Field access; coaching; funding,participant_counts; partner_schools,Volunteer and facility constraints,Secure reliable fields; train coaches; build recurring donor base,Y,batch_nonprofit_01,2026-01-13,Community-sport node; low-data but positive narrative.[web:296],nonprofit.csv
friends_of_gables_high,Friends of Gables High,Ms. Jacqueline Gross-Kellogg,305-446-9670,friendsofgableshigh.org,,Coral Gables,nonprofit,school foundation/booster,$,4.7,Parent/alumni sentiment (qualitative),,,,Raises funds and supports programs for Coral Gables Senior High School,Highly dependent on engaged parents/alumni; leadership turnover risk,0.8,High,0.85,N,none,Cultural,OSINT shows active support organization for Gables High,cultural_node,"Edges into students, parents, alumni and school administration",Fundraising; grants; events,School demographics; public funding,funds_raised; program_count,Volunteer fatigue and donor concentration,Broaden alumni outreach; systematize communications and events,Y,batch_nonprofit_01,2026-01-13,School-support node; typical PTA/booster risk profile.[web:296],nonprofit.csv
friends_of_the_underline,Friends of The Underline,Mr. Jake Moskowitz,306-603-9896,theunderline.org,,Miami,nonprofit,parks & urban trail advocacy,$,4.8,Press/community feedback (qualitative),,,,"Leads capital, programming and advocacy for The Underline linear park under Metrorail; widely seen as transformative urban project",Dependent on ongoing fundraising and political support; may face neighborhood and maintenance concerns,0.9,High,0.95,N,none,Infrastructure,OSINT highlights strong support and visibility as a marquee public-space initiative[web:296],platform_node,"Edges into residents, commuters, donors and public agencies",Capital projects; events; stewardship,City budgets; philanthropy; urban policy,trail_segment_completion; event_attendance,Long-term maintenance and equitable activation,Plan for sustainable maintenance; ensure programming serves diverse communities along corridor,Y,batch_nonprofit_01,2026-01-13,High-impact urban-space node; success shapes Miami public-realm narrative.[web:296],nonprofit.csv
gables_good_government,Gables Good Government Committee,Ms. Susan Davis,305-798-1456,gablesgoodgovernment.org,,Coral Gables,nonprofit,civic engagement & watchdog,$,4.3,Local political/media sentiment (mixed/qualitative),,,,Nonpartisan group promoting transparency and ethical governance in Coral Gables,Civic watchdog role can be polarizing; perceived partisanship is a reputational risk,0.8,High,0.85,Y,warning,Reputation,OSINT suggests an active civic group; reactions vary depending on political alignment[web:296],cultural_node,"Edges into voters, city officials and neighborhood associations",Forums; endorsements; advocacy,Local political cycles,meeting_attendance; media_mentions,Perceptions of bias or factionalism,Maintain transparent processes; diversify board; clearly communicate nonpartisan mission,Y,batch_nonprofit_01,2026-01-13,Civic-governance node with inherently polarized reception; no specific scandal surfaced.[web:296],nonprofit.csv
habitat_miami,Habitat for Humanity of Greater Miami,Ms. Maureen Ruggiero,305-634-3628,miamihabitat.org,,Miami,nonprofit,affordable homebuilding & repair,$,4.7,Charity ratings + homeowner/volunteer stories,,,,Builds and rehabilitates homes with volunteers and partner families; strong track record of tangible housing impact,Land costs and permitting in Miami are challenging; volunteer and donation dependency acute,0.9,High,0.95,N,none,Infrastructure,"OSINT shows robust, positive reputation consistent with Habitat brand",infrastructure_node,"Edges into low-income families, volunteers and corporate sponsors",Homebuilding; repairs; ReStore,Housing market; construction costs,homes_completed; volunteer_hours; charity_ratings,Cost escalation and land scarcity,Strengthen land-bank strategies; grow corporate volunteer programs; maintain clear family-selection criteria,Y,batch_nonprofit_01,2026-01-13,"Affordable-housing infrastructure node; risk is mostly financial/structural, not trust.[web:296]",nonprofit.csv
humane_society_miami,Humane Society of Greater Miami,Ms. Toni Diaz,305-749-1816,humanesocietymiami.org,,Miami,nonprofit,animal welfare & adoptions,$,4.7,Google/Yelp + Charity Navigator (strong),,,,"Operates shelter, adoptions, spay/neuter and community outreach; reviews highlight caring staff and clean facility","As with many shelters, some negative posts about adoption decisions or policies exist, but not dominant",0.9,High,0.95,N,none,Cultural,OSINT points to strong reputation with high animal-welfare ratings,cultural_node,"Edges into pet owners, rescuers and volunteers",Shelter; adoptions; clinics,Pet ownership trends; funding,adoption_rate; live_release_rate,Disease outbreaks or handling controversies,Maintain high medical and behavioral standards; transparent reporting; community education,Y,batch_nonprofit_01,2026-01-13,Core animal-welfare node; broadly trusted.[web:296],nonprofit.csv
jose_milton_foundation,Jose Milton Foundation,Ms. Ana VeigaMilton,305-450-8222,miltonphilanthropy.org,,Miami,nonprofit,family foundation & philanthropy,$,4.6,Press/beneficiary sentiment (qualitative),,,,"Family foundation funding education, healthcare, arts and community projects; known for large gifts to local institutions",Transparency typical of family foundations; influence concentrated in one family,0.85,High,0.9,N,none,Infrastructure,"OSINT shows a generous, visible philanthropic actor with positive local impact stories[web:296]",platform_node,"Edges into universities, hospitals and nonprofits as grantees",Grants; scholarships; capital gifts,Market performance; family priorities,grant_volume; focus_areas,Concentration risk in donor intent and market cycles,Maintain clear grantmaking strategy; communicate impact; cultivate co-funding partnerships,Y,batch_nonprofit_01,2026-01-13,Key philanthropic node in Miami; shapes funding for several sectors.[web:296],nonprofit.csv
junior_orange_bowl,Junior Orange Bowl,Ms. Lisa Albizu-Vazquez,305-662-1210,jrorangebowl.org,,Coral Gables/Miami,nonprofit,youth sports & festival events,$,4.6,Community/parent reviews (qualitative),,,,"Organizes youth sports, parades and events tied to Orange Bowl season; longstanding local tradition","Weather, sponsorships and logistics (traffic, safety) create recurring operational risk",0.85,High,0.9,N,none,Cultural,OSINT reflects a beloved youth/festival brand with strong community roots[web:296],cultural_node,"Edges into youth, schools, sponsors and the Orange Bowl Committee",Parades; sports; arts events,Tourism; sponsorship climate,event_attendance; sponsor_mix,Event disruptions or safety incidents,Strengthen planning and safety protocols; diversify sponsors; expand year-round programming,Y,batch_nonprofit_01,2026-01-13,Youth/festival node closely linked to broader Orange Bowl ecosystem.[web:296],nonprofit.csv
kiwanis_little_havana,Kiwanis Club of Little Havana Inc.,Ms. Lidia Sanchez,305-644-8888,carnavalmiami.com,,Miami,nonprofit,service club & cultural events,$,4.7,Event attendee sentiment & press,,,,"Runs Carnaval Miami, Calle Ocho Festival and various youth programs; iconic in Cuban-American community","Large street festivals carry safety, crowd and sponsorship risks; weather also a big factor",0.9,High,0.95,N,none,Cultural,OSINT shows strong cultural standing and recurring successful events,platform_node,"Edges into local businesses, sponsors, artists and families",Cultural festivals; scholarships; sports,Tourism; sponsorship; city relations,event_attendance; sponsor_retention,Any major incident or financial shortfall could damage brand,Robust safety and financial planning; deep collaboration with city and public safety agencies,Y,batch_nonprofit_01,2026-01-13,Flagship cultural-events node in Miami; operational risk must be tightly managed.[web:296],nonprofit.csv
kristi_house,Kristi House,Ms. Lara Carter,305-547-6800,kristihouse.org,,Miami,nonprofit,child advocacy & abuse treatment,$,4.8,Charity ratings & client/partner narratives,,,,Provides services for child sexual abuse and trafficking survivors; widely respected in child-advocacy community,Work is highly sensitive; reputational and legal risk if any safeguarding failure occurs,0.9,High,0.95,N,none,Infrastructure,OSINT presents Kristi House as a trusted specialist center with strong partnerships,infrastructure_node,"Edges into courts, schools, law enforcement and child-welfare agencies",Therapy; advocacy; coordination,Public funding; awareness; legal environment,cases_served; outcome_metrics,Safeguarding and vicarious-trauma risks,Maintain rigorous protocols; invest in staff support; continue strong cross-agency collaboration,Y,batch_nonprofit_01,2026-01-13,Critical specialist node in child-protection network.[web:296],nonprofit.csv
legal_services_greater_miami,Legal Services of Greater Miami Inc.,Ms. Andrea Angel,305-438-2513,legalservicesmiami.org,,Miami,nonprofit,civil legal aid (poverty law),$,4.8,Charity Navigator & client testimonials,,,,"Provides free civil legal help on housing, benefits, consumer and more to low-income residents",Demand far exceeds capacity; some clients may be turned away or experience delays,0.9,High,0.95,N,none,Infrastructure,OSINT shows high ratings and recognition as primary civil-legal-aid provider,infrastructure_node,"Edges into low-income residents, courts and partner nonprofits",Legal representation; clinics; advocacy,Housing crisis; funding changes,cases_opened; favorable_outcomes; funding_mix,Funding cuts or surges in need,Diversify funding; invest in triage/technology; maintain community partnerships,Y,batch_nonprofit_01,2026-01-13,Core access-to-justice node in Miami.[web:296],nonprofit.csv
live_like_bella,Live Like Bella Childhood Cancer Foundation,Ms. Mayte Vizcaino,786-505-3914,livelikebella.org,,Miami/global,nonprofit,childhood cancer support & research,$,4.8,Charity ratings & donor stories (qualitative),,,,"Provides financial assistance, advocacy and research funding for children with cancer; strong emotional brand story",Reliant on fundraising events and emotional storytelling; must maintain transparency on fund use,0.85,High,0.9,N,none,Cultural,"OSINT shows widely positive sentiment, especially among affected families",cultural_node,"Edges into pediatric hospitals, families and donors",Support grants; advocacy; awareness,Healthcare policy; donor trends,grants_given; families_helped,Donor fatigue and competition with larger cancer charities,Highlight specific impact; diversify corporate partnerships; maintain strong governance,Y,batch_nonprofit_01,2026-01-13,High-sympathy pediatric-cancer node; main risks are funding-related.[web:296],nonprofit.csv
miami_lighthouse_blind,Miami Lighthouse for the Blind and Visually Impaired,Ms. Virginia A. Jacko,305-856-4176,miamilighthouse.org,,Miami,nonprofit,blindness/low-vision services & education,$,5.0,"Charity Navigator (4/4 stars, 14+ years)",4.8,Yelp (11 reviews),"Provides education, rehabilitation, technology, early-learning and employment services to blind/visually impaired people of all ages; reviews and testimonials emphasize life-changing impact and caring staff","Some employee reviews flag workload/culture issues typical for mission-driven agencies, but public/beneficiary sentiment is extremely strong",0.98,High,0.98,N,none,Infrastructure,OSINT shows exceptional third-party ratings and glowing client stories at scale,[web:573][web:579][web:582][web:576],infrastructure_node,"Edges into blind/low-vision individuals, schools, VR agencies and employers",Training; early childhood; assistive tech; advocacy,Healthcare and education policy; tech changes,people_served; charity_ratings_streak; program_outcomes,Funding and staff burnout risk,Maintain diversified funding and competitive salaries; keep documenting and sharing outcomes,Y,batch_nonprofit_01,2026-01-13,Flagship blindness-services node with elite ratings and reputation.[web:573][web:579][web:582][web:576],nonprofit.csv
orange_bowl_committee,Orange Bowl Committee,Mr. Tyler Heinkel,305-341-4700,orangebowl.org,,South Florida,nonprofit,sports event & community programs,$,4.6,Event/brand perception,,,,"Nonprofit behind Orange Bowl game and related events, scholarships and community projects","Dependent on college football ecosystem, sponsors and TV; reputationally tied to major sporting outcomes and logistics",0.9,High,0.95,N,none,Platform,"OSINT shows Orange Bowl as a major, respected sports/charity brand",platform_node,"Edges into schools, athletes, fans, sponsors and media","Game, festivals, community grants",College athletics; media rights,game_attendance; sponsor_mix,Event or safety issues; shifts in college-football landscape,Maintain strong operations and community reinvestment narrative; hedge via diversified community programming,Y,batch_nonprofit_01,2026-01-13,Large sports-centric platform node for South Florida.[web:296],nonprofit.csv
ronald_mcdonald_house_sfl,Ronald McDonald House Charities of South Florida,Ms. Soraya Rivera-Moya,786-476-2176,rmhcsouthflorida.org,,Miami/Broward,nonprofit,family housing near hospitals,$,4.9,Google/Charity Navigator (strong),,,,Provides 'home-away-from-home' lodging for families of hospitalized children; reviews praise compassion and cleanliness,Linked brand-wise to McDonald's but governed locally; demand can exceed supply,0.95,High,0.95,N,none,Infrastructure,OSINT indicates very strong reputation consistent with RMHC globally,infrastructure_node,"Edges into children's hospitals, families and corporate donors",Family housing; support programs,Healthcare trends; donor partnerships,families_served; occupancy; charity_rating,Capacity constraints and funding for facility upkeep,Maintain corporate partnerships; expand/renovate as feasible; emphasize stories of impact,Y,batch_nonprofit_01,2026-01-13,"Trusted family-support node; risk is capacity, not trust.[web:296]",nonprofit.csv
south_florida_after_school_all_stars,South Florida After-School All-Stars,Ms. Julie Todaro,305-348-9870,sfasas.org,,Miami,nonprofit,after-school & enrichment,$,4.7,School/parent feedback (qualitative),,,,"Provides free/low-cost after-school programs focused on academics, sports and enrichment for middle school students",Funding often grant-based; staffing and school-partnership stability key,0.85,High,0.9,N,none,Cultural,OSINT mirrors national After-School All-Stars reputation for impactful programs,cultural_node,"Edges into schools, students and corporate/grant funders",After-school programs,Education budgets; youth trends,students_served; attendance,Funding gaps and school-site churn,Build multi-year funding; invest in staff retention and program evaluation,Y,batch_nonprofit_01,2026-01-13,Youth-enrichment node with strong model; funding stability is main challenge.[web:296],nonprofit.csv
south_florida_pbs,South Florida PBS,Ms. Jeneissy Azcuy,305-424-4013,southfloridapbs.org,,South Florida,nonprofit,public media (WPBT/WXEL),$,4.5,Audience/supporter sentiment & Charity Navigator,,,,"Nonprofit public TV/radio service producing local content, education and PBS programming","Depends on member support, underwriting and grants; media consumption shifts and political pressures can affect funding",0.9,High,0.95,N,none,Platform,OSINT shows credible public-media outlet with strong educational mission,platform_node,"Edges into viewers, schools, arts orgs and news ecosystem",Programming; education; digital content,Streaming competition; political environment,membership_trend; underwriting; digital_engagement,Revenue pressures and threat to editorial independence,Expand digital offerings; deepen community engagement; diversify funding sources,Y,batch_nonprofit_01,2026-01-13,Public-media platform node; structural media-economics risks dominate.[web:296],nonprofit.csv
everglades_foundation,The Everglades Foundation,Ms. Isabella Gukeisen,914-659-5906,evergladesfoundation.org,,South Florida,nonprofit,"environmental science, advocacy & education",$,4.8,Charity/guide ratings and partner sentiment,,,,"Only nonprofit solely focused on protecting and restoring America's Everglades, using science, advocacy and education; manages sizable research and grant portfolio since 1993",Environmental advocacy can attract political opposition; reliance on large donors and grants,0.95,High,0.95,N,none,Infrastructure,"OSINT from foundation databases and profiles shows a well-resourced, reputable environmental nonprofit[web:574][web:577][web:580]",platform_node,"Edges into scientists, policymakers, anglers, tribes and environmental groups",Research; advocacy; grants,Water-policy; climate; agriculture,policy_wins; research_output; grants_awarded,Political pushback and funding cycles,Maintain bipartisan framing; diversify donors; keep science and transparency front-and-center,Y,batch_nonprofit_01,2026-01-13,Environmental-platform node with strong reputation and material policy influence.[web:574][web:577][web:580],nonprofit.csv
womens_fund_miami_dade,The Women's Fund Miami Dade,Ms. Vero Korbenfeld,305-441-0506,womensfundmiami.org,,Miami,nonprofit,women & girls equity funder,$,4.7,Donor/partner feedback (qualitative),,,,"Funds and advocates for economic mobility, leadership and safety for women and girls in Miami-Dade",Relies on philanthropy; must show clear equity impact and inclusive approach,0.85,High,0.9,N,none,Cultural,OSINT shows respected local gender-equity funder and convener,platform_node,"Edges into women-serving orgs, donors and policymakers",Grants; research; advocacy,Policy environment; donor priorities,grants_given; coalition_size,Funding and shifting narratives about gender equity,Continue evidence-based framing; expand cross-sector coalitions; invest in data and storytelling,Y,batch_nonprofit_01,2026-01-13,Gender-equity funding node; core risk is donor/funder landscape.[web:296],nonprofit.csv
wow_center_miami,The WOW Center,Ms. Arlene Peterson,786-797-7611,wowcentermiami.org,,Miami,nonprofit,adults with developmental disabilities,$,4.8,Family reviews & Charity Navigator (strong),,,,"Provides day training, community inclusion and life-skills programs for adults with developmental disabilities",Funding from Medicaid/waivers vulnerable to policy changes; staff burnout risk,0.9,High,0.95,N,none,Infrastructure,OSINT indicates highly valued services and strong family gratitude,infrastructure_node,"Edges into adults with ID/DD, families and agencies",Day programs; supported employment; activities,Disability policy; reimbursement rates,participant_retention; family_satisfaction,Policy cuts and workforce turnover,Advocate for stable funding; invest in staff support; diversify revenue via fundraising,Y,batch_nonprofit_01,2026-01-13,Key ID/DD services node with high trust; structural-policy risk.[web:296],nonprofit.csv
toy_drive_n_events,Toy Drive 'N Events Inc.,Ms. Ana Zecca,305-528-6700,toydriveandevents.com,,Miami,nonprofit,holiday toy drives & events,$,4.7,Social media & participant sentiment (low volume),,,,"Runs toy drives and community events for children and families, especially around holidays",Very small org; impact and operations closely tied to founder and volunteers,0.7,Moderate,0.8,N,none,Cultural,OSINT suggests a positive local initiative with limited scale,cultural_node,"Edges into donors, schools, local businesses",Drives; giveaways; events,Economic conditions; volunteer base,toys_distributed; sponsor_count,Founder/key-volunteer dependency,Formalize processes; partner with larger nonprofits; expand sponsor base cautiously,Y,batch_nonprofit_01,2026-01-13,Micro-scale but high-sentiment event/toy-drive node.[web:296],nonprofit.csv
venezuelan_american_chamber,Venezuelan-American Chamber of Commerce,Mr. Christian Monahan,305-307-8393,venezuelanchamber.org,,Miami,nonprofit,binational chamber & networking,$,4.5,Member sentiment (qualitative),,,,"Supports Venezuelan-American entrepreneurs and businesses via networking, advocacy and trade promotion",Economically and politically sensitive niche; membership may fluctuate with migration and policy,0.8,High,0.85,N,none,Cultural,OSINT shows active events and business links; no major controversies,platform_node,"Edges into diaspora businesses, professionals and institutions",Networking; advocacy; education,Venezuela/US policy; migration patterns,membership_trend; event_attendance,Geopolitical volatility and member churn,Diversify programming and revenue; maintain nonpartisan business focus,Y,batch_nonprofit_01,2026-01-13,Diaspora-economic node linking business and community.[web:296],nonprofit.csv
voices_for_children,Voices for Children Foundation Inc.,Ms. Kadie Black,305-324-5678,beavoice.org,,Miami,nonprofit,support for Guardian ad Litem & foster youth,$,4.9,Charity ratings & partner feedback,,,,Raises funds and awareness for children in foster care and supports Guardian ad Litem program; fills gaps in public funding,Dependent on philanthropy; must coordinate tightly with courts and state systems,0.9,High,0.95,N,none,Infrastructure,OSINT points to highly respected role in child-advocacy ecosystem,infrastructure_node,"Edges into foster youth, GAL volunteers, courts and donors",GAL support; enrichment; advocacy,Child-welfare policy; donor trends,kids_supported; GAL_recruitment,Funding cycles and volunteer supply,Keep strong storytelling; invest in volunteer recruitment and donor stewardship,Y,batch_nonprofit_01,2026-01-13,Key philanthropic/advocacy node supporting court-involved children.[web:296],nonprofit.csv
women_for_success,Women for Success Inc.,"Ms. Lauren Marsicano, Esq.",305-721-2917,giveforsuccess.org,,Miami,nonprofit,women's economic empowerment,$,4.9,Participant/testimonial sentiment (low-moderate),,,,"Supports women entrepreneurs and professionals with grants, coaching and resources; closely tied to founder's legal/business network",Small and founder-centric; must ensure governance and succession as it scales,0.8,High,0.85,N,none,Cultural,OSINT presents a dynamic but young nonprofit with enthusiastic community,cultural_node,"Edges into women small-business owners, professionals and donors",Microgrants; mentorship; events,Economic conditions; DEI/philanthropy trends,grants_awarded; program_participation,Founder dependency and limited staff,Build board depth; formalize processes; track and publish outcomes,Y,batch_nonprofit_01,2026-01-13,High-energy women's empowerment node with growth/succession risk typical of founder-led orgs.[web:296],nonprofit.csv
american_cancer_society,American Cancer Society - Miami,Ms. Betty Newborn,305-962-3797,cancer.org,,Miami,nonprofit,cancer research & support,$,4.0,Charity ratings (national),,,,"Funds research, runs patient programs and advocacy; large established brand","Has faced criticism over overhead and shifting focus, but retains strong ratings and impact",0.95,High,0.95,N,none,Infrastructure,"OSINT indicates mainstream, high-scale cancer nonprofit with typical large-NGO debates",infrastructure_node,"Edges into patients, researchers and hospitals",Research funding; support; advocacy,Healthcare policy; donor behavior,charity_scores; research_spend,Donor fatigue and competition with other cancer charities,Clarify impact stories and local program benefits; continue transparency around research funding,Y,batch_nonprofit_01,2026-01-13,Systemic cancer nonprofit node; reputational baseline solid.[web:296],nonprofit.csv
american_heart_association_fl,American Heart Association - Florida,Ms. Katherine Nunez,786-304-3577,heart.org/FL,,Florida,nonprofit,cardiovascular health research & advocacy,$,4.1,Charity ratings (national),,,,"Funds cardiovascular research, offers CPR training and heart-health programs; strong medical brand","As with peers, faces scrutiny on overhead; must keep guidelines evidence-based and independent",0.95,High,0.95,N,none,Infrastructure,OSINT shows AHA as leading heart nonprofit with well-known programs,infrastructure_node,"Edges into hospitals, schools, workplaces and policymakers",Research; education; advocacy,Healthcare trends; diet and lifestyle norms,policy_wins; research_output,Scientific credibility and funding mix,"Maintain strong conflict-of-interest policies; focus on clear, evidence-driven messaging",Y,batch_nonprofit_01,2026-01-13,Cardio-health infrastructure node; generally trusted.[web:296],nonprofit.csv
jackson_health_foundation,Jackson Health Foundation,Ms. Alexandra Salcedo / Ms. Flavia Llizo,305-588-8167 / 305-585-4483,jacksonhealthfoundation.org,,Miami,nonprofit,hospital foundation (Jackson Health),$,4.7,Charity ratings & donor sentiment,,,,"Philanthropic arm of Jackson Health System, raising funds for safety-net hospitals and programs",Donation patterns tied to hospital reputation and county economics,0.9,High,0.95,N,none,Infrastructure,OSINT presents JHF as essential philanthropic support for Jackson Health,platform_node,"Edges into donors, corporations and hospital leadership",Capital campaigns; program funding,Healthcare economics; county policy,funds_raised; flagship_projects,Donor fatigue and hospital-system reputational risk,Maintain transparent use-of-funds stories; broaden donor base,Y,batch_nonprofit_01,2026-01-13,Hospital-philanthropy node; same risks as large safety-net systems.[web:296],nonprofit.csv
jewish_community_services_sfl,Jewish Community Services of South Florida,Ms. Miriam Singer,305-576-6550,jcsfl.org,,Miami,nonprofit,multi-service human-services agency,$,4.7,Charity ratings and client testimonials,,,,"Provides counseling, senior services, food programs and more to Jewish and broader communities","Relies on federation, government and donor funding; must balance religious roots with inclusive service",0.9,High,0.95,N,none,Infrastructure,OSINT indicates strong reputation as comprehensive social-services provider,infrastructure_node,"Edges into seniors, families, Holocaust survivors and vulnerable residents",Counseling; care management; food; employment,Public funding; community needs,clients_served; satisfaction; charity_ratings,Funding volatility and staff capacity,Diversify grants; invest in staff well-being; keep culturally competent services,Y,batch_nonprofit_01,2026-01-13,Large human-services node with strong reputation.[web:296],nonprofit.csv
pink_luminous_advocacy,Pink Luminous Advocacy Project,Ms. Marylin Dans,305-747-8712,luminousadvocacyproject.com,,Miami,nonprofit,breast-health awareness & technology access,$,4.5,Patient/testimonial narratives (sparse),,,,"Promotes breast-health awareness and access to early-detection technologies, connected to specific devices/education",Must avoid overpromising diagnostic capabilities; close alignment with any products can raise perception questions,0.7,Moderate,0.8,Y,warning,Reputation,OSINT small but suggests strong passion; linkage to specific devices warrants careful evidence framing[web:296],cultural_node,"Edges into women, clinics and tech partners",Outreach; screenings; device-driven awareness,Health-tech evidence base; regulation,screening_events; partnerships,Perception risk if device claims outpace evidence,"Keep messaging aligned with medical guidelines; focus on complementing, not replacing, standard screening",Y,batch_nonprofit_01,2026-01-13,Niche awareness/tech-access node; ensure rigorous medical framing.[web:296],nonprofit.csv
united_way_miami,United Way Miami,Ms. Stephanie Louis,305-646-7000,unitedwaymiami.org,,Miami,nonprofit,community impact & grantmaking,$,4.4,Charity ratings; community sentiment,,,,"Aggregates donations to fund education, financial stability and health programs; major convener across sectors",Facing national trend of workplace-giving decline and competition from direct giving,0.9,High,0.95,N,none,Platform,OSINT reflects strong institutional role despite changing giving patterns,platform_node,"Edges into corporations, nonprofits and government",Grantmaking; initiatives; volunteerism,Donor behavior; corporate HR trends,workplace_pledges; initiatives_launched,Revenue model disruption,"Modernize donor engagement (digital, impact funds); increase transparency on outcomes",Y,batch_nonprofit_01,2026-01-13,Legacy umbrella-philanthropy node adjusting to new donor dynamics.[web:296],nonprofit.csv
fourkids_south_florida,4KIDS of South Florida,Ms. Martha Gonzalez,305-951-1779,4kids.us,,SFL,nonprofit,Christian foster-care & family support,$,4.8,Charity ratings & foster-family stories,,,,Faith-based org recruiting/supporting foster families and providing residential programs,Faith framing may not appeal to all; deeply integrated with child-welfare systems,0.9,High,0.95,N,none,Cultural,OSINT portrays 4KIDS as impactful but explicitly faith-based foster organization,cultural_node,"Edges into churches, foster families and agencies",Foster placements; mentoring; residential care,Policy and funding; church engagement,children_served; placement_stability,Policy/funding shifts; reputational risks in child care,Maintain high care standards; transparent outcomes; inclusive practices,Y,batch_nonprofit_01,2026-01-13,Faith-based foster node; strong sentiment with system-level risks.[web:296],nonprofit.csv
miami_learning_experience,Miami Learning Experience School,Mr. Kevin Grace,305-275-5900,mleschool.org,,Miami,nonprofit,special-needs education,$,4.9,Parent reviews (Google/Facebook),,,,Private nonprofit school for children/young adults with intellectual and developmental disabilities; families praise staff and progress,Tuition/financial-aid constraints; staff burnout risk,0.9,High,0.95,N,none,Infrastructure,OSINT indicates highly valued special-needs school,infrastructure_node,"Edges into students with ID/DD, families and donors",Education; therapies; life skills,Education policy; reimbursement; philanthropy,enrollment; parent_satisfaction,Affordability and staff retention,Grow scholarships; invest in teacher support; maintain low student-teacher ratios,Y,batch_nonprofit_01,2026-01-13,Key special-education node in Miami.[web:296],nonprofit.csv
miami_jewish_health,Miami Jewish Health,Ms. Alison Grewe,305-762-3842,miamijewishhealth.org,,Miami,nonprofit,healthcare & senior services,$,4.3,Healthgrades/Google + charity info,,,,"Nonprofit health system providing nursing home, rehab and medical/Alzheimer's care, historically rooted in Jewish community","Long-term-care sector faces staffing, reimbursement and COVID-legacy issues; some mixed reviews as typical for nursing facilities",0.9,High,0.9,N,none,Infrastructure,"OSINT reflects large, established senior-care provider with typical LTC challenges",infrastructure_node,"Edges into seniors, families and insurers",Nursing; rehab; clinical programs,Medicaid/Medicare policy; workforce shortages,occupancy; quality_ratings; staff_turnover,Quality-of-care risks; funding pressures,Invest in staff; maintain quality metrics; transparent communication with families,Y,batch_nonprofit_01,2026-01-13,Major senior-health node; sector-structural risks more than brand-specific.[web:296],nonprofit.csv
pink_pack_305,305 Pink Pack,Ms. Rosemary Carrera,305-859-1224,305pinkpack.org,,Miami,nonprofit,women's cancer support (logistics & care),$,4.9,Client/testimonial sentiment (low-moderate),,,,"Supports women battling cancer with practical help (transport, meals, childcare) in addition to emotional support",Small but intense mission; reliant on donors and volunteers,0.85,High,0.9,N,none,Cultural,OSINT shows highly positive appreciation from beneficiaries,cultural_node,"Edges into cancer patients, hospitals and partner nonprofits",Support services; logistics,Healthcare referrals; donor base,clients_served; support_hours,Funding and volunteer capacity,Strengthen hospital partnerships; systematize volunteer management,Y,batch_nonprofit_01,2026-01-13,High-touch cancer-support node; classic scale vs intimacy trade-off.[web:296],nonprofit.csv
glory_house_miami,Glory House of Miami,Ms. Georgia Downey,786-267-1150,gloryhouseofmiami.org,,Miami,nonprofit,anti-trafficking & survivor support,$,4.8,Survivor/donor stories (qualitative),,,,"Faith-rooted nonprofit aiding survivors of human trafficking with housing, therapy and practical support",Work is sensitive and safety-critical; must maintain strong privacy and safeguarding,0.9,High,0.9,N,none,Cultural,OSINT presents Glory House as a committed survivor-support org with positive impact stories,cultural_node,"Edges into survivors, law enforcement, churches and donors",Residential and nonresidential programs,Policy; law-enforcement priorities,survivors_served; program_completion,Safety incidents or mishandled cases,Keep strong clinical and security protocols; ensure trauma-informed training,Y,batch_nonprofit_01,2026-01-13,Specialized anti-trafficking node; risk profile centered on safety and trauma care.[web:296],nonprofit.csv
branches_fl,Branches,Ms. Isabelle Pike,305-442-8306,branchesfl.org,,Miami,nonprofit,"education, mentoring & financial wellness",$,4.8,Charity ratings & community stories,,,,"Provides after-school, tutoring, college prep and financial-stability programs in underserved neighborhoods",Dependent on grants/donations; multi-site operations complexity,0.9,High,0.95,N,none,Cultural,OSINT shows strong community reputation and measurable impact,cultural_node,"Edges into students, families, volunteers and churches",Afterschool; mentoring; VITA tax help,Poverty; education and tax policy,students_served; college_matriculation; refunds_secured,Funding gaps and staff capacity,Invest in data/impact storytelling; diversify funding; maintain strong neighborhood roots,Y,batch_nonprofit_01,2026-01-13,High-impact community-education/financial-wellness node.[web:296],nonprofit.csv
city_year_miami,City Year Miami,Ms. Sheron Williams,786-406-7900,cityyear.org/miami,,Miami,nonprofit,education & AmeriCorps mentoring,$,4.6,School/district feedback + national ratings,,,,"Places AmeriCorps members in schools to provide tutoring, mentoring and school-day support",Program outcomes depend on school partnerships and corps-member recruitment/retention,0.9,High,0.95,N,none,Cultural,OSINT echoes national City Year reputation for school impact,cultural_node,"Edges into schools, students and funders",In-school supports,Education policy; AmeriCorps funding,students_reached; attendance; on-track_metrics,Funding or AmeriCorps policy cuts,Maintain strong school partnerships; diversify funding; support corps members,Y,batch_nonprofit_01,2026-01-13,Education-support node with significant school-level leverage.[web:296],nonprofit.csv
girl_scouts_tropical_fl,Girl Scouts of Tropical Florida,Ms. Haley Karl,305-253-4841,girlscoutsfl.org,,South Florida,nonprofit,youth leadership & scouting,$,4.6,Parent/community sentiment & national ratings,,,,"Local Girl Scout council offering troops, camps and leadership programs",Membership has declined nationally; needs to stay relevant to new generations,0.9,High,0.95,N,none,Cultural,OSINT portrays stable council with traditional strengths,cultural_node,"Edges into girls, parents, schools and volunteers",Troops; cookie sales; leadership,Youth interests; competing activities,membership_trend; troop_count,Volunteer recruitment and relevance,Innovate programming; invest in volunteer support; use cookies and badges as impact storytelling tools,Y,batch_nonprofit_01,2026-01-13,Historic youth-leadership node adapting to new youth landscape.[web:296],nonprofit.csv
ismael_cala_foundation,Ismael Cala Foundation,Ms. Barbara Nunez,786-543-0050,cala-foundation.org,,Miami/LatAm,nonprofit,education & leadership (LatAm focus),$,4.5,Program/testimonial narratives (sparse),,,,"Supports leadership and educational development projects, especially in Latin America, connected to communicator Ismael Cala",Visibility and impact data modest; relies on founder brand,0.7,Moderate,0.8,N,none,Cultural,OSINT indicates positive but small-scale programs with strong personal-brand linkage,cultural_node,"Edges into youth, schools and partner NGOs",Scholarships; training; projects,LatAm conditions; donor interest,projects_funded; participant_counts,Founder dependency and region volatility,Clarify measurable outcomes; diversify governance and funding base,Y,batch_nonprofit_01,2026-01-13,LatAm-oriented education node; needs continued institutionalization.[web:296],nonprofit.csv
junior_achievement_miami,Junior Achievement of Greater Miami,Ms. Debbie Rodriguez,305-687-3977,miami.ja.org,,Miami,nonprofit,financial literacy & entrepreneurship education,$,4.7,School/volunteer feedback & JA ratings,,,,"Provides JA programs on work readiness, entrepreneurship and financial literacy through volunteers in schools",Needs steady corporate volunteers and funding; program impact can vary by implementation,0.9,High,0.95,N,none,Cultural,OSINT shows JA as respected partner for schools and business community,cultural_node,"Edges into students, teachers and corporate volunteers",In-class programs; JA Finance Park,Corporate engagement; school buy-in,students_served; volunteer_hours,Volunteer and funding pipeline risk,Strengthen corporate partnerships; adapt content to new economy realities,Y,batch_nonprofit_01,2026-01-13,Financial-education node with strong brand and reliance on corporate ties.[web:296],nonprofit.csv
mdc_kendall,Miami Dade College - Kendall Campus,Dr. Bryan Stewart,305-237-2154,mdc.edu/kendall,,Miami,nonprofit,public higher education,$,4.3,College reviews & outcomes data,,,,"Part of MDC, a large open-access public college; Kendall campus offers two- and four-year programs",Funding tied to state budgets; completion and transfer outcomes in spotlight,0.9,High,0.95,N,none,Infrastructure,OSINT shows MDC as key engine for social mobility in Miami,infrastructure_node,"Edges into students, employers and communities",Degrees; certificates; workforce training,State funding; labor market,enrollment; completion; job_placement,Budget constraints and student-support challenges,Expand advising/support; strengthen employer partnerships; safeguard affordability,Y,batch_nonprofit_01,2026-01-13,Core education infrastructure node in the region.[web:296],nonprofit.csv
st_theresa_catholic_school,St. Theresa Catholic School,Ms. Ashley Sacks Dominguez,305-446-9950,stscg.org,,Coral Gables,nonprofit,parochial K-8 education,$,4.8,Parent reviews (Google/Facebook),,,,Catholic elementary/middle school with strong academic and religious reputation in Gables,Tuition and admissions selective; must manage church-related reputational risks carefully,0.9,High,0.95,N,none,Cultural,OSINT indicates highly regarded parish school with strong demand,cultural_node,Edges into parish families and broader Gables community,K-8 education,Demographic shifts; parish trends,enrollment; waitlist,Affordability and diversity concerns,Balance academic/religious mission with access; maintain transparent safeguarding policies,Y,batch_nonprofit_01,2026-01-13,High-demand parochial school node.[web:296],nonprofit.csv
education_fund_miami,The Education Fund,Ms. Marilen Marnett,786-714-0139,educationfund.org,,Miami-Dade,nonprofit,public school innovation & teacher support,$,4.8,Charity ratings & educator feedback,,,,"Supports MDCPS through grants, Teacher/Mini-Grants, Food Forests and innovation initiatives",Reliant on philanthropy and district relations; must demonstrate classroom-level impact,0.9,High,0.95,N,none,Cultural,OSINT shows high esteem among teachers and partners,platform_node,"Edges into teachers, students, MDCPS and donors",Grants; innovation pilots; food programs,Education funding; district policy,grants_awarded; schools_served,Funding volatility and initiative sustainability,Document impact; scale proven pilots; diversify donors and corporate partners,Y,batch_nonprofit_01,2026-01-13,Influential education-innovation node in MDCPS ecosystem.[web:296],nonprofit.csv
wlrn_public_media,WLRN Radio and Television,Ms. Carolina Falla-Flood,305-505-6686,wlrn.org,,South Florida,nonprofit,public radio/TV & news,$,4.7,"Listener reviews, journalism awards and Charity Navigator",,,,"Local NPR-affiliate and public TV provider with news, culture and education content",Subject to same funding and political pressures as other public media; must preserve editorial independence,0.95,High,0.95,N,none,Platform,OSINT reflects strong local trust and recognition,platform_node,"Edges into listeners, schools and civic orgs",News; cultural programs; education,Media habits; politics; tech,membership; underwriting; awards,Revenue and political interference risks,Grow diversified revenue; maintain strong ethics and community engagement,Y,batch_nonprofit_01,2026-01-13,Trusted public-media node; essential for local information ecosystem.[web:296],nonprofit.csv
coral_gables_firefighters_assoc,Coral Gables Professional Firefighters Assn.,Mr. Wyatt Chickillo,305-469-3416,local1210.com,,Coral Gables,nonprofit,union/professional association,$,4.4,Community sentiment (qualitative),,,,Represents Coral Gables firefighters in labor and community matters; also engages in charity work,Union role can be contentious during negotiations; public perception tied to city politics,0.8,High,0.85,N,none,Cultural,OSINT indicates normal professional-association profile,cultural_node,"Edges into firefighters, city government and residents",Collective bargaining; community events,Municipal budgets; labor relations,contract_outcomes; community_projects,Political/reputational swings,Maintain transparent communication; highlight community service,Y,batch_nonprofit_01,2026-01-13,Labor/professional node; no specific scandal visible.[web:296],nonprofit.csv
dade_county_medical_association,Dade County Medical Association,Mr. Angel Bosch-Deleon,305-324-8717,miamimed.com,,Miami,nonprofit,professional association - physicians,$,4.3,Member sentiment (qualitative),,,,"Represents physicians in Miami-Dade with advocacy, education and networking",Membership model faces competition from specialty societies and online communities,0.85,High,0.9,N,none,Platform,OSINT shows long-standing professional body for physicians,platform_node,"Edges into doctors, hospitals and policymakers",Advocacy; CME; networking,Healthcare policy; physician burnout,membership_trend; event_attendance,Membership decline and relevance,Modernize offerings; strengthen advocacy and data insight products,Y,batch_nonprofit_01,2026-01-13,Physician-association node; central for local medical advocacy.[web:296],nonprofit.csv
univision_foundation,Univision Foundation,Ms. Irisaida Mendez,305-998-8410,univision.org,,US/LatAm,nonprofit,media-backed education & community programs,$,4.4,Program/partner sentiment (qualitative),,,,"Philanthropic arm connected to Univision, supporting education, civic engagement and community causes in Hispanic communities",Linked to corporate media brand; must maintain program independence and clarity,0.85,High,0.9,N,none,Platform,OSINT reflects active grantmaking and community initiatives across markets,platform_node,"Edges into schools, nonprofits and Hispanic communities",Grants; campaigns; PSAs,Media landscape; corporate strategy,campaign_reach; grants_made,Corporate and market shifts,Ensure governance separation; measure and share impact clearly,Y,batch_nonprofit_01,2026-01-13,Media-affiliated philanthropic node; leverage in awareness plus standard corporate-link risks.[web:296],nonprofit.csv
ana_b_garcia_cpa,"Ana B. Garcia, CPA",Ms. Ana Garcia,305-336-2487,anabgarciacpa.com,,Miami,professional_services,accounting & tax strategy,$$$,5.0,Facebook business page,6,5.0,Yelp / local listings (low volume),Proactive tax planning focus; strong niche with real estate investors; very high recommendation rate in small review base,Very small public review sample; capacity limitations for high-touch work,0.8,High,0.85,N,none,None,No OSINT red flags; brand is tightly tied to founder reputation,advisory_node,Edges into real estate investors and small-business owners; connects with lenders and other advisors,Solo or small-team practice; cloud accounting tools; tax-planning frameworks,High demand for proactive tax planning; complex and shifting tax code; growing online discovery,client_count; referral_rate; niche_mix_real_estate,Key-person risk and bottlenecks in busy seasons if growth outpaces systems,Systematize onboarding and planning cadences; build small-team capacity while preserving founder brand,Y,batch_prof_01,2026-01-13,Small but very strong review footprint for specialized tax and advisory work.[web:286][web:287][web:288][web:289],professional-services.csv
garcia_santa_maria,Garcia Santa María,Mr. Eric E. Santa María,305-448-0404,gsmcpas.com,,Coral Gables,professional_services,accounting & consulting,$$$,4.5,Local CPA reviews (low volume),,,,Trusted local CPA firm; long-term relationships; mix of tax and advisory,Limited online review data; discovery relies on referrals and chamber presence,0.65,High,0.7,N,none,None,No visible controversy; simply low digital footprint,advisory_node,Edges into local SMBs and professional practices; links to attorneys and banks,Partner experience; staff accountants; standard CPA tech stack,"Clients expect responsive advisory, not just compliance; automation compresses compliance fees",client_tenure; referral_share; advisory_vs_compliance_revenue,Succession and talent recruitment risk; competition from tech-enabled tax shops,Clarify advisory positioning; capture testimonials; strengthen professional referral pipeline,Y,batch_prof_01,2026-01-13,Conventional local CPA profile with room to surface more proof points online.[file:1],professional-services.csv
miami_cfo,Miami-CFO,Mr. Rich Pototsky,305-676-6977,miami-cfo.com,,Miami,professional_services,fractional CFO,$$$,5.0,Yelp (Miami-CFO),2,,,,High-touch fractional CFO support; praised for helpfulness and detailed guidance,Very few public reviews; positioning overlaps with many generic fractional CFO providers,0.7,High,0.75,N,none,None,Small but strong sentiment; no obvious red flags,advisory_node,Edges into founder-led SMBs and growth companies needing CFO-level guidance; connects with CPAs and bankers,Financial modeling; cashflow management; board-ready reporting; remote tools,Growing awareness of fractional CFO model; economic uncertainty driving better FP&A,engagement_length; repeat_client_share; referral_rate,Revenue sensitivity to downturns; competition from platforms and larger boutiques,Focus on clear niches; publish anonymized case examples; integrate smoothly with existing CPA and banking relationships,Y,batch_prof_01,2026-01-13,professional-services.csv
molieri_group_cpa,The Molieri Group,Ms. Sonia Pascual,786-742-2001,molierigroupcpa.com,,Miami,professional_services,accounting & consulting,$$$,4.5,Local CPA listings (low volume),,,,Boutique CPA group branding; ability to handle accounting needs for SMB clients,Sparse OSINT; unclear specialization and differentiation,0.55,Moderate,0.6,N,none,None,Limited surfaced data beyond generic CPA role,advisory_node,Edges into local small businesses; partners with attorneys and bankers,Partner-led firm; standard accounting platforms,Commoditization of compliance work; clients expecting more advisory insight,client_mix; compliance_vs_advisory_split,Stagnation risk if undifferentiated in middle of market,Clarify niche and sector focus; gather testimonials; consider productized advisory offers,Y,batch_prof_01,2026-01-13,Low-signal boutique CPA where strategy questions are more salient than risk questions.[file:1],professional-services.csv
veridian_hancock_askew,Veridian,Mr. John Lowell,305-928-6822,hancockaskew.com,,Miami,professional_services,regional CPA & advisory (Hancock Askew),$$$,4.2,Employee/client perception across Hancock Askew,,,,"Depth of regional CPA firm; broader bench than solo practices; mix of audit, tax and advisory","Employee reviews note workload and growing pains; issues appear brand-level, not Veridian-specific",0.7,Moderate,0.75,N,none,Operational,Mid-size CPA pressures rather than a discrete scandal,platform_node,Edges into mid-market companies needing audit plus tax; links to banks and PE groups,Regional offices; partner bench; assurance and tax practices,Talent tightness; fee pressure; automation of compliance,staff_turnover; realization_rates; client_retention,Culture strain and mid-level burnout could affect client experience,Invest in people processes; highlight sector specialization; keep client teams stable,Y,batch_prof_01,2026-01-13,Mid-size regional CPA platform; execution quality is the main variable.[file:1],professional-services.csv
zomma_group_llp,"ZOMMA Group, LLP","Mr. Raymond Zomerfeld, CPA",305-444-8288,zommagroup.com,,Coral Gables,professional_services,CPA firm,$$$,4.4,Local CPA and professional listings,,,,Long-established name; partner-level expertise; trusted with complex tax situations,Limited public reviews; succession and partner bandwidth questions over long horizon,0.7,High,0.8,N,none,None,Strong implied reputation from tenure and client base; no obvious public scandals,advisory_node,Edges into business owners and high-net-worth individuals in Coral Gables,Partner experience; specialist tax and assurance knowledge,Increasing tax complexity; client expectations for real-time insight,client_mix_HNW; advisory_share; succession_readiness,Succession and talent pipeline risk; competition from larger branded firms,Articulate succession and leadership plans; attract younger talent; modernize client communication,Y,batch_prof_01,2026-01-13,Established Gables CPA brand where future-proofing is the main theme.[file:1],professional-services.csv
accounting_to_scale,Accounting to Scale,Mr. Daniel Gonzalez,305-503-2814,accountingtoscale.com,,Miami,professional_services,startup-focused accounting,$$$,4.8,SaaS/startup client testimonials,,,,Modern positioning aimed at scaling companies; emphasis on automation and dashboards,Small-firm capacity; risk of overextension if growth is rapid,0.7,High,0.75,N,none,None,No visible red flags; narrative matches tech-forward accounting niche,advisory_node,Edges into startups and tech-enabled SMBs; integrates with VCs and fractional CFOs,Cloud accounting stack; integrations; recurring reporting playbooks,Rise of productized accounting; founders expect real-time metrics,churn_rate; MRR_client_share; tool_stack_reliability,Vendor-dependence on cloud tools; churn if service quality slips,Invest in process automation and clear SLAs; keep founder communication tight,Y,batch_prof_01,2026-01-13,Modern brand aligned with the tech ecosystem; signals opportunity more than risk.[web:296],professional-services.csv
cherry_bekaert_llp,"Cherry Bekaert, LLP",Ms. Arlene Labrador,786-693-6300,cbh.com,,Miami,professional_services,national CPA & advisory,$$$,4.1,Glassdoor / employee platforms,,,,National capabilities; sector-specialized advisory; can support complex clients,Employee reviews flag bureaucracy and workload; standard large-firm issues,0.7,Moderate,0.75,N,none,Operational,Big-firm cultural and process risks; no office-specific scandal surfaced,platform_node,Edges into upper mid-market and institutional clients; interacts with PE and banks,National partner network; specialization; methodology and tech,Fee pressure from mid-market competitors; talent attraction versus Big Four,staff_turnover; engagement_margin; client_growth,Mid-tier clients may feel underserved if focus shifts to largest accounts,Clarify ideal client; invest in local leadership visibility; maintain strong manager layer,Y,batch_prof_01,2026-01-13,Large-regional platform with good capacity; must avoid clients feeling like a small fish.[file:1],professional-services.csv
eisneramper,EisnerAmper,Mr. Michael Nazlis,305-371-6200,eisneramper.com,,Miami,professional_services,national CPA & advisory,$$$$,4.2,Glassdoor / industry chatter,,,,Strong national brand; capable in complex tax and advisory,Big-firm issues on hours and bureaucracy; office-to-office variability,0.7,Moderate,0.75,N,none,Operational,Macro firm-level risks around workload and acquisition integration,platform_node,Edges into PE-backed and complex private companies; links to banks and funds,National network; specialist practice groups; tech platforms,Ongoing CPA consolidation; regulatory scrutiny on assurance,realization_rate; quality_inspection_results; staff_engagement,Execution risk if staff churn or integration issues hit specific offices,Monitor local leadership stability; build redundancy on key accounts,Y,batch_prof_01,2026-01-13,High-capability platform where the main risk is uneven client experience.[file:1],professional-services.csv
ksdt_cpa,"KSDT, CPA",Mr. Eugene Diaz,305-670-3370,ksdtcpa.com,,Miami,professional_services,regional CPA firm,$$$,4.6,Local review platforms / industry perception,,,,Reputed as one of South Florida's larger independent firms; broad service mix,High workloads and recruiting challenges like peers; relatively limited public narrative,0.7,High,0.8,N,none,None,Considered a serious mid-size player; no notable OSINT controversies,platform_node,Edges into mid-sized businesses across sectors; works with banks and advisors,Multiple partners; audit and tax practices; local brand,Regulatory complexity; talent competition; fee pressure,client_retention; staff_tenure; service_line_mix,Risk of being squeezed between boutiques and nationals; culture strain in busy seasons,Maintain strong culture; highlight mid-market focus; invest in automation,Y,batch_prof_01,2026-01-13,Regional firm node viewed as capable with standard execution risks.[file:1],professional-services.csv
blacklane_corporate_travel,Blacklane,Mr. Max Truen,305-684-2519,blacklane.com,,Miami,professional_services,global chauffeur / corporate travel,$$$,4.6,Trustpilot/app store global ratings,,,,Reliable pre-booked black-car service with professional drivers and transparent pricing; strong airport and corporate coverage worldwide,"Some complaints globally about third-party driver variability, wait-time fees and customer support resolution times",0.9,High,0.9,N,none,Infrastructure,No notable Miami-specific red flags; behaves as a global mobility platform with standard gig/logistics issues,platform_node,"Edges into corporate travel programs, hotels and higher-end leisure travelers",Driver network; dispatch platform; API integrations,Corporate travel budgets; rideshare competition; airport rules,on_time_pickup_rate; complaint_rate_on_fees; enterprise_contract_growth,Service lapses or fee surprises can push clients to Uber/Lyft or local car services,Maintain high QA on partner fleets; provide clear SLAs/fee terms to corporate accounts; monitor airport rule changes,Y,batch_pro_01,2026-01-13,"Global chauffeur platform acting as infrastructure for corporate and airport transport; main risks are ops consistency and fee perception, not demand.[web:296]",professional-services.csv
social_bus_company,Social Bus Company,Ms. Daniela Serrano,786-658-9760,socialbuscompany.com,,Miami,professional_services,group transportation / party bus,$$$,4.6,Google/Yelp (low-moderate volume),,,,"Well-reviewed local charter/party bus service for weddings, nightlife and corporate events; clients praise punctuality and fun experience",Highly event-dependent; reputation hinges on driver professionalism and safety; alcohol/party context adds liability risk,0.75,Moderate,0.8,N,none,Operational,No apparent scandals; typical event-transport risk profile,picks_shovels_node,"Edges into wedding planners, hotels, DMCs and nightlife venues",Bus fleet; drivers; event coordination,Tourism and event cycles; DUI/safety regulations,on_time_departure; safety_incident_rate; referral_from_planners,Any safety or severe lateness incident could rapidly harm brand,Maintain strict driver vetting and training; invest in fleet maintenance; clarify alcohol and behavior policies in contracts,Y,batch_pro_01,2026-01-13,"Event-transport picks and shovels"" provider; safety and punctuality are the core risk levers.[web:296]""",professional-services.csv
express_travel_gray_dawes,Express Travel (a Gray Dawes Company),Ms. Olga Ramudo,305-341-1200,expresstravelus.com,,Miami,professional_services,corporate and leisure travel agency,$$$,4.7,Google/client testimonials (B2B-heavy),,,,"Long-standing Miami-based agency now part of Gray Dawes; strong corporate, group and high-touch leisure planning",Industry margin pressures; reliance on key advisors and corporate accounts,0.8,High,0.85,N,none,Reputation,OSINT shows solid professional reputation; no notable public controversies,platform_node,"Edges into corporate travel managers, incentive trips and high-net-worth leisure",GDS/booking platforms; advisor teams; supplier contracts,Airline/OTA competition; agency-consolidation trends,corporate_account_retention; transaction_volume; client_NPS,Loss of major accounts or advisors could materially impact revenue,Deepen value-prop around duty-of-care and policy compliance; invest in tech while preserving white-glove service,Y,batch_pro_01,2026-01-13,"Established agency node now plugged into Gray Dawes; risk is structural to travel-agency economics, not trust.[web:296]",professional-services.csv
overseas_network_travel,Overseas Network,Ms. Tricia Menendez,786-276-8686,overseasnetwork.com,,Miami,professional_services,travel management & tours,$$$,4.5,Google/industry directories (low-moderate volume),,,,Specializes in group and corporate/incentive travel with strong Latin America/Caribbean focus; valued for customization,Exposure to geopolitical and supply-chain shocks in destinations; limited public review footprint,0.7,Moderate,0.8,N,none,Operational,No visible red flags; B2B focus naturally limits consumer-review volume,picks_shovels_node,"Edges into universities, churches, nonprofits and corporations planning group trips",Tour planning; air/land supplier contracts; risk management,Travel-safety concerns; FX shifts; air capacity,group_trip_volume; repeat_org_clients; issue_resolution_rate,A serious incident on a hosted trip or supplier failure could damage reputation,Strengthen risk-assessment and emergency plans; diversify suppliers; document and share safety track record,Y,batch_pro_01,2026-01-13,Group and incentive travel operator; operational risk concentrated in destination and supplier management.[web:296],professional-services.csv
sol_kiss_escapes,Sol Kiss Escapes,Ms. Sylvia Sulkes,305-878-4004,solkissescapes.com,,Miami,professional_services,independent travel advisor (lux/leisure),$$$,4.9,Client testimonials (very low volume),,,,"Boutique advisor crafting customized vacations; clients highlight responsiveness, destination knowledge and personal touch",Single-advisor capacity limits; heavy reliance on founder brand; low-volume public validation,0.65,Moderate,0.75,N,none,Reputation,"OSINT is very positive but thin, typical for independent travel advisors",asset_node,Edges into higher-spend leisure travelers and referred networks,Advising time; supplier relationships,Luxury travel cycles; competition from OTAs and larger agencies,referral_rate; repeat_client_share; trip_value,Health/capacity of founder and relationship concentration risk,Document processes; cultivate backup advisors/host-agency support; focus on deepening existing client lifetime value,Y,batch_pro_01,2026-01-13,Solo luxury travel advisory; resilience depends on process and redundancy around a strong founder brand.[web:296],professional-services.csv
travel_by_design,Travel by Design Inc.,Ms. Lee Lennon,305-443-5441,travelsbydesign.net,,Coral Gables,professional_services,boutique travel agency,$$$,4.6,Google/agency reviews (low-moderate volume),,,,"Custom itineraries for leisure, honeymoons and small groups; praised for personalized planning",Market crowded with online DIY tools; booking fees sometimes questioned by price-sensitive clients,0.75,Moderate,0.8,N,none,Reputation,No visible controversies; typical boutique-agency strengths and pressures,asset_node,"Edges into higher-touch leisure travel, wedding planners and local professionals",Human advisors; GDS; supplier contracts,Airline/OTA pressures; macro travel demand,client_retention; average_trip_value; share_of_referrals,Exposure to economic downturns and air/OTA competition,"Highlight risk management and time savings; niche into complex, high-stakes trips where DIY is risky",Y,batch_pro_01,2026-01-13,Local boutique travel shop; moat is service and expertise vs online DIY.[web:296],professional-services.csv
lm_engraving_trophies,L & M Engraving & Trophy Company,Mr. Sandy Liebowitz,305-273-7607,,Miami,professional_services,"trophies, plaques & engraving",$$,4.5,Google/word-of-mouth (low volume),,,,"Local source for trophies, plaques and engraving; valued for speed and customization",Small operation; deadline-driven work vulnerable to errors and delays,0.7,Moderate,0.75,N,none,Operational,No online red flags; risk is operational under event timing pressure,picks_shovels_node,"Edges into schools, leagues, chambers and corporations",Engraving equipment; stock awards; design setup,Seasonal award cycles; supply of blanks,on_time_delivery; misprint_rate; repeat_org_clients,Late or wrong awards can permanently damage institutional relationships,Standardize proofs; push earlier order cutoffs; maintain backup inventory for common items,Y,batch_pro_01,2026-01-13,Classic awards/engraving vendor serving as picks-and-shovels for recognition events.[web:296],,professional-services.csv
michelsons_trophies,Michelson's Trophies,Mr. Efraim Lapscher,305-687-9898,goawards.com,,Miami,professional_services,"awards, trophies & promo",$$,4.4,Google/Yelp (brand-level),,,,Larger awards/promotions shop with online ordering; broad catalog beyond trophies,Occasional complaints about errors or customer service responsiveness in web orders,0.8,Moderate,0.85,N,none,Operational,Standard medium-size awards vendor profile,picks_shovels_node,"Edges into schools, sports, corporate recognition and events nationwide",E-commerce platform; engraving/printing; inventory,Event cycles; online competition; shipping reliability,on_time_ship_rate; customer_support_CSAT; rework_rate,Mistakes on engraved items and shipping delays are key reputation risks,"Invest in QA, order tracking and proactive communication; differentiate via design and service, not just price",Y,batch_pro_01,2026-01-13,Scaled awards platform with standard e-com fulfillment risks.[web:296],professional-services.csv
upgrade_education_solutions,"UpGrade Education Solutions, LLC",Ms. Estelle Lockhart,305-772-1811,UpGradeEducation.org,,Miami,professional_services,tutoring & educational consulting,$$$,4.8,Parent testimonials (low volume),,,,One-on-one and small-group tutoring with focus on tailored learning plans; serves K-12 and test prep,Small team; outcomes depend heavily on match between tutor and student; thin public review data,0.65,Moderate,0.75,N,none,Reputation,"Signal is positive but sparse, which is typical for boutique tutoring practices",asset_node,Edges into families seeking remediation or enrichment; may connect to schools/psychologists,Tutors; curricula; online tools,School calendar; test-policy changes; local demographics,parent_renewal_rate; score_gain_metrics; referral_share,Dependence on a few key tutors and founder for quality control,Codify methodology; track outcomes; build small bench of vetted tutors to reduce key-person risk,Y,batch_pro_01,2026-01-13,Boutique tutoring node; quality and scalability depend on personnel depth and structured methods.[web:296],professional-services.csv
att_corporate,AT&T,Ms. Thais Asper Keane,305-347-5454,att.com,,Miami,professional_services,telecom & connectivity provider,$$$,2.8,Consumer sentiment indices / app store,,,,"Major wireless, internet and enterprise telecom provider with extensive infrastructure","Frequent consumer complaints about billing, customer service and reliability; subject to regulatory scrutiny and competition",0.95,High,0.95,Y,warning,Reputation,Systemic legacy complaints rather than local-specific scandal[web:296],infrastructure_node,Edges into nearly all local businesses and residents needing connectivity,Fiber/wireless networks; enterprise contracts,5G and fiber rollouts; regulatory policy; cable/mobile competition,churn_rate; outage_incidents; NPS,Service outages or poor support can push enterprises to rival carriers,Use as macro telecom-infrastructure context; encourage redundancy and SLAs for mission-critical users,Y,batch_pro_01,2026-01-13,Large telecom platform with familiar service-frustration risk profile.[web:296],professional-services.csv
fpl_utility,Florida Power & Light,Mrs. Addys Kuryla,305-442-5430,fpl.com,,Florida,professional_services,electric utility,$$,3.2,Regulatory/consumer sentiment composites,,,,Primary regulated electric utility for much of Florida; strong grid-investment narrative,"Public criticism over storm response, rate hikes and rooftop-solar policy; exposed to climate and regulatory risk",0.95,High,0.95,Y,warning,Regulatory,Long-term regulatory and climate risk more salient than day-to-day service trust[web:296],infrastructure_node,Edges into every residence/business as monopolistic utility,"Generation, transmission, distribution infrastructure",Hurricane risk; decarbonization policies; rate cases,SAIDI/SAIFI; storm_recovery_time; rate_approval_outcomes,Storm or policy failures can damage reputation and drive regulatory backlash,Encourage resilience planning for customers; monitor rate/capex decisions as macro risk factor,Y,batch_pro_01,2026-01-13,Core power infrastructure node with intrinsic regulatory and climate exposure.[web:296],professional-services.csv
goodvets_animal_hospital,Animal Hospital GoodVets,Dr. Emily Abraham,305-522-6100,goodvets.com,,Coral Gables,professional_services,veterinary clinic,$$$,4.7,Google/Yelp (GoodVets brand/locations),,,,Modern veterinary practice with emphasis on transparent pricing and compassionate care; clean facilities and tech-enabled communication,Costs higher than legacy clinics; some locations get occasional scheduling or wait-time complaints,0.8,High,0.85,N,none,Reputation,Brand-level OSINT is positive; no Gables-specific negative coverage found,asset_node,Edges into pet-owning households and rescue groups; interacts with pet-insurance providers,Exam rooms; diagnostics; surgery; digital records,Pet adoption trends; pet-inflation; vet labor shortage,new_client_growth; recurring_visit_rate; review_trend,Recruitment/retention of vets and techs is primary constraint,Keep staff culture strong; offer clear estimates and communication; manage appointment flow tightly,Y,batch_pro_01,2026-01-13,Contemporary vet node where staffing and pricing communication are the key levers.[web:296],professional-services.csv
tb_media_group,TB Media Group,Ms. Tamika Bickham,786-350-8395,tbmediagroup.com,,Miami,professional_services,video production & storytelling,$$$,5.0,Google/client testimonials (low-moderate volume),,,,"Specializes in brand storytelling, doc-style content and social video; clients praise professionalism and narrative quality",Boutique capacity; revenue concentration in a small client base; project work cyclical,0.75,High,0.8,N,none,Reputation,OSINT sentiment is strongly positive among visible clients,asset_node,"Edges into nonprofits, healthcare, municipalities and brands needing content",Cameras/edit bays; strategy; post-production,Shift to in-house content teams; AI video tools,repeat_client_rate; project_size_distribution; referral_share,Economic downturns and DIY/AI content could pressure budgets,"Differentiate on strategy and storytelling; build retainer-style relationships; selectively use AI to improve margins, not replace value",Y,batch_pro_01,2026-01-13,Story-driven video boutique with strong reviews; strategic depth and client diversification are key.[web:296],professional-services.csv
videoworks_miami,Videoworks LLC,Mr. Neto Almanza,956-639-2910,videoworks.miami,,Miami,professional_services,video & live-event production,$$$,4.6,Client testimonials (low volume),,,,"Produces corporate, event and commercial video with on-site production; flexible small team",Public review footprint limited; project work can be feast-or-famine,0.65,Moderate,0.75,N,none,Operational,No red flags; normal small-production-house volatility,asset_node,"Edges into events, businesses and agencies needing video",Cameras; editing; streaming gear,Event and marketing cycles; competition from freelancers,utilization_rate; mix_of_corporate_vs_event_work; repeat_clients,Revenue volatility and key-person dependence,Build relationships with agencies and venues; create packaged offerings; document processes to onboard freelancers smoothly,Y,batch_pro_01,2026-01-13,Small production shop; resiliency depends on repeat corporate work and partnerships.[web:296],professional-services.csv
bevi_water_filtration,Bevi,Mr. Jose Sanchez,305-492-9369,bevi.co,,Miami,professional_services,smart water dispensers (B2B),$$$,4.7,G2/Capterra/product reviews (brand-level),,,,"IoT water dispensers with flavored, filtered water; offices and facilities like sustainability angle over bottled water","Hardware reliability, filter logistics and app/connectivity issues can cause frustration; highly B2B, so lost accounts matter",0.9,High,0.9,N,none,Infrastructure,Well-known office-water platform; standard hardware-as-a-service risks,picks_shovels_node,"Edges into offices, co-working, hospitality and multifamily",Machines; filters; telemetry; service teams,Return-to-office patterns; ESG and plastic reduction trends,device_uptime; account_churn; liters_dispensed,Recurring-revenue model hinges on uptime and support quality,Ensure strong local service capacity; articulate ESG and cost advantages vs bottled water; monitor telemetry for proactive maintenance,Y,batch_pro_01,2026-01-13,Office-water infrastructure node; reliability is the core risk dimension.[web:296],professional-services.csv
pure_water_factory_dup2,"Pure Water Factory, LLC",Mr. Elliot Durant,213-810-2513,purewaterfactorymiami.com,,Miami,professional_services,water purification & delivery,$$,4.6,Local Google/business reviews (low-moderate volume),,,,"Provides purified water, dispensers and refills for homes and businesses; customers cite good taste and friendly service",Brand awareness limited; operations sensitive to route planning and equipment uptime,0.75,Moderate,0.8,N,none,Operational,Duplicate of previous Pure Water Factory node from retail batch[web:296],picks_shovels_node,"Edges into households, offices and hospitality users",Refill station or route delivery; filtration systems,Competition from bottled water and other services,delivery_on_time_rate; equipment_failure_rate; contract_renewal,Same logistics/uptime risk profile as earlier,Deduplicate with earlier Pure Water Factory record; treat as single water-service entity,Y,batch_pro_01,2026-01-13,Duplicate listing; unify with prior Pure Water Factory row in final union.[web:296],professional-services.csv
azzendo_wealth_advisors,Azzendo Wealth Advisors,Mr. Alejandro Grillo,305-648-9814,azzendo.com,,Coral Gables,professional_services,independent RIA / wealth management,$$$$,5.0,Google/client testimonials (very low volume),,,,Boutique fiduciary advisory with planning-led approach; clients emphasize responsiveness and education,Low public-review volume; AUM concentrated in a relatively small book; key-person risk around lead advisors,0.7,Moderate,0.8,N,none,Reputation,OSINT positive but thin as expected for small RIA,asset_node,Edges into professionals and business owners seeking non-wirehouse advice,Fee-based advisory; custodians; planning tools,Market volatility; regulatory shifts; pricing pressure,AUM_growth; client_retention; complaint_or_regulatory_records,Market drawdowns and succession without clear plan could challenge retention,Clarify succession and team depth; keep communication strong in downturns; lean into planning and tax-coordination value,Y,batch_pro_01,2026-01-13,Small fiduciary RIA with good sentiment; resilience depends on advisor bench and client communication.[web:296],professional-services.csv
benesch_investment_group,Benesch Investment Group,Ms. Holly Croxall Barnhart,786-607-4050,beneschinvestmentgroup.com,,Miami,professional_services,investment advisory / RIA,$$$$,4.8,Client testimonials (low-moderate volume),,,,Advisory group emphasizing customized portfolios and planning; associated with CPA/consulting background,Limited independent reviews; information skewed toward firm-controlled content,0.7,Moderate,0.8,N,none,Reputation,No evident red flags; signal thin but positive,asset_node,Edges into higher-net-worth households and small institutions,Portfolio management; planning; custodian relationships,Market cycles; fee competition; fiduciary regulation,AUM_per_client; retention; regulatory_filings,Market shocks and concentration in particular client segments,Maintain diversified client base; reinforce communication and planning around volatility,Y,batch_pro_01,2026-01-13,Professional advisory shop with standard RIA risk profile; trust hinges on performance and transparency.[web:296],professional-services.csv
bowden_merrill_lynch,Bowden Wealth Management Group at Bank of America / Merrill Lynch,Mrs. Amber Bowden,305-347-2535,advisor.ml.com/sites/fl/miami-brickell/bowden-associates,,Miami/Brickell,professional_services,wirehouse advisory team,$$$$,4.3,Internal/third-party advisor ratings (low public consumer reviews),,,,Part of Merrill Lynch platform with access to wide product shelf and bank integration; stability and brand recognition,Wirehouse model can involve complex fee structures and conflicts; reputational drag from broader bank issues,0.85,High,0.9,N,none,Reputation,No team-specific scandals located; overall Merrill brand subject to typical big-bank critiques,platform_node,"Edges into higher-net-worth clients, corporate execs and business owners",Bank/brokerage platform; lending; planning,Regulatory scrutiny; shift toward independent RIAs,net_new_assets; fee_compression; client_complaints,"Fee and product-complexity risk, especially in volatile markets",Emphasize transparency and planning value; minimize proprietary-product bias; maintain high touch in drawdowns,Y,batch_pro_01,2026-01-13,Wirehouse advisory node with strong platform but classic big-bank perception challenges.[web:296],professional-services.csv
coral_gables_trust_co,Coral Gables Trust Company,Mr. John W. Harris,786-497-1212,cgtrust.com,,Coral Gables,professional_services,trust company & wealth management,$$$$,3.7,"Yelp (very low count, polarized)",2,NA,"Firm website, MapQuest profile, EEOC settlement coverage","Positioned as largest independent trust company headquartered in South Florida, offering fiduciary, investment and estate services; one Yelp review praises knowledge and team","Another detailed Yelp review accuses the firm of incompetence, rudeness and padded fees; firm agreed to pay $180,000 in 2018 to settle an EEOC sexual-harassment lawsuit, indicating past internal-culture issues",0.9,High,0.9,Y,warning,Regulatory,At least one serious EEOC case alongside mixed client feedback suggests non-trivial governance and culture risk[web:459][web:460][web:461][web:463],platform_node,"Edges into HNW families, trusts and estates, often locally rooted; interacts with Schwab custodian and legal advisors",Trust administration; portfolio mgmt; estate planning,Regulatory oversight; demographic wealth transfer; competition from banks and RIAs,complaint_narratives; EEOC_and_regulatory_history; AUM_growth,Reputational drag among sophisticated clients if service/integrity concerns persist,Review regulatory filings and any follow-on litigation; assess current leadership and controls before deep partnerships,Y,batch_pro_01,2026-01-13,Independent trust platform with attractive positioning but non-trivial historical EEOC and perception risks to monitor.[web:459][web:460][web:461][web:463],professional-services.csv
evensky_katz_foldes,Evensky & Katz / Foldes Financial Wealth Management,Mr. David Evensky,305-448-8882,evenskykatz.com,,Coral Gables,professional_services,fee-only financial planning & wealth management,$$$$,4.7,NerdWallet/industry mentions & client reviews,,,,Nationally recognized pioneer in fee-only financial planning; strong fiduciary branding and thought leadership,Higher minimums and fees than mass-market providers; growth partly tied to succession and maintaining culture,0.9,High,0.9,N,none,Reputation,OSINT shows strong professional standing and clean reputation,platform_node,"Edges into higher-net-worth, planning-focused households; influential among advisory peers",Planning teams; investment committees; RIA infrastructure,Fee compression; competition from robo/advice-lite offerings,AUM_growth; media_and_speaking_presence; client_retention,Failure to maintain talent pipeline and innovation could erode leadership position,Invest in next-gen advisors; keep tech stack competitive; continue publishing/education to reinforce brand,Y,batch_pro_01,2026-01-13,"High-reputation fiduciary RIA with strong brand; primary risk is succession and differentiation, not trust.[web:296]",professional-services.csv
invenio_wealth_partners,Invenio Wealth Partners,Mr. Joseph Fernandez,305-570-2059,inveniowealth.com,,Miami,professional_services,wealth management / RIA,$$$$,5.0,Google/client testimonials (very low volume),,,,Boutique advisory positioning on personalized planning and investing; modern web presence,Very limited third-party data; standard key-person and concentration risk,0.65,Moderate,0.75,N,none,Reputation,Signal is positive but thin as expected for smaller firm,asset_node,"Edges into professionals, entrepreneurs and families in Miami",Planning tools; custodians; investment models,Market volatility; regulatory scrutiny; competition,AUM_growth; client_concentration; compliance_records,Market drawdowns or any compliance misstep would be magnified given small scale,Maintain strong documentation and compliance; diversify client base; lean into planning and tax/cash-flow value,Y,batch_pro_01,2026-01-13,Emerging RIA with low but positive signal; resilience depends on process maturity and diversification.[web:296],professional-services.csv
morgan_stanley_wealth_miami,Morgan Stanley Wealth Management (Miami contact),Mr. Carlos Shteremberg,786-848-3054,morganstanley.com,,Miami,professional_services,wirehouse wealth management,$$$$,3.9,Consumer sentiment for wirehouses (composite),,,,"Global investment bank/wealth manager with deep product shelf, research and lending capabilities","Industry-wide concerns around fees, product complexity and occasional misconduct scandals at large firms",0.95,High,0.95,Y,warning,Reputation,"No individual-advisor issue surfaced, but large-firm systemic risk applies",platform_node,"Edges into HNW, UHNW and institutional clients; heavy integration with capital markets",Advisory platform; investment banking; lending,Regulatory shifts; market shocks; shift toward independents,net_new_assets; enforcement_actions; fee_pressure,Reputational events or conflicts in other divisions can spill into local wealth business,"Encourage clients to demand transparency, simple fee structures and true fiduciary behavior where possible",Y,batch_pro_01,2026-01-13,Global wirehouse node with typical big-bank risk/benefit tradeoffs.[web:296],professional-services.csv
vim_wealth_management,VIM Wealth Management,Mr. Vonnell Martinez,305-905-8950,vimwealthmanagement.com,,Miami,professional_services,independent wealth advisory,$$$$,5.0,Google/client testimonials (very low volume),,,,Boutique advisory with planning and investment focus; clients highlight accessibility and personal attention,Very small public footprint; key-person dependence on founding advisor,0.65,Moderate,0.75,N,none,Reputation,OSINT limited but favorable,asset_node,Edges into local professionals and families,RIA platform; custodians; planning software,Market swings; small-firm operational risk,AUM_per_client; referral_rate; compliance_history,Concentration in one advisor and a small client book,Clarify continuity plans; build small team/support network; reinforce communication around volatility,Y,batch_pro_01,2026-01-13,Very small but well-reviewed advisory; key-person risk is central variable.[web:296],professional-services.csv
optfirst_inc_dup,OptFirst Inc.,Mr. John Kriney,305-401-4983,optfirst.com,,Miami,professional_services,digital marketing & web dev,$$$,4.9,Google/Clutch-style reviews (low-moderate volume),,,,"SEO, PPC, web development and design for local and national clients; reviews emphasize responsiveness and results","As with many agencies, expectations and ROI alignment can be challenging; thin independent verification beyond testimonials",0.8,High,0.85,N,none,Reputation,Duplicate of earlier OptFirst entry in marketing/tech batch[web:296],platform_node,"Edges into SMBs, professional services and e-commerce",Marketing strategists; dev team; ad platforms,Algorithm changes; ad-market shifts; AI tooling,client_LTV; churn_rate; channel_mix,Overpromising vs underdelivering on performance could hurt referral engine,"Deduplicate with prior OptFirst row; actions around measurement, transparency and niche focus still apply",Y,batch_pro_01,2026-01-13,Duplicate OptFirst node; keep single consolidated record.[web:296],professional-services.csv
hydrology_wellness_spa,Hydrology Wellness,Dr. Alexander Zuriarrain,305-798-2453,hydrologywellness.com,,Coral Gables,professional_services,"wellness spa (infrared, red light, lymphatic, aesthetics)",$$$,4.5,"Yelp (small count, mixed details)",12,5.0,EzRepute composite (305 reviews),"Guests frequently praise beautiful, clean space, private rooms and attentive staff for infrared sauna, lymphatic massage and other services; aggregated review platforms show very high average scores","One detailed Yelp review notes excessive noise during a spa visit due to owner's social gathering and lack of lockers, suggesting gaps between brand promise of relaxation and actual behavior; dependence on medispa trends",0.9,High,0.9,Y,warning,Reputation,OSINT shows strong overall satisfaction with isolated but credible concerns about atmosphere management and operations[web:334][web:337][web:333][web:468],asset_node,"Edges into post-surgical clients, wellness enthusiasts and beauty consumers","Infrared, cold plunge, red light, lymphatic massage, injectables",Wellness-spend cycles; competition from other medispas/gyms,"rating_distribution; repeat_visit_rate; complaint_themes(noise,privacy)","If noise/atmosphere issues persist, brand may be seen as pretty-but-not-relaxing, undermining premium positioning",Enforce strict spa etiquette including owner behavior; tighten locker and flow logistics; keep investing in staff training and consistency,Y,batch_pro_01,2026-01-13,High-demand wellness spa with excellent reviews overall; must guard the relaxation promise through better atmosphere controls.[web:334][web:337][web:333][web:468],professional-services.csv
pause_studio_coral_gables,Pause Studio Coral Gables,Mr. Jonathan Culp,513-509-8478,pausestudio.com/coralgables,,Coral Gables,professional_services,recovery & wellness studio,$$$,4.8,ClassPass/Google style ratings (brand-level),,,,"Offers modalities like contrast therapy, red light and compression for recovery and stress relief; modern, design-forward environment",Concept still niche; membership and utilization needed to cover high fixed costs; limited long-term review data for Gables location,0.75,Moderate,0.8,N,none,Reputation,Brand-level sentiment positive; location is relatively new,asset_node,"Edges into athletes, busy professionals and wellness-focused residents",Cold plunge; sauna; compression; memberships,Wellness and fitness trends; macro discretionary spend,membership_uptake; visit_frequency; modality_mix,"If local demand for structured recovery remains niche, occupancy could lag expenses",Partner with gyms and teams; run intro offers; track utilization and adjust hours/modalities accordingly,Y,batch_pro_01,2026-01-13,Recovery-focused wellness node; economics hinge on recurring usage by a focused but growing segment.[web:296],professional-services.csv
vanity_point_wellness,"Vanity Point & Wellness, LLC",Ms. Melissa Hernandez Rospigliosi APRN,305-799-4576,vanitypointwellness.com,,Miami,professional_services,aesthetic & wellness clinic,$$$,4.9,Google/Instagram testimonials (low-moderate volume),,,,"Offers injectables, facial aesthetics and wellness services; clients praise bedside manner and natural results",Medical-aesthetics sector carries inherent complication and regulatory risk; outcomes and satisfaction highly practitioner-dependent,0.8,Moderate,0.85,N,none,Reputation,No specific red flags surfaced; risk is typical for small aesthetics clinics,asset_node,Edges into beauty-conscious residents and influencers,APRN-led injectables; skincare; wellness modalities,Medspa saturation; regulatory oversight; social-media-driven expectations,before_after_engagement; review_trend; complication_or_complaint_rate,Any visible complication or regulatory issue could hurt trust quickly,Maintain conservative practice standards; ensure robust consent and follow-up; curate realistic marketing,Y,batch_pro_01,2026-01-13,Aesthetics/wellness micro-clinic where practitioner skill and conservative standards are key to durable reputation.[web:296],professional-services.csv
wine_41_concierge,Wine 41,Mr. Luis Montoto,786-429-3957,wine41.com,,Miami/Coral Gables,professional_services,wine concierge & retail,$$$,4.8,Google/Vivino and client notes (low-moderate volume),,,,"Curated wine selection with concierge services, events and possibly storage; appreciated for knowledgeable recommendations",Limited awareness outside enthusiast circles; inventory and storage capital-intensive,0.75,Moderate,0.8,N,none,Reputation,OSINT is positive among wine-focused clientele,asset_node,"Edges into collectors, restaurants and high-end consumers",Inventory; tastings; potential cellar services,Wine-demand cycles; FX for imports; competition from chains and online,event_attendance; average_bottle_price; repeat_client_rate,Inventory risk and small TAM in any one neighborhood,Deepen relationships with collectors and sommeliers; host educational events; manage stock with data on client preferences,Y,batch_pro_01,2026-01-13,Wine concierge/retail hybrid; moat is knowledge and relationships rather than price.[web:296],professional-services.csv
shop_origen,Shop Origen Corp.,Ms. Elisa Londono,305-934-1270,shop-origen.com,,Miami,professional_services,women's accessories & lifestyle,$$$,4.7,Shop reviews and social (low-moderate volume),,,,Curated accessories and lifestyle goods with Latin-American/boho sensibility; strong visual branding online,DTC/boutique space is crowded; small-scale logistics and inventory risk,0.7,Moderate,0.8,N,none,Reputation,No red flags; fits pattern of aesthetically strong indie brand,asset_node,Edges into fashion-forward local shoppers and online followers,Boutique + e-com; social media,Fashion cycles; paid-media costs,online_vs_store_sales; repeat_purchase_rate; return_rate,Dependence on founder taste and social reach; margin pressure from returns and shipping,Focus on hero SKUs; build community via events and collabs; maintain tight buying and inventory control,Y,batch_pro_01,2026-01-13,Indie accessories brand where curation and community are the primary assets.[web:296],professional-services.csv
yoga_joint_coral_gables,Yoga Joint Coral Gables,Mr. Renaldo Roberson,718-913-4990,yogajoint.com/coral-gables,,Coral Gables,professional_services,heated yoga & fitness studio,$$$,4.9,ClassPass (Coral Gables),24,4.4,Employee reviews for Yoga Joint Studios,"Members praise challenging FIIT-45 and yoga classes, clean facilities and energetic instructors; ClassPass ratings are very high for Gables","Employee reviews for the broader chain mention low pay, cliquey culture and management gaps at some locations; heated format not suitable for all clients",0.9,High,0.9,Y,warning,Workplace,"Customer-facing reviews are excellent, but staff feedback suggests internal culture/compensation pressures[web:469][web:464][web:466][web:470]",asset_node,"Edges into fitness-focused residents who like structured, intense classes",Heated yoga rooms; FIIT classes; memberships,Fitness trends; competition from gyms and other studios,membership_churn; class_fill_rate; staff_turnover,Burnout and staff dissatisfaction could eventually affect member experience,Monitor staff turnover and morale; keep transparent pay and expectations; maintain strong coaching quality and safety practices,Y,batch_pro_01,2026-01-13,High-rated heated-yoga studio; main long-term risk is staff culture and compensation rather than demand.[web:469][web:464][web:466][web:470],professional-services.csv
zoo_miami_foundation,Zoo Miami Foundation,Ms. Natalie Canelas,305-255-5551,zoomiami.org,,Miami,professional_services,zoo attraction nonprofit,$$,4.6,Google/Tripadvisor (Zoo Miami),,,,"Supports Zoo Miami through fundraising, membership and programs; Zoo itself is a major regional family attraction","Subject to weather, heat and occasional animal-welfare scrutiny; funding cycles tied to tourism and philanthropy",0.9,High,0.9,N,none,Impact,Zoo Miami is well-regarded overall with standard modern-zoo debates,cultural_node,"Edges into families, schools, tourists and conservation community",Memberships; events; donor programs,Tourism trends; conservation/animal-welfare expectations,attendance; membership_growth; fundraising_total,Extreme weather or high-profile animal incidents could impact visitation and donations,Invest in shade and experience upgrades; communicate conservation work; maintain strong welfare and safety standards,Y,batch_pro_01,2026-01-13,Conservation/attraction node important for regional families and tourism; environmental and welfare expectations shape risk.[web:296],professional-services.csv
new_edge_associates,New Edge Associates,Mr. Norman Isaza,786-447-9323,newedgeassociates.com,,Miami,professional_services,talent acquisition firm (banking & finance),$$$,4.6,TalentBusinessPartners/LinkedIn reputation (B2B context),,,,Specializes in banking and financial-services recruiting with 20+ years of experience; recognized in regional finance community and forums,No public client-review base; dependent on relationships in cyclical financial sector; limited transparency into candidate experience,0.8,Moderate,0.85,N,none,Reputation,"OSINT shows positive professional positioning, not consumer-scale review volume[web:472][web:473][web:474][web:481]",picks_shovels_node,"Edges into banks, credit unions and financial firms building teams; connects with industry events and forums","Search process, candidate networks, industry knowledge",Banking cycle; regulatory shifts; competition from larger search firms,number_of_searches; repeat_client_share; placement_retention,Downturns in financial hiring or failure on a few key searches could hurt reputation rapidly,Deepen niche positioning in specific finance verticals; track placement outcomes; maintain visible contribution to industry forums,Y,batch_pro_02,2026-01-13,Finance-focused talent firm functioning as picks-and-shovels to regional banks; main risks are sector cyclicality and relationship concentration.[web:472][web:473][web:474][web:481],professional-services.csv
prowork_us,PROWORK US - Multinational Talent Acquisition Company,Ms. Diana Rendon,305-531-0838,prowork.us,,Miami,professional_services,multinational recruiting & staffing,$$$,4.5,Client/candidate testimonials (low volume),,,,"Provides recruiting and staffing solutions for multinational firms, including bilingual talent; positions itself as cross-border specialist",Sparse third-party review data; complex immigration and compliance landscape adds operational risk,0.7,Moderate,0.8,N,none,Operational,OSINT shows a standard boutique cross-border recruiter profile without visible scandals,picks_shovels_node,Edges into multinational employers and globally mobile professionals,Recruiters; immigration-aware processes; employer network,Immigration rules; FX and macro hiring cycles,time_to_fill; cross_border_placement_share; client_retention,Policy changes or compliance missteps in cross-border placements could be costly,Stay tightly aligned with immigration/legal partners; emphasize niche expertise and compliance; diversify across sectors,Y,batch_pro_02,2026-01-13,Cross-border talent provider; value hinges on immigration-savvy execution and resilient client base.[web:296],professional-services.csv
regis_remote_office,Regis Remote Office Solutions,Mr. Julian Valiente,786-875-8511,regisro.com,,Miami,professional_services,remote staffing & virtual assistants,$$$,4.5,Client-platform reviews (similar to Edge-type services),,,,Matches remote CSR and back-office staff to US businesses; clients praise bilingual talent and integration in analogous models,"Thin direct-review trail; model sensitive to quality control, time zones and management of remote staff",0.65,Moderate,0.75,N,none,Operational,OSINT limited but peer models show both strong potential and QC risk[web:478],picks_shovels_node,"Edges into agencies, SMBs and startups offshoring support roles",Recruitment pipeline; training; monitoring tools,Remote-work normalization; wage arbitrage; AI automation,client_renewal; performance_scores; attrition_of_VAs,Poor screening or oversight could erode trust quickly; AI tools may commoditize simpler tasks,Screen heavily for communication and reliability; specialize in higher-value remote roles; integrate QA and metrics into client reporting,Y,batch_pro_02,2026-01-13,Remote-talent facilitator; sustainability depends on QA and focusing on tasks not easily automated.[web:478],professional-services.csv
ttg_talent_solutions,ttg.Talent Solutions,Mr. Luis Guardamiro,786-796-2795,usattg.com,,Miami,professional_services,recruiting & staffing (multi-sector),$$$,4.5,Google/LinkedIn sentiment (low-moderate volume),,,,"Staffing and recruiting for healthcare, finance, logistics and more; bilingual and LATAM-connected team",Competitive market; candidate and client experiences vary by recruiter; limited independent rating depth,0.7,Moderate,0.8,N,none,Reputation,No strong negative OSINT; appears as a standard mid-sized staffing player,picks_shovels_node,"Edges into hospitals, logistics firms, finance and corporate HR",Recruiter bench; ATS; client network,Sector hiring cycles; wage dynamics; competition from nationals,time_to_fill; fill_rate; repeat_client_ratio,Margin and relationship pressure in downturns or if placement quality wavers,Clarify vertical niches; keep strong candidate vetting; publish case studies and metrics to stand out,Y,batch_pro_02,2026-01-13,Multi-sector staffing node in Miami; needs clear niche and reliable delivery to distinguish itself.[web:296],professional-services.csv
bliss_imprints_dup2,Bliss Imprints & Gifts,Mr. Eddy Martinez,305-661-2030,blissimprints.com,,Miami,professional_services,"stationery, gifts & printing",$$,4.5,Google/business references (low volume),,,,"Customized printing, promotional products and gifts; flexible local vendor",Deadline and quality pressure typical of print/promo sector,0.7,Moderate,0.75,N,none,Operational,Duplicate of earlier Bliss Imprints entry in retail batch[web:296],picks_shovels_node,"Edges into corporate gifting, events, schools and nonprofits",Print/engraving equipment; design support,Event cycles; supply chain for blanks,on_time_delivery_rate; remake_rate; B2B_repeat_client_share,Same configuration of deadline risk as previously noted,Deduplicate with earlier Bliss Imprints row; treat as single promo/printing node,Y,batch_pro_02,2026-01-13,Duplicate; use one Bliss Imprints record in final union.[web:296],professional-services.csv
onyx_ink_print,Onyx Ink,Mr. Sergio Andres Reyes,305-394-8500,onyx-ink.com,,Miami,professional_services,"design, stationery & printing",$$,4.8,Client testimonials/Instagram (low-moderate volume),,,,"Boutique design and print studio specializing in invitations, branding and specialty stationery; praised for creativity and responsiveness",Highly bespoke work is time-intensive; production and proofing errors can be costly on wedding/event jobs,0.75,Moderate,0.8,N,none,Operational,"OSINT is positive but low-volume, as typical for boutique print/design shops",asset_node,"Edges into weddings, small businesses and events that need premium design",Design expertise; print vendor relationships,Event/wedding cycles; DIY/template competition,referral_rate_from_planners; reprint_rate; average_order_value,High stakes on deadlines and accuracy; overreliance on a small creative team,Codify proofing workflows; build planner/venue partnerships; price to reflect true time and risk,Y,batch_pro_02,2026-01-13,Boutique print/design house; moat is creative quality and service vs mass online printers.[web:296],professional-services.csv
intermedia_touch,Intermedia Touch Inc.,Mrs. Cristina Miller,305-517-3894,intermediatouch.com,,Miami,professional_services,interactive technology & digital signage,$$$,4.6,Case studies/industry recognition (low consumer reviews),,,,"Creates interactive kiosks, digital signage and gamified experiences for casinos, museums and enterprises; known for technical capabilities",Project-based revenue; hardware/software complexity; limited public review base,0.8,High,0.85,N,none,Operational,Recognized niche integrator with typical project and tech-stack risk,platform_node,"Edges into casinos, museums, QSR/retail and corporate environments",Software dev; hardware integration; content,Capex cycles; tech obsolescence; competition from large integrators,project_backlog; repeat_client_share; system_uptime,Delays or unstable deployments can damage relationships; rapid tech changes require ongoing R&D,Focus on narrow verticals where expertise is deepest; maintain strong SLAs; invest in reusable IP,Y,batch_pro_02,2026-01-13,Specialized interactive-tech integrator; success depends on execution quality and vertical focus.[web:296],professional-services.csv
digital_bay_tech,Digital Bay Tech | Smart Home Automation,Mr. Roger Winnik,786-727-2190,digitalbaytech.com,,Miami,professional_services,smart home & AV integration,$$$,4.8,Google/HomeAdvisor style reviews (low-moderate volume),,,,"Installs smart-home, AV and networking solutions; customers praise responsiveness and post-install support","Complexity of vendor ecosystems (Sonos, Control4, etc.) makes support burdensome; small-team capacity constraints",0.8,Moderate,0.85,N,none,Operational,OSINT indicates good client experiences; no major negative pattern surfaced,asset_node,"Edges into higher-income homeowners, designers and builders",Design/installation; vendor certifications,Housing/renovation cycles; product ecosystems,referral_from_designers; service_call_rate; project_size_distribution,Hardware failures or poor handoff to clients can lead to frustration and callbacks,Standardize on trusted ecosystems; document systems; offer service contracts to smooth revenue,Y,batch_pro_02,2026-01-13,Smart-home integrator node; key is long-term support and clear documentation for non-technical clients.[web:296],professional-services.csv
fis_global,FIS Global,Ms. Erica Landivar,NA,fisglobal.com,,Miami/global,professional_services,fintech & core banking technology,$$$$,3.9,Glassdoor/client sentiments (platform-level),,,,"Major provider of core banking, payments and financial software globally; systemic vendor to banks and merchants","Complex, legacy-heavy product stack; integration challenges; periodic client complaints about support and innovation pace",0.95,High,0.95,Y,warning,Infrastructure,"Macro-critical vendor; risk tied to outages, cyber and technical debt more than local issues[web:296]",platform_node,Edges into virtually all financial institutions and merchants in some form,Core-processing platforms; payment rails; risk tools,Tech disruption; regulatory demands; cyber threats,system_uptime; major_outage_incidents; R&D_spend_ratio,Large-scale outages or breaches could create systemic issues; client migration to nimbler competitors is slow but real,Treat as macro-infrastructure risk; banks should consider redundancy and modernization paths,Y,batch_pro_02,2026-01-13,Global fintech backbone with significant technical-debt and concentration-risk dynamics.[web:296],professional-services.csv
please_hold_advertising,Please Hold Advertising,Mr. Carlos Garcia,305-388-3088,pleasehold.com,,Miami,professional_services,on-hold messaging & voicemail audio,$$,4.8,Client testimonials (B2B),,,,Produces custom on-hold messages and IVR audio for businesses; reliable niche provider for phone systems,Highly specialized niche; demand tied to phone-system usage and perceptions; limited public reviews,0.7,Moderate,0.8,N,none,Operational,OSINT suggests long-standing niche service without major issues,picks_shovels_node,"Edges into doctors, law firms, service companies using phone trees",Scriptwriting; voice talent; audio production,Shift to mobile-first and digital channels; VoIP consolidation,client_retention; system_partner_referrals; renewal_rate,Declining use of traditional phone trees could slowly shrink TAM,Deepen partnerships with VoIP/UCaaS vendors; add short audio-branding and podcast-style services,Y,batch_pro_02,2026-01-13,Niche audio-branding shop; future depends on integrating with modern telephony and digital touchpoints.[web:296],professional-services.csv
actors_playhouse_miracle,Actors' Playhouse at the Miracle Theatre,Ms. Barbara Stein,305-444-9293,actorsplayhouse.org,,Coral Gables,professional_services,nonprofit theatre company,$$,4.7,Tripadvisor,66,4.4,Yelp and Coral Gables Magazine reviews,"Highly praised productions, historic art-deco theater restoration and comfortable seating; local reviews describe top-notch performances and strong value","Some critiques around specific productions/set design, but no consistent operational complaints",0.95,High,0.95,N,none,Cultural,OSINT clearly positions it as a cultural jewel and anchor institution[web:476][web:482][web:479][web:485],cultural_node,"Edges into families, theatergoers, schools and tourists; anchors Miracle Mile's arts identity",Mainstage and children's theatre; education programs; community partnerships,Arts funding; competition for audience attention; real-estate costs,subscription_trend; single_ticket_sales; education_program_reach,Funding volatility and audience-fragmentation are primary risks,Strengthen memberships and donor base; expand youth/education outreach; keep programming mix balanced between hits and risk-taking,Y,batch_pro_02,2026-01-13,"Core Coral Gables performing-arts node with excellent reputation; risks are macro to arts, not local trust.[web:476][web:482][web:479][web:485]",professional-services.csv
coral_gables_art_cinema,Coral Gables Art Cinema,Ms. Brenda Moe,786-472-2249,gablescinema.com,,Coral Gables,professional_services,independent art-house cinema,$$,4.8,Google/Tripadvisor/Yelp composite,,,,"Beloved art-house cinema showing independent, international and classic films; praised for programming, projection quality and community vibe","Single-screen (or limited-screen) model with finite capacity; reliant on memberships, donors and grants",0.95,High,0.95,N,none,Cultural,Consistently described as one of Miami's best cultural institutions[web:296],cultural_node,"Edges into cinephiles, students and local residents; collaborates with festivals and cultural orgs",Cinema; café; events and Q&As,Streaming competition; post-Covid cinema habits,membership_growth; ticket_sales; fundraising,Attendance and donor fatigue combined with rising costs could pressure viability,"Double down on membership, festivals and special events; leverage partnerships with UM and cultural consulates",Y,batch_pro_02,2026-01-13,"Key film-culture node in Gables; risk is structural to cinemas, not reputation.[web:296]",professional-services.csv
gablestage,GableStage,Ms. Kate Kramitz,305-446-1116,gablestage.org,,Coral Gables,professional_services,regional theatre company,$$,4.7,Google/Yelp and local press,,,,Produces contemporary and classic plays in an intimate venue at the Biltmore; strong critical acclaim and loyal audience,Small capacity and dependence on philanthropy; leadership transitions always sensitive,0.9,High,0.9,N,none,Cultural,OSINT consistently positive; no major controversies,cultural_node,"Edges into arts patrons, subscribers and regional theatre community",Productions; education/outreach,Arts funding; demographic shifts; competition for leisure time,subscription_renewal; donor_base_depth; review_sentiment,Funding volatility and aging subscriber base,Expand younger-audience programs; solidify donor pipeline; experiment with partnerships and new works,Y,batch_pro_02,2026-01-13,High-quality regional theatre anchored in Biltmore; sustainability depends on donors and audience renewal.[web:296],professional-services.csv
florida_retail_federation,Florida Retail Federation,Mr. Jon Stolp,850-222-4082,frf.org,,Florida,professional_services,trade association (retail),NA,NA,NA,NA,NA,Trade publications and FRF site,"Statewide advocacy organization for retailers, providing lobbying, compliance info and networking",Policy positions may not align with all stakeholders; value to any one member depends on engagement,0.85,High,0.9,N,none,Infrastructure,Recognized statewide retail-advocacy body,platform_node,"Edges into retailers of all sizes, chambers and policymakers",Advocacy staff; events; communication channels,Regulatory and legislative activity; retail trade cycles,membership_count; policy_wins; event_attendance,"If policy priorities diverge from some segments, could face criticism or attrition",Clarify member value; maintain transparent policy process; engage smaller independents as well as major chains,Y,batch_pro_02,2026-01-13,Retail-focused trade platform shaping policy context for many local businesses.[web:296],professional-services.csv
promexico_miami,PROMEXICO / Mexico's Trade & Investment Commission - Miami,Ms. Lucia Aguilar,305-415-9360,gob.mx,,Miami,professional_services,trade & investment promotion (Mexico),NA,NA,NA,NA,NA,Government/trade info,Government-linked entity promoting trade and investment between Mexico and the US; supports exporters and investors,Subject to Mexican government budget and policy shifts; branding overlapping with newer agencies,0.85,High,0.9,N,none,Infrastructure,Functions as part of Mexico's international economic diplomacy network,platform_node,"Edges into exporters, importers, investors and chambers on both sides of border",Trade specialists; events; matchmaking,Trade policy; FX; political relations,deal_pipeline; event_activity; partner_feedback,Policy or budget cuts can reduce local footprint and support,Maintain close ties with chambers; coordinate with consulate and other trade bodies; track sector priorities dynamically,Y,batch_pro_02,2026-01-13,Trade-promotion node linking Miami and Mexico; effectiveness depends on policy continuity and staff resourcing.[web:296],professional-services.csv
thailand_trade_office_miami,Thailand Trade Office Miami,Ms. Kanya Amorntheerakul,786-388-7888,thaitrade.com,,Miami,professional_services,trade promotion (Thailand),NA,NA,NA,NA,NA,Official trade info,Promotes Thai exports and business ties; offers matchmaking and market info,Limited visibility outside trade circles; dependent on Thai government funding,0.8,High,0.85,N,none,Infrastructure,Standard governmental trade office role,platform_node,"Edges into importers, distributors and retailers sourcing Thai products",Trade commissioners; market intel,Trade agreements; shipping costs; FX,inquiry_volume; trade_missions; partner_satisfaction,Budget or staffing cuts can affect responsiveness,"Partner with chambers and sector associations; focus on high-potential categories (food, wellness, etc.)",Y,batch_pro_02,2026-01-13,Government trade node supporting Thai-US commerce; risk primarily budget and policy driven.[web:296],professional-services.csv
american_transportation_limo,American Transportation & Limo,Ms. Valentina Canizales,754-715-7756,americanlimofl.com,,Miami,professional_services,limo & ground transportation; translation-support niche,$$$,4.6,Google/Yelp (low-moderate volume),,,,Provides limo and black-car services; may offer bilingual drivers aiding with basic translation for tourists and executives,"Transport safety, punctuality and licensing risks; 24/7 demand can strain small teams",0.75,Moderate,0.8,N,none,Operational,OSINT shows standard well-reviewed small limo operator profile,picks_shovels_node,"Edges into hotels, DMCs, corporates and event planners",Sedan/SUV fleet; dispatch; bilingual drivers,Tourism and convention cycles; rideshare competition,on_time_pickup; complaint_rate; repeat_corporate_clients,"Accident, severe delay or licensing issue could harm reputation quickly",Maintain strict driver standards; nurture hotel and DMC partnerships; highlight bilingual service niche,Y,batch_pro_02,2026-01-13,Local limo/transport node; safety and service reliability are core risk levers.[web:296],professional-services.csv
drive_305_limo,"305 Drive Inc., Limousine Service",Mr. Branimir Stanimirovic,305-310-9357,305-drive.com,,Miami,professional_services,limo & chauffeur service,$$$,4.8,Google/client reviews (low-moderate volume),,,,"Customers highlight punctual, courteous drivers and clean vehicles; used for airport transfers and events",Very founder/owner dependent; competition from Uber Black and other limo operators,0.8,Moderate,0.85,N,none,Operational,No visible controversies; concentrated-owner model with standard limo risk,asset_node,"Edges into hotels, event planners and corporate admins",Fleet; dispatch; partnerships,Tourism/business travel; competition from app-based black cars,fleet_utilization; repeat_client_rate; hotel_referrals,"Vehicle or driver shortage, or a serious incident, could impact operations",Maintain preventive maintenance; cross-train drivers; diversify channels beyond a few partners,Y,batch_pro_02,2026-01-13,Boutique limo operator with good reviews; resilience is about fleet and relationship management.[web:296],professional-services.csv
freebee_mobility,Freebee,Mr. John Janusz,305-330-9450,ridefreebee.com,,Miami,professional_services,free microtransit / local shuttle,$,4.5,Yelp (Miami Beach & other cities),39,3.9,Tripadvisor & employee reviews,"Praised as innovative, eco-friendly free shuttle funded by cities/ads; many riders love convenient app-based rides and friendly drivers","A subset of riders report rude call-center experiences and long waits; some employees criticize management, pay and lack of benefits",0.9,High,0.9,Y,warning,Workplace,"OSINT shows polarized but mostly positive sentiment, with credible criticisms around management and support[web:477][web:480][web:483]",infrastructure_node,"Edges into residents, tourists and commuters as first/last-mile solution; partners with municipalities and districts",Electric carts/vehicles; app; ad sales,Municipal budgets; transit policy; labor conditions,service_reliability; city_contract_renewals; driver_turnover,Poor management of support and labor relations could trigger contract or reputational issues,Cities should monitor KPIs and rider feedback; Freebee should strengthen driver/support conditions and communication,Y,batch_pro_02,2026-01-13,Local microtransit platform with strong upside but non-trivial service and labor-culture risks.[web:477][web:480][web:483],professional-services.csv
key_transportation,Key Transportation,Ms. Yolana Salazar,305-751-5005,key-transportation.com,,Miami,professional_services,chauffeured transportation & group transfers,$$$,4.7,Google/Yelp (low-moderate volume),,,,"Provides corporate, group and VIP transport; clients praise reliability during events and cruise/airport transfers",Highly event- and tourism-dependent; operational complexity during large conventions and cruise peaks,0.8,High,0.85,N,none,Operational,OSINT shows strong reputation within events/meetings community,picks_shovels_node,"Edges into hotels, meeting planners, cruise lines and DMCs",Fleet; dispatch; event coordination,Cruise and convention cycles; competition from rivals and TNCs,on_time_arrival_rate; complaint_rate; repeat_planner_clients,A major failure during a large event could damage planner trust,Double down on dispatcher training; maintain surge capacity; build redundancy with partner fleets,Y,batch_pro_02,2026-01-13,Well-regarded group-transport provider; event execution is make-or-break.[web:296],professional-services.csv
waymo_av,Waymo,Mr. Matt Walsh,650-346-0856,waymo.com,,Miami (service footprint evolving),professional_services,autonomous-vehicle technology & robotaxi,$$,4.1,"App store and city-pilot feedback (Phoenix, SF, etc.)",,,,Leading autonomous-vehicle developer with live robotaxi operations in several US cities; technology seen as among the most advanced,"Public concerns around safety, edge cases and regulatory oversight; incidents and restrictions in some markets; Miami deployment still limited/experimental",0.95,High,0.95,Y,warning,Regulatory,Global AV controversies and policy debates shape perception more than local ops,platform_node,"Edges into urban mobility, logistics and data ecosystems",AV stack; fleets; mapping; partnerships,AV regulation; public acceptance; ridehail competition,disengagement_rates; incidents_per_mile; regulatory_approvals,Any high-profile crash or regulatory setback can slow deployments and adoption,Treat as macro AV exposure; monitor local pilots and city stances; encourage redundant safety measures,Y,batch_pro_02,2026-01-13,Autonomous-mobility platform with high systemic and reputational stakes beyond individual contracts.[web:296],professional-services.csv
waste_management,Waste Management,Mr. Jason Neal,305-986-6107,wm.com,,Miami/US,professional_services,waste hauling & recycling,$$,3.4,Consumer and municipal sentiment composites,,,,Largest waste-collection firm in North America; essential trash and recycling services for cities and businesses,"Recurring complaints about missed pickups, customer service and contamination/recycling practices; subject to environmental and regulatory scrutiny",0.95,High,0.95,Y,warning,ESG,Sector carries inherent environmental and regulatory risk; WM has history of local service complaints,infrastructure_node,Edges into every business and household using commercial/residential waste services,Collection fleets; landfills; MRFs,Recycling economics; landfill constraints; climate policy,missed_pickup_rate; recycling_contamination; regulatory_actions,Service lapses or environmental incidents can drive contract loss and penalties,Encourage municipalities/businesses to track KPIs closely; WM must invest in fleet reliability and transparent recycling reporting,Y,batch_pro_02,2026-01-13,Dominant waste-services platform with structural ESG and service-quality risks.[web:296],professional-services.csv
scheckner_hetenyi_cpa,"Scheckner & Hetenyi, PL","Mr. Marcell Hetenyi, CPA",305-379-0603,cpa-sh.com,,Miami,professional_services,CPA firm (tax & accounting),$$$,4.7,Google/CPA directories (low-moderate volume),,,,"Boutique CPA firm focusing on tax, accounting and advisory for individuals and businesses; reputation for responsiveness",Seasonal workload spikes; dependence on a small partner group; limited online review depth,0.75,High,0.8,N,none,Reputation,Nothing problematic surfaced; standard small-CPA pattern[web:296],asset_node,"Edges into business owners, high-income individuals and cross-border clients",Tax prep; accounting; planning,Tax-law volatility; software automation,client_tenure; busy_season_capacity; error_or_notice_rate,Staffing and workflow during filing seasons; succession planning,"Invest in process and tech; build second-line leadership; reinforce niche (e.g., cross-border or specific industries)",Y,batch_pro_04,2026-01-13,"Solid local CPA shop; risk is capacity and succession, not brand damage.[web:296]",professional-services.csv
cordo_claims_group,"Cordo Claims Group, LLC",Mr. Jose Luis Cordo,877-552-6736,cordoclaims.com,,Florida/Caribbean,professional_services,public insurance adjusters,$$$,4.7,Google/testimonials (regional),,,,Represents policyholders in property claims across FL/Caribbean; praised for maximizing settlements and handling complexity,Public adjusting is inherently contentious with insurers; review base curated; regulatory scrutiny of adjuster practices sector-wide,0.8,Moderate,0.85,Y,warning,Regulatory,"No specific scandals found, but industry has history of bad actors and overpromising[web:296]",picks_shovels_node,"Edges into homeowners, HOAs and businesses after storms or losses",Licensed adjusters; claim documentation,Hurricane seasons; insurance-market stress; regulation,claim_volume_post_storm; complaint_or_bar_actions; payout_vs_estimate_patterns,Any regulatory action or high-profile dispute could hurt trust,Check license and complaint history before deep reliance; maintain transparent fee agreements and documentation,Y,batch_pro_04,2026-01-13,Storm/claims picks-and-shovels player; value can be high but regulatory and perception risk inherent.[web:296],professional-services.csv
activate_swag,Activate Swag,Mr. Patrick Lowenthal,800-214-3408,activateswag.com,,Remote/Miami,professional_services,"promo products, branded swag & kitting",$$,4.9,Google/Clutch/B2B testimonials (moderate volume),,,,"Provides branded merchandise, kits and fulfillment for events and companies; clients highlight design help and painless logistics",Subject to supply-chain disruptions and shipping delays; margin pressure in promo market,0.8,High,0.85,N,none,Operational,OSINT suggests a strong reputation among B2B clients[web:296],picks_shovels_node,"Edges into HR, marketing and events for welcome kits and swag",Vendor network; warehousing; design,Remote work; gifting trends; ESG concerns,on_time_fulfillment; error_rate; repeat_client_share,Late or incorrect shipments on big campaigns could erode trust,Maintain tight QA and inventory; offer sustainable product options; build API/portal integrations for smoother reorders,Y,batch_pro_04,2026-01-13,Branded-swag platform; reliability and creativity are main levers.[web:296],professional-services.csv
cheil_team_uno,Cheil/Team Uno,Mr. Xavier Mantilla,786-725-8532,cheil.com,,Miami,professional_services,global advertising network (Samsung-focused),$$$$,4.0,Glassdoor/industry sentiment,,,,Part of Cheil Worldwide network with strong Samsung account focus; Miami/Latam hub likely emphasizes experiential and retail marketing,"Agency-life issues: workload, hierarchy and account-concentration risk; limited public work samples for this specific unit",0.85,High,0.9,N,none,Reputation,Global agency group with typical big-network pros and cons[web:296],platform_node,"Edges into large brands, particularly in electronics and retail",Creative; media; experiential; retail,Client consolidation; in-house teams; marketing spend,flagship_client_dependency; staff_turnover; award/ROI_track,"Dependence on a few large accounts, especially Samsung",Diversify client base regionally; invest in measurement and omnichannel data capabilities,Y,batch_pro_04,2026-01-13,Network-agency node; risk is account concentration and talent churn.[web:296],professional-services.csv
clearchannel_outdoor,Clear Channel Outdoor,Ms. Carolina Mojena,305-803-9191,clearchanneloutdoor.com,,Miami,professional_services,OOH advertising company,$$$,3.7,Advertiser and public sentiment,,,,Major billboard and transit OOH provider; strong location inventory in metro areas,Criticism over visual clutter and content; some legal and community disputes on billboard placement; industry facing measurement shifts,0.9,High,0.9,Y,warning,ESG,"Sector includes ongoing debates about aesthetics, light pollution and ad content",platform_node,"Edges into brands, agencies and municipalities",Billboard structures; transit inventory; programmatic buying,City zoning; digital-OOH measurement; privacy debates,occupancy_rate; digital_share; regulatory_actions,Tighter regulation or community pushback can affect inventory value,Work closely with cities on design and compliance; invest in measurement and brand-safety tools,Y,batch_pro_04,2026-01-13,OOH platform node with regulatory/ESG perception risk more than performance risk.[web:296],professional-services.csv
comcast_advertising,Comcast Advertising,Ms. Yvette Blanco,954-261-9267,comcastadvertising.com,,Miami/US,professional_services,TV & video advertising sales (Effectv/FreeWheel),$$$,3.9,Agency/marketer sentiment,,,,"Sells cable, streaming and addressable TV inventory through Effectv and FreeWheel; strong reach and data capabilities",Complex measurement; fragmentation; some advertiser frustration with reporting and legacy systems,0.9,High,0.9,N,none,Operational,Recognized national player with typical TV-ad market challenges[web:296],platform_node,Edges into agencies and brands buying local/national video,Sales teams; ad-tech stack,Cord-cutting; streaming fragmentation; privacy,fill_rates; attribution_uptake; advertiser_retention,"If measurement and transparency lag, budgets may shift to walled gardens and CTV-only platforms",Improve cross-platform attribution; simplify reporting; emphasize local reach plus data,Y,batch_pro_04,2026-01-13,Key video-ad platform node; risk stems from broader TV/CTV disruption.[web:296],professional-services.csv
pil_creative_group,PIL Creative Group,Ms. Patricia Linares,305-720-3533,pilcreativegroup.com,,Miami,professional_services,"creative, branding & marketing",$$$,5.0,Client testimonials (low volume),,,,"Full-service boutique focusing on branding, campaigns and digital; clients praise strategic thinking and responsiveness",Limited independent reviews; project-based revenue and scope-creep risk,0.7,Moderate,0.8,N,none,Reputation,"OSINT positive but sparse, typical for small creative agencies[web:296]",asset_node,"Edges into local/regional brands, nonprofits and public-sector campaigns",Strategy; design; media partners,Marketing spend cycles; AI/templated design competition,client_LTV; repeat_engagements; case_study_pipeline,Over-reliance on a few anchor clients and manual workflows,Codify niche verticals; productize some offerings; responsibly integrate AI to preserve margins,Y,batch_pro_04,2026-01-13,Boutique creative shop; differentiation and client mix are core risks.[web:296],professional-services.csv
ronald_jakubisin_assoc,Ronald Jakubisin & Associates,Mr. Ronald Jakubisin,954-922-5052,jakubisin.net,,South Florida,professional_services,marketing & consulting (legacy/direct),$$,4.3,Legacy client references/directories,,,,Longstanding marketing/consulting outfit with focus on direct and traditional methods,Very low digital footprint; risk that positioning feels dated vs modern digital-first agencies,0.6,Moderate,0.7,N,none,Reputation,OSINT limited; presence suggests legacy rather than growth agency,asset_node,Edges into traditional advertisers and older client relationships,Strategy; creative; print/DM channels,Shift to digital/omni; retirements,client_age_and_industry_mix; website_activity; new_logo_wins,"If not refreshed, may be bypassed for digital-heavy briefs","Lean into niche (e.g., fundraising, direct mail) or modernize digital offering; clarify unique value vs younger shops",Y,batch_pro_04,2026-01-13,Legacy marketing consultancy; needs sharp niche or updated offer to remain competitive.[web:296],professional-services.csv
miami_guide_oceansky,"The Miami Guide - Ocean Sky Media, LLC",Ms. Banna Fakhoury,786-481-0622,themiamiguide.com,,Miami,professional_services,"digital media, content & city guide",$$,4.6,"Audience/brand sentiment (social, site metrics)",,,,"Creates city-guide content, podcasts and social media around Miami; acts as influencer/marketing platform for hospitality and lifestyle brands",Revenue dependent on sponsorships and partnerships; algorithm/platform risk,0.8,High,0.85,N,none,Cultural,OSINT shows engaged audience and positive perception as a local voice[web:296],platform_node,"Edges into hotels, restaurants, attractions and DMO-style campaigns",Content production; social channels; ad inventory,Tourism cycles; platform algorithms; local competition,follower_growth; engagement_rate; sponsor_pipeline,Reliance on social platforms and tourism budgets creates volatility,"Diversify revenue (email, memberships, small events); maintain credibility with balanced editorial vs ads",Y,batch_pro_04,2026-01-13,Influencer/media platform for Miami; platform dependence and ad cycles are primary risks.[web:296],professional-services.csv
zag_creates,ZAG Creates,Ms. Zoe Torres,786-468-8595,zagcreates.com,,Miami,professional_services,"branding, multicultural marketing & events",$$$,4.9,Client testimonials (low-moderate volume),,,,"Focuses on multicultural audiences, particularly Hispanic/Latinx segments; clients praise cultural insight and community ties",Limited independent rating depth; project-based revenue; founder-driven,0.75,High,0.8,N,none,Reputation,OSINT indicates strong niche reputation in multicultural work[web:296],asset_node,Edges into brands seeking authentic multicultural campaigns and community events,Brand strategy; creative; community partnerships,Diversity/DEI budget trends; multicultural media shifts,repeat_client_ratio; size_of_flagship_accounts; community_engagement,Concentration risk in a few brand budgets; reliance on founder profile,Codify multicultural frameworks; build senior team; leverage case studies to expand cautiously,Y,batch_pro_04,2026-01-13,Multicultural branding/events node with strong niche; resilience depends on team depth and key-account spread.[web:296],professional-services.csv
coral_gables_graphics,Coral Gables Graphics,Mr. Martin Morcillo,305-351-3210,coralgablesgraphics.com,,Miami,professional_services,"promo products, printing & apparel",$$,4.5,Facebook/MapQuest snippet + social (low volume),,,,"Offers promotional products, stickers, T-shirt printing, embroidery and signage; convenient local option",Yelp profile shows no or minimal reviews; one MapQuest-linked review complains about poor expectations-management (apparently under former branding),0.7,Moderate,0.8,Y,warning,Reputation,OSINT mostly neutral/positive but includes at least one detailed disappointment about another linked entity[web:501][web:502][web:503][web:511],picks_shovels_node,"Edges into schools, small businesses and events needing branded items",Print/embroidery; vendor sourcing; design,Promo competition; small-batch economics,repeat_order_rate; complaint_rate; turnaround_time,Mismanaged expectations around timelines/quality can hurt word-of-mouth in a tight community,Clarify proofs and timelines up-front; highlight process on site; focus on reliability as differentiator over pure price,Y,batch_pro_04,2026-01-13,Local promo/graphics shop with mostly clean slate; one negative linked review suggests tightening expectations-management.[web:501][web:502][web:503][web:511],professional-services.csv
anne_rezac_design,Anne Rezac Design,Ms. Anne Rezac,224-334-7411,annerezac.com,,Miami,professional_services,interior design studio,$$$,5.0,Portfolio/Instagram + limited client testimonials,,,,Boutique interior design practice with residential and small commercial projects; aesthetic leans modern and clean,Very low formal reviews; pipeline and revenue tied to a few concurrent projects,0.65,Moderate,0.75,N,none,Reputation,"OSINT consistent with a small, portfolio-driven design shop[web:296]",asset_node,"Edges into homeowners, small businesses and possibly hospitality refresh work",Design expertise; vendor network,Real-estate and renovation cycles,project_backlog; referral_share; average_project_size,Project concentration and payment timing risks,Use detailed contracts and staged billing; maintain vendor relationships; collect testimonials systematically,Y,batch_pro_04,2026-01-13,"Boutique interiors node; risk is project concentration, not visible controversy.[web:296]",professional-services.csv
adc_international,Architectural Design Collaborative Inc.,Mr. Raymundo Feito,305-442-1188,adcinternational.net,,Miami,professional_services,architecture & planning,$$$,4.4,Project references/directories,,,,Provides architecture/planning services with regional project list; mid-sized practice,Limited online review culture; revenue tied to project wins and real-estate cycles,0.7,Moderate,0.8,N,none,Operational,No red-flag coverage; standard mid-sized-architect profile[web:296],asset_node,"Edges into developers, municipalities and institutional clients",Design; documentation; CA,Construction and permitting cycles,backlog; sector_mix; repeat_client_rate,Development downturns and fee pressure,Strengthen niche sectors; invest in BIM/coordination; maintain multi-sector backlog,Y,batch_pro_04,2026-01-13,Generalist architecture office; cyclical and backlog management are key.[web:296],professional-services.csv
arx_creative_design,ArX Creative,Ms. Maria Eugenia Lanao,305-302-0111,arxcreative.com,,Miami,professional_services,architecture & experiential design,$$$,4.8,Portfolio/client testimonials (low volume),,,,"Blends architecture, interiors and experiential/brand environments; smaller, design-forward practice",Small team; high-dependence on founding principals; project-based cash flow,0.7,Moderate,0.8,N,none,Reputation,OSINT positive in limited creative/portfolio circles[web:296],asset_node,"Edges into hospitality, retail and creative workspaces",Design services; concepting; branding integration,Capex cycles in hospitality/retail,project_type_mix; award_wins; repeat_client_share,Exposure to discretionary build-outs; principal bandwidth,Lean into a few high-value verticals; document ROI of experiential design; build small but strong team,Y,batch_pro_04,2026-01-13,Design-forward studio at intersection of architecture and experience; project concentration and principal time are constraints.[web:296],professional-services.csv
bermello_ajamil_partners,"Bermello, Ajamil & Partners, Inc.",Ms. Tere Garcia,305-859-2050,bermelloajamil.com,,Miami/global,professional_services,"architecture, engineering & planning (A/E)",$$$$,4.6,Industry recognition & project portfolios,,,,"Global A/E firm headquartered in Miami with strong presence in cruise/maritime, transportation, healthcare and mixed-use; over 200 design awards and work for clients like Norwegian Cruise Line and Disney","Large, complex projects create execution and permitting risk; limited consumer-style reviews; internal culture/workload challenges typical for big A/E firms",0.95,High,0.95,N,none,Infrastructure,OSINT portrays BA as a top-tier Miami-based A/E firm with wide sector reach[web:506][web:512][web:515],platform_node,"Edges into ports, airlines, municipalities, healthcare systems and developers worldwide",Architecture; engineering; planning; interiors; marine design,Infrastructure and cruise cycles; government budgets; ESG/resilience demands,backlog; geographic_diversification; award_and_client_list,Exposure to macro infrastructure cycles and any large-project failure,Continue investing in resilience/sustainability; maintain strong PM and QA on marquee projects; diversify across sectors/geos,Y,batch_pro_04,2026-01-13,"Global A/E platform rooted in Miami with strong track record; risk is large-project and cycle-driven, not reputational.[web:506][web:512][web:515]",professional-services.csv
debowsky_design_group,Debowsky Design Group,Mr. Stuart Debowsky,305-495-2751,debowsky.com,,Miami,professional_services,residential architecture & interiors,$$$,4.9,Google/Houzz (low-moderate volume),,,,Known for residential remodels and additions; clients praise communication and guidance through permitting,Permitting delays and construction execution (via contractors) can still frustrate clients; firm associated with higher-end budgets,0.85,High,0.9,N,none,Reputation,OSINT shows very strong client satisfaction in local markets[web:296],asset_node,"Edges into homeowners upgrading or expanding, plus select light-commercial work",Design; permits; coordination with contractors,Housing/renovation cycles,inquiry_volume; project_timeline_variance; referral_share,Construction issues outside firm's direct control can still reflect on them,Set expectations clearly on timeline; maintain vetted contractor relationships; use detailed documentation,Y,batch_pro_04,2026-01-13,High-sentiment residential design node; success depends on expectation-setting and contractor ecosystem.[web:296],professional-services.csv
doublec_branding,Double C,Mr. Shawn Lenihan,561-789-3113,doublec.com,,Florida/US,professional_services,architecture & branding for retail/restaurant (inferred),$$$,4.4,Portfolio and industry mention (sparse),,,,Domain and positioning suggest focus on commercial/brand-related projects; used here as small specialized design/consultancy,Public data extremely thin; unclear exact current specialization; risk of misclassification,0.5,Low,0.6,N,none,Uncertain,OSINT not sufficient to precisely characterize current services[web:296],asset_node,Edges into design/branding/architecture briefs depending on actual focus,Small team; project-based work,Market cycles in core niche (TBD),website_update_frequency; case_study_freshness; client_list_clarity,Ambiguity around offer and portfolio may hinder lead generation,Clarify positioning and sectors served on web; update portfolio; collect testimonials,Y,batch_pro_04,2026-01-13,Sparse-data node; treat with caution until more detail or direct confirmation is available.[web:296],professional-services.csv
g_alvarez_studio,"G Alvarez Studio, Inc.",Ms. Gigi Alvarez,305-371-8400,galvarezstudio.com,,Miami,professional_services,architecture & urban design,$$$,4.6,Portfolio/awards (low formal reviews),,,,"Design-focused firm with work in education, civic and community projects; recognized within local design circles",Project-based revenue; reliant on public/inst'l RFPs; low-volume online reviews,0.8,High,0.85,N,none,Reputation,OSINT indicates respected studio in civic/community design[web:296],asset_node,"Edges into schools, municipalities and nonprofits",Architecture; planning; community engagement,Public funding; RFP competition; community politics,RFP_win_rate; sector_mix; award_count,Relying on a few large clients or sectors could create volatility,Maintain diversified civic/education pipeline; highlight community-engagement track record,Y,batch_pro_04,2026-01-13,Civic/education-oriented design studio; pipeline and RFP success are main variables.[web:296],professional-services.csv
gfd_groups,GFD GROUPS,Mr. Guillermo Lopez,305-255-2999,gfdgroups.com,,Miami,professional_services,engineering/contracting & facility services,$$$,4.5,Local project references (low volume),,,,"Provides design-build, engineering or facilities work (MEP/GC mix) for commercial properties; used by property owners/managers","Very little public review data; construction/engineering risk tied to safety, schedule and cost control",0.7,Moderate,0.8,N,none,Operational,OSINT limited but consistent with small/mid contractor profile[web:296],infrastructure_node,"Edges into property managers, HOAs and small developers",Engineering; construction; maintenance,Construction cycles; liability and code changes,project_backlog; safety_incidents; schedule_adherence,Any major defect or safety issue could harm reputation,Maintain strong QA/QC; ensure proper licensing and insurance; prioritize clear communication on scope/changes,Y,batch_pro_04,2026-01-13,Small/mid facilities/engineering node; treat like other contractors-risk is project execution.[web:296],professional-services.csv
hok_architecture,HOK,Mr. Steven Burgos,786-539-0760,hok.com,,Global/Miami,professional_services,global architecture & design firm,$$$$,4.2,Glassdoor/industry rankings,,,,"One of the world's largest architecture and engineering firms; Miami office ties to aviation, sports, healthcare and corporate projects","Large, complex organization with demanding workload; exposure to mega-project risk; some employee concerns about work-life balance",0.95,High,0.95,N,none,Infrastructure,OSINT confirms HOK as top-tier global A/E practice,platform_node,"Edges into global corporations, airports, stadiums and institutions",Architecture; interiors; planning; engineering,Capex cycles; ESG/resilience; global competition,backlog; award/recognition; sector_diversity,Major project failure or ESG misalignment could have outsized impact,Maintain rigorous QA and risk management; invest in low-carbon/resilient design; retain top talent in key sectors,Y,batch_pro_04,2026-01-13,Global A/E platform with strong brand; risk is tied to mega-projects and cycles rather than local perception.[web:296],professional-services.csv
miami_cad,Miami Center for Architecture & Design,Ms. Cheryl Jacobs,305-448-7488,miamicad.org,,Miami,professional_services,architecture center & cultural nonprofit,$,4.8,Google/community reviews (low volume),,,,"Hosts exhibitions, lectures and programs about architecture/urbanism; acts as public face of architecture community","Funding relies on sponsors, events and grants; audience may be niche",0.85,High,0.9,N,none,Cultural,Well-regarded hub for design culture with no notable controversies[web:296],cultural_node,"Edges into architects, planners, students and civically engaged residents",Exhibitions; talks; tours,Arts and design funding; public interest in urban issues,event_attendance; membership/sponsor_count; programming_diversity,Funding volatility and limited mainstream awareness,Deepen partnerships with universities and city; grow membership; connect to K-12 education,Y,batch_pro_04,2026-01-13,"Design/architecture cultural hub; risk is funding and relevance, not trust.[web:296]",professional-services.csv
sb_architects,SB Architects,Ms. Michelle Heatherly,305-856-2021,sb-architects.com,,Miami/global,professional_services,"architecture (hospitality, resorts, mixed-use)",$$$$,4.6,Industry recognition & portfolios,,,,Highly regarded for luxury hospitality and resort projects worldwide; lots of award-winning work,Cyclical dependence on high-end hospitality/resort development; large-project risk,0.9,High,0.9,N,none,Reputation,"OSINT portrays SB as respected design practice, especially in resort/hospitality",platform_node,"Edges into hotel brands, resort developers and mixed-use owners",Concept design; architecture; master planning,Tourism and resort cycles; climate resilience,pipeline_of_resort_projects; geographic_spread; awards,Downturns in resort development or climate-driven site risks,Lean into resilient/coastal design; diversify geographies and typologies; maintain relationships with global hotel flags,Y,batch_pro_04,2026-01-13,Resort/hospitality design platform; demand cycles and climate resilience shape risk.[web:296],professional-services.csv
zyscovich_architects,Zyscovich Architects,Ms. Anabella Smith,305-372-5222,zyscovich.com,,Miami/global,professional_services,architecture & urban design,$$$,4.0,Indeed employee reviews (Miami),18,4.3,General industry perception,"Headquartered in Miami with work in education, transportation, mixed-use and civic projects; staff reviews highlight collaborative culture and learning opportunities","Some employee reviews criticize management in specific departments, overtime and pay; workload and internal processes can be challenging",0.9,High,0.9,Y,warning,Workplace,Professional reputation is solid but internal feedback points to culture/process issues in some units[web:507][web:510][web:513],platform_node,"Edges into public agencies, schools, developers and transportation authorities",Architecture; planning; interiors,Public procurement; urban policy; construction cycles,backlog; sector_mix; staff_turnover,Management/process weaknesses could affect quality or staff retention,Monitor for project-delivery issues; leadership should address department-level culture and workload concerns proactively,Y,batch_pro_04,2026-01-13,Well-established Miami architecture firm with strong portfolio; long-term health hinges on internal culture and process improvements.[web:507][web:510][web:513],professional-services.csv
grove_gallery_interiors,Grove Gallery & Interiors,Ms. Sheila Kuhl,305-445-7401,grovegalleryinteriors.com,,Coral Gables/ Coconut Grove,professional_services,art gallery & interiors showroom,$$$,4.7,Google/Yelp (low-moderate volume),,,,"Combines fine art, framing and home furnishings; customers praise curation and helpful design advice",Higher price points than mass retailers; footprint and inventory costs significant,0.8,High,0.85,N,none,Reputation,OSINT shows long-standing positive reputation as Grove-area design/gallery destination[web:296],cultural_node,"Edges into homeowners, designers and art buyers",Gallery; framing; furniture; design consults,Housing/renovation cycles; art/furnishing trends,sales_mix(art_vs_furniture); repeat_designer_clients; ticket_size,Exposure to discretionary spending swings,Strengthen designer partnerships; offer tiered price points; host events and shows to maintain foot traffic,Y,batch_pro_04,2026-01-13,Hybrid gallery/interiors showroom; discretionary-spend and housing cycles drive risk.[web:296],professional-services.csv
h_benitez_fine_art_dup2,H Benitez Fine Art Gallery Inc.,Ms. Lissette Benitez,786-877-1045,humbertobenitez.com,,Coral Gables,professional_services,art gallery,$$$$,4.8,Testimonials/press (low volume),,,,Showcases Humberto Benitez's work with attentive staff; collectors appreciate aesthetic and service,Narrow artist focus; sales dependent on collector interest and macro art market,0.7,Moderate,0.8,N,none,Reputation,Duplicate of earlier H. Benitez gallery row[web:296],cultural_node,"Edges into collectors, designers and tourists",Gallery; art advisory,Art-market cycles,sales_frequency; repeat_collectors,Same as earlier: concentration in one artist,Deduplicate with previous H. Benitez record,Y,batch_pro_04,2026-01-13,Duplicate; keep a single H. Benitez node.[web:296],professional-services.csv
studio_hd_art,Studio HD,Ms. Hollye Davidson,305-401-8169,hollyedavidson.com,,Miami,professional_services,artist studio & gallery,$$$,4.9,Instagram/collector testimonials (very low volume),,,,Fine-art studio for Hollye Davidson; collectors praise emotive work and personal interactions,Extremely small operation; sales highly variable and tied to artist career trajectory,0.65,Moderate,0.75,N,none,Reputation,OSINT consistent with typical independent-artist studio[web:296],cultural_node,"Edges into individual collectors, designers and small shows",Art production; commissions; small exhibitions,Art demand; social-media visibility,commission_backlog; show_frequency; repeat_buyers,Income volatility and dependence on a single artist,Build relationships with galleries and designers; diversify income via prints/commissions; maintain strong online presence,Y,batch_pro_04,2026-01-13,"Solo-artist studio; risk is inherent to independent art careers, not any trust issue.[web:296]",professional-services.csv
americas_collection_gallery,The Americas Collection,Ms. Silvia Ortiz,305-446-5578,americascollection.com,,Coral Gables,professional_services,fine art gallery (Latin American focus),$$$$,4.8,Google/collector reviews (low-moderate volume),,,,Specializes in Latin American and contemporary art; collectors praise knowledgeable staff and quality roster,Niche high-end gallery; exposure to discretionary and regional art-market cycles,0.85,High,0.9,N,none,Reputation,OSINT points to a respected gallery with strong niche positioning[web:296],cultural_node,"Edges into collectors, institutions and designers looking for Latin American works",Gallery space; fairs; advisory,Art-market volatility; currency/FX shifts; competition,fair_participation; institutional_sales; repeat_collectors,Economic downturns or taste shifts can impact sales,Maintain diversified artist roster and price points; engage with fairs and institutions; keep strong relationships with designers,Y,batch_pro_04,2026-01-13,Established Latin American-focused gallery; macro art-market cycles dominate risk.[web:296],professional-services.csv
audrey_ross_team,Audrey Ross Team -- Compass Florida,Ms. Audrey Ross PhD,305-206-4003,miamirealestate.com,,Coral Gables,real_estate,exclusive residential / brokerage,$$$$,5.0,Zillow agent profile,71,5.0,MiamiRealEstate.com testimonials,Legendary luxury expertise; deep knowledge of Coral Gables and high-end Miami; extremely strong long-term client loyalty,High expectations for white-glove service; premium pricing; limited public negative feedback so downside mostly theoretical,0.95,High,0.95,N,none,None,No meaningful negative patterns in public reviews; reputation is a major asset,advisory_node,Central node in high-end Miami and Coral Gables residential ecosystem; edges into UHNW buyers international clients and other luxury agents,Personal brand; Compass platform; private listing networks; marketing engine; long-standing referral base,Luxury market tied to macro wealth cycles and global mobility; Miami remains a magnet for HNW relocation,avg_rating; transaction_volume_estimates; referral_rate; high_end_days_on_market,Market cyclicality; potential overreliance on founder brand; succession planning risk over long horizon,Institutionalize team roles; document playbooks; leverage content and case studies while preserving privacy,Y,batch_re_01,2026-01-13,Multiple platforms show a 5.0 reputation with decades of track record; essentially zero obvious red flags in client-facing feedback,real-estate.csv
bhhs_ewm_realty,Berkshire Hathaway HomeServices EWM Realty,Mr. Ron Shuffield,305-960-2500,ewm.com,,Coral Gables,real_estate,brokerage firm / services,$$$,4.9,RateMyAgent Miami office,30,3.0,Yelp Coral Gables office single review,Strong office-level reputation on industry platforms; brand trust via Berkshire Hathaway; perceived market knowledge and service by many agents,Isolated but severe escrow dispute review on Yelp alleging misconduct; mixed employee reviews around pay and structure,0.8,Moderate,0.8,Y,warning,Reputation,Single highly negative escrow story on Yelp; not enough volume to conclude systemic fraud but serious enough to flag,platform_node,Major brokerage hub connecting many agents and teams in Coral Gables and Miami; edges into luxury and mid-market segments,Brand; training; office infrastructure; marketing systems; escrow handling processes,Brokerage margin pressure; competition from portals; client sensitivity to escrow handling and ethics,office_rating; count_of_serious_complaints; agent_retention; transaction_volume,Reputational damage if escrow disputes recur; agent churn if culture or economics misalign,Strengthen escrow communication and documentation; monitor complaint channels; highlight compliance and best practices; support top teams reputations,Y,batch_re_01,2026-01-13,Office-level ratings are strong but the escrow dispute on Yelp justifies a visible caution flag even if evidence is thin,real-estate.csv
mazzei_group,The Mazzei Group Inc.,Ms. Gina Mazzei Anderhub,305-446-5348,mazzeirealty.com,,Coral Gables,real_estate,broker; consultants; management,$$$,4.5,Google or niche sources low volume,,,,Personalized boutique service; local knowledge; ability to handle consulting leasing and management roles,Limited public review footprint; dependence on principal reputation; scalability constraints,0.6,Moderate,0.7,N,none,None,No strong public complaints; main limitation is sparse signal,platform_node,Touches brokerage consultancy management and leasing for Coral Gables assets,Local relationships; small-team agility; mix of advisory and management capabilities,Commercial and residential markets shifting; small firms must differentiate vs big platforms,review_count; client_tenure; property_retention; mix_of_services,Key-person risk in a boutique setup; harder to win large institutional mandates without more proof,Gather client testimonials; publish case studies; clarify core value proposition across services,Y,batch_re_01,2026-01-13,Appears as a flexible relationship-driven shop; OSINT mainly indicates opportunity to professionalize proof and scale,real-estate.csv
colliers_international,Colliers International,Ms. Hilda Mendoza,305-455-7615,colliers.com,,Miami,real_estate,property management / brokerage global,$$$,3.7,Indeed Miami employee reviews,9,2.2,Trustpilot global brand,Strong training and culture mentioned in Miami employee reviews; perceived as a top brokerage platform with enterprise capabilities,External reviews criticize property management quality in some markets; narratives about poor building management and slow maintenance,0.75,Moderate,0.8,Y,warning,Operational,Pattern of complaints about property management quality in some regions; not Miami-specific but relevant,infrastructure_node,Connects owners tenants and investors; in Coral Gables and Miami acts as bridge between institutional owners and occupiers,Brand; systems; national and global platform; property managers; marketing stack,Shift toward experiential workplace; tenants more vocal online; institutional owners more sensitive to manager reputation,tenant_complaint_rate; owner_retention; employee_engagement; reputation_by_region,Underperforming management can drive tenant churn and NOI damage for owners,Demand SLAs and KPIs in management contracts; request site-specific references; monitor tenant feedback directly,Y,batch_re_01,2026-01-13,Miami employee sentiment is positive but global property-management reviews show enough issues to justify caution for local management mandates,real-estate.csv
lowell_international,Lowell International Realty LLC,Ms. Lani Kahn Drody,305-520-5420,lowellinternationalrealty.com,,Coral Gables,real_estate,international luxury brokerage,$$$$,4.8,Luxury-brokerage platforms and testimonials low volume,,,,Reputation as boutique international luxury shop; strong branding; focus on high-end Coral Gables and Miami clients,Limited transparent public ratings; small-team scaling constraints; exposure to luxury cyclicality,0.65,High,0.75,N,none,None,No visible scandal or systemic complaint pattern; information is mostly marketing-forward,advisory_node,Edges into international buyers second-home owners and local HNW sellers; interacts with other luxury brokers and developers,Brand; curated agent team; global referral network; marketing collateral,HNW flows into Miami; FX and geopolitical factors; competition from large global firms,listing_volume; price_band_distribution; time_on_market_vs_competitors,Market softness at top end; talent poaching; overreliance on small leadership group,Sharpen international positioning; publish anonymized case studies; invest in digital trust signals such as verified reviews,Y,batch_re_01,2026-01-13,Signals align with a credible high-end boutique; biggest gap is lack of structured third-party data vs peers,real-estate.csv
icr_advisors,ICR Advisors,Ms. Ilonka Castillo,786-473-9894,miamiliferealestate.net,,Miami,real_estate,residential and commercial advisory,$$$,4.5,Small-platform or Google feedback very low volume,,,,Hybrid residential and commercial advisory; niche focus; personalized attention,Extremely thin public trail; harder to benchmark performance vs large firms,0.55,Moderate,0.65,N,none,None,Insufficient data to identify systemic problems; primarily low visibility,advisory_node,Edges between residential buyers or tenants and small commercial users; connects to lenders and other brokers case by case,Founder expertise; small client list; flexible mandate scope,Clients increasingly choose based on online proof; mid-market is crowded,inbound_lead_volume; close_rate; repeat_client_share,Discovery risk; overreliance on personal network; vulnerability to market dips,Clarify niche; build basic review base; use content to showcase mixed residential and commercial wins,Y,batch_re_01,2026-01-13,Feels like a boutique advisory practice with limited online footprint; growth upside is mostly in visibility and proof-building,real-estate.csv
codina_partners,Codina Partners,Mr. Lee Casey,305-529-1300,codina.com,,Coral Gables,real_estate,developer and investor,$$$$,4.3,Media and industry perception,,,,Track record of significant mixed-use and commercial developments; strong institutional reputation in South Florida,Public criticism around specific projects can arise such as zoning or traffic issues but not concentrated in a single scandal,0.75,High,0.8,N,none,Operational,Developer-level risks tied to entitlements and community relations but no single overriding red flag,infrastructure_node,Connects capital municipalities and tenants via major projects; shapes local urban fabric and anchors other businesses,Development pipeline; capital partners; city relationships; leasing teams,Interest-rate environment; construction costs; zoning and community pushback,pipeline_size; prelease_rates; entitlement_risk; press_sentiment,Project-specific entitlement or delay risk; community opposition; macro tightening affecting returns,Demand deal-by-deal transparency; track media and community feedback; monitor lease-up velocity,Y,batch_re_01,2026-01-13,Well-known developer with standard large-project risks such as entitlement and cycle timing rather than acute governance issues,real-estate.csv
mg_developer,MG Developer,Mr. Giovanni Insignares,305-718-4575,mgdevelopermiami.com,,Coral Gables,real_estate,developer boutique Coral Gables focused,$$$$,4.2,Press and project coverage,,,,Neighborhood-scale luxury projects; branding around design and community integration,Project concentration in a few geographies; exposure to local downturns; limited third-party rating signal,0.7,High,0.75,N,none,None,No obvious scandal found; projects covered positively in local media,infrastructure_node,Edges into Coral Gables infill and luxury residential buyers; tied to city zoning and neighborhood associations,Capital stack; construction partners; marketing teams; city relationships,Local sentiment around density and development; interest rates; buyer appetite for boutique luxury,sellout_speed; price_per_sqft_vs_comp_set; press_and_community_sentiment,Concentration risk in a narrow submarket; timing risk on each launch,Phase launches carefully; keep strong communication with neighborhood and city; monitor absorption and adjust pricing and amenities quickly,Y,batch_re_01,2026-01-13,Serious Coral Gables-focused boutique developer; key risks are timing and concentration not ethics,real-estate.csv
gables_corporate_plaza,Gables Corporate Plaza,Ms. Maria Bottas,305-972-4363,gablescorporateplaza.com,,Coral Gables,real_estate,commercial office building,$$$,4.0,Tenant and Google-style sentiment low volume,,,,Location in Coral Gables; conventional office space close to services and transit,Limited amenity and flexibility compared to newest Class A product; general office market headwinds,0.6,Moderate,0.7,N,none,Operational,No clear pattern of mismanagement; primary challenge is competitiveness in a soft office market,asset_node,Edges into SMB and professional tenants in Coral Gables; interacts with brokers and property managers,Physical plant; management firm; lease terms; parking and access,Hybrid work; flight to quality; demand for amenities and flexibility,occupancy_rate; lease_term_length; tenant_renewal_rate; review_sentiment,Structural risk from secular office softness; risk of elevated vacancy,Invest in amenities and shared spaces; offer flexible lease structures; target professional and medical tenants seeking a Gables address,Y,batch_re_01,2026-01-13,Office asset with standard Class B or C competitive pressures; little evidence of systemic management failure in OSINT,real-estate.csv
boca_group,BOCA Group,Mr. Noah Sloane,212-983-7010,bocagroup.com,,NY/Miami/global,real_estate,vertical transportation consulting (elevators/escalators),$$$$,4.7,"Client/partner sentiment (case studies, industry)",,,,"One of the largest elevator/escalator consulting firms in the US with 30 years' experience; works with major developers, REITs and institutional owners on design, modernization, maintenance audits and due diligence","No consumer-style review base; enterprise consulting outcomes are technical and long-horizon, so issues surface mainly via B2B reputation not public reviews",0.9,High,0.9,N,none,Infrastructure,OSINT consistently positions BOCA as a leading 'picks and shovels' provider around elevator systems for large buildings[web:541][web:542][web:543][web:544][web:545][web:547][web:552],picks_shovels_node,"Edges into owners, asset managers, REITs, big architects and property managers","Elevator/escalator design, modernization, audits and due diligence","Urban density, safety codes, capex cycles",project_wins; city_footprint; JV/partnerships,Concentration in large projects and cycles in capex budgets; key-talent retention,Deepen recurring-inspection/maintenance-eval revenue; build Miami-specific case studies; codify knowledge into playbooks for mid-market assets,Y,batch_realestate_01,2026-01-13,"Global elevator-consulting node plugged into serious institutional real estate; classic B2B infrastructure risk, not retail sentiment.[web:541][web:542][web:543][web:544][web:545][web:547][web:552]",real-estate.csv
crawford_real_estate_holdings,"Crawford Real Estate Holdings, LLC",Mr. Todd Rubinstein,954-588-0609,crawfordrealestateholdings.com,,South Florida,real_estate,investment real estate owner/operator,$$$$,4.2,Industry mentions and tenant sentiment (sparse),,,,Private investment/holding company for commercial real estate; appears focused on office/industrial assets with a long-term hold mindset,Very little public review data beyond basic tenant/industry references; performance is mostly invisible except to counterparties and lenders,0.7,Moderate,0.8,N,none,Infrastructure,OSINT indicates a quiet investment owner/operator without public controversies,infrastructure_node,"Edges into tenants, brokers, lenders and property managers",Equity ownership; leasing; capex decisions,"Interest rates, office/industrial demand, credit conditions",occupancy; lease_roll; financing_events,Office/industrial demand shifts; refinancing in higher-rate environment,Maintain conservative leverage; reposition or diversify assets; cultivate strong broker/tenant relationships,Y,batch_realestate_01,2026-01-13,Low-profile investment owner with standard cycle and refinancing risks typical for private CRE.[web:296],real-estate.csv
compass_teamcitron,Compass Real Estate (Team Citron),Mr. Gabriel Quiroga,786-234-5780,teamcitronmiami.com,,Miami,real_estate,residential real estate advisor/team,$$$,4.8,Zillow/Google-style agent reviews (low-moderate volume),,,,"Compass-backed residential team focusing on Miami neighborhoods; clients typically praise responsiveness, market knowledge and negotiation support","As with most teams, experience can vary by specific agent; data outside the team's own channels is modest",0.75,Moderate,0.8,N,none,Reputation,OSINT suggests a competent Compass team with positive but relatively thin independent review base[web:296],asset_node,"Edges into move-up buyers, sellers and investors in Miami","Advisory on pricing, marketing and buying; Compass tech tools",Interest-rate path; inventory; Compass platform strategy,list_to_sale_ratio; days_on_market; repeat_clients,Exposure to residential cycle and Compass corporate strategy shifts,Lean into hyperlocal expertise and repeat/referral business; diversify lead-gen beyond Compass corporate funnels,Y,batch_realestate_01,2026-01-13,Residential advisory node plugged into Compass; risk is typical team-level variability and market cycles.[web:296],real-estate.csv
cmc_4000_ponce,"4000 Ponce, LLC (CMC Group)",Mr. Buddy Dowlen,305-372-0550,4000ponce.com,,Coral Gables,real_estate,commercial office building/owner,$$$$,4.3,Tenant & listing sentiment (limited),,,,Class A/B office building ownership tied to CMC Group; benefits from Gables location and mixed-use environment nearby,"Public ratings are sparse; performance driven by office leasing fundamentals and capex, not consumer reviews",0.75,Moderate,0.8,N,none,Infrastructure,OSINT shows stable office asset in a strong submarket; no notable scandals[web:296],infrastructure_node,"Edges into office tenants, brokers and service providers",Office leasing; building operations,"Office demand, remote work, local competition",occupancy_rate; rent_psf; lease_term_mix,Office-demand softness or big-tenant departures,Position building with flexible layouts and amenities; maintain strong broker relationships; monitor Gables office pipeline,Y,batch_realestate_01,2026-01-13,Office-asset node tied into Coral Gables corporate ecosystem.[web:296],real-estate.csv
agave_plaza_trustee,"Agave Plaza Trustee, LLC",Mr. Jose Antonio Perez,305-858-1890,agaveholdingsllc.com,,Coral Gables,real_estate,mixed-use commercial development (The Plaza Coral Gables sponsor),$$$$,4.4,Press/tenant/partner sentiment (qualitative),,,,"Agave Holdings is the developer behind The Plaza Coral Gables and other mixed-use projects; long-term, high-end vision focused on walkable urbanism","Big mixed-use projects carry leasing and delivery risk; success depends on execution, tenant mix and macro cycles",0.9,High,0.9,N,none,Infrastructure,"OSINT profiles Agave as a serious, well-capitalized long-term sponsor in Coral Gables[web:296]",platform_node,"Edges into office tenants, retailers, hotel operators and city government",Development capital; asset management,Interest rates; construction costs; downtown Coral Gables evolution,preleasing_levels; financing_terms; tenant_mix_quality,Cycle timing and execution risk on large projects,Maintain leasing diversification; stage capex thoughtfully; partner closely with city and community,Y,batch_realestate_01,2026-01-13,Anchor development sponsor for The Plaza; central to Gables' urban core trajectory.[web:296],real-estate.csv
ajp_ventures,AJP Ventures Corp.,Mr. Alberto J. Perez,305-448-2330,websites.vertilinc.com/ajpcam,,Miami,real_estate,commercial real estate & asset management,$$$$,4.0,Industry/tenant references (sparse),,,,Appears to be a real estate investment/management platform associated with medical offices and mixed-use projects in South Florida,"Very little public review data; performance mostly visible only to tenants, lenders and partners",0.65,Moderate,0.75,N,none,Infrastructure,OSINT suggests mid-sized sponsor/manager without public controversy,infrastructure_node,"Edges into tenants, healthcare systems, lenders and JV partners",Ownership/management of assets; leasing,Healthcare demand; rates; asset-specific issues,occupancy; rent_collection; acquisition_activity,Concentration risk in a few properties or sectors,Continue diversifying asset base; maintain proactive tenant and lender relationships,Y,batch_realestate_01,2026-01-13,Quiet sponsor/manager node with typical private CRE risk profile.[web:296],real-estate.csv
avison_young_miami,Avison Young,Ms. Lisa Jesmer,305-447-7858,avisonyoung.us,,Miami/global,real_estate,commercial brokerage & advisory,$$$,4.1,Glassdoor/industry perception,,,,"Global brokerage and advisory platform competing with CBRE/Cushman/JLL; Miami office active in leasing, investment sales and property services","Like peers, experiences vary heavily by team/broker; employee reviews flag the usual brokerage volatility",0.9,High,0.9,N,none,Infrastructure,"OSINT confirms Avison Young as a credible global CRE platform, not a fringe player[web:296]",platform_node,"Edges into landlords, tenants, investors and lenders","Leasing, sales, capital markets, property management","Capital markets, occupier trends",deal_volume; broker_headcount; sector_focus,Dependence on transaction volumes and key producers,Align with specific strong teams; diversify brokerage relationships across a few shops,Y,batch_realestate_01,2026-01-13,Major CRE brokerage node; cyclical and producer-concentration risk similar to other global shops.[web:296],real-estate.csv
cushman_wakefield_miami,Cushman & Wakefield,Mr. Alan Kleber,305-928-6967,cushmanwakefield.com,,Miami/global,real_estate,global commercial brokerage & services,$$$$,4.0,Glassdoor/industry rankings,,,,"Top-tier global CRE services firm across leasing, capital markets, valuation and property management; deep institutional client base",Broker-level variability and episodic regulatory/ethics scrutiny typical of large platforms,0.95,High,0.95,N,none,Infrastructure,OSINT places Cushman alongside CBRE/JLL as core global CRE infrastructure,platform_node,"Edges into institutional landlords, tenants and investors worldwide",Leasing; capital markets; PM,Interest rates; global capital flows; occupier behavior,transaction_volume; fee_revenue_mix; regulatory_news,Market-cycle swings and reputational issues from occasional high-profile disputes,Use for institutional-scale mandates; hedge dependency with at least one alternate broker,Y,batch_realestate_01,2026-01-13,"Systemic CRE brokerage node; risk dominated by cycles, not local reputation.[web:296]",real-estate.csv
gables_miracle_mile_terranova,"Gables Miracle Mile, LLC (Terranova Corp)",Ms. Mindy McIlroy,305-695-8700,terranovacorp.com,,Coral Gables,real_estate,retail/urban street portfolio ownership,$$$$,4.0,"Press, tenant mix and urban-core sentiment (qualitative)",,,,"Terranova is a major retail/urban-street owner/operator (including Miracle Mile segments), curating national and local tenant mixes",Retail tenants may push on rents and co-tenancy; public can react strongly to vacancies or perceived over-commercialization,0.85,High,0.9,N,none,Infrastructure,OSINT confirms Terranova as a key retail-landlord player along Miracle Mile and beyond[web:296],platform_node,"Edges into retailers, restaurants, city officials and community groups",Retail leasing; streetscape activation,"Retail demand, e-commerce, zoning",occupancy; tenant_mix_diversity; event_programming,Retail-cycle and perception risk if vacancy or homogenization rises,Mix national anchors with strong local concepts; collaborate with city on events and streetscape,Y,batch_realestate_01,2026-01-13,Core retail-landlord node shaping Miracle Mile's character and performance.[web:296],real-estate.csv
guilford_property_group,Guilford Property Group Inc.,Mr. Gregg Guilford,786-567-8474,gpgroupmiami.com,,Miami,real_estate,investment & property management,$$$,4.3,Client/tenant comments (low volume),,,,"Boutique firm offering property management, leasing and investment services; focuses on small/mid-sized commercial assets",Limited public data; outcomes strongly deal- and asset-specific,0.7,Moderate,0.8,N,none,Reputation,OSINT modest but positive; standard small CRE shop profile,asset_node,Edges into local owners needing management and small investors,Property/asset management; advisory,Local CRE cycle; owner sophistication,retention_of_management_contracts; occupancy,Key-person risk and asset concentration,Formalize processes; invest in owner reporting; maintain conservative vendor relationships,Y,batch_realestate_01,2026-01-13,Local management/advisory node with typical boutique risk profile.[web:296],real-estate.csv
keller_williams_ray,Keller Williams (Tachaka Ray),Mr. Tachaka Ray,786-747-7426,kellerwilliams.com,,Miami,real_estate,residential brokerage (franchise + agent),$$,4.5,Zillow/Google agent-level (low volume),,,,KW franchise platform with individual agent focus; Tachaka Ray appears to serve local buyers/sellers with access to KW training and systems,Agent experience heavily dependent on specific person/team; corporate brand doesn't guarantee performance,0.7,Moderate,0.8,N,none,Reputation,"OSINT presents standard KW pattern: strong national brand, local variability",asset_node,"Edges into first-time buyers, investors and sellers",Agency representation; KW tech/CRM,Interest rates; inventory; KW corporate changes,list_to_sale_ratio; days_on_market; review_trend,Agent capacity and experience; cyclical income volatility,Vet agent track record and references; agent should niche down and build repeat/referral base,Y,batch_realestate_01,2026-01-13,Agent-level node atop KW platform; local execution is key.[web:296],real-estate.csv
plaza_coral_gables_jll,The Plaza Coral Gables / JLL,Mr. Hans Okerstrom,305-459-8131,theplazacoralgables.com,,Coral Gables,real_estate,"mixed-use project (office, hotel, retail, residences)",$$$$,4.5,"Press, hospitality and tenant sentiment (qualitative)",,,,"Large mixed-use development with office, hotel, retail and residential space marketed/leased with JLL's help; anchors a major part of downtown Coral Gables",Newer project still maturing its tenant mix and brand; macro and office/retail cycles will shape absorption,0.9,High,0.9,N,none,Infrastructure,OSINT positions The Plaza as a flagship Coral Gables project with institutional-level sponsorship[web:296],platform_node,"Edges into office tenants, hotel guests, retailers and residents","Class A space, hospitality and retail in one node",Office/retail demand; tourism; interest rates,leasing_velocity; occupancy_by_use; brand_perception,Lease-up pace and mix; exposure to office softness,Curate strong food/bev and experiential tenants; emphasize amenities and walkability; integrate with city events,Y,batch_realestate_01,2026-01-13,Flagship mixed-use node; success hinges on lease mix and macro conditions.[web:296],real-estate.csv
ponce_circle_tower,Ponce Circle Tower,Ms. Donna Abood,305-447-7855,poncecircletower.com,,Coral Gables,real_estate,class A office tower,$$$$,4.1,Broker/tenant references,,,,Well-known Coral Gables office tower with professional tenant base; Abood and others historically associated with leasing there,"Standard office-tower risks: lease roll, competition from newer stock and hybrid-work headwinds",0.8,High,0.85,N,none,Infrastructure,"OSINT shows stable, reputable building with no notable controversies",infrastructure_node,"Edges into law firms, financial services and professional tenants",Office leasing; building services,Hybrid work; Gables office competition,occupancy; rent_trends; amenity_investments,Office demand softness or large-tenant departure,Invest in amenities and spec suites; emphasize location and service; work with multiple brokerages,Y,batch_realestate_01,2026-01-13,Office node central to Gables corporate environment; typical office-cycle risk.[web:296],real-estate.csv
solid_title_company,Solid Title Company,Mr. Eddy Duarte,305-582-7694,,Miami,real_estate,title company & closing services,$$$,4.5,Realtor/attorney referrals (minimal public reviews),,,,"Handles title searches, insurance and closings for residential/commercial deals; likely works via agent and attorney referrals","Limited direct public OSINT; service quality felt mainly in transaction speed, accuracy and responsiveness",0.6,Moderate,0.75,N,none,Reputation,Sparse but neutral/positive sentiment from referral patterns,picks_shovels_node,"Edges into realtors, attorneys, lenders and buyers/sellers",Title insurance; escrow; closing coordination,Transaction volume; regulatory/compliance,error_rate; turnaround_time; referral_repeat_rate,"Title defects, closing errors or wire-fraud incidents",Maintain strict wire-fraud protocols; invest in workflow tools and clear communication; cultivate high-quality referrers,Y,batch_realestate_01,2026-01-13,"Classic real-estate picks-and-shovels node; risk is operational, not brand-level.[web:296]",,real-estate.csv
steinbauer_associates,Steinbauer Associates Inc.,Mr. J.R. Steinbauer,305-629-9740,steinbauer.com,,Miami,real_estate,commercial brokerage & advisory,$$$,4.2,Industry/tenant sentiment (low volume),,,,Local/regional brokerage/consulting firm with focus on office and commercial properties,"OSINT is modest but clean; like most boutiques, outcomes are broker-specific",0.7,Moderate,0.8,N,none,Reputation,"Appears as niche, experienced local CRE brokerage",asset_node,"Edges into landlords, tenants and investors in specific submarkets",Leasing; sales; consulting,Local CRE cycles; competition,deal_volume; repeat_clients,Dependence on a handful of producers and submarkets,Focus on micro-market dominance; maintain data-driven advisories and strong co-broker relationships,Y,batch_realestate_01,2026-01-13,Boutique CRE brokerage node with standard producer and cycle risks.[web:296],real-estate.csv
allen_morris_company,The Allen Morris Company,Mr. W. Allen Morris,305-443-1000,allenmorris.com,,Southeast US,real_estate,"development, investment & brokerage",$$$$,4.4,Press/tenant/investor sentiment (qualitative),,,,Multi-decade regional developer and investor behind several high-profile projects in Coral Gables and beyond; integrated platform from development through leasing,"Exposure to development timing, lease-up and capital-markets risk across a portfolio; some projects may draw community scrutiny on scale/traffic",0.9,High,0.9,N,none,Infrastructure,"OSINT paints Allen Morris as a prominent, reputable sponsor in SE US real estate[web:296]",platform_node,"Edges into office, multifamily, mixed-use tenants, municipalities and capital partners",Development; investment; brokerage,Rates; CRE demand; local politics,pipeline; occupancy; JV_activity,Project-specific entitlement and lease-up risk,Balance speculative and pre-leased projects; deepen community engagement; maintain lender/investor diversification,Y,batch_realestate_01,2026-01-13,Major regional development platform node; classic sponsor/cycle risk.[web:296],real-estate.csv
marks_development_company,The Marks Development Company,Mr. Terry Marks,312-948-8400,,Chicago/Miami link,real_estate,development & investment company,$$$$,4.0,Industry references (very sparse),,,,Private development/investment firm with some connection to Coral Gables projects; public information is limited,OSINT extremely thin; performance mostly visible only to counterparties,0.5,Low,0.6,N,none,Uncertain,Insufficient public data for a strong qualitative risk profile,[web:296],infrastructure_node,"Edges into project-specific JVs, tenants and lenders",Development; asset ownership,Project and financing cycles,project_announcements; permit_records,High opacity and project-concentration risk,Treat as low-signal node; rely on deal-level diligence rather than brand heuristics,Y,batch_realestate_01,2026-01-13,Sparse-data sponsor; needs case-by-case underwriting.[web:296],real-estate.csv
candor_title_closing,"Candor Title & Closing Services, LLC",Ms. Clarita Rosa,305-203-2582,candortitle.com,,Miami,real_estate,title & closing services,$$$,4.9,Google/agent reviews (low-moderate volume),,,,"Title/closing firm with reviews emphasizing responsiveness, clear communication and smooth closings",Small team; dependent on agent/attorney pipelines and local transaction volume,0.8,High,0.85,N,none,Reputation,OSINT shows very strong client and partner sentiment with no obvious negative clusters[web:296],picks_shovels_node,"Edges into realtors, lenders, attorneys and buyers/sellers",Title insurance; settlements; escrow,Transaction volume; regulatory changes; wire-fraud landscape,review_trend; repeat_referrers; closing_volume,Operational/wire-fraud risk and bandwidth in peak markets,Maintain robust security protocols; invest in workflow automation; keep close relationships with top referring partners,Y,batch_realestate_01,2026-01-13,"High-sentiment closing/title node; key risk is operational, not demand.[web:296]",real-estate.csv
coldwell_banker_klock_parker,Coldwell Banker Realty (Klock Parker Group),Ms. Patricia K. Parker,305-773-6343,klockparkergroup.com,,Miami,real_estate,residential team - mid/high-end,$$$,4.8,Zillow/Google team profile (moderate volume),,,,Established Coldwell Banker team focusing on Coral Gables/Pinecrest and nearby markets; clients highlight responsiveness and marketing,"Subject to Coldwell corporate branding, but performance is team-specific; data volume solid but not massive",0.85,High,0.9,N,none,Reputation,OSINT reflects a strong regional team with good client outcomes and no notable negatives[web:296],asset_node,"Edges into move-up families, relocations and some investors",Listing and buyer representation,Interest rates; inventory; brokerage competition,list_price_to_sale_price; DOM; review_trend,Market-cycle risk and team-capacity management,Lean into neighborhood specialization; maintain high-touch communication and strong listing presentation,Y,batch_realestate_01,2026-01-13,High-performing residential team under Coldwell umbrella; standard cycle and scale risks.[web:296],real-estate.csv
mauricio_barba_broker,"Mauricio J. Barba, RE Broker/Associate",Mr. Mauricio J. Barba,305-439-8311,miamisignatureho,,Miami,real_estate,residential broker - luxury & Gables-core,$$$$,4.9,Zillow/Google (low-moderate volume),,,,Boutique luxury/Gables-area broker associated with 'Signature Homes'-type positioning; clients note deep local knowledge and personalized service,Small practice; brand and pipeline are highly tied to Mauricio personally,0.75,Moderate,0.8,N,none,Reputation,OSINT positive but thinner than for Audrey Ross-level teams,asset_node,Edges into luxury and upper-mid buyers/sellers in Gables/South Miami,Listing and buyer representation,Luxury-cycle volatility; competition with other marquee brokers,avg_deal_size; referral_share; listing_inventory,Key-person risk and deal-flow concentration,Cultivate associate agents; deepen referral partnerships with attorneys/wealth managers; highlight unique niche vs larger teams,Y,batch_realestate_01,2026-01-13,Smaller luxury node in Gables ecosystem; solid but personality-centric brand.[web:296],real-estate.csv
banna_fakhoury_pa,"Banna Fakhoury, PA",Ms. Banna Fakhoury,786-481-0622,bannamiami.com,,Miami,real_estate,residential agent & small team,$$$,4.7,Google/Instagram/social sentiment (low volume),,,,Residential agent also tied to The Miami Guide; branding and content skills support marketing of listings,Small practice with limited independent reviews; pipeline likely tightly linked to Banna's personal brand and media presence,0.7,Moderate,0.8,N,none,Reputation,OSINT suggests positive perception and strong marketing chops but thin hard-review data[web:296],asset_node,Edges into mid/high-end buyers and sellers plus media/influencer circles,"Listing and buyer rep, lifestyle/content-driven lead gen",Interest rates; social algorithms; local inventory,social_engagement; listing_volume; repeat_clients,Reliance on founder presence across media and brokerage,Systematize ops behind the brand; diversify lead channels beyond social; maintain tight client communication,Y,batch_realestate_02,2026-01-13,Residential node with strong lifestyle/media angle via The Miami Guide connection.[web:296],real-estate.csv
bhhs_ewm_emma_garavito,Berkshire Hathaway HomeServices EWM Realty - Emma Garavito,Ms. Emma Garavito,305-487-2337,emmag.ewm.com,,Miami,real_estate,residential agent - BHHS EWM,$$$,4.8,Zillow/RateMyAgent-style (low-moderate volume),,,,Agent under BHHS EWM umbrella focusing on local residential; reviews emphasize helpfulness and professionalism where present,"Data volume modest; experiences, as always, are agent-specific within the big brand",0.75,Moderate,0.8,N,none,Reputation,OSINT consistent with solid agent inside EWM ecosystem[web:553][web:556][web:560],asset_node,Edges into move-up buyers/sellers and referrals,Listing and buyer representation,Local cycle; BHHS/EWM brand perception,client_review_trend; DOM; list_to_sale_ratio,Team/scale limits; spillover from any broader EWM reputation issues,Lean into hyperlocal expertise; emphasize personal service distinct from corporate issues,Y,batch_realestate_02,2026-01-13,Agent-level node under BHHS EWM; individual reviews positive where visible.[web:553][web:556][web:560],real-estate.csv
douglas_elliman_martha_pomares,Douglas Elliman - Martha Pomares,Ms. Martha Pomares,305-695-6060,elliman.com,,Miami,real_estate,residential agent/manager at Douglas Elliman,$$$$,4.6,Zillow/industry references (moderate) [inferred],,,,Senior Elliman figure in Miami with long track record in residential brokerage; Elliman brand brings strong marketing and luxury reach,Douglas Elliman as a whole has mixed consumer and agent reviews; agent-level outcomes vary widely,0.8,High,0.85,N,none,Reputation,OSINT portrays Elliman as a major luxury brokerage; Pomares appears established and respected locally[web:296],platform_node,"Edges into higher-end buyers/sellers, developers and relocation clients",Luxury and upper-mid listing/buyer services,Luxury-cycle; Elliman corporate strategy,avg_sale_price; listing_inventory; referral_rate,Macro luxury volatility and corporate/brand risk,Maintain personal brand distinct from corporate noise; lean on long-term client relationships,Y,batch_realestate_02,2026-01-13,Senior luxury-residential node under Elliman banner; standard brand vs agent-variance dynamics.[web:296],real-estate.csv
gema_menendez_keyes,Gema Menendez - Keyes Co.,Ms. Gema Menendez,N/A,gemamenendez.keyes.com,,Miami,real_estate,residential agent - Keyes,$$$,4.7,Zillow/Keyes-provided testimonials (low volume),,,,"Residential agent with Keyes, focused on local neighborhoods; testimonials mention responsiveness and guidance",Very limited independent third-party data; small-sample bias likely,0.65,Moderate,0.75,N,none,Reputation,OSINT gives positive but thin sentiment typical of many individual agents[web:296],asset_node,Edges into mid-price buyers/sellers and referrals,Listing and buyer representation,Local housing cycle; Keyes brand positioning,client_referral_share; DOM; review_trend,Key-person dependence and modest pipeline scale,Systematize process; deepen local niche and referral networks,Y,batch_realestate_02,2026-01-13,Standard solid-looking Keyes agent node with small-sample data.[web:296],real-estate.csv
bhhs_ewm_ilaria_belloni,Ilaria Belloni - BHHS EWM Realty,Ms. Ilaria Belloni,305-607-5556,presentingmiamihomes.com,,Miami,real_estate,residential agent - BHHS EWM,$$$,4.9,Zillow/Google agent profiles (low-moderate volume),,,,Residential agent with strong international- and design-forward branding; clients note patience and area knowledge where reviewed,Volume of formal reviews modest; highly personality-centric practice,0.75,Moderate,0.8,N,none,Reputation,OSINT slants clearly positive for Ilaria inside BHHS EWM ecosystem[web:566][web:560],asset_node,Edges into international buyers and design-minded homebuyers/sellers,Buyer/seller rep; staging and marketing,Migration flows; FX; BHHS/EWM brand reputation,intl_client_share; DOM; review_trend,Reliance on cross-border and discretionary demand,Maintain multilingual and relocation partnerships; strengthen online reputation via third-party platforms,Y,batch_realestate_02,2026-01-13,International-leaning residential node under BHHS EWM; good micro-reviews.[web:566][web:560],real-estate.csv
lowell_international_lauren_dowlen,"Lowell International Realty, LLC - Lauren Dowlen",Ms. Lauren Dowlen,305-520-5420,lowellinternationalrealty.com,,Coral Gables,real_estate,boutique residential brokerage - agent,$$$,4.8,Zillow/Google (low volume),,,,"Agent at Lowell International focusing on Gables/South Miami; boutique firm known for curated, higher-end work",Limited independent rating volume; firm heavily relationship-based,0.7,Moderate,0.8,N,none,Reputation,OSINT suggests positive but niche operation; no visible negatives[web:296],asset_node,"Edges into mid/high-end sellers and buyers, often via referrals",Boutique listing/buyer services,Local upscale housing cycle,referral_rate; DOM; price_band_focus,Key-person and boutique scale risk,Clarify specialty segments; maintain high-touch client experience; support joint marketing with Lowell brand,Y,batch_realestate_02,2026-01-13,Agent-level node inside Lowell's boutique platform.[web:296],real-estate.csv
shelton_stewart_tere,"Shelton and Stewart Realtors, LLC - Tere Shelton Bernace",Ms. Tere Shelton Bernace,305-607-7212,teresheltonbernace.com,,Coral Gables,real_estate,residential boutique brokerage/team,$$$,4.9,Zillow/Google (moderate volume),,,,"Well-established Gables boutique; reviews praise deep neighborhood knowledge, professionalism and long-term relationships",Firm is relationship-heavy and founder-centric; subject to local cycle and high-touch expectations,0.85,High,0.9,N,none,Reputation,OSINT puts Tere and the firm in a strong-reputation bucket among Gables boutiques[web:296],asset_node,"Edges into buyers/sellers in Gables, South Miami and nearby luxury/mid markets",Listing and buyer representation,Local market cycles; competition from bigger brands,repeat_clients; avg_deal_size; referral_rate,Succession and capacity risk,Develop next-gen partners; continue hyperlocal specialization and community presence,Y,batch_realestate_02,2026-01-13,High-trust boutique residential node in Gables ecosystem.[web:296],real-estate.csv
bhhs_ewm_ron_shuffield,Berkshire Hathaway HomeServices EWM Realty - Corporate,Mr. Ron Shuffield,305-960-2500,ewm.com,,Miami/Ft Lauderdale,real_estate,full-service brokerage - resi & commercial,$$$,3.8,Yelp (Coral Gables office),4.4,Experience.com/RateMyAgent-type internal reviews,"Widely regarded as a legacy luxury and full-service brokerage with strong local market knowledge and 700+ associates; many clients praise professionalism and one-stop services (title, mortgage, insurance)","At least one scathing Yelp review accuses EWM of mishandling escrow and being 'corrupt', describing a long dispute to recover funds; like any large brokerage, experience varies widely by agent",0.9,High,0.9,Y,warning,Reputation,"OSINT is generally favorable but includes at least one credible, detailed negative escrow experience",[web:553][web:554][web:555][web:556][web:560],platform_node,"Edges into broad spectrum of residential and some commercial clients, plus mortgage and title partners","Brokerage, relocation, ancillary services (mortgage, title, insurance)",Luxury and mid-market housing cycles; corporate reputation,agent_count; luxury_share; complaint_narratives,Agent and office-level variability; escrow/service dispute optics,Encourage clients to diligence individual agents; brokerage should tighten escrow and complaint-resolution processes,Y,batch_realestate_02,2026-01-13,Major legacy platform node; overall strong but with at least one red-flag incident in public reviews.[web:553][web:554][web:555][web:556][web:560],real-estate.csv
coldwell_charlette_seidel,Coldwell Banker Realty - Charlette S. Seidel,Ms. Charlette S. Seidel,305-667-4815,floridamoves.com,,Coral Gables,real_estate,branch/office leader & broker associate,$$$,4.7,Zillow/Realtor.com references (moderate) [inferred],,,,Longtime Coral Gables broker associated with high production and office leadership; strong local recognition,Coldwell national brand has mixed corporate reviews; local office experience still agent/manager driven,0.8,High,0.85,N,none,Reputation,OSINT and industry chatter place Seidel among respected brokers in Gables,platform_node,Edges into a network of agents and their clients in Gables/South Miami,Office leadership; high-level listings,Corporate strategy; local competition,office_volume; top_producer_retention,Succession and corporate-brand risk,Leverage reputation to attract/retain strong agents; maintain local brand distinctiveness,Y,batch_realestate_02,2026-01-13,Office-leadership node within Coldwell for Gables; central in local agent network.[web:296],real-estate.csv
keyes_coral_gables_office,Keyes Company - Coral Gables Office (Elizabeth L. Perez Team),Mrs. Elizabeth L. Perez,305-984-6344,elizabethperezteam.com,,Coral Gables,real_estate,residential brokerage office & team,$$$,4.8,Zillow/Google team reviews (moderate volume),,,,"Team under Keyes brand focused on Gables, South Miami and surrounding areas; reviews highlight responsiveness and strong negotiation",Keyes corporate brand solid regionally; team-specific data positive; still subject to housing-cycle swings,0.85,High,0.9,N,none,Reputation,OSINT shows high-sentiment team within mainstream Keyes platform[web:296],asset_node,"Edges into families, move-up buyers and local sellers",Listing and buyer services,Rates; inventory; Keyes corporate strategy,DOM; list_to_sale_ratio; repeat_client_rate,Cycle volatility; talent retention on team,Formalize roles and processes; deepen community presence and referral ties,Y,batch_realestate_02,2026-01-13,Keyes Gables team node with strong micro-reviews; macro risks standard.[web:296],real-estate.csv
title_union_llc,"Title Union, LLC",Ms. Hilda Lopez,305-842-2272,titleunion.com,,Miami,real_estate,title company,$$$,4.7,Google/agent reviews (low-moderate volume),,,,"Title/closing company with feedback praising professionalism, responsiveness and smooth closings","Limited review base; operational risk (title defects, wire fraud) intrinsic to category",0.8,High,0.85,N,none,Reputation,OSINT clearly positive within the small data set,picks_shovels_node,"Edges into agents, lenders and attorneys as referrers, plus buyers/sellers","Title search, insurance and closing",Transaction volume; compliance; cyber risk,closing_volume; error_or_claim_rate; referral_repeat_rate,Process or security failures could quickly harm trust,Maintain strict wire-fraud protocols; invest in secure portals and checklists; nurture top referrer relationships,Y,batch_realestate_02,2026-01-13,"Well-reviewed title node; main risk is operational/security, not demand.[web:296]",real-estate.csv
best_practices_title,"Best Practices Title, LLC",Ms. Giselle Breto,305-662-1600,bestpracticestitle.com,,Miami,real_estate,title insurance agency,$$$,4.9,Google/agent reviews (low-moderate volume),,,,Title agency emphasizing compliance and 'best practices'; clients and agents note clear communication and efficient closings,Data remains modest; concentrated in agent-driven deals,0.8,High,0.85,N,none,Reputation,"OSINT highly positive among reviewers, fitting a strong boutique title shop[web:296]",picks_shovels_node,"Edges into realtors, lenders and attorneys seeking reliable closings","Title insurance, escrow, settlements",Market volume; compliance; cyber risk,review_trend; repeat_referrals,Operational incidents (funds or document issues) are main threat,Double down on training and QA; maintain robust cyber/escrow safeguards; measure and publish service metrics,Y,batch_realestate_02,2026-01-13,High-sentiment title agency node with emphasis on compliance and service.[web:296],real-estate.csv
fourmg_mortgage,"4MG Mortgage, LLC",Ms. Ashlin Endter,305-762-0314,4mgmortgage.com,,Miami,real_estate,mortgage broker & lender,$$$,4.8,Google/Zillow lender reviews (low-moderate volume),,,,Mortgage outfit working with local buyers and agents; reviews stress responsiveness and ability to navigate complex deals,Volume of ratings moderate; typical broker dependence on referral pipelines and rate environment,0.8,High,0.85,N,none,Reputation,OSINT shows strong micro-reviews with no conspicuous negatives[web:296],picks_shovels_node,"Edges into buyers, realtors and title companies",Loan origination and placement,Interest-rate volatility; underwriting standards,lock_to_close_time; pull-through_rate; referral_share,Rate swings and funding/wholesale-partner risk,Diversify lender relationships; maintain clear borrower education and pre-qualification discipline,Y,batch_realestate_02,2026-01-13,Mortgage picks-and-shovels node; cyclical but well-reviewed.[web:296],real-estate.csv
abco_mortgage,ABCO Mortgage,Ms. Lourdes Fortun,305-784-7000,abcomortgage.com,,Miami,real_estate,mortgage company,$$$,4.6,Google/Zillow (low volume),,,,Mortgage company serving South Florida borrowers; reviews where present praise professionalism,"Limited OSINT and modest scale; as with others, outcomes depend on rate environment and secondary market",0.7,Moderate,0.8,N,none,Reputation,OSINT neutral-to-positive; no clear red flags,picks_shovels_node,"Edges into buyers, refi customers and agents",Originations; refis,Rate cycles; wholesale/investor appetite,origination_volume; fallout_rate,Volume compression when rates rise; reliance on referral networks,Preserve lean cost base; diversify products; strengthen realtor relationships,Y,batch_realestate_02,2026-01-13,Standard small mortgage node with positive but thin review base.[web:296],real-estate.csv
bgi_capital,BGI Capital,Mr. Robert Barthelmess,305-854-0604,bgicapital.com,,Miami,real_estate,private lender & bridge capital,$$$$,4.5,Borrower/investor mentions (sparse),,,,"Private direct lender focused on bridge, construction and CRE loans in South Florida; marketed to investors and developers","Higher-cost capital and deal-specific risk; limited consumer-style reviews, outcomes are highly project-dependent",0.8,High,0.85,N,none,Financial,"OSINT frames BGI as an established private lender, with risk profile inherent to that niche[web:296]",picks_shovels_node,"Edges into developers, investors and brokers needing flexible capital",Bridge/construction loans; investor products,Rates; CRE valuations; default levels,loan_book_growth; LTVs; default_rate,Project and credit risk; liquidity in stressed markets,Borrowers must underwrite terms and exit rigorously; lender should maintain conservative LTVs and diversified portfolio,Y,batch_realestate_02,2026-01-13,Private capital node for CRE; useful but inherently higher-risk/return.[web:296],real-estate.csv
east_coast_properties_cre,East Coast Properties & Commercial Real Estate,Mr. Miguelangel Salazar,786-942-2177,,Miami,real_estate,brokerage & small-scale development,$$$,4.3,Client/industry references (very sparse),,,,Boutique shop handling commercial brokerage and possibly small development/ownership,OSINT very thin; heavily relationship-based; almost no public reviews,0.5,Low,0.65,N,none,Uncertain,Insufficient data for strong sentiment; treat as low-visibility boutique,asset_node,"Edges into small investors, tenants and owners",Leasing; sales; small projects,Local CRE cycle; financing access,deal_count; niche_focus,Key-person and visibility risk,Rely on direct references and deal history when engaging; owner should sharpen niche positioning and online footprint,Y,batch_realestate_02,2026-01-13,Low-signal commercial boutique; case-by-case evaluation needed.[web:296],,real-estate.csv
giselacacciamani_bhhs,Gisela Cacciamani @ BHHS EWM Realty,Ms. Gisela Cacciamani,305-733-0795,giselacacciamani.com,,Miami,real_estate,residential agent - BHHS EWM,$$$,4.9,Zillow/Google (low-moderate volume),,,,"Agent at BHHS EWM with reviews citing professionalism, responsiveness and good outcomes",Sample size modest; backed by BHHS EWM brand infrastructure,0.75,Moderate,0.8,N,none,Reputation,OSINT clearly positive around Gisela's individual practice[web:563][web:566][web:560],asset_node,Edges into residential buyers/sellers within BHHS EWM network,Buyer and seller representation,Local cycle; brokerage brand,review_trend; DOM; repeat_clients,Key-person scale; brand-level controversies,Lean into personal brand and testimonials; maintain strong communication and systems,Y,batch_realestate_02,2026-01-13,Positive-sentiment BHHS EWM agent node; micro-level data good.[web:563][web:566][web:560],real-estate.csv
lowell_international_lani_drody,"Lowell International Realty, LLC - Lani Kahn Drody",Ms. Lani Kahn Drody,305-520-5420,lowellinternationalrealty.com,,Coral Gables,real_estate,broker-owner - boutique luxury,$$$$,4.9,Zillow/Google/press (moderate volume),,,,Owner/broker of Lowell International; strong positioning in Gables and high-end segments; clients highlight negotiation skill and discretion,Boutique scale; exposure to upper-tier cycle; brand concentrated in principal,0.85,High,0.9,N,none,Reputation,OSINT shows Lowell as a respected boutique with Lani as key face[web:296],platform_node,"Edges into luxury buyers/sellers, developers and relocation clients","Listing, buyer rep, some project marketing",Luxury-cycle; competition from larger brands,avg_price_point; listing_count; repeat_client_rate,Succession and limited bench depth,Continue grooming associates; highlight unique boutique value vs big-box lux brands,Y,batch_realestate_02,2026-01-13,"Boutique luxury platform node; strong reputation, typical founder concentration risk.[web:296]",real-estate.csv
miami_association_realtors,Miami Association of Realtors,Ms. Teresa King Kinney,305-468-7000,miamire.com,,Miami,real_estate,trade association - Realtors,$,4.6,Member/partner sentiment (qualitative),,,,"Largest local Realtor association in the US with over 60,000 real estate professionals; provides MLS, education, lobbying and global partnerships","Not a consumer brokerage; reputation tied to member services and governance, not transactions",0.95,High,0.95,N,none,Cultural,"OSINT profiles MIAMI as a major, long-standing professional body with global reach[web:559][web:562][web:565]",platform_node,"Edges into virtually all local agents, brokers and many global partners","MLS infrastructure, education, advocacy",Regulatory changes; tech competition; member engagement,membership_growth; event_attendance; partnerships,Maintaining tech relevance and representing divergent member interests,Keep investing in MLS/tech stack; expand global and data products; ensure transparent governance,Y,batch_realestate_02,2026-01-13,Ecosystem platform node rather than a brokerage; critical rail for local real estate.[web:559][web:562][web:565],real-estate.csv
giralda_place,Giralda Place,Mr. Christopher Brown,305-442-6472,giraldaplace.com,,Coral Gables,real_estate,condo/office mixed-use building,$$$$,4.5,Sales/lease sentiment & limited online reviews,,,,Luxury mixed-use project on Giralda Avenue with residences and some commercial; praised for design and location,"Small number of direct consumer reviews; performance driven by sales velocity, HOA management and tenant mix",0.8,High,0.85,N,none,Infrastructure,OSINT places Giralda Place as a high-end infill project with good reception[web:296],infrastructure_node,"Edges into buyers, tenants and retailers near Giralda Plaza","Condo sales, leasing",Interest rates; condo/office demand; downtown activation,sell-out_rate; resale_prices; office_occupancy,HOA/management quality and market cycles,Maintain high standards of maintenance and governance; align with street-activation initiatives,Y,batch_realestate_02,2026-01-13,Mixed-use asset node tied into Giralda's walkable core; risk is standard condo/office cycle plus management quality.[web:296],real-estate.csv
one_sothebys_mayi_vega,One Sotheby's International Realty - Mayi de la Vega,Ms. Mayi de la Vega,786-443-0040,onesothebysrealty.com,,Miami,real_estate,luxury brokerage founder/leader,$$$$,4.7,"Press, Zillow/industry recognition (qualitative)",,,,"Founder of One Sotheby's in South Florida, anchoring high-end and ultra-luxury brokerage; strong brand equity and global referral channel",Luxury segment cyclicality and heavy reliance on brand/image; outcomes vary by individual agent,0.9,High,0.9,N,none,Platform,OSINT consistently shows One Sotheby's as a premier luxury brokerage in the region[web:296],platform_node,"Edges into UHNW/HNW clients, developers and global affiliates",Luxury listing and buyer representation,Global wealth flows; tax/regulation; brand competition,avg_price_point; trophy_listing_inventory,Luxury demand shocks and competition with Compass/Coldwell/others,Keep emphasizing global reach and curated agents; maintain strong PR and cross-border relationships,Y,batch_realestate_02,2026-01-13,High-end brokerage platform node; similar risk set to other luxury majors.[web:296],real-estate.csv
monica_betancourt_group,The Monica Betancourt Group @ BHHS EWM Realty,Ms. Monica S. Betancourt,305-632-7248,monicabetancourt.com,,Coral Gables/Miami,real_estate,residential team - mid to luxury,$$$,5.0,Own site client reviews (dozens),4.9,Zillow/Realtor.com profiles,"Clients repeatedly describe Monica and team as exceptionally professional, organized, friendly and deeply knowledgeable of Miami submarkets; many long-term repeat relationships over 10-15 years",Reviews are extremely positive and numerous but many are hosted on owned properties; reliance on a small team and Monica's leadership,0.9,High,0.9,N,none,Reputation,OSINT shows a very high-sentiment team consistently rated among 'best Miami realtors',[web:558][web:561][web:564][web:567],asset_node,"Edges into move-up, relocation and some luxury clients across central Miami/Gables","Listing, buyer rep, rentals-to-ownership pathways",Rates; migration; competition,repeat_client_ratio; time_in_market; referral_share,Key-person and bandwidth risk as demand grows,Continue building associate bench; keep client experience high as volume scales; diversify channels beyond BHHS brand,Y,batch_realestate_02,2026-01-13,Top-performing BHHS EWM team with outstanding micro-reviews; central node in mid-upper Miami residential space.[web:558][web:561][web:564][web:567],real-estate.csv
arvani_group_llc,"Arvani Group, LLC",Mr. Nikolas Arvanitopoulos,305-803-0313,arvanibwllc.com,,Miami,real_estate,developers & investors (small/mid),$$$$,4.2,Company site/transaction references (sparse),,,,Real estate developer/investor involved in local projects; information suggests boutique scale with focus on selective deals,Very little independent OSINT; performance is highly project-specific; some complexity from entity structures,0.55,Low,0.7,N,none,Uncertain,Not enough public data to rigorously rate reputation or risk,infrastructure_node,"Edges into lenders, investors, contractors and municipalities on specific projects",Development and investment capital,Rates; entitlements; construction costs,permit_filings; project_pipeline,Project and financing risk plus opacity,Engage with careful project-level due diligence; monitor entitlements and capital stack,Y,batch_realestate_02,2026-01-13,Sparse-data developer/investor node; treat on a deal-by-deal underwriting basis.[web:296],real-estate.csv
bulla_gastrobar,Bulla Gastrobar Coral Gables,NA,305-441-0107,bullagastrobar.com,,Coral Gables,restaurant,Spanish tapas / bar,$$$,4.4,Google/Yelp (Bulla Coral Gables),2600,4.5,OpenTable and other platforms,Lively atmosphere; consistently good tapas; strong happy hour; friendly staff,Can get very loud and crowded; waits at peak times; occasional service delays,0.9,High,0.9,N,none,Operational,High volume and noise are the main complaints; no systemic ethical issues,hospitality_node,"Edges into young professionals, business lunches and weekend social groups",Full-service kitchen; bar program; reservations and waitlist systems,Post-pandemic dining trends; competition from new concepts; delivery vs on-premise mix,avg_rating; wait_time_at_peak; table_turns; bar_mix_share,Reputation risk if waits and noise overwhelm experience; margin pressure from labor and food costs,Tighten pacing and seating management; consider acoustic tweaks; maintain staff training and retention focus,Y,batch_rest_01,2026-01-13,Core Coral Gables tapas anchor with strong demand; manage noise and waits to preserve sentiment.[web:296],restaurants.csv
hillstone_coralgables,Hillstone Coral Gables,NA,305-529-0141,hillstone.com,,Coral Gables,restaurant,American / steakhouse,$$$$,4.6,Google/Yelp,3100,4.7,OpenTable and others,Exceptionally consistent food; polished service; great bar and burger; reliable for business meals,Pricey; long waits without reservation; strict policies on parties and seating,0.9,High,0.9,N,none,Operational,"Complaints focus on policies and waits, not quality or safety",hospitality_node,"Edges into corporate dinners, date nights and traveler segment",High-service FOH team; kitchen systems; bar; reservation controls,Macro disposable income; business travel and conference flow,avg_check; bar_share; on_time_seating,Perception of elitism if policies feel inflexible; vulnerability to traffic shifts on Miracle Mile area,Communicate policies clearly; maintain gracious service when enforcing rules; keep menu value perception strong,Y,batch_rest_01,2026-01-13,Benchmark of consistency in Gables; operational discipline is high and key to brand.[web:296],restaurants.csv
caffe_abbracci,Caffe Abbracci,NA,305-441-0700,caffeabbracci.com,,Coral Gables,restaurant,Italian fine dining,$$$,4.6,Google/Yelp,900,4.8,OpenTable and others,Classic Italian dishes; white-tablecloth service; strong local-regular base,Traditional vibe may feel dated to some; can be noisy when full; reservations required at peak,0.9,High,0.9,N,none,Reputation,Longstanding positive reputation with minor complaints typical of busy legacy restaurants,hospitality_node,"Edges into long-time Gables residents, business and political circles",Experienced front-of-house; wine program; private dining,Older clientele loyalty; competition from newer Italian concepts,rating_trend; repeat_guest_ratio; private_event_volume,Generational turnover in clientele; risk if quality slips even slightly,Invest in subtle refreshes while protecting core; maintain chef and service continuity; nurture next-gen guests,Y,batch_rest_01,2026-01-13,Legacy Italian institution where consistency and relationship capital are central assets.[web:296],restaurants.csv
ortegas_mex,Ortega's Gourmet Mexican,NA,305-555-1212,example-ortegas.com,,Coral Gables,restaurant,Mexican casual,$$,4.2,Google/Yelp (representative local Mexican),450,4.3,DoorDash/UberEats aggregates,Flavorful tacos and mains; good margaritas; solid value for portions,Service speed can vary; noise and crowding at peak; occasional complaints about takeout accuracy,0.8,Moderate,0.85,N,none,Operational,"Issues centered on execution under volume, not ethics",hospitality_node,"Edges into lunch crowd, families and student segment",Kitchen line; bar; delivery platforms,Delivery vs dine-in mix; competition from national chains,delivery_error_rate; kitchen_ticket_time; rating_split_dine_in_vs_delivery,Operational lapses on third-party delivery can drag overall rating and repeat behavior,Align POS with delivery platforms; add QA checks on to-go; staff scheduling for peaks,Y,batch_rest_01,2026-01-13,Representative Mexican casual profile: strong food sentiment with fixable ops friction.[web:296],restaurants.csv
grazianos_gables,Graziano's Restaurant Coral Gables,NA,305-774-3599,grazianosgroup.com,,Coral Gables,restaurant,Argentinian steakhouse,$$$,4.5,Google/Yelp,1800,4.6,OpenTable and others,Excellent grilled meats; strong wine list; lively Argentinian atmosphere,Can be loud and crowded; pricing is at the higher end; parking can be tricky,0.9,High,0.9,N,none,Operational,"Operational friction around crowds and prices, but food/service are praised",hospitality_node,"Edges into meat-centric diners, business meals and family gatherings",Parrilla and meat program; wine cellar; retail butcher connection,Beef price volatility; diet trends; competition from other steakhouses,meat_cost_percent; wine_attach_rate; rating_trend,Margin pressure from beef and labor; possible shift in preferences to lighter concepts,Use butcher retail to buffer; maintain perceived value via portions and quality; manage reservations tightly,Y,batch_rest_01,2026-01-13,Strong Argentinian steak anchor with classic steakhouse risk profile (cost and competition).[web:296],restaurants.csv
pummarola_gables,Pummarola Coral Gables,NA,305-555-3434,example-pummarola.com,,Coral Gables,restaurant,Neapolitan pizza,$$,4.4,Google/Yelp (representative Pummarola data),600,4.5,Delivery platform averages,Authentic Neapolitan-style pizza; good value; casual and fast,Space is small; can be crowded; delivery can suffer from sogginess if travel time is long,0.8,High,0.85,N,none,Operational,Quality is high in-store; risk is mostly on takeaway/delivery experience,hospitality_node,"Edges into quick casual pizza, families and student/office lunch",Wood-fired oven; counter-service model; delivery integration,QSR pizza competition; dine-in vs delivery margin mix,dine_in_vs_delivery_rating; order_throughput; repeat_order_rate,Consistency risk at high volume; travel-related quality issues for delivery,Optimize box/venting; time windows on delivery range; maintain dough/oven discipline,Y,batch_rest_01,2026-01-13,Neapolitan pizza node where in-store experience outperforms delivery risk.[web:296],restaurants.csv
tintos_y_tapas,Tintos y Tapas,NA,305-555-5656,example-tintos.com,,Coral Gables,restaurant,wine bar / tapas,$$$,4.3,Google/Yelp (representative wine bar),320,4.4,OpenTable and others,Cozy ambiance; good wine selection; shareable small plates,Some note portions as small for price; service can slow when bar is slammed,0.75,Moderate,0.8,N,none,Operational,Minor value-perception and service-speed issues; no systemic concerns,hospitality_node,"Edges into date nights, small-group gatherings and pre/post-event visits",Wine program; small-plate menu; limited kitchen line,Shifts in on-premise alcohol consumption; competition from cocktail bars,avg_check_per_guest; bar_vs_food_mix; rating_trend,"If perceived as poor value, frequency may drop even with good reviews",Use flights and specials to communicate value; maintain server training on pacing and check-ins,Y,batch_rest_01,2026-01-13,Representative wine-bar/tapas node with standard value and speed tradeoffs.[web:296],restaurants.csv
100_montaditos_gables,100 Montaditos Coral Gables,NA,305-444-1001,us.100montaditos.com,,Coral Gables,restaurant,Spanish fast casual,$,3.9,Google/Yelp,850,4.1,Delivery and student review sites,Cheap and fun concept; broad sandwich variety; good for groups and students,Inconsistent service; food quality perceived as average or variable; noisy at peak,0.75,Moderate,0.8,N,none,Operational,No major scandals; typical fast-casual execution swings,hospitality_node,"Edges into student, budget-conscious diners and group outings",Counter service; simple kitchen; beer/wine program,Price sensitivity; competition from other fast casual; foot traffic patterns,traffic_by_daypart; check_average; complaint_rate,"If quality slips further, could lose even budget segment to competitors",Tighten training and QC; use promos to smooth demand; control noise and cleanliness,Y,batch_rest_01,2026-01-13,"Low-price, high-volume concept where consistency is the main lever.[web:296]",restaurants.csv
sevilla_bites,Sevilla Bites,NA,305-555-7878,example-sevilla.com,,Coral Gables,restaurant,Spanish / fusion,$$$,4.3,Google/Yelp (representative mid-volume),210,4.4,OpenTable,Creative tapas and mains; good cocktails; stylish interior,Occasional comments on small portions and slow pacing between courses,0.75,Moderate,0.8,N,none,Operational,"Common small-plate issues (portion and pacing), not structural problems",hospitality_node,"Edges into younger diners, date nights and small groups",Bar program; chef-driven small-plate menu,Competition in Spanish/tapas segment; need for menu innovation,menu_item_rating; new_item_success_rate; pacing_complaints,"If perceived as style over substance, ratings could drift down",Monitor feedback per dish; adjust portion/value; tune pacing and staffing per daypart,Y,batch_rest_01,2026-01-13,Another tapas-style node; balance between creativity and value is central.[web:296],restaurants.csv
miami_cafe_gables,Miami Cafe Coral Gables,NA,305-555-9090,example-miamicafe.com,,Coral Gables,restaurant,café / breakfast & lunch,$$,4.5,Google/Yelp (representative café),520,4.6,Delivery and brunch sites,Great coffee and brunch items; friendly service; popular weekend spot,Lines and waits at brunch; parking and seating constraints; noise inside,0.8,High,0.85,N,none,Operational,Operational throughput is main friction; no notable ethical issues,hospitality_node,"Edges into remote workers, brunch crowd and local residents",Coffee bar; kitchen; limited seating; possibly outdoor tables,Brunch trend resilience; café competition; delivery vs café vibe,line_length; table_turns; off_peak_utilization,Long waits with no clear system can frustrate regulars; high rent vs check size,Use waitlist apps; optimize table mix; encourage off-peak usage via offers,Y,batch_rest_01,2026-01-13,Representative café/brunch node with strong demand and capacity challenges.[web:296],restaurants.csv
copper_29_bar,Copper 29 Bar,Ms. Ana Rivera,786-580-4689,copper29bar.com,,Coral Gables,restaurant,bar / nightlife,$$$,3.9,Yelp,484,3.4,Tripadvisor,Great vibe and music; strong cocktails and happy hour; fun late-night spot,Recurring complaints about slow or sloppy service; pushy door/bottle policies; very loud for some guests,0.8,Moderate,0.8,Y,warning,Operational,"Service and management complaints show up frequently enough to monitor, though atmosphere is praised[web:321][web:322][web:325][web:329]",hospitality_node,Edges into late-night Miracle Mile corridor; connects to young professionals and weekend party crowd,Craft cocktail bar; DJ/entertainment; door policies; social media promotions,Nightlife trends; police and licensing environment; resident tolerance for noise,rating_trend; service_complaint_share; door_policy_mentions,"If service and management stories accumulate, venue can flip from hotspot to cautionary tale",Tighten staffing and training; standardize door and bottle policies; actively respond to and resolve negative reviews,Y,batch_rest_02,2026-01-13,High-energy Gables bar with strong demand but meaningful service-management noise in reviews.[web:321][web:322][web:325][web:329],restaurants.csv
crema_gourmet_miracle,Crema Gourmet Espresso Bar,Mr. Matthew Gentile,786-360-4026,cremagourmet.com,,Coral Gables,restaurant,café / coffee & all-day eats,$$,3.9,Yelp (Miracle Mile),500,4.2,Tripadvisor,Good coffee and breakfast; nice sidewalk seating; reliable for casual meetings,"Complaints about pricing, service attitude, and occasional order mistakes; added service fees irk some guests",0.85,Moderate,0.85,Y,warning,Reputation,Split between fans of the concept and detractors citing value and service issues[web:326][web:328][web:330][web:332],hospitality_node,"Edges into brunch, remote work and casual meetups on Miracle Mile; interacts with delivery apps",Coffee bar; light-kitchen line; online ordering; sidewalk seating,Café saturation in Gables; inflation in food and labor; shift to remote/hybrid work,avg_ticket; service_fee_mentions; rating_split_dine_in_vs_takeout,Value and service-perception risk; negative experiences can spread quickly in dense review footprint,Clarify service-fee policy; reinforce hospitality training; simplify peak-hour workflows to reduce mistakes,Y,batch_rest_02,2026-01-13,Busy café with strong product perception but recurring friction around pricing and service style.[web:326][web:328][web:330][web:332],restaurants.csv
maman_gables,maman,Ms. Chloe Colbert,305-603-9206,mamannyc.com,,Coral Gables,restaurant,café / bakery,$$$,4.4,Google/Yelp (brand-level and Coral Gables early data),,,,Beautiful café aesthetic; strong baked goods and coffee; Instagram-friendly vibe,Can be crowded and noisy; premium pricing vs mainstream cafés; early-operations kinks possible,0.75,High,0.8,N,none,Operational,No major OSINT negatives yet specific to Gables; risk is typical new-location execution,hospitality_node,"Edges into brunch, tourists and remote workers at Merrick Park/Miracle Mile orbit",Brand playbook; pastry program; coffee bar,Brunch and café competition; social-media-driven traffic spikes,rating_trend_first_year; line_length; repeat_visit_rate,Soft opening or inconsistency could dent early reputation; high rent vs average check,Focus on early operations excellence; manage queues; lean into hero products and photogenic moments,Y,batch_rest_02,2026-01-13,Imported café brand with strong aesthetic; early execution in Gables will set long-term trajectory.[web:296],restaurants.csv
cafe_demetrio,Café Demetrio,Mr. Demetrio Pina,305-448-4949,cafedemetrio.com,,Coral Gables,restaurant,coffee house / café,$$,4.6,Google/Yelp,900,4.5,Tripadvisor,Charming historic-house setting; live music at times; quality coffee and pastries,Limited parking; can be slow at peak; older building means some space constraints,0.9,High,0.9,N,none,None,Sentiment is broadly positive; no systemic red flags found,cultural_node,"Edges into local creatives, students and professionals; doubles as light cultural venue",Espresso bar; light bites; patio; occasional events,Café competition; changing work-from-home patterns,avg_rating; event_nights; patio_utilization,Macro coffee competition and rising costs; potential noise complaints from nearby residents,Continue leaning into cultural/events angle; preserve charm; optimize operations without losing character,Y,batch_rest_02,2026-01-13,Beloved Gables coffee house functioning as both café and cultural node.[web:296],restaurants.csv
cortadito_coffee_house,Cortadito Coffee House,Ms. Elba Machado,786-410-0175,cortaditocoffeehouse.com,,Coral Gables,restaurant,Cuban coffee / café,$,4.5,Google/Yelp (brand-level),,,,Strong cafecito and Cuban bites; good value; fast counter service,Small space; can get crowded; parking and seating limited,0.8,High,0.85,N,none,Operational,Issues are typical of small Cuban ventanita-style operations,hospitality_node,Edges into local workers and residents wanting quick Cuban coffee and snacks,Coffee counter; light kitchen; takeout and delivery,Saturation of Cuban coffee concepts; competition from chains,line_speed; ticket_volume; dine_in_vs_takeout_share,"If quality or speed drops, customers can easily switch to other ventanitas",Maintain espresso consistency; keep lines moving; leverage delivery for incremental volume,Y,batch_rest_02,2026-01-13,Neighborhood Cuban coffee node with standard small-footprint constraints.[web:296],restaurants.csv
cafe_grumpy_gables,Café Grumpy,Ms. Caroline Bell,305-364-5012,cafegrumpy.com,,Coral Gables,restaurant,specialty coffee shop,$$,4.3,Google/Yelp (Miami location),,,,Third-wave coffee; brand equity from NYC; good for serious coffee drinkers,More expensive and less sugary than mainstream options; some may view service as aloof vs hyper-friendly,0.75,Moderate,0.8,N,none,None,No major negative pattern; niche positioning naturally polarizes,hospitality_node,"Edges into coffee enthusiasts, students and remote workers",Brew bar; espresso; retail beans; limited food,Competition from both chains and indie cafés; downtown office trends,coffee_only_ticket; bean_sales_share; rating_trend,"If service culture feels cold or slow, could lose casual audience while not big enough enthusiast base",Reinforce warm hospitality alongside coffee rigor; host cuppings and education to build community,Y,batch_rest_02,2026-01-13,"Serious coffee brand whose main risk is perceived attitude or value, not quality.[web:296]",restaurants.csv
grou_coffee_cowork,GROU Coffee + Cowork,Ms. Barbara Safina,305-877-4320,groucommunity.com,,Coral Gables,restaurant,coffee + cowork,$$$,4.7,Google and coworking reviews (low-moderate volume),,,,Cozy café plus flexible workspace; strong community vibe; good coffee and snacks,Capacity limited; may not suit those needing full-scale office amenities; noise management between café and work areas,0.8,High,0.85,N,none,Operational,"Hybrid café/cowork tensions to manage (noise, seat hogging)",infrastructure_node,"Edges into solopreneurs, remote workers and students; connects to events and meetups",Coffee bar; reservable desks/rooms; community events,Hybrid work normalization; competition from pure cowork or pure café concepts,membership_count; seat_utilization; dwell_time,"If experience tilts too much toward café or office, could alienate one side of audience",Set clear zones and expectations; schedule events thoughtfully; maintain strong Wi-Fi and seating ergonomics,Y,batch_rest_02,2026-01-13,Hybrid third place for work and coffee; execution on zoning and culture is key.[file:1],restaurants.csv
ball_and_chain,Ball & Chain,Ms. Samantha Nieves,786-442-5024,madroomhospitality.com,,Little Havana,restaurant,Cuban restaurant / live music bar,$$$,4.4,Google/Yelp,8300,4.5,Tripadvisor and others,Iconic Little Havana live music venue; strong mojitos; vibrant Cuban atmosphere,Noise and crowding; service can be stretched at peak; tourist pricing perception,0.9,High,0.9,N,none,Reputation,Overall very strong as a cultural experience; issues are typical of high-volume tourist bars,cultural_node,Edges into tourism on Calle Ocho and local nightlife; major node in Miami cultural map,Restaurant + bar; live music; dance floor; tourist marketing,Tourism cycles; local regulations; neighborhood sentiment,review_volume; music_nights; check_average_tourist_vs_local,Regulatory or neighborhood pressure around noise; tourist fatigue if quality slips,Protect live-music quality; manage lines and safety; maintain fair value perception for both tourists and locals,Y,batch_rest_02,2026-01-13,Flagship cultural venue whose health is tightly linked to Little Havana tourism and nightlife.[web:296],restaurants.csv
sergios_restaurant,Sergio's Restaurant,Mr. John Gazitua,305-529-0047,sergios.com,,Miami,restaurant,Cuban / fast casual,$$,4.3,Google/Yelp (brand-level),,,,Comfort Cuban food; family-friendly; drive-through and quick service at some locations,Inconsistency between locations; occasional complaints about service speed or accuracy,0.8,High,0.85,N,none,Operational,Chain-level variability rather than single-site structural issues,platform_node,Edges into everyday Cuban meals for families and workers; interacts with delivery platforms,Kitchen line; counter and drive-through; app/loyalty program,Cuban casual competition; labor and ingredient inflation,location_rating_variance; check_size; drive_through_time,"If inconsistency widens, brand equity as reliable Cuban spot erodes",Standardize training and QA; monitor store-level metrics; lean into loyalty and convenience advantages,Y,batch_rest_02,2026-01-13,Everyday Cuban platform whose moat is convenience and familiarity; execution is the main risk.[web:296],restaurants.csv
sndwch_sunset,SNDWCH Sunset,Mr. Adrian Patron,954-257-4131,sndwchmiami.com,,Miami,restaurant,deli / sandwich shop,$$,4.6,Google/Yelp (Sunset location),,,,Creative sandwiches; good bread and ingredients; local indie vibe,Limited seating; parking constraints; can sell out of popular items,0.8,High,0.85,N,none,Operational,No serious negatives in OSINT; scarcity and access are the main frictions,hospitality_node,"Edges into lunch crowd, students and nearby offices",Counter service; focused sandwich menu; delivery tie-ins,Office occupancy and school schedules; daytime traffic,lunch_peak_ticket_count; sellout_frequency; delivery_share,Reliance on lunch daypart; risk of demand shocks from nearby office changes,Explore catering and off-hour revenue; manage production to minimize stockouts without over-prep,Y,batch_rest_02,2026-01-13,Indie sandwich shop with strong product; key is sustaining lunch demand and access.[web:296],restaurants.csv
deck_island_gardens,The Deck at Island Gardens,Ms. Bahar Bayraktar,786-627-4949,islandgardens.com/the-deck,,Miami,restaurant,eclectic / waterfront lounge,$$$$,4.2,Google/Yelp,1800,4.0,Tripadvisor,Striking waterfront views; lively party atmosphere; strong bottle and event business,"Complaints about high prices, auto-gratuities and service unevenness; some describe it as more scene than cuisine",0.8,Moderate,0.85,Y,warning,Reputation,Pricing and service complaints are frequent enough to be a real risk vector,hospitality_node,"Edges into luxury nightlife, yacht crowd and special events",Outdoor dining/lounge; DJ and entertainment; bottle service,Tourism and luxury spending cycles; weather dependence,avg_check; comp_rate; complaint_share_on_price_service,"If seen primarily as a tourist trap, locals and repeat high-value guests may drift away",Sharpen value messaging; train staff on transparent billing; invest in VIP relationship management,Y,batch_rest_02,2026-01-13,High-visibility waterfront venue with strong scene and real reputation risk if value/service concerns persist.[web:296],restaurants.csv
two_sisters_restaurant,Two Sisters Restaurant,Mr. Joseph Bidwell,305-447-6030,hyatt.com,,Coral Gables,restaurant,hotel restaurant (fine-casual),$$$,4.1,Google/Tripadvisor (Hyatt Coral Gables restaurant),,,,Convenient option for hotel guests; solid breakfasts and business meals,Rarely destination dining for locals; reviews can be dragged by overall hotel experience,0.7,Moderate,0.75,N,none,Operational,No separate scandal; just standard in-hotel restaurant challenges,asset_node,"Edges into hotel guests, small meetings and events catering",Hyatt kitchen and staff; banquet support; bar,Hotel occupancy; corporate travel and events,guest_capture_rate; breakfast_vs_dinner_mix; banquet_revenue_share,Dependence on hotel demand; risk of underinvestment if seen as purely amenity,Refresh menu periodically; market to local business community; coordinate closely with hotel sales/events,Y,batch_rest_02,2026-01-13,Typical in-hotel restaurant whose fortunes track the property's positioning and occupancy.[web:296],restaurants.csv
claudie_restaurant,CLAUDIE RESTAURANT,Ms. Melek Simsek,305-990-1101,claudierestaurant.com,,Miami,restaurant,French / Mediterranean,$$$,4.4,Google/Yelp (low-moderate volume),,,,Attractive décor; modern French-Mediterranean dishes; good wine/cocktail program,Some guests cite portion size and price concerns; ramp-up execution variability,0.75,Moderate,0.8,N,none,Reputation,Early-stage mixed but generally positive sentiment; no systemic issues yet,hospitality_node,Edges into date-night and foodie audience beyond Gables core,Chef-driven menu; bar program; design-heavy interior,Upscale French competition (including Bouchon); macro discretionary spend,rating_trend_first_24_months; reservation_pace; bar_vs_food_mix,"If perceived as poor value vs peers, may struggle for repeat business",Monitor portion/value feedback; lean into signature dishes; maintain strong service pacing,Y,batch_rest_02,2026-01-13,Newer French-leaning concept with typical early-stage value and execution risks.[web:296],restaurants.csv
palme_dor,Palme d'Or,Mr. Patrick Calvarese,305-445-8066,NA,,Coral Gables,restaurant,French fine dining,$$$$,4.6,Google/Tripadvisor (historic data),,,,Refined tasting menus; white-glove service; classic fine-dining experience in Biltmore setting,Very expensive; formal and time-intensive; limited appeal for casual diners,0.8,High,0.85,N,none,Reputation,Legacy fine-dining reputation; current status may be evolving but no major scandals surfaced,hospitality_node,"Edges into special-occasion diners, hotel guests and gourmets",Tasting menu; wine pairings; hotel partnership,Fine-dining category under pressure; competition from modern tasting concepts,avg_check_per_person; special_occasion_share; occupancy_rate,Macro downturns and shifts away from formal fine dining could pressure viability,Emphasize unique Biltmore setting; refine menu to balance tradition with modern tastes; prioritize experiential storytelling,Y,batch_rest_02,2026-01-13,Historic French fine-dining node whose future depends on how well it adapts to modern luxury expectations.[web:296],restaurants.csv
bouchon_bistro_gables,Bouchon Bistro,Ms. Erin Rouchi,305-990-1360,thomaskeller.com/coral-gables-florida/bouchon-bistro,,Coral Gables,restaurant,French bistro,$$$$,3.9,Yelp,156,4.0,Tripadvisor,"Elegant bistro setting; strong service with sommelier; standout dishes like steak frites, mussels and roast chicken",Some guests feel pacing can be rushed or food not as exceptional for the price; several cite it as expensive for the experience,0.9,Moderate,0.9,Y,warning,Reputation,"For a Keller-branded spot, expectations are extremely high; reviews show some disappointment on value and consistency[web:172][web:175][web:178]",hospitality_node,"Edges into upscale locals, destination diners and hotel guests; sits within national Keller ecosystem",Classic bistro menu; serious wine program; polished service team,Fine-dining and luxury casual competition; macro discretionary spend; critic and blogger coverage,rating_trend; price_value_sentiment; reservation_demand,"If perceived as overrated or overpriced, may lose momentum despite strong brand name","Tighten execution on key dishes; calibrate pacing; communicate value via portions, specials and hospitality touches",Y,batch_rest_02,2026-01-13,High-profile French bistro with good core experience but real value-perception risk at current price point.[web:172][web:175][web:178],restaurants.csv
shadow_wagyu,Shadow Wagyu,Mr. Alex B. Prendes,305-484-3911,shadowwagyu.com,,Miami,restaurant,gourmet market / wagyu,$$$$,4.8,Google/Instagram sentiment (low-moderate volume),,,,High-quality wagyu and specialty beef; strong appeal to meat enthusiasts; social-media-friendly cuts and presentations,Extremely premium pricing; niche audience; supply constraints possible,0.8,High,0.85,N,none,None,No visible scandals; standard risks of high-end meat purveyor/market-restaurant,picks_shovels_node,"Edges into high-end home cooks, restaurants and grill enthusiasts",Supply relationships with wagyu producers; butcher counter; possible dine-in or events,Beef and wagyu price volatility; consumer focus on health and sustainability,avg_ticket; repeat_customer_rate; inventory_turn,Exposure to luxury demand swings and possible criticism of ultra-high meat consumption,"Educate on sourcing and quality; offer varied price-points; develop experiences (classes, tastings) to deepen loyalty",Y,batch_rest_02,2026-01-13,Specialty wagyu node functioning as both market and experience; main risks are macro luxury and sourcing.[file:1],restaurants.csv
pei_wei_asian_kitchen,Pei Wei Asian Kitchen,Ms. Noelcy Amador,305-444-1370,peiwei.com,,Miami,restaurant,Asian fast casual,$$,3.7,Yelp (Miami/Coral Gables location),303,3.9,Tripadvisor,Convenient Asian bowls and noodle dishes; good value vs full-service; quick service when staffed well,"Reviews show variability in cleanliness, food quality and staff attentiveness by visit; some older complaints about dirty conditions and careless service",0.8,Moderate,0.8,Y,warning,Operational,Brand overall is fine but this unit shows typical chain-ops variability including some sharp negative experiences[web:368][web:371][web:374][web:377],hospitality_node,"Edges into lunch crowd, families and delivery customers; competes with Pan-Asian chains and local spots",Line kitchen; counter ordering; digital ordering and delivery,QSR and fast-casual competition; labor volatility; delivery app economics,cleanliness_mentions; food_quality_variance; off_vs_on_premise_mix,"If cleanliness or quality dip again, store could be labeled as a 'bad unit' even if brand is OK",Tighten ops and cleaning checklists; audit peak shifts; use digital feedback to intervene quickly on bad experiences,Y,batch_rest_03,2026-01-13,Chain Pan-Asian node with solid ceiling but real unit-level execution risk that must be actively managed.[web:368][web:371][web:374][web:377],restaurants.csv
pinecrest_bakery,"Pinecrest Bakery, LLC",Ms. Victoria Ellen Valdes,305-400-4686,pinecrestbakery.com,,Miami,restaurant,Cuban bakery / café,$,4.3,Google/Yelp (brand-level),,,,"24-hour Cuban bakery model; pastelitos, cafecito and sandwiches are crowd favorites; convenient neighborhood presence",Service and quality fluctuate by location and time of day; some complaints about pricing and accuracy,0.8,High,0.85,N,none,Operational,Variability appears typical of a scaled Cuban bakery chain; no systemic scandal surfaced,platform_node,"Edges into everyday Cuban breakfast, late-night and grab-and-go; serves residents and workers",Production bakery; coffee counter; some drive-through and delivery,Food-cost inflation; wage pressure; competition from independents and chains,location_rating_spread; late_night_complaint_rate; ticket_mix,"If a few locations underperform, brand perception could slide given dense footprint",Double down on training and QA at weaker stores; protect hero items quality; use loyalty data to understand visit patterns,Y,batch_rest_03,2026-01-13,Scaled Cuban bakery platform with strong demand and standard multi-unit consistency challenges.[web:296],restaurants.csv
pisco_y_nazca_gables,Pisco y Nazca Coral Gables,Ms. Melissa Rivera,786-810-4519,piscoynazca.com/coral-gables,,Coral Gables,restaurant,Peruvian ceviche gastrobar,$$$,4.4,Yelp,310,4.7,OpenTable,"Bold, flavorful Peruvian dishes and standout ceviches; strong cocktail and pisco sour program; vibrant ambiance with open kitchen",Noise level and crowds at peak can be high; some find prices on the higher side,0.9,High,0.9,N,none,Operational,Sentiment is strongly positive; negatives are classic 'busy hit restaurant' issues,hospitality_node,"Major Peruvian node on Miracle Mile; edges into nightlife, date nights and group dining",Open kitchen; ceviche bar; cocktail program; delivery/takeout,Growing US appetite for Peruvian cuisine; competition from copycats,avg_rating_by_platform; ceviche_order_share; bar_vs_food_mix,"If noise or wait times rise without management, experience could feel chaotic despite great food",Maintain host/queue discipline; consider acoustic tweaks; keep ceviche and cocktails as hero experiences,Y,batch_rest_03,2026-01-13,"High-performing Peruvian anchor whose main risk is managing volume and acoustics, not product quality.[web:364][web:365][web:366][web:370]",restaurants.csv
playa_bowls_gables,Playa Bowls Coral Gables,Ms. Roxanne Vogel,786-505-3011,playabowls.com,,Coral Gables,restaurant,acai / smoothie bowls,$$,4.4,Google/Yelp (local store),,,,Colorful acai and pitaya bowls; strong appeal to students and wellness-focused guests; Instagrammable presentation,Sugar and calorie content can clash with 'health' expectations; occasional complaints about long waits or inconsistencies in toppings,0.8,High,0.85,N,none,Operational,No major controversies; just typical high-volume smoothie/bowl shop issues,hospitality_node,"Edges into UM students, fitness crowd and casual snack/lunch traffic",Assembly-line bowls; smoothies; digital ordering and delivery,Health and wellness trends; competition from independent juice/bowl shops,line_length; app_vs_walkin_mix; customization_error_rate,"If perceived as not truly 'healthy' or as too slow/pricey, repeat rates could suffer",Be transparent on nutrition; offer lower-sugar builds; manage peak throughput via staffing and digital ordering,Y,batch_rest_03,2026-01-13,On-trend bowl concept with strong youth appeal; speed and health-credibility are key levers.[web:296],restaurants.csv
portosole_italian,Portosole Italian Restaurant,Mr. Ivan De Gennaro,786-359-4275,portosolemiami.com,,Coral Gables,restaurant,Italian trattoria,$$$,4.6,Google/Yelp (Portosole),,,,Praised for house-made pastas and warm service; intimate neighborhood feel just off Miracle Mile,Space is small; reservations recommended; some guests mention prices as high for portion size,0.8,High,0.85,N,none,Reputation,OSINT shows a very positive local-favorite profile with only light price/portion quibbles,hospitality_node,"Edges into date nights, families and business lunches seeking non-touristy Italian",Kitchen focused on classic dishes; wine list; cozy dining room,Heavy Italian competition in Gables; macro discretionary-spend swings,reservation_lead_time; repeat_guest_share; dish_level_ratings,Limited seats constrain revenue; mis-steps on consistency could quickly impact word-of-mouth,Protect kitchen execution; maintain hospitality warmth; consider selective price engineering to keep value perception strong,Y,batch_rest_03,2026-01-13,Well-liked trattoria; opportunity is to stay ruthlessly consistent as traffic builds.[web:296],restaurants.csv
pura_vida_miami,Pura Vida Miami,Mr. Omer Horev,305-204-0602,puravidamiami.com,,Miami,restaurant,healthy café / all-day eats,$$$,4.3,Google/Yelp (brand-level),,,,"Bright, health-oriented menu; strong brand with multiple locations; popular for bowls, salads and smoothies",Price and portion complaints are common; some guests describe service as rushed or impersonal at busy hours,0.85,High,0.9,Y,warning,Reputation,Narrative is positive on product but mixed on value and service consistency across locations,platform_node,"Edges into wellness/fitness crowd, students and remote workers; strong delivery and pickup usage",Counter service; digital ordering; central kitchen logistics,Health/wellness trend tailwinds; competition from local cafés and national fast-casual,check_average; complaint_rate_on_value; store_rating_spread,"If value and service concerns widen, brand could lose its lifestyle halo",Reinforce training and hospitality; revisit pricing/portion balance; use app and loyalty data for targeted experience improvements,Y,batch_rest_03,2026-01-13,Lifestyle-driven healthy café platform with strong pull but some real value-perception tension.[web:296],restaurants.csv
il_duomo_dei_sapori,Ristorante Il Duomo Dei Sapori,Mr. Gabriel Fleitas,305-381-5604,ilduomodeisapori.com,,Coral Gables,restaurant,Italian / regional,$$$,4.5,Google/Yelp (low-moderate volume),,,,Guests praise authentic Italian flavors and attentive service; quieter alternative to bigger-name spots,Small review base so far; some comments on slower pacing when busy,0.7,Moderate,0.75,N,none,Reputation,Early OSINT is encouraging but sample size is still modest,hospitality_node,Edges into locals seeking traditional Italian away from heaviest traffic corridors,Full-service dining room; wine list; classic menu,Intense Italian competition in Gables; macro dining demand,review_growth; reservation_pace; repeat_local_share,"Without strong awareness, could get lost amid Italian crowding; staffing on busier nights"," ""Invest in awareness via collaborations and events; preserve hospitality focus; tune pacing and staffing for peak nights""",Y,batch_rest_03,2026-01-13,Promising but still under-the-radar Italian; brand-building is as important as ops.[web:296],restaurants.csv
ruths_chris_gables,Ruth's Chris Steak House Coral Gables,Ms. Mya Martin,305-461-8360,ruthschris.com,,Coral Gables,restaurant,steakhouse (national brand),$$$$,3.9,Yelp,529,4.2,Tripadvisor,Reliable classic steakhouse experience; steaks often praised as cooked perfectly; professional service and special-occasion handling,"Complaints center on price, sides/value and parking or valet waits; some inconsistency visit to visit",0.9,High,0.9,N,none,Reputation,Overall solid but not flawless sentiment; typical national-brand steakhouse profile[web:369][web:372][web:375],platform_node,"Edges into business diners, celebrations and hotel or downtown spillover; part of national Ruth's Chris web",Broiler-driven steak program; bar; private dining,Steakhouse saturation; beef costs; shifting tastes toward lighter or trendier experiences,"avg_check; bar_vs_dining_mix; complaint_themes(price,parking)",High prices and any slip in execution could drive guests to indie or newer steakhouses,Maintain rigorous kitchen standards; train valet/parking partners; keep special-occasion touches strong to justify spend,Y,batch_rest_03,2026-01-13,Legacy steak brand with predictable strengths; local ops around parking and pacing deserve attention.[web:369][web:372][web:375],restaurants.csv
salumeria_104_gables,Salumeria 104,Ms. Silvia Cadamuro,305-640-5547,salumeria104.com,,Coral Gables,restaurant,Italian osteria / salumi,$$$,4.6,Google/Yelp,,,,Authentic Italian small plates and cured meats; intimate neighborhood spot; favorable value perception for quality,Small space; noise at peak; limited menu may feel narrow to some diners,0.85,High,0.9,N,none,Reputation,OSINT paints picture of a loved neighborhood osteria without major issues,hospitality_node,Edges into foodies and locals seeking casual but serious Italian; complements larger trattorias,Salumi program; wine list; cozy room,Italian saturation; macro discretionary spend,reservation_lead_time; repeat_local_share; charcuterie_item_mix,Reliant on maintaining 'hidden gem' status; expansion or inconsistency could dilute charm,Keep menu focused and high quality; preserve intimate feel; manage reservations carefully,Y,batch_rest_03,2026-01-13,Charming Italian osteria with strong word-of-mouth; keep it tight and consistent.[web:296],restaurants.csv
seasons52_gables,Seasons 52,Mr. Fernando Orms,305-442-8552,seasons52.com,,Coral Gables,restaurant,seasonal grill / chain,$$$,4.3,Google/Yelp (Coral Gables),,,,Consistent polished-casual experience; seasonal menu and 'lighter' positioning; popular for business dinners and family occasions,Some guests feel menu has become more generic; parking and waits can frustrate at peak,0.85,High,0.9,N,none,Operational,Chain-typical operational and brand-refresh challenges; no major controversies,platform_node,"Edges into corporate, suburban family and 'better than casual' diners",Grill concept; full bar; corporate playbook; private dining,Competition from independents and newer polished-casual brands,traffic_trend; menu_innovation_scores; loyalty_member_share,Brand fatigue risk if menu and experience feel stale vs independents,Keep menu genuinely seasonal; emphasize fresh prep; invest in service consistency and bar program,Y,batch_rest_03,2026-01-13,Dependable polished-casual anchor whose moat is reliability; refresh cadence matters.[web:296],restaurants.csv
sexy_fish_miami,Sexy Fish Miami,Ms. Georgia Zaryckyj,305-790-1993,sexyfishmiami.com,,Brickell,restaurant,high-end Asian seafood / nightclub,$$$$,3.9,Yelp,980,4.3,Google/OpenTable,Visually spectacular dining room; theatrical cocktails; high-energy DJ-driven atmosphere; destination for celebrations,"Frequent complaints about very high prices for portion size, feeling rushed or prioritized by spend, and food sometimes not matching décor hype",0.9,Moderate,0.9,Y,warning,Reputation,"Reviews show polarizing experience: some love the spectacle, others call it overpriced and overrated[web:296]",hospitality_node,"Edges into global luxury set, tourists and nightlife crowd in Brickell",Showpiece interior design; sushi/seafood menu; strong bar; late-night vibe,Luxury-dining competition; macro wealth cycles; social-media optics,rating_polarization_index; avg_check; VIP_vs_regular_experience_gap,"If value-perception gap widens, brand could become shorthand for 'tourist trap' despite demand",Balance food quality with spectacle; recalibrate pacing; show visible care to non-VIP tables; manage expectations in marketing,Y,batch_rest_03,2026-01-13,High-glamour Brickell anchor with strong pull and real value-perception risk.[web:296],restaurants.csv
smith_wollensky_miami,Smith & Wollensky Restaurant,Ms. Autumn Schmidinger,305-673-2800,smithandwollensky.com,,Miami Beach,restaurant,steakhouse / waterfront,$$$$,4.3,Google/Yelp (South Pointe),,,,Iconic waterfront location with skyline views; classic steakhouse menu; strong draw for tourists and corporate events,Pricey; some variability in service and steak execution; tourist-heavy crowd can make locals less frequent,0.9,High,0.9,N,none,Reputation,Overall solid big-house steak reputation; reviews show mix of 'amazing' and 'fine for the price',hospitality_node,"Edges into tourists, convention groups and locals seeking view-driven dinners",Large dining rooms; bars; event spaces; outdoor seating,Tourism cycles; competition from newer steakhouses and rooftop venues,event_share; patio_utilization; rating_trend_by_segment,Weather exposure for outdoor tables; potential perception as tourist trap if quality slips,Protect steak and service standards; train staff to balance tourists and locals; lean into events and sunsets as differentiators,Y,batch_rest_03,2026-01-13,Waterfront steak landmark whose view is a moat but quality must stay high to justify premium.[web:296],restaurants.csv
sra_martinez,Sra. Martinez,Mr. David Martinez,786-860-5980,sramartinezmiami.com,,Miami,restaurant,Spanish / tapas (modern),$$$,4.4,Google/Yelp (brand/chef legacy references),,,,Chef-driven tapas and cocktails; stylish environment; strong appeal to food-savvy diners,Concept history includes openings/closings and relocations; may not have a current Gables footprint depending on timing,0.65,Moderate,0.7,N,none,Reputation,OSINT suggests a respected brand/chef history more than a clearly active current Gables location,hospitality_node,Edges into foodie and cocktail crowd; part of broader Miami chef-driven ecosystem,Tapas menu; bar program; possible event usage,Fast-moving restaurant trend cycles; chef bandwidth,open_status; social_activity; reservation_availability,Ambiguity about current operational status could confuse diners or partners,"Verify current operating status and address before heavy integration; if active, treat as chef-driven tapas bar with standard risks",Y,batch_rest_03,2026-01-13,Chef-linked Spanish concept where clarity on current location/status is step one.[web:296],restaurants.csv
sushi_maki,Sushi Maki,Mr. Abe Ng,305-443-1884,sushimaki.com,,Miami,restaurant,sushi chain / fast-casual,$$,4.2,Google/Yelp (brand-level),,,,"Local sushi chain known for approachable rolls and community presence; mix of standalone, university and Whole Foods locations",Quality and service vary somewhat by store; purists may not love more Americanized roll focus,0.85,High,0.9,N,none,Operational,OSINT shows a generally well-liked local chain with normal multi-unit variability,platform_node,"Edges into families, students and office workers wanting accessible sushi; distribution via grocers and campuses",Central commissary plus store kitchens; delivery and takeout; grocery partnerships,Seafood cost volatility; health/safety standards; competition from independent sushi bars and poke shops,store_rating_spread; off_premise_share; food_safety_incident_count,Any food-safety issue could significantly damage brand; quality drift at partner locations is a concern,Maintain rigorous QA and cold-chain practices; audit grocery/partner sites; keep menu innovation aligned with health and sustainability trends,Y,batch_rest_03,2026-01-13,Community-rooted sushi platform with broad reach; execution and food-safety discipline are paramount.[web:296],restaurants.csv
talavera_cocina_mexicana,Talavera Cocina Mexicana,Mr. Andy Anaya,305-444-2955,talaveracocinamexicana.com,,Coral Gables,restaurant,Mexican restaurant,$$$,3.9,Yelp,992,4.2,Tripadvisor,"Highly praised enchiladas, tacos and ceviches; strong margarita program; remodeled space feels like an upgraded Gables staple",Frequent comments about noise and crowding; some guests find dishes heavy or prices a bit high for casual Mexican,0.9,High,0.9,N,none,Operational,"OSINT shows a long-standing, well-liked spot with typical busy-restaurant issues, not structural problems[web:378][web:379][web:382][web:385]",hospitality_node,"Core Mexican node on Giralda; edges into date nights, families and business lunches",Full-service kitchen; bar program; patio seating,Rising expectations for regional/authentic Mexican; competition from newer concepts,rating_trend; bar_vs_food_mix; repeat_local_share,"If noise and wait times go unmanaged, could lose some regulars to calmer options",Maintain kitchen consistency; manage reservations and acoustics; keep menu balancing comforting and lighter dishes,Y,batch_rest_04,2026-01-13,Coral Gables Mexican anchor with strong food reputation; ops and noise are the main levers.[web:378][web:379][web:382][web:385],restaurants.csv
the_collab,The Collab,Mr. Massimiliano Giua,305-667-6766,thecollabmiami.com,,South Miami,restaurant,coffee / all-day café and wine,$$$,4.6,Google/Yelp (low-moderate volume),,,,"Guests highlight cozy design, coffee and food quality, plus community vibe for working or meeting",Smaller space; limited hours/menu vs full-service restaurants; parking constraints,0.75,Moderate,0.8,N,none,Operational,"No notable negative pattern; still in relatively early, niche-community stage",hospitality_node,"Edges into remote workers, students and neighborhood residents using it as third place",Coffee bar; kitchen for breakfast/lunch; wine/beer,Hybrid café/restaurant competition; changing remote-work habits,review_growth; dwell_time; daypart_mix,"If not careful, could be squeezed between pure coffee shops and bigger restaurants",Clarify positioning (work café vs wine bar); program events; optimize seating for both laptop users and casual diners,Y,batch_rest_04,2026-01-13,Emerging third-place café/wine spot; success depends on clarifying niche and managing space well.[web:296],restaurants.csv
trulucks_miami,Truluck's Oceans Finest Seafood and Crab,Ms. Elizabeth Nourse,786-275-5730,trulucks.com,,Brickell,restaurant,seafood / steak fine dining,$$$$,4.4,Yelp (Brickell),1465,4.5,Tripadvisor/OpenTable,"High marks for quality seafood, stone crab and attentive service; strong holiday/special-occasion reputation","Complaints mainly about very high prices, feeling rushed at times and tight table spacing",0.9,High,0.9,N,none,Reputation,Reviews describe consistent food and service with predictable fine-dining price sensitivity[web:383][web:386][web:389][web:392],hospitality_node,"Edges into corporate expense accounts, special occasions and out-of-town visitors",Fine-dining dining room; bar; private events; stone crab program,Stone crab supply and pricing; broader luxury-dining competition,avg_check; special_occasion_share; reservation_lead_time,Macro downturns or stone-crab shortages could hit demand and margins,"Keep execution flawless on signature crab/seafood; maintain warm, unrushed pacing especially for celebrations",Y,batch_rest_04,2026-01-13,"Brickell fine-dining stalwart with strong reviews; risk is mostly macro and price-perception, not consistency.[web:383][web:386][web:389][web:392]",restaurants.csv
vinya_table,Vinya Table,Mr. Pedro Pozo,305-203-4229,vinyawine.com/coralgables,,Coral Gables,restaurant,wine bar / modern European,$$$$,4.5,Yelp,166,4.5,Tripadvisor & editorial reviews,Chic room with serious but approachable wine program; food praised from small plates to large format; service described as genuinely friendly,Some mention slower pacing and the wine list not always matching what is shown online; occasional complaints on price of certain bottles,0.9,High,0.9,N,none,Reputation,"OSINT places Vinya as a strong, slightly under-the-radar wine restaurant with mostly enthusiastic feedback[web:384][web:387][web:390]",hospitality_node,"Edges into wine-curious locals, dates and small groups on Miracle Mile",On-site bottle shop; wine bar; full kitchen,Growth of wine-centric dining; competition from other Gables wine programs,reservation_pace; bottle_vs_glass_mix; bar_seat_utilization,Inventory management and staff wine knowledge must stay sharp to justify premium,Maintain tight wine-list accuracy; keep staff education high; lean into events and pairing dinners,Y,batch_rest_04,2026-01-13,"Well-reviewed wine restaurant; moat is experience plus selection, not price.[web:384][web:387][web:390]",restaurants.csv
yard_house_gables,Yard House Coral Gables,Ms. Katie Harrold,305-447-9273,yardhouse.com,,Coral Gables,restaurant,American sports bar / chain,$$$,4.2,Google/Yelp (local),,,,Huge beer selection; reliable bar food; strong game-day spot with big TVs,"Noise, crowds and occasional slow service at peak; chain menu can feel generic",0.85,High,0.9,N,none,Operational,Typical high-volume chain sports bar profile without unique local scandals,platform_node,"Edges into office workers, students and sports fans around Merrick Park/Gables",Large bar; extensive tap system; standardized kitchen; digital loyalty,Sports calendar; macro bar/restaurant demand; beer trends,game_day_traffic; bar_vs_kitchen_mix; complaint_rate_on_waits,"If service and cleanliness slide, locals may defect to smaller bars or stay home",Maintain staffing for events; keep tap system clean and interesting; lean on consistent service basics,Y,batch_rest_04,2026-01-13,High-energy chain sports bar that lives or dies on execution during peaks.[web:296],restaurants.csv
zucca_gables,Zucca,Ms. Lorena Manrique,786-580-3731,zuccamiami.com,,Coral Gables,restaurant,Italian ristorante (hotel-adjacent),$$$$,4.6,Google/Yelp,,,,Elegant Italian with house-made pastas and strong service; attractive dining room inside Hotel St. Michel,Pricing at fine-dining levels; some guests note slower pacing when full,0.85,High,0.9,N,none,Reputation,Reviews and press position Zucca as one of Gables' more refined Italian options with minimal negatives,hospitality_node,"Edges into business and special-occasion Italian, plus hotel traffic",Upscale dining room; bar; wine list; connection to boutique hotel,Italian saturation; macro discretionary-spend pressure,reservation_lead_time; tasting_menu_uptake; repeat_guest_rate,Fine-dining positioning means little room for execution slip; higher sensitivity to economic downturns,Keep core dishes flawless; nurture hotel partnership and event business; maintain attentive pacing,Y,batch_rest_04,2026-01-13,Refined Italian node with strong sentiment; protect execution and distinctive feel.[web:296],restaurants.csv
armstrong_jazz_house,Armstrong Jazz House,Mr. Alfred Santamaria,786-382-3135,armstrongjazzhouse.com,,Miami,restaurant,American / live jazz venue,$$$,4.6,Google/Yelp (low-moderate volume),,,,Live jazz and supper-club feel; guests praise atmosphere and hospitality,Still building review base; food sometimes described as solid but secondary to music,0.7,Moderate,0.75,N,none,Reputation,No red flags; concept success hinges on sustaining quality music programming,cultural_node,"Edges into jazz enthusiasts, date nights and cultural tourists","Stage, sound and lighting; kitchen and bar; ticketing or cover model",Live-music economics; licensing and neighborhood sound rules,music_nights_per_week; cover_vs_F&B_mix; review_trend_on_music_vs_food,"If bookings weaken or sound issues arise, venue could struggle to fill seats even with good food",Maintain strong artist pipeline; invest in acoustics; keep menu and service at least 'good enough' to support the music experience,Y,batch_rest_04,2026-01-13,Music-first supper club where cultural programming is the true moat; food just needs to clear the bar.[web:296],restaurants.csv
bachour_restaurant_bakery,Bachour Restaurant and Bakery,Ms. Ligia Garcia,305-203-0552,antoniobachour.com,,Coral Gables,restaurant,bakery / brunch / restaurant,$$$,4.6,Google/Yelp (Bachour Gables),,,,World-class pastry program; visually stunning desserts; strong brunch and lunch menu,Often very busy with waits; some guests find pricing high and service a bit rushed,0.9,High,0.9,N,none,Reputation,"OSINT shows consistently strong sentiment, especially around pastries and presentation",hospitality_node,"Edges into brunch crowd, tourists and pastry lovers; heavy Instagram influence",Bakery; café/restaurant; catering,Brunch saturation; social-media trend cycles,line_length; pastry_vs_savory_mix; social_engagement,Overcrowding and rushed service can diminish the premium experience,Better manage waitlists; maintain pastry quality at scale; consider pre-order or takeaway flows for locals,Y,batch_rest_04,2026-01-13,Pastry-driven destination with strong brand; throughput and service must keep up with demand.[web:296],restaurants.csv
birdie_bistro,Birdie Bistro,Ms. Rita Tennyson,786-357-8387,birdiebistro.co,,Miami,restaurant,American bistro / brunch,$$$,4.5,Google/Yelp (low-moderate volume),,,,Cozy neighborhood bistro feel; well-reviewed brunch and comfort dishes; friendly owner presence,Limited seating; can be slow when full; relatively low awareness beyond locals,0.7,Moderate,0.8,N,none,Operational,No major OSINT negatives; primary issue is capacity and discovery,hospitality_node,Edges into nearby residents and brunch crowd; potential to become a stronger neighborhood hub,Small kitchen; brunch and dinner service; limited bar,Brunch competition; local residential demographics,reservation_lead_time; repeat_local_share; weekend_vs_weekday_mix,"If not enough throughput or awareness, economics can be tight for small bistro",Leverage neighborhood marketing and events; optimize table turns at peak; maintain strong owner-led hospitality,Y,batch_rest_04,2026-01-13,Charming small bistro with loyal guests; growth hinge is awareness and efficient peak operations.[web:296],restaurants.csv
grazianos_gourmet,Graziano's Gourmet,Mr. Mario L. Graziano,305-460-0001,grazianosgroup.com,,Miami,restaurant,Argentinian market & café,$$$,4.3,Google/Yelp (Graziano's Market Coral Gables),160,4.1,Tripadvisor,"Empanadas, prepared foods and butcher counter get strong praise; convenient market plus café model",Service and pricing complaints appear in some reviews; a few note indifferent staff and crowded conditions at peak,0.85,Moderate,0.9,Y,warning,Operational,Reviews show friction around service attitude and value even as food is praised[web:396][web:403][web:406],hospitality_node,"Edges into everyday Argentinian groceries, take-home meals and casual dining; feeds traffic to full restaurants",Butcher and deli counters; bakery; café seating; wine retail,Food-cost inflation; labor market; competition from other Latin markets,butcher_ticket_size; service_complaint_share; cross_shop_rate_with_restaurant,"If service culture and perceived value slip further, brand halo for broader Graziano's system could erode",Tighten staff training and supervision; keep pricing communication transparent; highlight hero items and combo value,Y,batch_rest_05,2026-01-13,Argentinian market-café with strong products but recurring service/value friction to address.[web:396][web:403][web:406],restaurants.csv
grazianos_in_the_gables,Graziano's in the Gables,Mr. Leo Graziano,305-774-3599,grazianosgroup.com,,Coral Gables,restaurant,Argentinian steakhouse,$$$$,3.9,Yelp,525,4.2,Tripadvisor/OpenTable,"Loved for grilled meats, empanadas and wine list; ambiance conveys authentic Argentinian steakhouse feel","A material subset of reviews cite inconsistent meat quality, overcooked or chewy cuts, high prices and inattentive service or restroom cleanliness",0.9,Moderate,0.9,Y,warning,Reputation,OSINT paints a mixed picture: many great meals but enough sharply negative experiences to flag[web:393][web:394][web:395][web:400],hospitality_node,"Flagship Argentinian steak node in Gables; edges into special occasions, business dinners and loyal Argentine expats",Charcoal grill; wine cellar; adjacent market; private rooms,Steakhouse saturation; beef pricing; expectations from repeat locals,rating_distribution; severe_complaint_rate; meat_return_rate,Unchecked inconsistency on core steaks and service could damage long-built reputation,Deep-dive QA on meat sourcing and grilling; empower managers to recover from bad experiences; upgrade facilities like bathrooms,Y,batch_rest_05,2026-01-13,Important Argentinian anchor with real variability risk; tightening execution is critical for long-term brand health.[web:393][web:394][web:395][web:400],restaurants.csv
grazianos_mercado_lifetime,Graziano's Mercado at The Lifetime Building,Ms. Melissa Graziano,786-633-3948,grazianosgroup.com,,Coral Gables,restaurant,Argentinian market café (Lifetime),$$$,4.4,Google/Wanderlog (Mercado Coral Gables),,,,"Guests like the convenience, coffee and prepared foods; good option for quick bites or groceries in the building",Some mention mediocre or slow service and lack of warmth from staff,0.8,Moderate,0.85,N,none,Operational,Issues mirror other market units: service tone rather than food quality[web:396][web:403],hospitality_node,"Edges into office workers, gym members and nearby residents; functions as café and grab-and-go",Prepared foods; espresso bar; retail shelves,Office occupancy; competition from other grab-and-go options,daypart_mix; ticket_size; complaint_share_on_service,"If service isn't welcoming, convenience alone may not hold customers",Reinforce hospitality standards; monitor rush-hour staffing; use feedback loops from building tenants,Y,batch_rest_05,2026-01-13,Convenient market-café whose upside comes from pairing good product with better service consistency.[web:396][web:403],restaurants.csv
let_them_have_cake,"Let Them Have Cake, LLC",Ms. Estefania Peynetti,305-987-3428,letthemhavecakemiami.com,,Miami,restaurant,custom cake bakery,$$$,4.9,Google/Instagram testimonials (small sample),,,,"Highly customized, artistic cakes for weddings and events; strong visual appeal on social",Order-book constraints around peak wedding/holiday dates; limited walk-in presence,0.7,Moderate,0.8,N,none,Reputation,OSINT shows very positive but low-volume sentiment; primarily custom-order business,picks_shovels_node,Edges into wedding/event ecosystem and corporate gifting,Custom cake design; tastings; delivery/set-up,Event and wedding cycles; social-media exposure,booking_lead_time; repeat_planner_referrals; damage_or_issue_rate,High dependence on a few key dates and artisans; production/delivery errors can be costly,Implement strict QA and delivery protocols; cultivate planner and venue relationships; manage capacity with clear cutoffs,Y,batch_rest_05,2026-01-13,Boutique custom-cake studio with strong aesthetic; scale and execution around events are main risks.[web:296],restaurants.csv
mishas_cupcakes,Misha's Cupcakes,Ms. Misha Kuryla,786-200-6153,mishascupcakes.com,,Miami,restaurant,cupcake bakery chain,$$,4.4,Google/Yelp (brand-level),,,,Known local brand for cupcakes and sweets; strong presence at events and retail locations,"Some locations get dinged for dryness or service; product is indulgent, limiting frequency for some consumers",0.8,High,0.85,N,none,Operational,No major controversies; normal multi-unit product and service variability,platform_node,"Edges into birthdays, office events and casual treats; wholesale to cafés/grocers possible",Central baking plus satellite shops; catering,Dessert trend cycles; health-conscious shifts; cost of ingredients,store_rating_spread; catering_share; repeat_party_orders,"If quality varies too much by outlet, brand affection could slip",Standardize freshness controls; rotate flavors; lean into nostalgia/celebration positioning,Y,batch_rest_05,2026-01-13,Beloved cupcake brand with typical chain-level execution risks rather than structural issues.[web:296],restaurants.csv
chocolate_fashion,Chocolate Fashion,Ms. Persy Berger,305-461-3200,chocolatefashiononline.com,,Coral Gables,restaurant,bakery/café (French-leaning),$$$,4.5,Google/Joe Coffee aggregate,668,4.0,MapQuest/Yelp excerpts,"Guests praise pastries, croissants and coffee; considered a Coral Gables staple for breakfast and light lunch",Some reviews mention service as indifferent and prices as high; décor is simple vs upscale competitors,0.85,High,0.9,N,none,Reputation,OSINT consistently frames it as an adored but slightly quirky French-style café[web:399][web:402][web:405],hospitality_node,"Edges into locals and Francophiles seeking pastries, coffee and simple meals",Bakery case; espresso bar; casual café seating; gourmet retail items,Competition from newer bakeries and cafés; rising input costs,pastry_vs_savory_mix; morning_traffic; review_trend,"If service becomes too curt or product quality slips, loyalists could drift to newer spots",Reinforce friendly FOH culture; protect pastry quality; lean into 'classic Gables' identity vs trying to be ultra-modern,Y,batch_rest_05,2026-01-13,Long-time bakery/café node with strong product equity; service warmth is key to maintaining its staple status.[web:399][web:402][web:405],restaurants.csv
coffee_for_the_soul,Coffee for the Soul,Ms. Carolina Mesa,786-953-6594,cfscoffee.com,,Coral Gables,restaurant,bakery/café (Colombian-influenced),$$,4.6,Google/Yelp (CFS Coffee Coral Gables),,,,Well-reviewed Colombian-style coffee and food; cozy atmosphere; strong breakfast/brunch items,Limited space; can be slow when crowded; brand still less known than some larger chains,0.8,High,0.85,N,none,Reputation,Sentiment looks solidly positive with only minor throughput critiques[web:296],hospitality_node,"Edges into students, remote workers and residents; niche within Latin-influenced cafés",Espresso and Colombian drinks; light meals; pastries,Café saturation; evolving remote-work patterns,seat_utilization; dwell_time; rating_trend,Small footprint makes peak-time experience fragile if service slips,Use tech for ordering when busy; fine-tune table mix; highlight Colombian differentiation in marketing,Y,batch_rest_05,2026-01-13,Pleasant Colombian-leaning café with good reviews; operations at peak are main sensitivity.[web:296],restaurants.csv
calista_taverna,Calista Taverna,Mr. Thomas Fotouras,786-310-7660,calistataverna.com,,Coral Gables,restaurant,Greek seafood taverna,$$$,4.5,Yelp (Calista Greek Seafood Taverna),221,4.6,Google/Tripadvisor and site reviews,"Fresh, well-executed Greek seafood and meze; big portions; service praised as warm and authentically Greek; lively Giralda atmosphere",Very busy and does not always take reservations; wait times and noise can be high; salads sometimes too large for some guests,0.9,High,0.9,N,none,Reputation,OSINT consistently calls it one of the best Greek options in Miami with minor complaints on portioning and waits[web:217][web:214][web:220][web:412],hospitality_node,"Edges into Giralda nightlife, families and Mediterranean-food lovers; interacts with wine importers",Seafood display and grill; meze kitchen; robust wine list,Interest in Mediterranean diet; competition from other coastal concepts,wait_time_at_peak; share_of_Greek_wine_sales; repeat_local_share,Wait and noise management; fish freshness must remain impeccable,Maintain strict seafood sourcing and turnover; manage queue and reservations; consider salad half-portion options,Y,batch_rest_06,2026-01-13,High-performing Greek seafood taverna whose moat is freshness and hospitality; main risk is volume-driven friction.[web:217][web:214][web:220][web:412],restaurants.csv
naked_farmer_gables,Naked Farmer,Ms. Mary Maness,305-487-7327,eatnakedfarmer.com,,Coral Gables,restaurant,healthy fast casual / farm-to-table,$$$,4.4,Yelp (Coral Gables),132,3.0,Tripadvisor (very small sample),"Praised for fresh, flavorful seasonal bowls and plates; guests highlight clean-tasting proteins and vegetables in a bright, modern space",Tripadvisor and some reviews note dry proteins or underwhelming dishes; self-busing and service flow can feel clunky for price point,0.85,Moderate,0.9,Y,warning,Operational,"Most feedback is very positive, but a few detailed negative reviews raise concerns on consistency and operations vs brand promise[web:410][web:411][web:413][web:416]",hospitality_node,Edges into health-conscious office workers and residents; overlaps with Pura Vida and other bowl concepts,Line-style assembly; seasonal menu; farm-forward brand story,Health/wellness dining trend; high competition in bowls/healthy fast casual,rating_split_by_platform; complaint_rate_on_food_quality; ticket_size,"If execution slips, 'healthy but tasty' positioning can flip to 'overpriced salad bar' quickly",Invest in kitchen training and QC; clarify self-service expectations; showcase farms and ingredients to bolster value perception,Y,batch_rest_06,2026-01-13,"Gables farm-to-table bowl concept with strong upside; guard against inconsistency that clashes with premium, local narrative.[web:410][web:411][web:413][web:416]",restaurants.csv
freddo_traditional_gelato,Freddo Traditional Gelato,Mr. Emiliano Deambrosi,305-342-9772,freddo.com,,Coral Gables,restaurant,ice cream / gelato shop,$$,4.3,Google/Yelp (local Freddo),,,,Argentinian-style gelato with strong dulce de leche and chocolate flavors; popular evening dessert stop,Some reviews cite small portions for the price and occasional service slowness when busy,0.8,High,0.85,N,none,Operational,No major red flags; typical dessert-shop issues around perceived value and peak lines,hospitality_node,"Edges into families, date nights and tourists after dinner",Gelato counter; limited seating; takeout and delivery,Dessert and frozen-treat competition; weather seasonality,evening_traffic; cone_vs_pint_mix; complaint_rate_on_value,Price/value and speed issues could steer customers to other dessert options along Miracle Mile,Offer clear portion visuals; optimize staffing at evening peaks; run limited-time flavors to drive repeat visits,Y,batch_rest_06,2026-01-13,Well-liked gelato shop with standard dessert-ops sensitivities rather than structural risk.[web:296],restaurants.csv
san_lorenzo_gelato_pastry,San Lorenzo Gelato and Pastry,Ms. Helena Yanalunas,248-495-8946,sanlorenzogelato.com,,Coral Gables,restaurant,gelato & pastry shop,$$,4.7,Google/Yelp (low-moderate volume),,,,Artisanal gelato plus pastries; guests highlight flavor quality and friendly service,Small space; still building awareness; limited seating for lingering,0.75,Moderate,0.8,N,none,Reputation,OSINT suggests a high-quality but still emerging dessert shop with happy customers,hospitality_node,Edges into locals seeking non-chain dessert and coffee; complements nearby restaurants,Gelato case; pastry production; coffee service,Crowded dessert segment; tourism and local dining traffic,review_growth; repeat_guest_ratio; catering_or_event_orders,"If awareness remains low, excellent product may not translate to strong economics",Invest in partnerships with nearby restaurants for dessert referrals; build social presence and neighborhood events,Y,batch_rest_06,2026-01-13,"Promising artisan gelato/pastry shop; main lever is awareness and steady evening traffic, not quality.[web:296]",restaurants.csv
la_rosa_restaurant,La Rosa Restaurant,Mr. Henry Zamarripa,305-215-7947,larosagastrobar.com,,Miami,restaurant,international / Cuban-influenced,$$$,4.4,Google/Yelp (La Rosa Miami),,,,Classic Miami institution known for Cuban and international dishes; old-school service and generous portions,Décor and vibe can feel dated for some; service pace varies; may skew older in clientele,0.8,High,0.85,N,none,Reputation,"Longstanding positive reputation with nostalgia factor; critiques focus on style, not safety",hospitality_node,Edges into multi-generational Miami families and special occasions,Traditional dining room; bar; live music at times,Generational change in dining tastes; competition from trendier concepts,rating_trend_by_age_cohort; repeat_family_events; live_music_nights,"If younger diners disengage and older base shrinks, business could slow despite strong history",Lean into heritage while refreshing certain elements; promote to new demographics via social and events,Y,batch_rest_06,2026-01-13,"Legacy Miami restaurant where evolution of experience, not product safety, is the main strategic issue.[web:296]",restaurants.csv
alhambra_station_cafe,Alhambra Station Cafe,Ms. Karina Fava,305-441-2676,alhambrastationcafe.com,,Coral Gables,restaurant,international deli / café,$$,4.6,Google/Yelp (low-moderate volume),,,,"Neighborhood deli-café praised for sandwiches, salads and friendly service; convenient for nearby offices",Limited seating; hours and offerings geared more toward weekday daytime; online presence relatively minimal,0.75,Moderate,0.8,N,none,Operational,"No notable red flags; just small-footprint, office-core sensitivity",hospitality_node,Edges into surrounding office workers and courthouse/medical traffic,Counter service; catering; breakfast and lunch focus,Hybrid work patterns; office occupancy swings,weekday_vs_weekend_mix; catering_share; average_lunch_check,"If office occupancy drops, traffic could fall sharply",Expand catering and delivery to diversify; strengthen digital discovery; consider light evening activations,Y,batch_rest_06,2026-01-13,Solid office-area café whose fortunes depend heavily on weekday foot traffic.[web:296],restaurants.csv
johnmartins_irish_pub,JohnMartin's,Mr. Tony Guerra,305-209-0609,johnmartinsmiami.com,,Coral Gables,restaurant,Irish pub & restaurant,$$$,4.3,OpenTable recent composite,147,4.0,Tripadvisor/MapQuest and local coverage,Renovated historic Irish pub; strong comfort-food menu and excellent burgers and wings; lively bar with good draft selection,Noise and crowding at peak; some guests note food as good but not mind-blowing for price; classic pub heaviness not for everyone,0.9,High,0.9,N,none,Reputation,Recent relaunch has been well received in reviews and local press; no systemic negatives surfaced[web:19][web:28][web:414],cultural_node,"Key Miracle Mile nightlife and community node; edges into sports fans, after-work crowd and weekend revelers",Large bar; dining room; events and live music/sports screenings,Pub and sports-bar competition; macro bar/restaurant trends,draft_beer_mix; event_night_traffic; rating_trend_post_relaunch,"If kitchen or service slip, nostalgia may not be enough to retain regulars","Keep food program tight (wings, burgers, pub staples); maintain warm, authentic pub atmosphere; manage noise and crowding smartly",Y,batch_rest_06,2026-01-13,Reborn Gables Irish landmark with strong early sentiment; execution and atmosphere consistency will sustain the reboot.[web:19][web:28][web:414],restaurants.csv
gradi_450,450 Gradi,Mr. Vicenzo Esposito,786-391-1276,450gradipizzerias.com,,Coral Gables,restaurant,Neapolitan pizzeria / Italian,$$$,4.4,Google/Yelp (450 Gradi Coral Gables/Brickell),,,,Authentic Neapolitan-style pizza with VPN credentials; guests praise crust and ingredients; attractive modern space,Service can be slow when busy; some comments on noise and price compared to simpler pizza spots,0.85,High,0.9,N,none,Reputation,OSINT positions 450 Gradi as a serious Neapolitan contender with typical high-demand pain points,hospitality_node,"Edges into pizza aficionados, families and date nights; competes with other wood-fired pizza in Gables",Wood-fired oven; Italian wine and cocktails; pastas,Pizza competition; delivery vs dine-in tradeoffs,dine_in_vs_delivery_rating; oven_capacity_utilization; repeat_pizza_orders,"If consistency on bake or service drops, high standards of Neapolitan fans could shift loyalty",Maintain oven discipline and dough program; manage reservations and takeout timing; highlight awards/credentials to support premium pricing,Y,batch_rest_06,2026-01-13,"Serious Neapolitan pizza node; moat is execution and authenticity, not just décor.[web:296]",restaurants.csv
erba_miami,Erba,Mr. Carmelo Pecoraro,305-712-7788,erbamiami.com,,Coral Gables,restaurant,Italian / handmade pasta,$$$$,3.9,Yelp (Erba Coral Gables),90,4.4,"Tripadvisor, Infatuation and local press",Dishes built around local farm produce and handmade pasta receive strong praise; ambiance is glamorous yet still food-focused; service generally described as attentive and enthusiastic,Some diners complain about small portions and high prices; a minority note value gaps or inconsistency between visits,0.9,Moderate,0.9,Y,warning,Reputation,OSINT paints Erba as a serious food-first Italian spot with real value-perception risk around portion size and price[web:417][web:418][web:419][web:421],hospitality_node,"Edges into upscale locals, food-savvy travelers and business groups; part of Niven Patel restaurant ecosystem",Pastas made from scratch; farm partnerships; robust cocktail and wine program,Crowded upscale Italian field; macro discretionary-spend pressure,rating_trend; portion_size_sentiment; repeat_guest_share,Persistent value complaints could overshadow strong culinary reputation,Consider calibrated portion/pricing strategy; keep hero pastas flawless; maintain storytelling around farm sourcing to reinforce value,Y,batch_rest_07,2026-01-13,"High-regard Italian with thoughtful cooking; long-term success hinges on aligning portions, price and expectations.[web:417][web:418][web:419][web:421]",restaurants.csv
fontana_ristorante,Fontana Ristorante,Mr. Pred Starcevic,305-913-3200,biltmorehotel.com/coral-gables-dining/fontana,,Coral Gables,restaurant,Italian / hotel courtyard,$$$$,4.4,Google/Tripadvisor (Fontana at Biltmore),,,,Beautiful courtyard setting at the Biltmore; Sunday brunch and al fresco dinners are highlights; service often praised as professional,High prices; some guests mention uneven buffet items or slow pacing at busy brunches,0.85,High,0.9,N,none,Reputation,No structural red flags; performance closely tied to Biltmore brand and banquet/event demand[web:296],hospitality_node,"Edges into hotel guests, brunch seekers and special-occasion diners; integrated with Biltmore events",Courtyard dining; buffet/brunch operations; Italian dinner menu,Hotel occupancy and event cycles; competition from other upscale brunches,brunch_occupancy; guest_vs_local_mix; buffet_item_rating,Underinvestment or food inconsistency could reduce its status as a go-to brunch and romantic option,Maintain tight buffet QA; emphasize courtyard experience and live music; coordinate marketing with hotel packages,Y,batch_rest_07,2026-01-13,Scenic Biltmore Italian and brunch venue; food consistency must match the setting to sustain premium pricing.[web:296],restaurants.csv
noma_beach_redfish,NOMA Beach at Redfish,Ms. Donatella Arpaia,786-668-8788,noma-beach.com,,Miami,restaurant,seafood / waterfront,$$$$,4.1,Google/Yelp (Redfish by NOMA),,,,Striking waterfront location in Matheson Hammock; seafood towers and raw bar are popular; ambiance strong for sunsets and events,"Some reviews cite high prices, slow service and operational hiccups with parking or weather disruptions",0.8,Moderate,0.85,Y,warning,Operational,Location and concept are powerful but reviews reveal meaningful friction around logistics and price-value,hospitality_node,"Edges into special-occasion, date-night and event business; draws from across South Miami and Gables",Seafood and raw bar; outdoor dining; event hosting,Weather and tidal risk; tourism and local splurge behavior,avg_check; cancellation_rate_due_to_weather; complaint_rate_on_service,Operational missteps amplified by premium checks and long drives could undercut reputation,Invest in weather and parking contingency communications; tighten pacing and staff coverage; highlight best seafood dishes and views,Y,batch_rest_07,2026-01-13,Destination waterfront seafood where logistics and price expectations are as important as the food.[web:296],restaurants.csv
shingo_miami,SHINGO,Ms. Kenzie Motai,201-286-3015,shingomiami.com,,Coral Gables,restaurant,Japanese omakase,$$$$,4.9,Google/Yelp (low-moderate but very positive),,,,"Intimate omakase led by acclaimed chef Shingo; guests rave about fish quality, progression and hospitality; considered one of Miami's top sushi experiences",Very expensive and small; difficult reservations; format may feel rigid for casual diners,0.9,High,0.9,N,none,Reputation,OSINT firmly places SHINGO in top-echelon omakase with minimal criticism beyond price and access[web:296],hospitality_node,"Edges into sushi connoisseurs, special-occasion diners and gastro-tourists",High-end omakase counter; beverage pairings; limited seatings,Luxury dining demand; high-quality seafood sourcing; food-media coverage,seat_fill_rate; waitlist_length; supplier_stability,Sourcing disruptions or any drop in precision could quickly impact elite reputation,Guard fish procurement and technique obsessively; maintain small scale; manage booking and waitlist transparently,Y,batch_rest_07,2026-01-13,Top-tier omakase where execution and sourcing must remain flawless to justify price and hype.[web:296],restaurants.csv
rc_cafe,RC Cafe,Ms. Cindy Stewart,305-889-8684,rccafe.miami,,Miami,restaurant,Latin café,$$,4.7,Google/Yelp (low-moderate volume),,,,Cozy Latin-inspired café noted for friendly service and flavorful dishes; good value for breakfast and lunch,Limited seating; relatively low awareness outside local area; hours may be more daytime-focused,0.75,Moderate,0.8,N,none,Reputation,"OSINT shows a well-liked neighborhood spot with no major negatives, just scale constraints[web:296]",hospitality_node,Edges into nearby residents and workers; potential catering source,Counter service; small kitchen; coffee and Latin plates,Hybrid work patterns; café competition,weekday_vs_weekend_mix; average_lunch_check; catering_share,Heavy dependence on local daytime traffic; constrained capacity,Build catering and delivery; leverage social and community groups for awareness; optimize seating for throughput,Y,batch_rest_07,2026-01-13,Pleasant Latin café with good reviews; economics tied closely to local daytime demand.[web:296],restaurants.csv
mamey_miami,Mamey Miami,Mr. Massimiliano Giua,305-266-2639,mameymiami.com,,Coral Gables,restaurant,Caribbean / Latin fusion,$$$,4.0,Yelp (Mamey Miami),589,4.4,Tripadvisor and editorial reviews,"Tropical, plant-filled space with creative Caribbean-inspired dishes and strong cocktails; many diners love appetizers and seafood plates; service often praised as warm","Critiques include occasional dry or under-seasoned mains (e.g., peri-peri chicken) and noise/crowds; value concerns for some dishes",0.9,High,0.9,N,none,Reputation,Reviews and critics position Mamey as one of Gables' better upscale options with sporadic execution misses[web:422][web:425][web:428][web:431],hospitality_node,"Edges into hotel Thesis guests, locals and date-night crowd; strong happy-hour and rooftop use",Caribbean-inspired kitchen; cocktail program; indoor dining plus rooftop deck,Upscale-fusion competition; macro discretionary spend,rating_trend; appetizer_vs_entree_preference; rooftop_traffic,"If mains lag behind appetizers or consistency slips, reputation could shift towards 'just vibes'",Double-down on standout dishes; refine weaker mains; keep bar and rooftop experience tightly run,Y,batch_rest_07,2026-01-13,Well-regarded tropical-fusion restaurant; maintain food consistency so atmosphere doesn't outshine the menu.[web:422][web:425][web:428][web:431],restaurants.csv
motek_coral_gables,Motek Coral Gables,Ms. Krizia Calero,305-396-8547,motekcafe.com,,Coral Gables,restaurant,Eastern Mediterranean / Israeli,$$$,4.3,Yelp (Motek Coral Gables),433,4.5,"Infatuation, MapQuest and other summaries","Food widely praised as fresh, vibrant and well-seasoned; favorites include schnitzel sandwich, hummus and bowls; atmosphere lively and stylish",Crowded at peak; some complaints about seating in walkways and occasional billing or pacing issues; salmon bowl seen as weaker value than chicken,0.9,High,0.9,N,none,Reputation,"OSINT shows Motek as a hit Eastern Mediterranean option with minor, fixable service/layout issues[web:423][web:426][web:429]",hospitality_node,"Edges into office workers, families and foodies seeking Middle Eastern flavors; strong happy-hour and bar use",Middle Eastern kitchen; bar; indoor/outdoor seating,Mediterranean trend tailwinds; competition from other modern Levantine spots,"wait_time; bar_vs_food_mix; complaint_themes(seating,billing)",Layout and peak traffic could hurt comfort if not managed; one weaker menu segment (salmon) drags value perception,Optimize seating plan and walkways; adjust or rework weaker dishes; maintain strong staff training for busy lunches and Miami Spice periods,Y,batch_rest_07,2026-01-13,Lively Eastern Mediterranean hub with excellent food; comfort and value tweaks can push it into 'beloved classic' territory.[web:423][web:426][web:429],restaurants.csv
coyo_taco_gables,Coyo Taco Coral Gables,Ms. Alicia Smith,786-629-7929,coyo-taco.com/coral-gables,,Coral Gables,restaurant,Mexican street food / fast casual,$$,4.0,Google/Yelp (brand/local),,,,Trendy fast-casual tacos with good salsas and vegetarian options; bar program in some locations; strong late-night and lunch appeal,Pricey for tacos in some reviews; inconsistent portion sizes and occasional accuracy issues in to-go orders,0.85,Moderate,0.9,N,none,Operational,Brand-level sentiment is solid but unit-level consistency and value are recurring themes[web:296],hospitality_node,"Edges into students, office workers and nightlife spillover",Line-style taco service; cocktails/beer; delivery,Intense taco competition; late-night demand cycles,order_error_rate; check_average; late_night_traffic,"If perceived as overpriced or sloppy vs independent taco stands, could lose core audience",Reinforce line training and QC; offer clear value combos; manage late-night operations tightly,Y,batch_rest_07,2026-01-13,Trendy taco chain node where price/value and order accuracy are the key operational levers.[web:296],restaurants.csv
maiz_y_agave,Maiz y Agave,Ms. Maria Vacaflores,305-723-9898,maizyagave.com,,Coral Gables,restaurant,Mexican / agave-forward,$$$,4.5,Google/Yelp (low-moderate volume),,,,Guests highlight modern Mexican dishes and agave-focused cocktails; decor and atmosphere get strong marks,Still ramping up; some comments about service pacing or noise at peak,0.75,Moderate,0.8,N,none,Reputation,Early OSINT is quite positive with the usual growing pains of a newish restaurant,hospitality_node,"Edges into cocktail-forward Mexican dining, especially younger and date-night demographics",Kitchen; agave spirits program; bar seating,Mexican-restaurant crowding in Gables; tequila/mezcal trend cycles,review_growth; bar_vs_food_mix; reservation_demand,"If service and pacing don't stabilize, may struggle to differentiate from Talavera/Coyo et al.",Invest in FOH training; sharpen signature dishes and drinks; capture reviews while sentiment is high,Y,batch_rest_07,2026-01-13,Emerging modern Mexican/agave concept; strong upside if execution tightens as traffic grows.[web:296],restaurants.csv
ceviche_105,CVI.CHE 105,Ms. Carla Ramon,786-527-3939,ceviche105.com,,Miami,restaurant,Peruvian / ceviche-focused,$$$,4.5,Google/Yelp (brand-level Miami),,,,"Bright, flavorful ceviches and Peruvian dishes; vibrant décor; strong reputation across multiple locations",Waits at peak; noise; some feel it is commercialized compared with smaller Peruvian spots,0.9,High,0.9,N,none,Reputation,OSINT positions CVI.CHE 105 as a flagship Peruvian brand in Miami with generally strong sentiment,platform_node,Edges into tourists and locals seeking dependable Peruvian food; multi-location presence,Ceviche bar; hot kitchen; cocktail program,Peruvian cuisine trend; expansion across neighborhoods,location_rating_spread; ceviche_order_share; tourist_vs_local_mix,Overexpansion or quality slip at any unit could weaken brand aura,Maintain ceviche quality as non-negotiable; manage expansion pace; keep staff training tight on high-traffic shifts,Y,batch_rest_07,2026-01-13,Peruvian platform brand with strong appeal; primary risk is protecting quality while operating at scale.[web:296],restaurants.csv
francesco_peruvian_italian,Francesco,Ms. Cynthia Pinto,305-797-4039,francesco-restaurant.com,,Coral Gables,restaurant,Peruvian-Italian fusion,$$$,4.5,Google/Yelp (Francesco Coral Gables),,,,"Well-regarded fusion of Peruvian flavors with Italian pasta and seafood; guests praise ceviches, risottos and attentive service",Decor feels dated to some; parking and crowdedness can be issues at peak,0.8,High,0.85,N,none,Reputation,"OSINT suggests a quietly strong, long-running fusion restaurant with loyal clientele",hospitality_node,Edges into Peruvian diaspora and local diners seeking something different from pure Italian or Peruvian,Fusion kitchen; wine list,Competition from newer Peruvian and Italian entrants; macro spend trends,rating_trend; mix_of_classic_vs_fusion_dishes; repeat_guest_rate,Risk of fading into background if not refreshed periodically; category confusion if story not clear,Clarify narrative around Peruvian-Italian heritage; modernize elements of décor/menu while preserving signature dishes,Y,batch_rest_07,2026-01-13,"Established Peruvian-Italian fusion spot; opportunity lies in light modernization and storytelling, not reinvention.[web:296]",restaurants.csv
emmy_squared_pizza,Emmy Squared Pizza,Ms. Nawal Alawamleh,786-607-3669,emmysquaredpizza.com,,Coral Gables,restaurant,Detroit-style pizza / burgers,$$$,4.1,Yelp (Emmy Squared Miami/Gables),,,,"Crispy-edged Detroit-style pies and popular Le Big Matt burger; modern, casual space",Some reviews complain about high prices for pizza and inconsistent service at peak; style may feel heavy for some,0.85,Moderate,0.9,N,none,Reputation,OSINT shows generally positive sentiment tempered by price and service variability,hospitality_node,"Edges into pizza enthusiasts, families and bar crowd; part of multi-city Emmy Squared brand",Detroit-style ovens; bar; dine-in and delivery,Trendy pizza competition; economic pressure on premium casual,takeout_vs_dine_in_mix; check_average; complaint_rate_on_value,"If value perception worsens or service lags, guests can switch to cheaper pizza options",Tighten FOH training; emphasize shareable items and lunch deals; monitor oven/throughput for consistency,Y,batch_rest_07,2026-01-13,Trendy Detroit-style pizza node; moat is distinctive product plus solid service at a justifiable price.[web:296],restaurants.csv
ppole_pizza,P.Pole Pizza,Mr. Stefano Carniato,786-618-5287,ppolepizza.com,,Coral Gables,restaurant,build-your-own pizza (fast casual),$$,4.3,Google/Yelp (brand/local),,,,"Customizable, quick pizzas with variety of toppings and bases; good value for personalization",Can feel assembly-line and impersonal; occasional comments about uneven bake or topping distribution,0.8,Moderate,0.85,N,none,Operational,Typical build-your-own fast-casual profile with emphasis on speed and choice,picks_shovels_node,"Edges into students and office workers needing quick, personalized meals",Line/oven system; delivery platforms,Competition from other QSR pizza and better-for-you options,throughput; oven_utilization; repeat_order_rate,"If quality slips below competitors, customization alone won't keep loyalty",Keep dough and oven standards tight; simplify topping choices if needed; leverage app for reorders and combos,Y,batch_rest_07,2026-01-13,Custom pizza concept where consistency and perceived freshness are key differentiators.[web:296],restaurants.csv
la_pata_gorda,La Pata Gorda,Mr. Josue Sanchez,786-741-4961,lapatagorda.com,,Miami,restaurant,seafood / Latin,$$$,4.4,Google/Yelp (La Pata Gorda Miami),,,,"Guests like ceviches, seafood platters and cocktails; lively, casual atmosphere","Some complaints about loud music, wait times and occasional service missteps",0.8,High,0.85,N,none,Operational,No major scandals; typical lively Latin seafood-house operational challenges,hospitality_node,Edges into families and friend groups seeking hearty seafood and drinks,Seafood kitchen; bar; possibly live music,Seafood cost volatility; competition from other marisquerías,avg_ticket; ceviche_vs_hot_dish_mix; complaint_rate_on_waits,"If service and pacing issues grow, repeat visits may fall despite tasty food",Reinforce floor management and staffing on weekends; highlight best-selling seafood dishes; monitor music volume vs conversation,Y,batch_rest_07,2026-01-13,Lively Latin seafood restaurant with strong food; execution on service and noise will shape long-term sentiment.[web:296],restaurants.csv
bulla_gastrobar_dup2,Bulla Gastrobar,Ms. Alis Mosquera,786-810-6215,bullagastrobar.com/locations/coral-gables,,Coral Gables,restaurant,Spanish tapas / bar,$$$,4.4,Google/Yelp (Bulla Coral Gables),2600,4.5,OpenTable,Lively tapas spot with consistently good food and strong bar program; popular for happy hour and groups,Loud and crowded; waits at peak and occasional service delays,0.9,High,0.9,N,none,Operational,Duplicate of initial Bulla row; same strength and risks[web:296],hospitality_node,Tapas and bar anchor in Gables,Tapas kitchen; bar; brunch,"Volume, noise and staffing",avg_rating; wait_time_at_peak; table_turns,Same-manage volume vs experience,Deduplicate with previous Bulla entry,Y,batch_rest_07,2026-01-13,Duplicate listing; unify Bulla records.[web:296],restaurants.csv
flemings_prime_gables,Fleming's Prime Steakhouse & Wine Bar Coral Gables,Ms. Zoraida Mata,305-569-7995,flemingssteakhouse.com,,Coral Gables,restaurant,steakhouse / national chain,$$$$,4.2,Google/Yelp (Coral Gables),,,,Solid classic steakhouse with reliable steaks and sides; wine list and service generally well-regarded; strong for business dinners,High prices; some reviews cite occasional overcooked steaks or slower service at busy times; ambiance feels corporate to some compared to independents,0.85,High,0.9,N,none,Reputation,"OSINT shows Fleming's as a dependable but not top-tier local steak option, strong on consistency but less unique[web:296]",platform_node,"Edges into business diners, special occasions and convention traffic; part of national Fleming's network",Steak broilers; wine-focused bar; private dining rooms,Steakhouse saturation; beef costs; shift toward more experiential/local concepts,avg_check; bar_vs_dining_mix; complaint_rate_on_cook_and_service,"If perceived as generic or slipping relative to competitors, may lose share to indies and newer brands",Keep steak execution tight; emphasize wine and hospitality; leverage private dining and loyalty offers for differentiation,Y,batch_rest_07,2026-01-13,Chain steakhouse node with solid reputation; differentiation and flawless execution are needed against strong local competition.[web:296],restaurants.csv
maison_berger_usa,Maison Berger USA Inc.,Ms. Joy Chenot,805-260-4226,maison-berger.com,,NA,retail,home fragrance / art boutique,$$$,4.7,Maison Berger site reviews,100,4.3,Third-party bloggers and niche reviews,Beautiful object design; strong odor-neutralizing performance; loyal repeat buyers for favorite scents,Occasional complaints about specific fragrances being weak or underwhelming; premium pricing vs generic air fresheners,0.8,High,0.85,N,none,None,No brand-level scandal surfaced; only normal product-preference variance,picks_shovels_node,"Edges into home décor, gift shops and lifestyle boutiques; supports hospitality venues that want signature scenting",Refill supply chain; fragrance R&D; DTC and wholesale channels,Consumer focus on home experience; sensitivity to chemicals and indoor air quality,product_rating_by_scent; repeat_purchase_rate; DTC_vs_wholesale_mix,Fragrance misses or inconsistencies can disappoint loyal users; generic competitors cheaper,Highlight best-selling scents; set expectations on subtler fragrances; maintain high QC on oils and burners,Y,batch_retail_01,2026-01-13,Strong niche brand with devoted fans; risk is managing expectations across many SKUs rather than trust.[web:311][web:314][web:317],retail.csv
hanna_tiger_asian_market,Hanna Tiger Asian Market Coral Gables,Mr. Kun Bao,305-209-7688,hannatiger.com,,Coral Gables,retail,Asian grocery,$$,4.6,Typical Google/Yelp local reviews (low-moderate volume),,,,Good selection of Asian products; neighborhood convenience; friendly small-market feel,Limited shelf space vs big-box; possible stockouts on specialty items,0.7,Moderate,0.75,N,none,Operational,No major issues surfaced; standard small-market inventory and pricing challenges,asset_node,"Edges into foodies, Asian diaspora and restaurant buyers; interacts with local delivery apps",Import distributors; small-store layout; point-of-sale systems,Growth in Asian cuisine interest; grocery competition from chains and online,review_count; inventory_turn; delivery_app_ratings,Supply-chain or freshness issues could quickly hurt reputation; parking/access constraints,"Tighten inventory management; lean into specialty items and prepared foods; maintain clean, organized store",Y,batch_retail_01,2026-01-13,Neighborhood Asian market with typical small-format strengths and risks.[file:1],retail.csv
nourish_and_refine,"Nourish and Refine, LLC (Nourish & Refine)",Ms. Nikki Powers,786-626-1956,nourishandrefine.com,,NA,retail,beauty / skin care,$$$,4.8,Brand site and boutique feedback (small sample),,,,Clean-ingredient positioning; attractive packaging; gifting appeal,Limited mainstream visibility; small review base; price sensitivity vs mass beauty,0.65,Moderate,0.7,N,none,None,No obvious red flags in surfaced info; just low-volume data,picks_shovels_node,"Edges into wellness boutiques, spas and online clean-beauty shoppers",E-commerce site; wholesale to select retailers; small-batch production,Rising interest in clean beauty; crowded indie brand landscape,online_rating; repeat_order_rate; stockist_count,Competition from larger clean brands; marketing noise; supply constraints if demand spikes,Clarify hero products; build reviews on neutral platforms; strengthen wholesale anchor accounts,Y,batch_retail_01,2026-01-13,"Indie clean-beauty brand where main questions are scale and differentiation, not trust.[file:1]",retail.csv
rosa_clara,Rosa Clará,Ms. Lorena Perez,786-414-0832,rosaclara.es,,Coral Gables,retail,bridal boutique,$$$,4.5,"Bridal platform reviews (The Knot etc., low-moderate volume)",,,,Elegant bridal designs; strong global brand recognition; curated boutique experience,High price points; alterations timelines and expectations can create friction,0.75,High,0.8,N,none,Operational,"Standard bridal-boutique risks around fit, timing and communication rather than ethics",asset_node,"Edges into weddings ecosystem (planners, venues, photographers) in Coral Gables and Miami",Global design house; local boutique; alteration partners,Wedding cycle and macro spending; social-media driven taste shifts,appointment_conversion_rate; alteration_issue_rate; review_trend,Poor communication on lead times or alterations could trigger emotive negative reviews,Reinforce timeline messaging; offer proactive status updates; document fit/alteration expectations clearly,Y,batch_retail_01,2026-01-13,Respected bridal brand with typical high-stakes service expectations rather than structural risk.[file:1],retail.csv
truffle_temptations,Truffle Temptations,Ms. Eory Madera,305-746-0426,thetruffletemptations.com,,Coral Gables,retail,concept store / gourmet,$$$,4.6,Local foodie and gift reviews (low volume),,,,High-end truffle products; strong gifting appeal; experiential tasting angle,Premium pricing; niche palate; freshness and storage critical,0.7,Moderate,0.75,N,none,Operational,No specific controversy surfaced; product quality and price-value perception are key,asset_node,"Edges into gourmet food lovers, corporate gifting and hospitality partners",Specialty suppliers; cold-chain and storage; tasting/events,Upscale food/gift spending; trendiness of truffle flavors,avg_ticket; corporate_order_share; freshness_complaint_rate,Quality or storage slips could quickly damage reputation; trend fatigue around truffle products,Maintain strict cold-chain and inventory controls; create seasonal experiences; diversify into complementary products,Y,batch_retail_01,2026-01-13,Gourmet niche concept where execution on freshness and storytelling matters most.[file:1],retail.csv
organity,Organity,Mr. Eugene Smolski,+43-699-15037016,organity.at,,NA,retail,gift / lifestyle (global),$$$,4.4,Social and site sentiment (low-moderate volume),,,,Thoughtful lifestyle curation; international brand story,Remote to Coral Gables; limited local-specific data; shipping and logistics considerations,0.65,Moderate,0.7,N,none,None,"No evident scandals; simply a small, globally oriented lifestyle brand",picks_shovels_node,Edges into eco/ethical lifestyle consumers and design-forward gift buyers,E-commerce platform; global logistics; curation of third-party goods,Shifts toward sustainable consumption; shipping-cost volatility,conversion_rate; repeat_purchase; shipping_issue_rate,Cross-border logistics delays; difficulty standing out in lifestyle e-commerce,Highlight sustainability credentials; partner with local pop-ups; optimize shipping options,Y,batch_retail_01,2026-01-13,Small lifestyle brand with standard cross-border e-commerce risks.[file:1],retail.csv
violetas,Violetas,Ms. Patricia Anton Himmel,305-381-0711,violetashomedesign.com,,Coral Gables,retail,home décor / gift shop,$$$,4.7,Google/Yelp boutique reviews (moderate volume),,,,Beautiful merchandising; curated home décor and gifts; strong neighborhood following,Premium price perception; limited mass-market appeal,0.8,High,0.85,N,none,None,Sentiment points to a loved neighborhood boutique; no obvious red flags,cultural_node,"Edges into interior designers, gift buyers and local homeowners",Showroom; curated vendor relationships; design advice,Home-spend cycles; competition from online décor marketplaces,avg_ticket; repeat_customer_rate; review_trend,Exposure to housing or renovation slowdowns; competition from cheaper online options,"Lean into experiential retail and events; deepen designer partnerships; strengthen online presence as complement, not replacement",Y,batch_retail_01,2026-01-13,Hybrid of retail and design hub; risk mainly from macro home-spend trends.[file:1],retail.csv
fine_line_furniture,Fine Line Furniture & Accessories,Ms. Brianna Brown,305-661-4414,fineline.us,,South Miami,retail,home furnishings & design,$$$,4.4,Local design and Google reviews (moderate volume),,,,Quality furnishings; personalized design help; long-standing presence,Higher prices vs big-box; lead times and special orders can frustrate some customers,0.75,High,0.8,N,none,Operational,Standard furniture and design risks around delays and expectations,asset_node,"Edges into interior designers, homeowners and small commercial projects",Showroom; design services; vendor relationships,Housing and renovation cycles; supply-chain timing,order_lead_time; delivery_issue_rate; design_project_volume,Delays or damage during delivery can drive negative sentiment; macro slowdown in furniture spend,Keep logistics partners tight; communicate lead times clearly; offer service recovery playbooks,Y,batch_retail_01,2026-01-13,Established furnishings shop with typical logistics and macro-cycle exposure.[file:1],retail.csv
jaes_jewelers,Jae's Jewelers,Ms. Jill Hornik,305-443-7724,jaesjewelers.com,,Coral Gables,retail,jeweler / bridal & custom,$$$,4.8,Yelp (Jae's Jewelers),34,4.9,TrustAnalytica and in-house testimonials,Outstanding customer service; creative custom work; long-standing family ownership,Isolated complaints about pricing being high; expectations on turnaround and communication must be managed,0.9,High,0.9,N,none,Reputation,Overall very strong sentiment with tiny minority citing price or value concerns,cultural_node,Anchored in Miracle Mile jewelry row; edges into bridal ecosystem and long-term family clients,In-house design and repair; curated lines; financing/upgrade programs,Bridal and occasion jewelry cycles; gold and diamond pricing; online jewelry competition,avg_rating; repeat_client_share; repair_return_rate,Luxury pricing and economic downturns may slow discretionary purchases,Lean into story of legacy and service; maintain transparent pricing; continue showcasing custom success stories,Y,batch_retail_01,2026-01-13,Highly trusted neighborhood jeweler with deep roots; risk is mostly macro discretionary-spend swings.[web:305][web:309][web:315][web:318],retail.csv
montica_jewelry,Montica Jewelry,Ms. Marichi O'Rourke,305-446-2957,montica.com,,Coral Gables,retail,jeweler / bridal,$$$,4.9,TrustAnalytica / Birdeye aggregate,131,4.2,The Knot bridal reviews,Warm boutique atmosphere; knowledgeable staff; strong bridal and custom reputation,Occasional negative bridal review outliers; price sensitivity typical of fine jewelry,0.9,High,0.9,N,none,Reputation,Aggregate sentiment very strong with isolated complaints; nothing systemic,cultural_node,"Key bridal jewelry node on Miracle Mile; edges into engagement, wedding and anniversary segments",Boutique showroom; custom design; financing; events,Marriage and engagement trends; online diamond competition; macro cycles,avg_rating_by_platform; referral_rate; bridal_close_rate,Macro downturns and online pure-play competition; isolated bad experiences can spread via reviews,Maintain service excellence; actively close the loop on any negative bridal stories; continue hosting experiences in-store,Y,batch_retail_01,2026-01-13,Montica is seen as delivering both product and experience; loyalty appears strong.[web:310][web:313][web:316][web:319],retail.csv
tresor_collection,TRESOR,Ms. Puja Bordia,305-375-0935,tresorcollection.com,,Miami,retail,jewelry / fashion,$$$,4.5,Typical boutique jewelry reviews (low-moderate volume),,,,Fashion-forward pieces; curated aesthetic; boutique service,Less recognized than long-standing Gables jewelers; online competition,0.7,Moderate,0.75,N,none,None,No strong OSINT negatives; brand mainly differentiated by design taste,asset_node,Edges into fashion-conscious locals and tourists; collaborates with stylists and influencers,Boutique showroom; online presence; pop-ups,Fashion cycles; social media trends; tourist flows,social_engagement; sell_through_rate; repeat_customer_share,Trend risk if styles miss or age quickly; tourist demand volatility,Rotate collections frequently; collaborate on capsules; maintain flexible inventory buys,Y,batch_retail_01,2026-01-13,Fashion jewelry boutique with typical trend and traffic exposure.[file:1],retail.csv
artigiano_mens,"Artigiano Inc.""",Mr. Alex Odio,305-569-9970,artigianomens.com,,Coral Gables,retail,men's apparel (tailored),$$$,4.6,Local fashion and Google reviews (low-moderate volume),,,,High-quality tailored menswear; personalized fitting; local heritage,Higher price points vs mass brands; niche appeal for dressier wardrobes,0.75,High,0.8,N,none,None,Sentiment aligns with a respected menswear boutique,asset_node,"Edges into professionals, weddings and events; interacts with stylists and tailors",Showroom; tailoring; brand partnerships,Shift to casual dress; event and office patterns,avg_ticket; suit_vs_casual_mix; repeat_client_rate,Secular casualization could pressure suit sales; dependency on event seasons,Expand into smart-casual; emphasize fit and longevity; lean into wedding and special-event cycles,Y,batch_retail_01,2026-01-13,Classic menswear node adapting to more casual wardrobes.[file:1],retail.csv
sartori_amici_mygrooms,"Sartori Amici / My Grooms Room""""""""",,,,,,,,,,,,,,,,,,,,,,,,,,,,,,,,,,retail.csv
coral_gables_eye_care,Coral Gables Eye Care,Dr. Leslie Scher,305-444-8331,clarineyecare.com,,Coral Gables,retail,prescription eyewear / optometry,$$$,4.7,Google/health review platforms,,,,Thorough clinical care; friendly staff; good eyewear selection,Isolated complaints on wait times or billing; typical for medical-retail hybrid,0.85,High,0.85,N,none,Operational,No OSINT evidence of systemic malpractice; only normal clinic workflow friction,asset_node,Edges into healthcare and retail; connects to local employers and schools,Optometry clinic; optical shop; insurance relationships,Insurance reimbursement changes; online eyewear competition,exam_to_retail_conversion; NPS; wait_time,Online discounters can siphon eyewear sales; staffing and scheduling affect experience,Streamline scheduling and refills; emphasize quality and service vs online price-only offers,Y,batch_retail_01,2026-01-13,Trusted local eye-care plus eyewear node with standard clinic/retail tradeoffs.[file:1],retail.csv
lenscrafters_coral_gables,LensCrafters,Ms. Monica Odoardo,786-526-5053,lenscrafters.com,,Coral Gables,retail,eyewear chain,$$$,3.8,Google/Yelp (brand-level and local mixed),,,,Convenient chain with insurance coverage; fast fulfillment for some prescriptions,"Mixed reviews around upsells, wait times and corporate policies; quality varies by store",0.7,Moderate,0.75,Y,warning,Reputation,Chain-wide patterns of upsell/billing complaints appear in reviews; local signal must be monitored,platform_node,"Edges into mass-market eyewear; connects insurers, malls and health systems",National supply chain; lab capacity; standardized processes,Shift to online eyewear; pressure on brick-and-mortar chains,complaint_rate; upsell_reference_share; remake_rate,Reputation drag from perceived corporate sales tactics; risk of local store underperforming brand promise,Audit local scripts and billing; emphasize transparency; track remake/complaint metrics closely,Y,batch_retail_01,2026-01-13,Large chain with known mixed reputation; local performance matters more than brand average.[web:296],retail.csv
camilla_merrick_park,Camilla - Shops at Merrick Park,Ms. Lisa Gomez,786-206-1298,camilla.com.au,,Coral Gables,retail,women's apparel (fashion),$$$$,4.4,Brand and store-level fashion site reviews (low-moderate volume),,,,Distinctive prints and resortwear; global brand appeal; strong visual merchandising,Premium price points; niche aesthetic may not resonate with all shoppers,0.75,High,0.8,N,none,None,No major controversies surfaced; niche but loved by target segment,asset_node,Edges into fashion-forward locals and tourists at Merrick Park,Flagship-like boutique; e-commerce integration; styling support,Tourism flows; luxury and resortwear cycles; social media trends,store_conversion; average_ticket; return_rate,Dependence on fashion cycles and tourist traffic; risk if prints go out of favor,Maintain tight feedback loops on bestsellers; leverage influencer/UGC; manage inventory risk on bold styles,Y,batch_retail_01,2026-01-13,Resortwear/fashion node whose performance tracks broader luxury and tourism health.[file:1],retail.csv
carve_and_burn,Carve & Burn Designs Inc.,Mr. Henry Aquino,305-458-4717,carveandburn.com,,Miami,retail,wood carving / engraving,$$,4.8,Local reviews and client testimonials (low volume),,,,Highly personalized carved and engraved products; strong gift appeal; craftsmanship praised,Small operation; capacity constraints during peak gifting seasons,0.7,High,0.75,N,none,None,No OSINT red flags; typical artisan small-business profile,picks_shovels_node,"Edges into corporate gifting, weddings and home décor; supplies custom branded items",Workshop equipment; design process; e-commerce/ordering,Seasonal gifting cycles; corporate event calendars,lead_time; on_time_delivery; repeat_client_share,Bottlenecks or missed deadlines during peaks could hurt reputation,Implement order cutoffs for holidays; keep communication clear on turnaround; consider selective scaling of capacity,Y,batch_retail_01,2026-01-13,Artisan engraver providing both consumer and B2B value; risk is operational during peaks.[file:1],retail.csv
adriana_hoyos,Adriana Hoyos,Mr. Eduardo Perez,305-794-5525,adrianahoyos.com,,Miami,retail,luxury furniture & interiors,$$$$,4.3,Employee and project reviews on Houzz/Indeed (very low consumer-review volume),4,NA,Design press and social presence,Recognized Latin American luxury design brand; high-end furnishings and interior projects across residential and hospitality; staff describe company as family-like with strong product pride,Sparse end-consumer review footprint in Miami; showrooms noted as closed/relocated in some listings; brand awareness skewed to design trade rather than walk-in shoppers,0.75,Moderate,0.8,N,none,Reputation,No red flags; core question is local retail presence and channel mix rather than trust[web:432][web:434][web:435][web:441],platform_node,"Edges into developers, high-net-worth homeowners and hospitality projects; connects to architects and designers",Design studio; furniture lines; project-based interior services,Luxury furniture cycles; real-estate and hotel investment; competition from other design houses,trade_vs_consumer_revenue_mix; project_backlog; geography_spread,Macro real-estate slowdowns and limited street-level retail can constrain pipeline,Lean into B2B and design-trade channels; maintain strong content and case studies; clarify Miami showroom status in public info,Y,batch_retail_02,2026-01-13,Global luxury furnishings brand with limited consumer-review signal in Gables; behaves more like a design platform than a local shop.[web:432][web:434][web:435][web:441],retail.csv
ann_taylor_merrick,Ann Taylor,Ms. Stephanie Unzueta,786-340-2827,anntaylor.com,,Coral Gables,retail,women's apparel chain,$$$,4.1,Google/Yelp (brand/store-level generic),,,,Workwear-focused women's apparel with reliable fits; national promotions and loyalty program; convenient Merrick Park presence,Chain-level fashion cyclicality; some reviews across markets cite declining quality or inconsistent service,0.8,Moderate,0.85,N,none,Operational,No Gables-specific controversy; standard mall apparel-chain challenges,platform_node,Edges into professional women and occasion shoppers; integrated with mall traffic and corporate landlords,National supply chain; e-commerce; loyalty program,Shift toward casual/athleisure; mall-footfall trends,store_comp_sales; ecom_vs_store_mix; return_rate,Fashion misfires or quality perception drops could accelerate traffic declines,Keep this store particularly strong on service and fit advice; host styling events with local professionals; align assortment to Miami climate and culture,Y,batch_retail_02,2026-01-13,Conventional apparel-chain node whose fate is tied to broader brand and mall trends more than local sentiment.[web:296],retail.csv
avant_garde_salon_spa_retail,Avant-Garde Salon & Spa,Ms. Zasil Zepeda,305-442-8136,avantgardesalonandspa.com,,Coral Gables,retail,beauty salon & spa,$$$,4.7,Google/Yelp (salon-focused),,,,Strong reputation for color and styling; sells professional hair products alongside services; one-stop beauty hub,Busy schedule can push wait times; parking and traffic around Gables corridor,0.8,High,0.85,N,none,Operational,Same node as wellness batch but also relevant for retail product sales,asset_node,"Edges into local professionals, bridal and event clients; retail haircare products extend revenue",Stylist chairs; spa rooms; product shelves,Beauty spending cycles; stylist retention,retail_to_service_ratio; stylist_retention; prebook_rate,Loss of key stylists or product supply issues could hurt both service and retail,Integrate service and retail recommendations; lock in star stylists; manage inventory of hero SKUs,Y,batch_retail_02,2026-01-13,Salon-spa hybrid functioning as both service and product retailer; talent and inventory discipline are key.[web:345],retail.csv
books_and_books,Books & Books Inc.,Mr. Mitchell Kaplan,305-442-4408,booksandbooks.com,,Coral Gables,retail,independent bookstore & café,$$,4.7,Tripadvisor (Books & Books Coral Gables),540,4.6,Yelp and local coverage,"Beloved indie bookstore with deep curation, strong Latin American and niche sections, plus on-site café; hosts author talks and cultural events",Café service can struggle when busy; some diners find food prices high; parking and crowding at big events,0.95,High,0.95,N,none,Cultural,OSINT consistently depicts it as a cultural anchor and one of Miami's best indie bookstores[web:437][web:20][web:23][web:26],cultural_node,"Central node for literary culture, civic life and dining on Miracle Mile; edges into schools, universities and arts orgs",Retail books; café/restaurant; events and signings,Survival of independent bookstores; rising rents; shift to digital reading,event_count; café_vs_book_revenue; membership_or_loyalty_signups,Macro pressures on bookstores and dependence on owner vision/succession,Deepen membership programs; strengthen partnerships with schools and festivals; keep café operations polished at peak,Y,batch_retail_02,2026-01-13,Flagship cultural-retail hub whose risk is structural (bookstore economics) rather than reputation.[web:437][web:20][web:23][web:26],retail.csv
flor_de_flamenco,Flor de Flamenco,Ms. Roxana D Delgado,305-338-3087,flordeflamenco.com,,Miami,retail,flamenco apparel & accessories,$$$,4.7,Niche dancewear reviews and social media (low volume),,,,"Specialized flamenco dresses, shoes and accessories; strong appeal to dancers and cultural performers",Highly niche market; limited general foot traffic; inventory risk on specialized pieces,0.7,Moderate,0.8,N,none,Reputation,No red flags; OSINT consistent with passionate niche boutique,cultural_node,"Edges into dance schools, performers and cultural organizations",Specialty apparel sourcing; fittings; e-commerce,Health of flamenco/dance community; event and festival cycles,online_vs_instore_mix; repeat_dancer_clients; custom_order_share,Small TAM and seasonality; dependence on a narrow customer base,Deepen ties with academies and troupes; leverage e-commerce globally; manage inventory with made-to-order and preorders,Y,batch_retail_02,2026-01-13,Niche cultural-retail node where community partnerships and inventory discipline matter more than broad brand awareness.[web:296],retail.csv
glosslab_coral_gables,GLOSSLAB Coral Gables,Ms. Kristen Dominkovics,786-281-3119,glosslab.com,,Coral Gables,retail,membership nail salon,$$$,2.4,Yelp (Miami-area GLOSSLAB locations),30,NA,Facebook complaint threads and local chatter,"Concept praised by some for clean, modern space and waterless techniques; membership model appeals to frequent manicure customers","Reviews show significant complaints about perceived overpricing, surprise add-on charges and mixed service quality; some detailed posts describe leaving dissatisfied",0.8,Moderate,0.8,Y,warning,Reputation,"While environment is praised, OSINT indicates real value and expectation issues that could affect Coral Gables if not addressed[web:440][web:442]",infrastructure_node,Edges into recurring nail-care users and professionals; sits at intersection of beauty retail and subscription model,Membership billing; standardized protocols; product partners,Subscription fatigue; competition from independent nail bars with lower prices,membership_churn; complaint_rate_on_fees; utilization_per_member,Negative word-of-mouth about pricing or rushed service can quickly undermine upscale positioning,"Train staff to explain pricing/membership transparently; monitor local complaints; emphasize quality, hygiene and consistency to justify premium",Y,batch_retail_02,2026-01-13,Membership nail concept with polished branding but real value-perception risk; reputation management in Gables will be important.[web:440][web:442],retail.csv
joy_by_llc,"Joy By, LLC",Ms. Stephanie Dardenne,310-729-6070,holidayjoyby.com,,NA,retail,seasonal décor / gifts (online-centric),$$$,4.6,Shop/site testimonials and social (low volume),,,,Curated holiday décor and gifting brand; strong aesthetic and branding; leans heavily on e-commerce,Seasonal demand concentration; shipping costs and fragility of products add operational risk,0.7,Moderate,0.75,N,none,Operational,No red flags; standard DTC home/gift challenges,picks_shovels_node,"Edges into interior decorators, event planners and households wanting elevated holiday décor",E-commerce platform; seasonal inventory; packaging/logistics,Holiday spending cycles; social-media discovery,seasonal_revenue_concentration; damage_rate; repeat_customer_rate,High seasonality and breakage/returns could compress margins,Optimize packaging and carriers; explore off-season product lines; deepen relationships with designers and corporate buyers,Y,batch_retail_02,2026-01-13,DTC holiday décor brand where logistics and seasonality management matter more than local foot traffic.[web:296],retail.csv
lilly_pulitzer_merrick,Lilly Pulitzer,Ms. Susan Jordan,305-441-9837,lillypulitzer.com,,Coral Gables,retail,women's apparel (resort),$$$,4.4,Google/Yelp (brand-store blend),,,,Colorful resortwear with loyal following; strong alignment with South Florida lifestyle,Style is niche and bold; brand may feel repetitive to some; dependent on tourism and higher-income shoppers,0.8,High,0.85,N,none,Reputation,No notable local controversies; brand-level patterns dominate,platform_node,"Edges into resort, cruise and event wardrobes; interacts with tourism and local affluence",Boutique; e-commerce; events,Tourism cycles; fashion trends toward minimalism vs maximalism,store_traffic; resortwear_mix; repeat_customer_share,Fashion-cycle and macro-spend risk if bright resortwear falls out of favor,Host store events and trunk shows; leverage local social/charity circuits; maintain excellent service to justify premium pricing,Y,batch_retail_02,2026-01-13,"Resortwear chain node well-matched to Miami; exposure is to fashion cycles and tourism, not trust.[web:296]",retail.csv
m2skin,M2Skin,Mr. Michael Mendez,407-600-1656,m2skin.com,,NA,retail,skincare products (DTC/professional),$$$,4.5,Brand-site and practitioner testimonials (low volume),,,,Professional-grade skincare line with emphasis on targeted treatments; some practitioner endorsements,Limited independent reviews; crowded skincare market; regulatory and claim-scrutiny environment,0.65,Moderate,0.75,N,none,Reputation,OSINT doesn't show obvious red flags but signal is thin and primarily brand-controlled,picks_shovels_node,"Edges into med-spas, dermatologists and direct online consumers",Product R&D; distribution to clinics and DTC,Skincare trend competition; ingredient/regulatory scrutiny,clinic_vs_DTC_mix; product_return_rate; review_growth,"If claims outpace evidence or customer support lags, reputation could suffer quickly","Encourage independent reviews; maintain conservative, compliant claims; support professional partners with education",Y,batch_retail_02,2026-01-13,Emergent skincare line functioning as infrastructure for clinics and consumers; success depends on evidence and trust-building.[web:296],retail.csv
philip_morris_intl,Phillip Morris International,Mr. Hernan Albamonte,NA,pmi.com,,NA,retail,tobacco manufacturer / CPG,NA,2.8,Global ESG and consumer sentiment indices,NA,NA,Regulatory filings and watchdog reports,Massive multinational tobacco company with well-known cigarette and heated-tobacco brands; significant resources and distribution reach,"Inherent ESG, health and regulatory controversies; increasing restrictions on marketing and product categories; litigation and policy risk",0.95,High,0.95,Y,critical,Regulatory,"Entire sector faces ongoing regulatory, public-health and reputational headwinds[web:296]",platform_node,"Edges into global retail, hospitality and convenience channels; invests in 'smoke-free future' messaging and devices",Manufacturing; R&D; regulatory affairs; distribution partnerships,Tighter tobacco control policies; shift toward vaping/heat-not-burn; ESG divestment,smoke_free_product_share; regulatory_actions; litigation_outcomes,Structural risk from regulation and declining combustible consumption; reputational drag for partners,Treat as macro CPG risk context rather than local retail node; monitor regulatory trajectory and smoke-free product adoption,Y,batch_retail_02,2026-01-13,"Global tobacco platform with structurally high regulatory and reputational risk, distinct from typical local retailers.[web:296]",retail.csv
san_pellegrino_acqua_panna,S. Pellegrino & Acqua Panna,Ms. Olga Megrabian,305-776-8105,NA,,NA,retail,premium bottled water brands,$$,4.5,Global brand sentiment and trade references,,,,Widely recognized premium water brands used in restaurants and retail; strong association with fine dining and Italian heritage,Environmental concerns over bottled water and single-use plastics; competition from other premium and local waters,0.85,High,0.9,N,none,ESG,Sector-level sustainability questions more than brand-specific scandals,picks_shovels_node,"Edges into restaurants, hotels and grocers as beverage and hospitality staple",Bottling; distribution; brand partnerships,Shift toward sustainability; reusable/filtered water systems,on_premise_penetration; ESG_scores; alt_packaging_share,Regulatory or consumer pushback on bottled water could erode volumes,"Support partners with recycling/ESG messaging; explore alternative packaging; position as occasional premium, not everyday commodity",Y,batch_retail_02,2026-01-13,"Premium water brands serving as hospitality picks-and-shovels; long-term risk is environmental sentiment, not immediate reputation.[web:296]",retail.csv
shops_at_merrick_park,Shops at Merrick Park,Mr. Carlos Limontes,305-529-1215,shopsatmerrickpark.com,,Coral Gables,retail,open-air mall / lifestyle center,NA,4.4,Google/Tripadvisor (center-level),,,,"High-end open-air shopping center with lush landscaping; strong tenant mix (luxury, fashion, dining); generally positive shopper experience",Parking fees/availability and occasional security or cleanliness complaints; exposed to weather heat/rain,0.9,High,0.9,N,none,Infrastructure,No major structural scandals; behaves as key physical-retail platform for many member tenants,platform_node,Aggregates numerous retail and restaurant tenants; edges into regional shoppers and tourists,Common areas; parking; marketing/events,Mall-footfall trends; tenant health; macro retail environment,foot_traffic_index; occupancy_rate; event_calendar_density,Tenant churn and macro-headwinds on brick-and-mortar could affect vibrancy,Curate resilient tenant mix; invest in shade/comfort and events; partner closely with anchor tenants and city on access,Y,batch_retail_02,2026-01-13,Critical retail infrastructure node whose health shapes many individual tenant outcomes.[web:296],retail.csv
soy_delicious_inc,Soy Delicious Inc.,Ms. Georgette Hoyo,305-484-9525,soydelicious.com,,Miami,retail,soy candles & home fragrance,$$$,4.8,Shop-site reviews and social (low-moderate volume),,,,Hand-poured soy candles and home-fragrance products; customers praise scents and burn quality; brand leans into clean ingredients,Limited independent third-party reviews; DTC brand faces crowded candle marketplace,0.75,Moderate,0.8,N,none,Reputation,OSINT shows very positive but mostly owned-channel sentiment typical of indie candle brands,picks_shovels_node,"Edges into home décor, gift shops and hospitality wanting signature scents",Production studio; e-commerce; wholesale to boutiques,Home-fragrance trend; concerns about air quality and ingredients,repeat_order_rate; wholesale_account_growth; complaint_rate_on_scent_or_burn,"Supply or quality issues (sooting, poor throw) could quickly hurt word-of-mouth",Maintain rigorous wax/fragrance quality; expand selectively into local boutiques; communicate ingredient transparency and care,Y,batch_retail_02,2026-01-13,Indie soy-candle brand with strong early love; quality control and differentiation will determine long-term traction.[web:296],retail.csv
coral_gables_adult_edu,Coral Gables Adult & Continuing Education Center,Dr. Louis Dash,305-443-4871,coralgablesadultedu.com,,Coral Gables,education,adult & continuing education,$,4.4,Google/local ratings (adult education),,,,"Provides GED, ESL and workforce-skills programs for adults; valuable on-ramp for immigrants and career-changers",Funding and awareness constraints; outcomes depend heavily on guidance and student support,0.75,High,0.8,N,none,Impact,No strong review data but role as public adult-ed hub is structurally important,infrastructure_node,"Edges into immigrant communities, working adults and employers needing upskilling",Classrooms; counselors; testing support,Labor-market shifts; public funding priorities,enrollment_trend; GED_pass_rate; employer_partnerships,Budget cuts or low visibility could undercut impact,Strengthen employer ties; track and publish outcomes; partner with chambers and cities for outreach,Y,batch_schools_01,2026-01-13,"Adult-education node supporting workforce mobility; primary risk is policy/funding, not reputation.[web:296]",schools.csv
crystal_academy,Crystal Academy Therapy Center & School - Autism & Developmental Delays,Mrs. Mary Palacio-Pike,305-567-5881,crystalacademycg.org,,Coral Gables,education,special-needs school & therapy center,$$$$,5.0,"Parent-facing reviews (Yelp/AllChildrenLearn, small sample)",3,3.0,"Employee reviews (Indeed, Beaming Health)","Parents and some clinicians describe a nurturing environment with integrated ABA, speech, OT and music therapy that helps children on the spectrum progress","Multiple staff reviews allege toxic culture, poor leadership, low pay and favoritism; some note concerns about professionalism and uneven treatment across clients",0.9,High,0.9,Y,critical,Workplace,Sharp contrast between glowing parent feedback and negative staff accounts suggests cultural and governance risk[web:444][web:445][web:448][web:454],infrastructure_node,Edges into autism and developmental-delays community; interacts with insurers and public agencies,"Therapy center with in-house school; ABA, OT, speech, music",Evolving autism-care standards; payer scrutiny; staff burnout,parent_outcome_stories; staff_turnover; regulatory_or_licensing_flags,Culture or governance issues could eventually affect quality of care and regulatory standing,Monitor for licensure/inspection outcomes; encourage transparent governance and staff feedback channels; cross-check with families and third-party evaluators,Y,batch_schools_01,2026-01-13,High-impact special-needs school with very positive parent stories but serious internal-culture criticism that warrants close watching.[web:444][web:445][web:448][web:454],schools.csv
gw_carver_elementary,G.W. Carver Elementary School,Ms. Patricia Fairclough,305-443-5286,gwces.com,,Coral Gables,education,public elementary (magnet),$,9.0,GreatSchools / FDOE A-grade via local summaries,NA,NA,Local realtor/education writeups,Highly rated public elementary with strong magnet and language programs; high test scores and A-rated performance,Standard public-school constraints on class size and funding; admissions/lottery pressure for magnet seats,0.8,High,0.85,N,none,Impact,Recognized as one of the stronger K-5 public options in the area[web:449],infrastructure_node,Edges into neighborhood families and language/IB pipelines,Classrooms; magnet/language programs,District budgets; demographic shifts,FDOE_grade; GreatSchools_score; magnet_application_demand,Overcrowding or budget cuts could erode quality,Maintain strong leadership and community support; advocate for resources; manage admissions transparently,Y,batch_schools_01,2026-01-13,"High-performing public elementary that anchors family decisions on where to live; risk is systemic funding, not demand.[web:449]",schools.csv
st_philips_episcopal,St. Philip's Episcopal Church & School,Rev. Mary E. Conroy,305-444-6366,saintphilips.net,,Coral Gables,education,Episcopal PK-5 private school,$$$$,4.7,Google/school-review sites (low-moderate volume),,,,"Small, faith-based community with emphasis on character, arts and academics; strong parent sense of belonging",Tuition and limited financial aid may constrain socioeconomic diversity; small scale limits program breadth,0.8,Moderate,0.85,N,none,Reputation,OSINT indicates warm community reputation; no notable controversies surfaced,cultural_node,"Edges into church community, Gables families and Episcopal school networks",Elementary classrooms; chapel; arts and enrichment,Private-school competition; demographics; church membership trends,enrollment_trend; diversity_metrics; feeder_pattern_to_middle_schools,Concentrated in a relatively affluent slice of families; vulnerable to enrollment dips,Highlight academic and character outcomes; cultivate alumni; manage tuition and aid strategy carefully,Y,batch_schools_01,2026-01-13,Small church-affiliated school with strong community feel and typical private-school affordability constraints.[web:296],schools.csv
biltmore_school,The Biltmore School,Ms. Gina C. Duarte Romero,305-266-4666,biltmoreschool.com,,Coral Gables,education,private PK-8 school,$$$$,4.4,Google/school-review platforms,,,,International/dual-language focus with small classes; parents praise close-knit community and attentive staff,Tuition high; facilities smaller/older than some larger campuses; limited public data on academic outcomes,0.75,Moderate,0.8,N,none,Reputation,OSINT shows positive parent sentiment but modest sample size,asset_node,Edges into international and bilingual families; potential feeder to IB and private high schools,PK-8 classrooms; language and enrichment programs,Private-school competition; visa/migration flows; economic cycles,enrollment; language_program_demand; high_school_placement,Enrollment sensitivity to macro conditions and competition from bigger brands,Track and share graduate outcomes; strengthen distinctiveness around language and internationalism,Y,batch_schools_01,2026-01-13,Niche PK-8 with bilingual focus and good will; key lever is communicating outcomes vs larger peers.[web:296],schools.csv
kellogg_miami,"Kellogg School of Management, Northwestern University (Miami Campus)",Mr. Rolando Masferrer,305-442-7780,kellogg.northwestern.edu,,Coral Gables,education,graduate business (executive & EMBA),$$$$,4.8,Global MBA rankings and alumni sentiment,,,,Highly ranked global business school; Miami campus serves Latin America executives; strong network and brand,Selective and expensive; physical presence is program-focused rather than full campus; limited local public visibility beyond business community,0.9,High,0.9,N,none,Reputation,Brand is globally strong; local risks minimal beyond macro MBA trends,platform_node,"Edges into senior executives, family-business leaders and multinationals in the region",Executive classrooms; alumni network; corporate partnerships,MBA market evolution; competition from rival schools and online programs,cohort_size; corporate_sponsorship_rate; alumni_engagement,Shifts in executive-education budgets and travel could affect program demand,Deepen corporate relationships in LATAM; maintain hybrid/online flexibility; keep Miami as relationship and hub asset,Y,batch_schools_01,2026-01-13,Elite EMBA/executive node with very strong brand; risk is macro MBA/exec-ed demand rather than local reputation.[web:296],schools.csv
fiu_university,Florida International University,Mrs. Michelle Palacio,305-348-6298,fiu.edu,,Miami,education,public research university,$$,3.9,Niche/US News style aggregates (university-level),,,,"Large public university with strong business, hospitality and engineering programs; significant first-gen and Hispanic-serving footprint",Big-institution bureaucracy; commuter-campus feel can limit cohesion; variable program quality,0.9,High,0.9,N,none,Impact,OSINT positions FIU as a crucial access and mobility engine for Miami-Dade,platform_node,"Edges into regional workforce, research and public-sector talent pipelines",Multiple campuses; online programs; research centers,State funding; demographic demand; competition from UM/online providers,graduation_rate; Pell_share; research_funding,Budget or political shocks could affect capacity; varying program strength can affect brand,Keep pushing student-success initiatives; align programs with local industry needs; invest in flagship strengths,Y,batch_schools_01,2026-01-13,"Major public university platform central to Miami's talent pipeline, with typical large-system challenges.[web:296]",schools.csv
ispa_prep,International Studies Preparatory Academy (ISPA),Ms. Alina Diaz-Blanco,305-663-7200,internationalstudiesprep.net,,Coral Gables,education,public magnet high school (language emphasis),$,9.0,GreatSchools/Niche style scores (language magnet),,,,Rigorous international and language-focused curriculum; strong college-prep and IB-style pathways,Smaller campus limits electives and facilities vs large high schools; admissions competitive,0.8,High,0.85,N,none,Impact,Reputation as strong language-prep magnet aligned with Miami's international character,infrastructure_node,Edges into multilingual and globally oriented students and families,Language tracks; AP/IB-type courses; partnerships abroad,District policy; magnet funding; demand from international families,magnet_application_numbers; college_acceptance_rates; language_certification_pass_rates,Over-demand and resource constraints could strain staff and facilities,Maintain clear admissions and communication; highlight college and language outcomes; cultivate international partnerships,Y,batch_schools_01,2026-01-13,Language-focused public magnet with good standing; risk is resourcing amid high demand.[web:296],schools.csv
english_center,The English Center,Ms. Yamila Carballo,305-445-7731,tecmiami.com,,Miami,education,adult ESL & vocational center,$,4.5,Google/adult-education reviews,,,,Provides English language and vocational training for adults; important entry point for recent arrivals,Funding and capacity limitations; varying student preparedness and persistence,0.8,High,0.85,N,none,Impact,Viewed as valuable community resource; no major controversies surfaced,infrastructure_node,Edges into immigrant communities and low-wage workers seeking skills,ESL classes; vocational tracks; testing,Immigration patterns; workforce programs; state funding,enrollment; completion_rates; employer_linkages,Budget cuts or policy changes could harm access,Strengthen employer partnerships and outcome tracking; advocate within state/federal adult-ed frameworks,Y,batch_schools_01,2026-01-13,Key ESL/workforce gateway institution; structural funding risk dominates reputation risk.[web:296],schools.csv
giralda_preschool,Giralda Preschool of Coral Gables,Ms. Marisa Pluchino,786-332-3610,giraldapreschool.com,,Coral Gables,education,private preschool,$$$$,4.8,Google/parent reviews (low-moderate volume),,,,"Parents highlight nurturing environment, small groups and good communication; convenient location for Gables families",Limited capacity and outdoor space; tuition level excludes some families,0.75,Moderate,0.8,N,none,Reputation,"OSINT sentiment is strongly positive but sample small, as typical for preschools",asset_node,Edges into young professional families and siblings pipeline to local schools,Preschool classrooms; early-childhood curriculum,Demographic trends; competition from other preschools,waitlist_length; parent_satisfaction; transition_success_to_K,Enrollment dips or leadership turnover could impact quality quickly,Maintain strong teacher retention and parent communication; document children's progress for reassurance,Y,batch_schools_01,2026-01-13,Well-regarded neighborhood preschool with classic capacity and affordability constraints.[web:296],schools.csv
gulliver_prep,Gulliver Preparatory School,Ms. Melissa Perkins,786-709-4076,gulliverprep.org,,Miami,education,private PK-12 college-prep school,$$$$,4.4,Niche overall rating,153,3.5,"Yelp (Upper School campus, very low volume)","Comprehensive PK-12 system with strong academics, arts and athletics; Niche reviews highlight robust opportunities and school spirit","Some Yelp and anecdotal reviews criticize high cost, crowding, and perception of catering to wealthy/legacy students; tuition around 40K+ per year",0.9,High,0.9,N,none,Reputation,Overall highly regarded academically with pockets of criticism about elitism and value,platform_node,Edges into affluent families across Miami; major feeder to top universities,Multiple campuses; extensive programs; alumni network,Economic cycles; competition from other elite schools; scholarship/DEI pressures,college_matriculation_stats; financial_aid_budget; enrollment_trend,Perceived exclusivity and cost may limit diversity and attract scrutiny,Maintain academic excellence while expanding meaningful financial aid; track culture and inclusion closely; communicate outcomes transparently,Y,batch_schools_01,2026-01-13,Regional powerhouse private school balancing elite positioning with DEI and value expectations.[web:450][web:453][web:456],schools.csv
immaculata_la_salle,Immaculata-La Salle High School,Ms. Barbara Branas,305-854-2334,ilsroyals.com,,Miami,education,Catholic high school,$$$,4.3,Niche/Google Catholic-school ratings,,,,Well-regarded Catholic college-prep with strong community and extracurriculars; waterfront campus adds appeal,"Tuition and religious identity may limit who applies; as with peers, some variability by teacher",0.8,High,0.85,N,none,Reputation,OSINT indicates generally positive sentiment with normal private-school caveats,cultural_node,Edges into Catholic families and those seeking structured environment,College-prep curriculum; campus ministries; athletics,Catholic-school enrollment trends; parish demographics,enrollment_trend; college_acceptance; retention_rate,Demographic and religious-participation shifts could pressure enrollment,Lean into academic outcomes and character formation; manage tuition/aid mix; maintain strong alumni engagement,Y,batch_schools_01,2026-01-13,Established Catholic high school with solid reputation; future tied to broader Catholic-education trends.[web:296],schools.csv
riviera_schools,Riviera Day School/Riviera Preparatory School,Accounting Department,305-666-1856,rivieraschools.com,,Miami,education,private PK-12 school,$$$$,4.5,Niche/Google composite,,,,Strong academics with small-class environment; families note caring teachers and good college outcomes,High tuition; two-campus logistics; limited public independent data vs peers,0.8,High,0.85,N,none,Reputation,OSINT shows steady positive reputation in South Miami private-school market,platform_node,Edges into families seeking smaller-scale alternative to Gulliver; pipelines to competitive colleges,PK-12 campuses; arts and athletics,Private-school competition; macro economy,enrollment; college_matriculation; scholarship_share,Enrollment sensitivity and competition from larger brands,Highlight outcomes and student stories; maintain small-class advantage; manage facilities and traffic well,Y,batch_schools_01,2026-01-13,Respected PK-12 private with small-school positioning; risk is competition and macro affordability.[web:296],schools.csv
coral_gables_high,Coral Gables High School,Mr. Anthony J. Balboa,305-443-4871,cghs.dade.k12.fl.us,,Coral Gables,education,public high school (IB & academies),$,3.8,Niche overall rating (CGHS),991,9.0,GreatSchools / local writeups (A-rated strong academics),Widely regarded for its IB program and academies like Academy of Finance and C3; strong track record of college readiness; US News ranks it in national top ~2K high schools,Reviews note disparity between IB/academy programs vs regular track; fundraising or fees for some clubs can burden lower-income students,0.9,High,0.9,N,none,Impact,"OSINT portrays CGHS as one of Miami's better public high schools, with equity and resource challenges",infrastructure_node,Edges into a broad swath of Gables youth; key feeder to local universities,"IB, academies and AP programs; athletics and clubs",District budgets; housing patterns; competition from magnets/charters,FDOE_grade; IB_diploma_rate; academy_enrollment_share,Equity gaps between advanced tracks and general population; space and staffing constraints,Invest in supports for non-IB students; monitor club/fee access; maintain strong leadership and community partnerships,Y,batch_schools_01,2026-01-13,High-impact public high school with strong flagship programs and typical equity/resource tensions.[web:449][web:452][web:455][web:458],schools.csv
carver_middle,George Washington Carver Middle School,Ms. Cristina Basso,305-444-7388,gwcmiddleschool.net,,Coral Gables,education,public middle (international studies),$,9.0,GreatSchools/local education guides (A-rated),,,,Known for international studies and language programs; strong academics relative to peers,Over-enrollment and magnet demand; typical middle-school social and facilities challenges,0.8,High,0.85,N,none,Impact,Frequently listed among top middle schools in Coral Gables context[web:449],infrastructure_node,Edges into language-focused pipelines feeding CGHS and private schools,Language/IB-style programs; extracurriculars,District funding; demographic shifts,FDOE_grade; magnet_application_numbers; language_pass_rates,Strain from high demand and limited seats; facility aging,Maintain rigorous academics and language offerings; advocate for facilities investment; manage admissions credibility,Y,batch_schools_01,2026-01-13,High-performing middle magnet; risk is overcrowding and maintaining quality amid demand.[web:449],schools.csv
mdcps_community_engagement,MDCPS Office of Community Engagement,Ms. Shaquellia M. Holmes,305-995-2594,engagemiamidade.net,,Miami,education,district community-engagement office,NA,NA,NA,NA,NA,NA,"Coordinates partnerships, volunteers and community programs across Miami-Dade County Public Schools",Outcomes and impact can be hard for public to see; subject to district budget and leadership changes,0.7,High,0.8,N,none,Infrastructure,Not a school but key connective tissue between MDCPS and community,infrastructure_node,"Edges into nonprofits, businesses, and civic groups partnering with schools",Volunteer systems; partnership MOUs; events,District governance; philanthropic trends,number_of_partnerships; volunteer_hours; program_outcomes,Budget or leadership instability could weaken partnership capacity,Clarify impact metrics; maintain strong communication with partners; secure multi-year commitments where possible,Y,batch_schools_01,2026-01-13,"System-level node enabling many school-community collaborations; risk is institutional, not reputational.[web:296]",schools.csv
ponce_middle,Ponce de Leon Middle School,Ms. Angela C. Gonzalez,305-661-1611,poncedeleonmiddle.net,,Miami/Coral Gables,education,public middle school,$,6.0,GreatSchools/Niche mid-range scores,,,,Offers IB/advanced tracks along with standard programs; neighborhood option for many families,Ratings and reviews suggest mixed performance; quality may vary by academy/track and teacher,0.8,Moderate,0.8,N,none,Impact,"OSINT sees Ponce as solid but not standout, with pockets of excellence",infrastructure_node,Edges into broad local middle-school population,IB/advanced courses; electives; athletics,District resources; competition from magnets/private schools,FDOE_grade; IB_enrollment; discipline_incidents,"If higher-achieving students peel off to magnets/privates, average performance could stagnate",Invest in rigorous programs accessible to more students; strengthen culture and family engagement,Y,batch_schools_01,2026-01-13,Mid-performing middle school where leadership and program design can bend trajectory upward.[web:296],schools.csv
frost_school_music,Frost School of Music (University of Miami),Ms. Dean Hildee Wilson,305-284-2241,music.miami.edu,,Coral Gables,education,university music school,$$$$,4.7,Conservatory rankings and student reviews,,,,"Highly respected music school with strong jazz, classical and contemporary programs; deep industry connections and facilities",Competitive and expensive; music career paths inherently uncertain; workload intense,0.9,High,0.9,N,none,Reputation,Frost is widely regarded as a top-tier music school with strong alumni outcomes,platform_node,"Edges into global music industry, local arts scene and UM ecosystem",Performance halls; studios; ensembles,Higher-ed trends; arts funding; music-industry shifts,audition_yield; placement_in_major_ensembles; alumni_career_paths,Tuition and arts-funding volatility could impact access and resources,Expand scholarships; maintain strong industry partnerships; highlight entrepreneurial/tech pathways in music,Y,batch_schools_01,2026-01-13,Premier music-education node with strong reputation; key is affordability and evolving with the music economy.[web:296],schools.csv
mdc_padron_campus,Miami Dade College - Eduardo J. Padron Campus,Mr. Oscar Loynaz,305-237-6186,mdc.edu/padron/,,Miami,education,community college campus,$,4.1,Google/student ratings (campus-level),,,,"Serves diverse, often first-gen students with AA pathways and workforce programs; accessible tuition","Advising loads, bureaucracy and resource constraints can impact student experience",0.85,High,0.85,N,none,Impact,Part of MDC system known for access and scale,infrastructure_node,Edges into working adults and transfer students; important on-ramp to FIU/UM/UF,Classrooms; labs; advising; transfer agreements,State funding; local labor-market demands,graduation_and_transfer_rates; Pell_share; enrollment_trend,Completion gaps and advising bottlenecks could blunt its mobility impact,Invest in intrusive advising and tutoring; strengthen transfer pathways; align programs with high-demand fields,Y,batch_schools_01,2026-01-13,Key community-college campus for central Miami; systemic completion risks more salient than image risk.[web:296],schools.csv
nova_southeastern_miami,Nova Southeastern University (Miami location),Ms. Christine Nuñez,305-275-2601,nova.edu,,Miami,education,private university (graduate-heavy),$$$,3.8,Niche/graduate program reviews,,,,"Offers graduate and professional programs (education, business, health); flexible schedules for working adults",Brand not as prestigious as UM/FIU locally; student debt concerns for some programs,0.8,Moderate,0.85,N,none,Reputation,OSINT shows solid but not elite perception; program quality varies by discipline,platform_node,Edges into working professionals seeking further credentials,Classrooms; online platforms; clinical placements,Graduate-education demand; accreditation and licensure requirements,program_enrollment; licensure_pass_rates; loan_default_rates,Regulatory or outcome issues in any licensure program could hurt brand,Track and publish outcomes transparently; ensure strong support in licensure-heavy programs,Y,batch_schools_01,2026-01-13,Regional grad-education provider with pragmatic appeal; must manage cost-value equation carefully.[web:296],schools.csv
university_of_florida,University of Florida,Ms. Alexa Butler,352-392-1667,ufl.edu,,Gainesville,education,public flagship university,$$,4.3,US News/Niche rankings,,,,"Tier-one public flagship with strong STEM, business and pre-professional programs; highly competitive admissions; significant research output",Distance from Miami; large size; some students may feel lost without strong advising,0.95,High,0.95,N,none,Reputation,Nationally recognized with strong academic and athletic brand,platform_node,"Edges into statewide talent pipelines, research and alumni networks (including Gables)",Main campus; online programs; research institutes,State funding; admissions policy shifts; athletics conference dynamics,acceptance_rate; research_funding; graduation_rate,"Policy, political or funding shifts could affect access and reputation",Maintain academic rigor and support; protect research funding; continue outreach to South Florida students,Y,batch_schools_01,2026-01-13,Florida's flagship university; included as a major out-of-area node influencing Gables students' trajectories.[web:296],schools.csv
university_of_miami,University of Miami,Ms. Abdias Rodriguez,305-284-5478,miami.edu,,Coral Gables,education,private research university,$$$$,4.1,Niche/US News aggregates,,,,"Selective private university with strengths in medicine, business, music and marine science; major employer and landholder in Gables","High tuition and cost of attendance; town-gown tensions on traffic, housing and construction",0.95,High,0.95,N,none,Infrastructure,UM is a central structural node for Coral Gables economy and culture,platform_node,"Edges into global student body, local healthcare and research ecosystems",Gables campus; medical campus; research centers; athletics,Higher-ed funding; student demand; conference realignment; real-estate pressures,enrollment; research_expenditure; local_employment,"Affordability and neighborhood tensions (traffic, housing) are key long-run challenges",Expand need-based aid; engage city and neighbors on planning; leverage research and arts to reinforce positive impact,Y,batch_schools_01,2026-01-13,"Anchor institution for Coral Gables with outsized economic and cultural influence; systemic, not reputational, risk dominates.[web:296]",schools.csv
university_of_st_augustine,University of St. Augustine for Health Sciences,Ms. Vivian Sanchez,786-725-4010,usa.edu,,Miami,education,graduate health sciences (PT/OT etc.),$$$,4.4,Graduate-student reviews (health programs),,,,"Specialized health-sciences programs (physical therapy, occupational therapy, etc.); known for flexible formats and clinical focus",High tuition and clinical-placement logistics; outcomes vary by cohort and site,0.8,Moderate,0.85,N,none,Reputation,OSINT suggests generally positive outcomes with typical grad-health concerns about cost and workload,platform_node,Edges into regional healthcare workforce and hospital systems,Graduate classrooms; labs; clinical partnerships,Healthcare labor demand; accreditation and licensure landscapes,licensure_pass_rates; clinical_site_network; graduate_employment,Any accreditation or licensure performance issues could quickly damage credibility,Maintain strong clinical partnerships; provide robust board-exam support; monitor debt-to-income ratios for graduates,Y,batch_schools_01,2026-01-13,Specialized grad-health school feeding regional provider networks; must safeguard licensure outcomes to maintain trust.[web:296],schools.csv
skin_local,Skin Local,Ms. Leana Loh Mejia,305-322-2941,theskinlocal.com,,Miami,wellness,med spa / skincare,$$$,4.6,Yelp (Skin Local),22,4.7,Brand site and other listings,Stunning clinic environment; providers praised for skill and bedside manner; many patients highlight problem-solving for complex skin issues,A minority of reviews complain about feeling under-dosed on neuromodulators (Botox/Dysport) or upsell on packages,0.85,High,0.9,N,none,Reputation,Overall very positive with some typical med-spa tensions around units and pricing[web:338][web:344],infrastructure_node,"Edges into aesthetic medicine, TV/media talent and affluent locals seeking injectables and facials",Injectables; lasers; advanced facials; retail skincare,Med-spa competition; regulatory environment; social-media-driven demand,avg_units_per_area; retreatment_rate; complaint_rate_on_value,Reputation and regulatory risk if patients feel misled on dosing or expectations,Standardize consultation scripts; show clear before/after and dose plans; keep follow-up touchpoints strong,Y,batch_wellness_01,2026-01-13,Boutique high-end med spa with strong loyalty; manage value/expectations carefully around injectables.[web:338][web:344],wellness-spas.csv
biltmore_spa,The Biltmore Hotel Spa,Mr. Matthias Kammerer,855-421-4192,biltmorehotel.com,,Coral Gables,wellness,hotel spa,$$$$,4.4,Google/Tripadvisor spa reviews (within Biltmore),,,,Historic luxury setting; relaxing environment; convenient for hotel guests and locals seeking a day-spa feel,Price premium; facility age in some areas; occasional comments on limited availability or dated elements,0.8,High,0.85,N,none,Operational,No distinct scandals; typical heritage-hotel spa tradeoffs between history and modernization,asset_node,"Edges into hotel guests, wedding parties, locals and corporate retreat attendees",Treatment rooms; pool access; hotel F&B cross-sell,Travel and event cycles; local affluence; spa competition,treatment_occupancy; guest_vs_local_mix; review_trend,Under-investment or dated feel vs newer competitors could slowly erode share,Maintain regular refresh cycles; bundle spa with hotel and F&B experiences; highlight unique historic character,Y,batch_wellness_01,2026-01-13,Classic hotel spa whose performance tracks the Biltmore's broader brand and capital plans.[web:345],wellness-spas.csv
derma_era_holistic,Derma Era Holistic Med Spa,Ms. Jessie Villar,305-707-2134,dermaleraspa.com,,Miami,wellness,med spa / holistic skincare,$$$,4.6,Local med-spa directories and reviews (low-moderate volume),,,,Holistic framing with medical-grade treatments; clients praise personalized care,Small team and limited capacity; relatively low brand awareness vs larger med-spas,0.7,Moderate,0.75,N,none,None,No specific negative pattern surfaced; primary question is scale and differentiation,infrastructure_node,"Edges into wellness-oriented aesthetic clients, often referral-based",Facials; peels; injectables; wellness add-ons,Crowded Miami med-spa market; regulatory scrutiny,review_volume; referral_share; treatment_mix,Harder to stand out against heavily marketed competitors; revenue concentration in a small client set,Lean into niche (holistic + medical); gather structured reviews; build collaborations with surgeons and functional MDs,Y,batch_wellness_01,2026-01-13,"Smaller holistic med spa with positive sentiment; biggest challenge is signal and scale, not safety.[web:347]",wellness-spas.csv
estetica_le_fate,"Estetica Le Fate, LLC",Ms. Yusimir Power,786-333-2604,lefatespa.com,,Miami,wellness,aesthetic spa / skincare,$$$,4.5,Local spa directories (low volume),,,,Personal service; cozy atmosphere; focus on facials and body treatments,Very limited public review footprint; hard to benchmark against peers,0.6,Moderate,0.65,N,none,None,Not enough OSINT to identify systemic problems; simply under-documented,asset_node,"Edges into local skincare and body-treatment demand, likely referral heavy",Treatment rooms; estheticians; basic spa amenities,Shifts in skincare trends; increased competition from med-spas,client_retention; package_share; review_growth,Discovery risk if competitors dominate search and review platforms,Encourage satisfied clients to review; clarify signature treatments and niche positioning,Y,batch_wellness_01,2026-01-13,"Quiet, under-the-radar spa; OSINT points to an opportunity to build more visible proof.[web:345]",wellness-spas.csv
ultimate_med_center_spa,"Ultimate Medical Center & Spa, LLC",Ms. Ysmelys Hernandez,305-889-9237,ultimatemdcenters.com,,Miami,wellness,medical center & spa,$$$,4.4,Local clinic/spa listings (low volume),,,,Combination of primary-care style services with aesthetics and spa offerings; convenient one-stop approach for some patients,Jack-of-all-trades perception risk; limited specialized reviews for any single service line,0.65,Moderate,0.7,N,none,Operational,No specific issues surfaced; complexity of combined medical/spa model is key watchpoint,infrastructure_node,"Edges into primary care, wellness and aesthetics; connects to insurers where applicable",Medical providers; aestheticians; spa equipment,Primary-care reimbursement pressure; med-spa competition; compliance load,payer_mix; service_line_margin; regulatory_flags,Blurring lines between medical and spa can attract regulatory attention if not well controlled,Ensure strong clinical governance; clearly separate/label medical vs spa offerings; maintain compliant marketing,Y,batch_wellness_01,2026-01-13,Hybrid clinic-spa with typical compliance and positioning challenges rather than evident misconduct.[web:347],wellness-spas.csv
toska_spa_facial_bar,Toska Spa & Facial Bar,Ms. Charlotte Prescott,786-536-2998,toskaspa.com,,Coral Gables,wellness,luxury facial bar,$$$$,4.8,"Brand-level reviews (Charlotte/Toska), low but very positive",,,,"High-touch, technique-driven facials; international luxury skincare pedigree; strong word-of-mouth among skincare enthusiasts",Very premium pricing; limited availability; niche audience of serious skincare clients,0.8,High,0.85,N,none,Reputation,No significant negative OSINT; access and price are the natural constraints,cultural_node,"Edges into luxury skincare devotees, influencers and high-income locals",Signature facial protocols; high-end product lines; limited but expert team,Growth in high-end skincare; social-media amplification of 'facialist' brands,waitlist_length; rebook_rate; product_attach_rate,Exposure to luxury spending cycles; key-person risk around lead facialist,Guard quality tightly; limit overexpansion; build second-tier talent carefully under founder standards,Y,batch_wellness_01,2026-01-13,Ultra-premium facial destination whose moat is technique and brand mystique; key risk is overextension.[web:347],wellness-spas.csv
plenitude_med_spa,Plenitude Med Spa,Ms. Mirella Besteiro,305-298-9034,plenitudemedspa.com,,Coral Gables,wellness,med spa / advanced aesthetics,$$$,4.9,On-site patient reviews (featured),NA,Local directory reviews (small sample),Luxurious environment; broad menu from injectables to lasers and IVs; reviews highlight glowing skin and caring staff,Limited third-party review volume relative to sophistication; high price point vs basic med-spas,0.8,High,0.85,N,none,Reputation,Marketing and on-site reviews are very strong; independent OSINT still relatively thin but positive,[web:339][web:342],infrastructure_node,Edges into high-end aesthetics clients in Coral Gables and wider Miami,Injectables; lasers; facials; body treatments; wellness services,Med-spa competition; technology investment cycles; regulation,platform_mix (face vs body vs wellness); average_ticket; patient_retention,Need to keep investing in tech and training to justify premium; regulatory environment for advanced devices,Maintain rigorous training and safety protocols; build more independent review footprint; clarify treatment indications and expectations,Y,batch_wellness_01,2026-01-13,Sophisticated Gables med-spa with strong owned-channel reputation; next step is deepening third-party proof while guarding compliance.[web:339][web:342],wellness-spas.csv
