business_id,business_name,website
son,& son,http://www.acehardware.com/store-details/06198?utm_source=google&utm_medium=local&utm_campaign=localmaps&utm_content=06198
canes_central,'Canes Central,https://canescentral.miami.edu/
100_montaditos_coral_gables,100 Montaditos Coral Gables,https://100montaditos.com
107tasteasianrestaurantcoralgables,107 Taste Asian Restaurant Coral Gables,https://www.goldengablesinsuranceagency.com/
107tasteasianrestaurantsouthmiami,107 Taste Asian Restaurant South Miami,http://accountantsinmiami.com/
1111mediagroupwebsitescontentsocialseoid,1111 Media Group | Websites - Content - Social - SEO - Paid,https://www.digitaltaxgroup.com/
17realestatebrokers,17 Real Estate Brokers,http://www.gravityrealestate.com/
19th_hole_sports_bar__grill,19th Hole Sports Bar & Grill,http://www.sfwio.com/
247_nursing_care_inc,24/7 Nursing Care Inc.,https://247nursingcare.com
2555poncedeleon,2555 Ponce De Leon,
3_chefs_and_a_chicken,3 Chefs and a Chicken,https://3chefsandachicken.com/3chefsandachicken-xso1yr?utm_source=google
300engineeringgroup,"300 Engineering Group, P.A.",https://www.merllaw.com/
305_drive_inc_limousine_service,"305 Drive Inc., Limousine Service",https://305drive.com
305_hive_media,305 Hive(R) Media,https://305hive.com
305_peruvian_modern_cuisine,305 Peruvian Modern Cuisine,https://305peruvian.com/?utm_source=google
305_pink_pack,305 Pink Pack,https://305pinkpack.org
305_senior,305 Senior,http://www.palacecoralgables.com/
3fmconsulting,3FM CONSULTING,http://www.3fmengineering.com/
4000_ponce_llc_cmc_group,"4000 Ponce, LLC (CMC Group)",https://4000ponce.com
450_gradi,450 Gradi,https://450gradipizzerias.com
450gradimiamiitalianrestaurant,450Gradi Miami Italian Restaurant,http://enzos-miami.com/
450gradimiami,450Gradi Miami 🇺🇸,http://mvshospital.com/
4kids_of_south_florida,4KIDS of South Florida,https://4kids.us
4mg_mortgage_llc,"4MG Mortgage, LLC",https://4mgmortgage.com
54dcoralgables,54D Coral Gables,https://weinsuregroup.com/agent/coral-gables-rick-leal
54dsteelcoralgables,54D STEEL Coral Gables,https://54d.com/
7eleven,7-Eleven,https://www.7-eleven.com/locations/fl/coral-gables/350-bird-rd-10491
924_bird_rd_coral_gable,924 bird rd coral gable,
aautotech,A Auto Tech Inc,https://www.yourcpaaccountant.com/
agcfirmcoralgablesfl,"A&G - CPA Firm Coral Gables, FL",https://www.my.cpa/?utm_campaign=gmbmiami
agcfirm,A&G CPA Firm,http://www.agcpafirm.com/
a1undergroundplumbingservices,A1 Underground & Plumbing Services,https://undergroundplumbers.com
a4_graphic_design,A4 Graphic Design,http://www.a4graphic.com/
aaa_insurance,AAA Insurance,https://locator.acg.aaa.com/fl/miami/aaa-kendall
aaa_million_auto_parts,AAA Million Auto Parts,https://www.aaamillion.com/
aapmiami,AAP Miami,http://www.aapmiami.com/
abadindental,Abadin Dental,https://abadindental.com
abadindentalinvisalignveneersimplants,Abadin Dental - Invisalign Veneers Implants,http://dartdentalmiami.com/
abascalgroupresidentialcommercialconstruction,"Abascal Group, Inc. Residential + Commercial Construction",https://abascalgroup.com/
abco_mortgage,ABCO Mortgage,https://abcomortgage.com
abitosaccountantsadvisors,AbitOs Accountants + Advisors,http://www.imtaxadvisors.com/
ac_hotel_miami_dadeland,AC Hotel Miami Dadeland,https://marriott.com/miacd
academy_for_community_education,Academy for Community Education,https://4beauty.net/
academy_of_arts_and_minds_school,Academy of Arts and Minds School,
accounting_to_scale,Accounting to Scale,https://accountingtoscale.com
accountorcaccountingbookkeepingandtaxexperts,Accountor CPA Accounting Bookkeeping and Tax Experts,https://accountor.cpa/near-me/florida-fl/accounting-and-bookkeeping-in-coral-gables/?utm_source=google&utm_medium=organic&utm_campaign=google_my_business_usa_coral_gables
ace_hardware,Ace Hardware,http://www.acehardware.com/store-details/15975?utm_source=google&utm_medium=local&utm_campaign=localmaps&utm_content=15975
acentria,Acentria,https://acentria.com
actioncoach_team_sage,ActionCOACH Team Sage,https://actioncoachteamsage.com
activate_swag,Activate Swag,https://activateswag.com
actors_playhouse_at_the_miracle_theatre,Actors' Playhouse at the Miracle Theatre,https://actorsplayhouse.org
actually_organized,Actually Organized,https://actuallyorganized.net
admerconstructiongroup,Admer Construction Group,https://www.admerconstruction.com/?utm_campaign=gmb
adriana_hoyos,ADRIANA HOYOS,https://adrianahoyos.com
advance_auto_parts,Advance Auto Parts,https://stores.advanceautoparts.com/fl/west-miami/6520-sw-8th-st
advanced_automation_programming,Advanced Automation Programming,https://aapmiami.com
advancedphysicaltherapyspecialists,Advanced Physical Therapy Specialists,https://coconutgrovetherapy.com/
aflac,Aflac,https://www.aflac.com/agents/marco_erazo.aspx
afrasensemassagetherapy,Afrasense Massage Therapy,https://www.afrasense.com/
agrealtybrokers,AG REALTY BROKERS,http://www.agrealtybrokersfl.com/
agave_holdings,Agave Holdings,https://www.maizyagave.com/
agave_plaza_trustee_llc,"Agave Plaza Trustee, LLC",https://agaveholdingsllc.com
ai_digital,AI Digital,https://aidigital.com
airlab_fitness,Airlab Fitness,https://airlabfitness.com
airlabfitnesscoralgables,AIRLAB Fitness Coral Gables,https://www.thumpgym.com/
airports,Airports,https://miami-airport.com
ajp_ventures_corp,AJP Ventures Corp.,https://websites.vertilinc.com/ajpcam
akashi_japanese_restaurant,Akashi Japanese Restaurant,http://www.akashisushi.com/
alamir,Al-Amir,
albany_homes_construction_inc,Albany Homes Construction Inc.,https://albanyhomes.us
albite_law_group_pa,Albite Law Group PA,http://www.psscpas.com/
alcazarplaza,Alcazar Plaza,
alchemyhairlab,Alchemy Hair Lab,https://book.squareup.com/appointments/0rnj7mu5ywg43s/location/LZA5F47KJ39MJ/services
aldi,Aldi,https://stores.aldi.us/fl/miami/3750-s-dixie-hwy
alegro_music_center,Alegro Music Center,https://blantonsupplies.com/
aleidamartinezfamilydaycarecenter,Aleida Martinez Family Day Care Center,http://www.schneidereyecenter.com/
alexallelectric,Alex All Electric,https://www.atmdepot.com/
alexexpressautoreir,Alex Express Auto Repair,http://www.alexexpressautorepair.com/
alexandersteclefinancialadvisor,Alexander S. Tecle - Financial Advisor,https://www.artigianomiami.com/
alfredoaizaguirre,"Alfredo A. Izaguirre, P.A.",https://www.izaguirrelaw.com/?utm_campaign=gmb
algo_law_firm,Algo Law Firm,https://algofirm.com
alhambra_station_cafe,Alhambra Station Cafe,https://alhambrastationcafe.com
alianza_strategies,Alianza Strategies,http://www.alianzalawfirm.com/contact.html
alice_bravo_assoc_llc,"Alice Bravo & Assoc., LLC",https://alicebravo.com
all_atlantic_benefits,All Atlantic Benefits,https://allatlanticbenefits.com
all_my_sons_moving_storage_of_miami_llc,"All My Sons Moving & Storage of Miami, LLC",https://allmysons.com
allcanes,allCanes,https://www.allcanes.com
allen_dyer_doppelt_gilchrist_pa,"Allen Dyer Doppelt + Gilchrist, P.A",https://allendyer.com
allen_morris_company,Allen Morris Company,http://www.allenmorris.com/
alliantinsuranceservices,Alliant Insurance Services Inc,https://alliant.com/
allianztrade,AllianzTrade,https://allianztrade.com
alliednorthamericainsurancebrokerageoffl,Allied North America Insurance Brokerage Of FL LLC,https://nsigroup.org/contact/coral-gables-fl-insurance/
almaadvertisingagency,Alma Advertising Agency,http://almaad.com/
almabellayoga,Alma Bella Yoga,
alo,ALO,https://dannyjelaca.com/
aloftcoralgables,Aloft Coral Gables,https://aloftcoralgables.com
aloft_miami_dadeland,Aloft Miami Dadeland,https://aloftdadeland.com
alpha_claims_consultants,Alpha Claims Consultants,https://alpha.claims
alpha_school_miami,Alpha School Miami,https://alpha.school
altotostadocoffeeroasters,Alto Tostado Coffee Roasters,https://www.altotostado.com/
alzheimers_association,Alzheimers Association,https://alz.org/miamiwalk
aman_barber_shop,AMan Barber Shop,https://www.a-manbarbershop.com/
amauryjewelry,Amaury Jewelry,http://www.seyboldjewelry.com/
amc_sunset_place_24,AMC Sunset Place 24,https://www.amctheatres.com/movie-theatres/miami-ft-lauderdale/amc-sunset-place-24
amerant_bank,Amerant Bank,https://amerantbank.com
america_red_cross__south_florida,America Red Cross - South Florida,https://www.redcross.org/local/florida/south-florida/about-us/locations/greater-miami-the-keys.html?CID=organic_gmb_listings
american_airlines,American Airlines,https://aa.com
american_cancer_society,American Cancer Society,https://cancer.org
americanchildrensorchestras,American Children's Orchestras,https://locations.coinflip.tech/us/nc/garner/401-benson-road
american_heart_association,American Heart Association,https://heart.org/FL
american_legion_post_98,American Legion Post 98,https://alpost98.org
american_red_cross,American Red Cross,https://redcross.org/southflorida
american_transportation_limo,American Transportation & Limo,https://americanlimofl.com
americanakitchenatloews,Americana Kitchen At Loews,https://www.americanakitchen.com/
amerifirstconstructioncgc1507077,Amerifirst Construction Corp - CGC # 1507077,http://www.acbotax.com/
amigogrio,Amigo Grill & Co,http://amigogrillandco.com/
amigostutoringcoralgables,Amigos Tutoring (Coral Gables),http://amigostutoring.com/
amorerestaurantandbar,Amore Restaurant and Bar,https://thatsamorerestaurant.com/
amscot,Amscot,https://www.amscot.com/location/branch-224/3980-sw-8th-st-coral-gables-fl-33134?utm_source=GMB&utm_medium=organic&utm_content=branch224&utm_campaign=website_button
ana_b_garcia_cpa,"Ana B. Garcia, CPA",https://anabgarciacpa.com
animalclinic843,Animal Clinic 8 & 43,https://vcahospitals.com/south-dade?utm_source=maps&utm_medium=organic&utm_campaign=AU_1058
animal_clinic_of_miamidade,Animal Clinic of Miami-Dade,https://animalclinicofmiadade.com/
ann_taylor,Ann Taylor,https://anntaylor.com
anne_rezac_design,Anne Rezac Design,https://annerezac.com
ansbacherlaw,Ansbacher Law,https://www.ansbacher.net/
anthemadvisors,Anthem Advisors,http://www.cflgcpa.com/
anthony_r_abraham_foundation,Anthony R. Abraham Foundation,https://abrahamfoundation.com
anthropologie,Anthropologie,https://www.anthropologie.com/stores/village-of-merrick-park-coral-gables?utm_medium=organic&utm_source=google&utm_campaign=local&utm_content=440
antonioperezc,"Antonio Perez CPA, P.A.",https://www.antoniocpa.com/
apexengineering,Apex Engineering,
apizza_brooklyn,Apizza Brooklyn,http://www.apizzabrooklyn.com/
aps_security_group_inc,APS Security Group Inc.,https://apsmiami.com
apti_american_physical_therapy_institute,APTI American Physical Therapy Institute,
ara_gallery_cultural_center,Ara Gallery Cultural Center,https://americascollection.com/
araneyeassociatescoralgables,Aran Eye Associates - Coral Gables,http://www.araneye.com/
arbys,Arby's,https://www.arbys.com/locations/us/fl/miami/6760-sw-8th-st/store-167/
arcano_sabores_de_esencia_hispana,Arcano  Sabores de Esencia Hispana,https://arcanomiami.com
architectural_design_collaborative_inc,Architectural Design Collaborative Inc.,https://adcinternational.net
archivist_cafe,Archivist Cafe,https://dineoncampus.com/miami
arcoagentinsurance,Arco Agent Insurance Inc,http://www.arcoagent.com/
area_stage_company,Area Stage Company,https://areastage.org
arhaus,Arhaus,https://www.arhaus.com/pages/coral-gables-fl
arias__abbass_your_attorneys,Arias & Abbass Your Attorneys,https://talktomyattorneys.com
armandolaciosbarberstudiocoralgables,Armando Palacios Barber Studio - Coral Gables,http://www.selabeautystudio.com/
armstrong_jazz_house,Armstrong Jazz House,https://armstrongjazzhouse.com
aromas_del_peru,Aromas del Peru,https://aromasperu.com/locations/west-miami/
arpeengineering,ARPE Engineering,http://www.arpe-eng.com/
arrowheadnurseryandkindergarten,Arrowhead Nursery and Kindergarten,http://www.arrowheadkinder.com/
arte_cucine,ARTE CUCINE,https://artecucine.com
arteysafe,Arte y Pasión Cafe,http://arteypasioncafe.com/
artefactocoralgables,Artefacto Coral Gables,https://www.artefacto.com/
arthur_j_gallagher,Arthur J. Gallagher,https://ajg.com
arthur_murray_coral_gables_dance_studio,Arthur Murray Coral Gables Dance Studio,https://arthurmurray.com
arthurmurraydancestudiocoralgables,Arthur Murray Dance Studio Coral Gables,
arthur_murray_international_inc,Arthur Murray International Inc.,https://arthurmurray.com
artigiano_inc,Artigiano Inc.,https://artigianomens.com
artisanbeautystudioandartgallery,Artisan Beauty Studio and Art Gallery,https://rbsbookings.as.me/
artlabbcoralgables,ArtLabbé Coral Gables,http://www.artlabbe.org/
arts_business_council_of_miami,Arts & Business Council of Miami,https://artsbizmiami.org
arvani_group_llc,"Arvani Group, LLC",https://arvanibwllc.com
arx_creative,ArX Creative,https://arxcreative.com
aryahotelandsuitescoconutgroveworldhotelsdisttive,"Arya Hotel and Suites Coconut Grove, WorldHotels Distinctive",https://animalhospitalcoconutgrove.com/
asplumbingheatingcoralgables,AS Plumbing & Heating Coral Gables,
ascendant_insurance_solutions_llc,"Ascendant Insurance Solutions, LLC",https://ascendantgroup.com
ascendo_resources_llc,"Ascendo Resources, LLC",https://ascendo.com
ascension_global_staffing_executive_search,Ascension Global Staffing & Executive Search,https://ascensionsearch.com
ascensiondescension,Ascension/Descension,http://ascensionhealingcenterswfl.com/
ashleystore,Ashley Store,https://stores.ashleyfurniture.com/store/us/north-carolina/burlington/1439-university-dr/?cmpid=ls-&utm_source=Local&utm_medium=LocalSEO&utm_campaign=LocalSearch
asia_grocery,Asia Grocery,
asiannailsands,Asian Nails and Spa,
asian_thai_kitchen,Asian Thai Kitchen,https://sw8th.asianthaikitchenonline.com
astorwinesspirits,Astor Wines & Spirits,
att,AT&T,https://att.com
atkinsengineers,"Atkins Engineers, Inc.",
atlanticcrystalsconstruction,Atlantic Crystals Construction,
attractions,Attractions,https://fairchildgarden.org
au_advisors,Au Advisors,https://strikeau.com
auburndaleelementaryschool,Auburndale Elementary School,https://auburndaleelem.com/
audi,Audi,https://www.thecollectionaudimiami.com/
audio_visual_company,Audio Visual Company,https://showtechinc.com
audrey_ross_team_compass_florida,Audrey Ross Team  Compass Florida,https://miamirealestate.com
audrey_ross_team_compass,Audrey Ross Team - Compass,https://www.miamirealestate.com/
aurora_academy,Aurora Academy,http://www.aacademy.org/
auroramedinafamilydaycarehome,Aurora Medina Family Day Care Home,https://ornatehome.com/?utm_source=google&utm_medium=GBP&utm_campaign=charlottelocal
autonation_chevrolet,AutoNation Chevrolet,https://www.autonationchevroletcoralgables.com/?&utm_source=local&utm_medium=organic&utm_campaign=*000012248*GMB
autonationchevroletcoralgables,AutoNation Chevrolet Coral Gables,
autonationchevroletcoralgablesservicecenter,AutoNation Chevrolet Coral Gables Service Center,http://www.animalhealthrehab.com/
autozone,AutoZone,https://www.autozone.com/locations/fl/west-miami/6010-sw-8th-st.html
avalonsalon,Avalon Salon,http://avalonmiami.com/
avante_insurance_group_llc,"Avante Insurance Group, LLC",https://avantenea.com
avantgarde_salon_spa,AvantGarde Salon & Spa,https://avantgardesalonandspa.com
avenuesgifts,Avenues Gifts,
avenues_of_excellence_inc,Avenues of Excellence Inc.,https://avenuesofexcellence.com
avetranifinancialnorthwesternmutual,Avetrani Financial - Northwestern Mutual,
avis,Avis,https://www.avis.com/en/locations/us/fl/coral-gables/lhcgf
avison_young,Avison Young,https://avisonyoung.us
avomiami,Avo Miami,https://avo-miami.com/
azucar_nightclub,Azucar Nightclub,
azzendo_wealth_advisors,Azzendo Wealth Advisors,https://azzendo.com
brelectronicssupply,B & R Electronics Supply,http://www.acehardware.com/store-details/19199?utm_source=google&utm_medium=local&utm_campaign=localmaps&utm_content=19199
bcarchitectsaia,"B C Architects AIA, Inc.",
babette,Babette,
bacardi_usa,Bacardi USA,https://bacardi.com
bachour,Bachour,
bachour_bakery,Bachour Bakery,http://www.antoniobachour.com/
bachour_restaurant_and_bakery,Bachour Restaurant and Bakery,https://antoniobachour.com
baires_grill__coral_gables,Baires Grill - Coral Gables,https://www.bairesgrill.com/
ball_chain,Ball & Chain,https://madroomhospitality.com
ball_janik,Ball Janik,https://balljanik.com
banesco_usa,Banesco USA,https://banescousa.com
banfieldpethospital,Banfield Pet Hospital,https://banfield.com
bank_of_america,Bank of America,https://bankofamerica.com
bankofamericawithdrivethruatm,Bank of America (with Drive-thru ATM),https://locations.bluefoundrybank.com/blue-foundry-bank-8a558df4fc28?utm_source=google&utm_medium=Yext
bankofamericafinancialcenter,Bank of America Financial Center,https://locators.bankofamerica.com/fl/coconutgrove/financial-centers-coconut-grove-13027.html?utm_source=GMBlisting&utm_medium=organic
bankmiami,BankMiami,https://pichinchamiami.com/
bankunited,BankUnited,https://www.bankunited.com/
banna_fakhoury_pa,"Banna Fakhoury, PA",https://bannamiami.com
banyandayschool,Banyan Day School,
baptisthealthbrainspinecarecoralgablesdoctorshospital,Baptist Health Brain & Spine Care | Coral Gables (Doctors Hospital),https://www.dadelandanimalhospital.com/
baptisthealthconciergemedicinecoralgablesbelmontvillage,Baptist Health Concierge Medicine | Coral Gables (Belmont Village),
baptisthealthdoctorshospital,Baptist Health Doctors Hospital,https://baptisthealth.net/locations/hospitals/doctors-hospital?utm_source=yext&utm_medium=google&utm_campaign=listing&y_source=1_MTIwNTAyMzUtNzE1LWxvY2F0aW9uLndlYnNpdGU%3D
baptisthealthdoctorshospitalercoralgables,Baptist Health Doctors Hospital ER | Coral Gables,
baptisthealthphysicaltherapyrehabilitationcoralgables,Baptist Health Physical Therapy & Rehabilitation | Coral Gables,
baptisthealthprimarycarecoralgablesbelmontvillage,Baptist Health Primary Care | Coral Gables (Belmont Village),https://baptisthealth.net/locations/primary-care/coral-gables-primary-care?y_source=1_MTAzMDcyNjAwNC03MTUtbG9jYXRpb24ud2Vic2l0ZQ%3D%3D
baptist_health_south_florida,Baptist Health South Florida,https://baptisthealth.net
baptisthealthsurgerycentercoralgables,Baptist Health Surgery Center | Coral Gables,
baptisthealthsurgerycoralgablesdoctorshospital,Baptist Health Surgery | Coral Gables (Doctors Hospital),
baptisthealthurgentcarecoralgables,Baptist Health Urgent Care | Coral Gables,
baptist_rehabilitation_hospital,Baptist Rehabilitation Hospital,https://baptisthealth.net/locations/physical-rehabilitation-centers/baptist-health-physical-therapy-and-rehabilitation---coral-gables?utm_source=yext&utm_medium=google&utm_campaign=listing&y_source=1_MTIwNTAzMTAtNzE1LWxvY2F0aW9uLndlYnNpdGU%3D
barakatbossa,BARAKAT + BOSSA,https://b2b.legal
barbell,Barbell,https://www.startingstrengthgyms.com/miami/
barberstudiomi,Barber Studio M.I,https://www.transformativemindset.com/
barbershop_god_is_love,Barbershop God is Love,https://god-is-love-1995.square.site/
barbynailss,Barby Nails Spa,
bardos_caffe,Bardo's Caffe,
barnes__noble,Barnes & Noble,https://stores.barnesandnoble.com/store/2878
barracuda,Barracuda,https://www.instagram.com/barracudagrove/
barrington_academy,Barrington Academy,http://www.barringtonacademy.com/
bascomlmereyeinstitutethelennarfoundationmedicalcenter,Bascom Palmer Eye Institute The Lennar Foundation Medical Center,http://bascompalmer.org/
basilicoristorantecoralgables,Basilico Ristorante Coral Gables,
batteries__bulbs,Batteries + Bulbs,https://www.batteriesplus.com/store-locator/fl/miami/batteries-plus-854?utm_source=gmb&utm_medium=local&utm_campaign=bpb&storecode=854
batteryrkwinespirits,Battery Park Wine & Spirits,
bay13breweryandkitchen,Bay 13 Brewery And Kitchen,
bay_plumbing_company,Bay Plumbing Company,https://bayplumbingco.com
bayshore_club_bar__grill,Bayshore Club Bar & Grill,https://bayshoreclubmiami.com/
bayshorewealthadvisors,Bayshore Wealth Advisors,
bayview_pace,Bayview Pace,https://www.bayviewpace.com
bean_automotive_group_lexus_of_kendallkendall_toyota,Bean Automotive Group Lexus of Kendall/Kendall Toyota,https://beanauto.com
beasley_demos_brown_llc,"Beasley, Demos & Brown, LLC",https://beasleydemos.com
beatriznavarrogoudieantillesrealty,"Beatriz Navarro Goudie, Antilles Realty",
beauchampconstructionco,Beauchamp Construction Co Inc,http://www.acehardware.com/store-details/02479?utm_source=google&utm_medium=local&utm_campaign=localmaps&utm_content=02479
beauty__the_butcher,Beauty & The Butcher,https://www.beautyandthebutchermiami.com/
beautyatelier,Beauty Atelier,
beckercoralgablesfl,"Becker, Coral Gables, FL",
beehive_juice_bar,Beehive Juice Bar,https://www.beehivejuicebarandcafe.getsauce.com/
beharfontrtnersrobertbeharjavierfont,"Behar Font & Partners, P.A. - Robert Behar & Javier Font",
bellrosquetereyesestebanp,Bell Rosquete Reyes Esteban PLLC,http://brresq.com/
bellefleur,Belle Fleur,http://www.bfleur.com/
belleza_femenina,Belleza Femenina,https://bfshapewear.com
bellezza,Bellezza,
bello_dental_center,Bello Dental Center,http://www.bellodental.com/
belmont_bank_trust,Belmont Bank & Trust,https://belmontbank.com
belmont_village_senior_living,Belmont Village Senior Living,https://belmontvillage.com
benesch_investment_group,Benesch Investment Group,https://beneschinvestmentgroup.com
benihana,Benihana,
benitez_dental_center,Benitez Dental Center,https://benitezdentalcenter.com
benjaminlaurelreedmd,"Benjamin Laurel Reed, MD",http://www.miamiwomensobgyn.com/
bennett_capital_partners_mortgage_brokers,Bennett Capital Partners Mortgage Brokers,https://bcpmortgage.com
bercow_radell_fernandez_larkin_and_tapanes_pllc,"Bercow Radell Fernandez Larkin and Tapanes, PLLC.",https://brzoninglaw.com
berger_singerman,Berger Singerman,https://bergersingerman.com
berkshire_hathaway_homeservices_ewm_realty,Berkshire Hathaway HomeServices EWM Realty,https://emmag.ewm.com
bermello_ajamil_partners_inc,"Bermello, Ajamil & Partners, Inc.",https://bermelloajamil.com
bermontgoldwealthadvisoryofraymondjames,Bermont Gold Wealth Advisory of Raymond James,
best_buy,Best Buy,https://stores.bestbuy.com/fl/miami/8450-s-dixie-hwy-557.html
best_practices_title_llc,"Best Practices Title, LLC",https://bestpracticestitle.com
bestwesternplusmiamiintlairporthotelsuitescoralgables,Best Western Plus Miami Intl Airport Hotel & Suites Coral Gables,http://www.babyfurnitureplus.net/
besthvacairconditioningreirs,BestHVAC Air Conditioning Repairs,
betheldaycarecenter,Bethel Day Care Center,
better_addiction_care,Better Addiction Care,http://www.bwom.org/
better_business_bureau_serving_se_florida_the_caribbean,Better Business Bureau Serving SE Florida & the Caribbean,https://bbb.org
bevi,Bevi,https://bevi.co
beyome,beyome,https://www.beyome.com
bg_integrative_studio,BG Integrative Studio,https://bgmedtattoo.com
bgi_capital,BGI Capital,https://bgicapital.com
bid_daddys_wine__liquors,Bid Daddy's Wine & Liquors,http://www.bigdaddysliquors.com/
big_brothers_big_sisters_of_miami,Big Brothers Big Sisters of Miami,https://bbbsmiami.org
big_diamond_1982,"Big Diamond, 1982",
bike_tech,Bike Tech,https://www.facebook.com/profile.php?id=61571070950866
bilingualcooperativepreschool,Bilingual Cooperative Preschool,
biltmorehotelmiamicoralgables,Biltmore Hotel Miami Coral Gables,https://www.biltmorehotel.com/
biltmoresignaturesundaybrunch,Biltmore Signature Sunday Brunch,
bioenergy_wellness_south_miami,Bioenergy Wellness South Miami,https://bioenergywellnessmiami.com
bioseafood_llc,"Bioseafood, LLC",https://bioseafoodllc.com
birdie_bistro,Birdie Bistro,https://birdiebistro.co
birdies_bistro,Birdie's Bistro,https://birdiebistro.co/
bistrocaf,Bistro Café,https://instagram.com/bistrocaferest
bixtech,BIX Tech,
bjs_wholesale_club,BJ's Wholesale Club,https://www.bjs.com/cl/miami/0367/?trc=locl%7Cggmb%7Cweb%7Cxlob%7Cxlob%7Clocdist%7C0367%7Cstore%7C20240816
bkwinedepot,Bk Wine Depot Corp.,https://branches.bitcoindepot.com/nj/ramsey/bitcoin-atm/9000753197?utm_source=google&utm_medium=local&utm_campaign=google-local
blacklane,Blacklane,https://blacklane.com
blackmoreconsulting,Blackmore Consulting,https://blackmoreconsulting.com
blanca_fragrance_factory,Blanca Fragrance Factory,https://blancafragrancefactory.com
blanco_law_firm_pllc,"Blanco Law Firm, PLLC",https://blancointl.com
blankdesignarchitecture,blank design + architecture,
blaremedia,Blare Media,https://blaremedia.net
blinkingowleyecare,Blinking Owl Eyecare,https://local.lenscrafters.com/eyedoctors/fl/coral-gables/358-san-lorenzo-avenue.html?cid=yext_odLCODE896-110000910&y_source=1_Mjc5NDc5NzEtNzE1LWxvY2F0aW9uLndlYnNpdGU%3D
bliss_beautique,Bliss Beautique,https://blissbeautique.com
bliss_imprints_gifts,Bliss Imprints & Gifts,https://blissimprints.com
blockadvisors,Block Advisors,https://www.blockadvisors.com/tax-office-near-me/florida/coral-gables/8470/?otppartnerid=9308&campaignid=pw_mcm_9308_9762&utm_medium=local
blondebarberbarbershopcoralgables,Blondebarber Barbershop - Coral Gables,
bloomboutique,Bloom Boutique,http://www.shopbloomboutique.com/
blue_columbia_holdings,Blue Columbia Holdings,https://lexreception.com
bluedaisymediamediabuyingagencyinmiami,Blue Daisy Media | Media Buying Agency in Miami,
blue_missions,BLUE Missions,https://bluemissions.org
blueserenityboutique,Blue Serenity Boutique,http://www.blueserenityboutique.com/
blue_sky_food_by_the_pound,Blue Sky Food by the Pound,
blueprint_it_consulting_llc,"Blueprint IT Consulting, LLC",https://blueprintitconsult.com
bmsinsuranceagencyofflorida,BMS Insurance Agency of Florida LLC,https://agroupservices.com/?utm_source=google&utm_medium=local&utm_campaign=google-local-72420
bndengineers,"BND Engineers, Inc.",
bobs_watches,Bob's Watches,https://www.bobswatches.com/rolex/miami
bobsdiscountfurnitureandmattressstore,Bob’s Discount Furniture and Mattress Store,https://www.mybobs.com/store/north-carolina/cary/?utm_medium=local&utm_source=maps&utm_campaign=Yext&utm_term=&utm_content=
boca_group,BOCA Group,https://bocagroup.com
bodegabarcoralgables,Bodega Bar Coral Gables,
bodega_taqueria_y_tequila,Bodega Taqueria y Tequila,https://www.bodegataqueria.com/
bodybrainyogataichi,Body & Brain Yoga Tai Chi,
bodyhotpilates,Body Hot Pilates,https://bodyhotpilates.com/
boladoclothiers,Bolado Clothiers,
bolivar__humboldt,Bolivar & Humboldt,http://www.bolivarmiamibeach.com/
boma_miamidade,BOMA MiamiDade,https://bomamiamidade.org
boo_zamek,Boo Zamek,https://compass.com/agents/provincezamek
bookhorizons,Book Horizons,
booksbookscafe,Books & Books Cafe,https://booksandbooks.com
books_books_inc,"Books & Books, Inc.",https://booksandbooks.com
borbollainsuranceagencies,Borbolla Insurance Agencies Inc,https://agents.allstate.com/borbolla-insurance-agencies-inc-coral-gables-fl.html?utm_source=GMB&utm_medium=Website
borbollainsuranceagenciesallstateinsurance,Borbolla Insurance Agencies Inc: Allstate Insurance,
borgognonilawpl,Borgognoni Law PL,
borkat_plumbing_services_llc,"Borkat Plumbing Services, LLC",https://borkatplumbing.com
bosss_hair_salon,Bosss Hair Salon,http://www.bossahairsalon.com/
boston_market,Boston Market,https://www.bostonmarket.com/location/fl/miami/3600-sw-22nd-street?utm_source=Yext&utm_medium=click&utm_campaign=listings&utm_content=1067
bouchon,Bouchon,https://thomaskeller.com/coralgablesflorida/bouchonbistro
bouchonbistro,Bouchon Bistro,
bouchonwineshop,Bouchon Wine Shop,
bounds_law_offices,Bounds Law Offices,https://bounds.law
bounkit,BOUNKIT,
bowden_wealth_management_group_at_bank_of_america_merrill_ly,Bowden Wealth Management Group at Bank of America / Merrill Lynch,https://advisor.ml.com/sites/fl/miamibrickell/bowdenassociates
bowesdermatologyisnowofficiallyriverchasedermatologymiami,Bowes Dermatology is now officially Riverchase Dermatology Miami,http://thenandnowestatesales.com/
bp,BP,https://map.bp.com/en-US/US/gas-station/coral-gables/bp/18830227992963313400100000000000
bp_shop,BP Shop,https://map.bp.com/en-US/US/gas-station/coral-gables/bp/18830227992963313400100000000000
baccountingservices,BPA Accounting Services Inc,https://www.exectaxservices.com/
braman_honda,Braman Honda,https://bramanhonda.com
branches,Branches,https://branchesfl.org
brand_poets,Brand Poets,https://brandpoets.com
brandis,BRANDI'S,
brasfield_gorrie_llc,"Brasfield & Gorrie, LLC",https://brasfieldgorrie.com
breakfreemovement,Break Free Movement,http://thebreakfreemovement.com/
breakthrough_t1d,Breakthrough T1D,https://breakthrought1d.org
brightviewlandscape,BrightView Landscape,https://brightview.com
brijbagbernharddo,Brijbag Bernhard DO,
brilliantearth,Brilliant Earth,https://www.brilliantearth.com/stores/miami-fl-33133/?utm_source=google&utm_medium=organic&utm_campaign=gmblisting&utm_content=miami
britomarketingadvertisingagencyagenciadepublicidad,Brito Marketing | Advertising Agency | Agencia de Publicidad,
brito_miami_private_school,Brito Miami Private School,
brito_pllc,"Brito, PLLC",https://britopllc.com
brooklyngiftsandcollectibles,Brooklyn Gifts and Collectibles,
brote_sprout,Brote (Sprout),https://www.sprouts.com/store/fl/coconut-grove/miami-27th-ave/
brown_brown_insurance_services_inc,Brown & Brown Insurance Services Inc.,https://bbrown.com
brownbrownrsinsuranceservices,Brown & Brown RS Insurance Services LLC,http://bbrown.com/
brown_law_group_pa,"Brown Law Group, P.A.",
brownforman_beverages,BrownForman Beverages,https://bf.com
brownstone_law,Brownstone Law,https://brownstonelaw.com/appellate-lawyer/florida-appeals/appellate-attorneys-in-miami-florida/
bru_med_travel__tours,Bru Med Travel & Tours,http://www.brumedtravel.com/
bryancarespreschool,Bryan Cares Preschool,
bugatti_bistro,Bugatti Bistro,https://www.bugattirestaurant.com/
bullagastrobar,Bulla Gastrobar,https://bullagastrobar.com
bullagastrobarcoralgables,Bulla Gastrobar Coral Gables,https://bullagastrobar.com/locations/coral-gables/
burger_king,Burger King,https://www.bk.com/store-locator/store/restaurant_1236?gclid=Cj0KCQjw08aYBhDlARIsAA_gb0eNvvF0pepvSGY7OETJA9Hhg5eyK0Xeo6DSWTsoz4C9k9mObrS637gaAkqeEALw_wcB
burtonhersharchitects,Burton Hersh Architects,
businesslawyermiamicuetolawgroup,Business Lawyer Miami - Cueto Law Group,https://www.smorganlaw.com/
bust_of_jose_mart,Bust of Jose Marti,https://baptisthealth.net/doctors/Alejandro-Jose-Centurion/870218?utm_source=yext&utm_medium=google&utm_campaign=listing&y_source=1_MTczMDE4NTgtNzE1LWxvY2F0aW9uLndlYnNpdGU%3D
buttermoonbakehouse,Butter Moon Bakehouse,
bydesignjewelers,By Design Jewelers,https://bydesignjewelers.com/
bylaimnewyork,BY L’AIMÉ NEW YORK,
bndacoralgables,BÜNDA Coral Gables,https://www.trainbunda.com/
c_gables_fraternal_order_of_police_lodge_7,"C. Gables Fraternal Order of Police, Lodge #7",https://coralgablesfop.com
caballero_rivero_dignity_memorial,Caballero Rivero Dignity Memorial,https://dignitymemorial.com/funeralhomes/florida/miami/caballeroriverowestchester/9550
cabanas_consulting,Cabanas Consulting,https://cabanasconsulting.com
cachetbeautysalonbyanavigil,Cachet Beauty Salon by Ana Vigil,http://cachetbeautysalon.com/
cafe_bonjour,Cafe Bonjour,https://www.cafebonjourmiamifl.com
cafe_demetrio,Cafe Demetrio,https://cafedemetrio.com
caf_grumpy,Cafe Grumpy,https://cafegrumpy.com
cafegrumpycoralgables,Cafe Grumpy - Coral Gables,http://www.cafegrumpy.com/
caffeabbracci,Caffe Abbracci,
caffe_vialetto,Caffe Vialetto,http://www.caffevialetto.com/
california_pizza_kitchen,California Pizza Kitchen,https://www.cpk.com/location/details/Miracle-Mile
calista__greek_seafood_taverna,Calista - Greek Seafood Taverna,https://www.calistataverna.com/
calista_taverna,Calista Taverna,https://calistataverna.com
calixtires,CALIX TIRES INC,
calle_ocho,Calle Ocho,
callejolaw,Callejo Law,
calvary_church,Calvary Church,http://calvaryconnect.com/
calvarychurchofthenazarene,Calvary Church of the Nazarene,
camilastisserie,Camila's Patisserie,
camilla_shops_at_merrick_park,Camilla  Shops at Merrick Park,https://camilla.com.au
camillus_house,Camillus House,https://camillus.org
camner_center_for_resources,Camner Center for Resources,http://www.miami.edu/
campinsfineart,Campins Fine Art,
canawine,Cana Wine,
candlelandmiamicoralgables,Candle Land Miami Coral Gables,
candor_title_closing_services_llc,"Candor Title & Closing Services, LLC",https://candortitle.com
canton_rose_restaurant,Canton Rose Restaurant,
capital_one,Capital One,https://capitalone.com
capsexpress_international,Capsexpress International,https://capsexpressinternational.com
car_repair,Car Repair,https://www.greensgaragemiami.com/
caracasbakerycoralgables,Caracas Bakery Coral Gables,
cardenaspharmacy,Cardenas Pharmacy,https://www.hcafloridahealthcare.com/locations/mercy-hospital/for-patients/retail-pharmacy
cardozoengineering,"Cardozo Engineering, Inc.",
carlos_planas,Carlos Planas,
carmaniaofcoralgables,Carmania of Coral Gables,
carmensimansimanrealestate,Carmen Siman - Siman Real Estate,https://carmensiman.keyes.com/
carolina_ale_house,Carolina Ale House,https://www.carolinaalehouse.com/our-restaurants/miami/
carrolltonschoolofthesacredheart,Carrollton School of the Sacred Heart,http://lhboxing.com/
carrotexpress,Carrot Express,https://carrotexpress.com/?olonwp=JjBtp_vMLk25gkYh_bnoiQ
cartyarchitecture,CartyArchitecture,
carve_burn_designs_inc,Carve & Burn Designs Inc.,https://carveandburn.com
carverhighschool,Carver High School,
casa_familia_inc,Casa Familia Inc.,https://casafamiliainc.org
casa_juancho,Casa Juancho,http://www.casajuancho.com/
casamaria,Casa Maria,
casa_neos,Casa Neos,https://casaneos.com
casavinyasamiami,Casa Vinyasa Miami,
cascade_pool_cafe_at_the_biltmore_hotel_miami,Cascade Pool Cafe at The Biltmore Hotel Miami,https://www.biltmorehotel.com/dining/cascade/
cashier,Cashier,https://thecheckcashingstore.com/StoreDetails/StoreDetails?US/FL/Coral-Gables/451-South-Dixie-Highway/33146/361
castillo_company_cpa_pa,"Castillo & Company, CPA, P.A.",https://castilloandcompany.com
castillodeorojewelry,Castillo de Oro Jewelry,https://www.savagejewelrylab.com/
cataloniacleanersgables,Catalonia Cleaners Gables,
catering,Catering,https://theboardmiami.com
catering_by_les,Catering by Les,https://cateringbyles.com
catering_by_lovables,Catering by Lovables,https://cateringbylovables.com
cathedral_del_pueblo,Cathedral del Pueblo,http://cotlf.org/
cava,Cava,https://cavamia.com/
cb2,CB2,
cebadarooftop,Cebada Rooftop,
cecile,Cecile,http://www.cecilebakerycafe.com/
centennial_bank,Centennial Bank,https://my100bank.com
centerforsocialchange,Center for Social Change,
central_christian_church,Central Christian Church,https://www.cccgables.org/
centralchristianchurchcccgables,Central Christian Church (CCC Gables),
centralchristianchurchfooddistributioncenter,Central Christian Church - Food Distribution Center,
centralperkwineandspirits,Central Perk Wine and Spirits,
centuryhomebuildersgroup,Century Homebuilders Group,
ceperoeyecarecenter,Cepero Eyecare Center,
cernudaarte,Cernuda Arte,http://www.cernudaarte.com/
crtoitalianrestaurant,Certo Italian Restaurant,https://certomiami.com/
cesarbarbershop,Cesar Barbershop,
cfscoffeeforthesoulcoralgables,"CFS Coffee For The Soul, Coral Gables",
chapelofthevenerablebedeepiscolchurchcenteratuniversityofmiami,"Chapel of the Venerable Bede, Episcopal Church Center at University of Miami",
chapman_partnership,Chapman Partnership,https://chapmanpartnership.org
chargepoint,ChargePoint,https://www.chargepoint.com/
charlotte_lorber_powell,Charlotte Lorber Powell,
charmingsmilesdentalcenter,Charming Smiles Dental Center,
chase,Chase,https://locator.chase.com/fl/miami/2209-sw-37th-ave
chasebank,Chase Bank,https://www.chase.com/locator/banking/us/ny/suffern/67-lafayette-ave?jp_cmp=rb%2FLocalListings%2Faff%2Fbranch%2Fna&y_source=1_MjA0MjY4NC03MTUtbG9jYXRpb24ud2Vic2l0ZQ%3D%3D
chase_motor,Chase Motor,https://www.chase-motor.com/
chateaubloom,Chateau Bloom,https://www.chateau-bloom.com/
chateaubleauhotel,ChateauBleau Hotel,http://hotelchateaubleau.com/
chefsucrecaf,Chef Sucre Café,
cheilteam_uno,Cheil/Team Uno,https://cheil.com
cherrybekaert,Cherry Bekaert,https://cbh.com
chevron,Chevron,https://www.chevronwithtechron.com/station/801-SW-42nd-Ave-Miami-FL-33134-id202650
chicken_kitchen,Chicken Kitchen,http://www.chickenkitchen.com/?utm_source=local&utm_medium=organic&utm_campaign=gmb&utm_content=south-dixie-coral-gables
chicos,Chico's,
childcarecenter,Child Care Center,
childcarelaboratory,Child Care Laboratory,
childrens_home_society_of_florida,Children's Home Society of Florida,https://chsfl.org
chilln,Chill-N,https://www.chilln.com/
chipotle,Chipotle,https://locations.chipotle.com/fl/miami/2235-sw-37th-ave
chiropractorcoralgables,Chiropractor - Coral Gables,
chocolate_fashion,Chocolate Fashion,https://chocolatefashiononline.com
choicemd,ChoiceMD,https://choicemd.com
chopsteakhousebar,Chop Steakhouse & Bar,
christ_journey_church,Christ Journey Church,https://christjourney.org
christaindaycarecenter,Christain Day Care Center,
christys,Christy's,
chromaticartgallery,Chromatic Art Gallery,
chrycyeyegroup,Chrycy Eye Group,https://www.chrycyeyecare.com/
churchofthelittleflower,Church of the Little Flower,
ciao_moving__storage,Ciao Moving & Storage,https://ciaomoving.com/
cici_skincare,Cici Skincare,https://ciciskincare.com
ciegatetechnologiesmanageditservicesmiamifl,"Ciegate Technologies 💻 Managed It Services Miami, FL",
cinpolis_luxury_cinemas,Cinepolis Luxury Cinemas,https://www.cinepolisusa.com/coconut/home?preferred=true
circle_k,Circle K,https://www.circlek.com/store-locator/US/raleigh/5009-fayetteville-rd/2704270?utm_source=google&utm_medium=local&utm_campaign=google-local
circles_and_waves_xx,Circles and Waves XX,
citi,Citi,https://www.citi.com/?utm_source=gmb&utm_medium=yext&y_source=1_Mjg5MTY2ODEtNzE1LWxvY2F0aW9uLndlYnNpdGU%3D
citibank,Citibank,https://www.citi.com/?utm_source=gmb&utm_medium=yext&y_source=1_Mjg5MTY4MDItNzE1LWxvY2F0aW9uLndlYnNpdGU%3D
citizens,Citizens,https://locations.citizensbank.com/fl/coral-gables/2222-ponce-de-leon-boulevard.html
citynationalbank,City National Bank,
city_national_bank_of_florida,City National Bank of Florida,https://citynational.com
city_of_coral_gables,City of Coral Gables,https://coralgables.com
city_of_south_miami_city_hall,City of South Miami City Hall,https://www.miamigov.com/
city_permit,City Permit,https://citypermit.us
city_year_miami,City Year Miami,https://cityyear.org/miami
claim_check_consultants,Claim Check Consultants,https://claimcheckconsultants.com/
classiccollisioncoralgables,Classic Collision Coral Gables,https://classiccollision.com
classicvantageswellness,Classic Vantage Spa & Wellness,
claudie_restaurant,CLAUDIE RESTAURANT,https://claudierestaurant.com
clear_channel_outdoor,Clear Channel Outdoor,https://clearchanneloutdoor.com
clementineswinegourmet,Clementine's Wine Gourmet,
cleveralice,clever alice,
club_expats_feria_de_sevilla_en_miami_event,Club eXpats  Feria de Sevilla en Miami Event,https://clubexpats.com
clubxfitnesscoralgables,clubX fitness - Coral Gables,
cmrconstructiongroup,CMR Construction Group,
counderscore,Co Underscore,https://counderscore.com
coach_ron_fraser,Coach Ron Fraser,http://www.coach.com/
coastal_construction_group,Coastal Construction Group,https://coastalconstruction.com
coblan_italian_kitchen_store,Coblan Italian Kitchen Store,https://coblanstore.com
cocobellagifthome,Coco Bella Gift & Home,
coconoutgroveelementaryheadstart,Coconout Grove Elementary Head Start,
coconutgroveanimalclinic,Coconut Grove Animal Clinic,http://www.coconutgroveanimalclinic.com/
coconutgrovecares,Coconut Grove Cares,
coconut_grove_chiropractic,Coconut Grove Chiropractic,http://www.grovechiropractic.com/
coconutgrovechristianschool,Coconut Grove Christian School,
coconut_grove_farmers_market,Coconut Grove Farmers Market,http://www.glaserorganicfarms.com/
coconut_grove_playhouse,Coconut Grove Playhouse,
coconutgroveschool,Coconut Grove School,
cocowalk,CocoWalk,https://www.cocowalk.net/
codina_partners,Codina Partners,https://codina.com
coellocomny,Coello & Company,
coffee_for_the_soul,Coffee for the Soul,https://cfscoffee.com
cohenlaw,Cohen Law,http://www.cohenlawpa.com/
coin_laundry_of_america_6,Coin Laundry of America 6,
coldwellbankercoralgables,Coldwell Banker Coral Gables,https://coldwellbanker.com
coldwell_banker_realty,Coldwell Banker Realty,https://klockparkergroup.com
college_of_arts_and_sciences,College of Arts and Sciences,https://www.as.miami.edu/
college_of_engineering,College of Engineering,https://www.coe.miami.edu/
colliers_international,Colliers International,https://colliers.com
colmarconstruction,Colmar Construction Corp,
color_me_mine,Color Me Mine,http://southmiami.colormemine.com/
comberhall,Comber Hall,https://comberhall.com
comcast_advertising,Comcast Advertising,https://comcastadvertising.com
comic_kids,Comic Kids,https://comickids.org
commodore_inn_the_grove,Commodore Inn the Grove,http://www.commodoreinnthegrove.com/
communitycoalition,Community Coalition Inc,
community_of_christ,Community of Christ,http://www.gablesucc.org/
comnionidentalsmile,Companioni Dental Smile,https://companionidentalsmile.com/
compass_real_estate,Compass Real Estate,https://teamcitronmiami.com
comssrealestatecoralgables,Compass Real Estate Coral Gables,https://compass.com
comssmsp,CompassMSP,
completeinsuranceagency,Complete Insurance Agency,https://www.completeinsagency.com/
conciergemedicalservices,Concierge Medical Services,
concierge_moving_services,Concierge Moving Services,https://conciergemovingservices.com
condehairsalon,Conde Hair Salon,https://condehairsalon.com/
connectengineering,CONNECT Engineering,
cono_pizza,Cono Pizza,https://www.menufarandulapizzeria.com/
constellation_group,Constellation Group,https://groupconstellation.com
constructionvoss,Construction VOSS,
consulate_general_of_barbados,Consulate General of Barbados,
consulate_general_of_brazil,Consulate General of Brazil,https://www.gov.br/mre/pt-br/consulado-miami
consulate_general_of_paraguay,Consulate General of Paraguay,https://consulparmiami.org/
consulate_general_of_peru,Consulate General of Peru,http://www.consulado.pe/es/Miami
consulate_general_of_spain,Consulate General of Spain,http://www.exteriores.gob.es/Consulados/MIAMI/en/Pages/inicio.aspx
consulate_of_australia_miami,Consulate of Australia  Miami,
consulate_of_hungary,Consulate of Hungary,https://washington.mfa.gov.hu/page/consulates
contactlink_llc,"ContactLink, LLC",
continental_academy,Continental Academy,http://www.continentalacademy.com/
continentalinsurancebrokers,Continental Insurance Brokers,
cookingenie,CookinGenie,https://cookingenie.com
coolitairconditioningreir,Cool It Air Conditioning Repair,
copdfoundation,COPD Foundation,
copper_29_bar,Copper 29 Bar,https://copper29bar.com
copy_express,Copy Express,http://copyexpressmiami.com/
coraphysicaltherapycoralgables,CORA Physical Therapy Coral Gables,
coral_church,Coral Church,http://www.gablesucc.org/
coraleyes,Coral Eyes,http://coral-eyes.com/
coralgablesalexbrownraymondjames,Coral Gables - Alex Brown-Raymond James,
coral_gables_acupuncture,Coral Gables Acupuncture,https://miamiacupuncture.com
coral_gables_adult_continuing_education_center,Coral Gables Adult & Continuing Education Center,https://coralgablesadultedu.com
coral_gables_adult_education_center,Coral Gables Adult Education Center,https://coralgablesadultedu.com
coralgablesadultschool,Coral Gables Adult School,
coral_gables_art_cinema,Coral Gables Art Cinema,https://gablescinema.com
coralgablesbaptistchurch,Coral Gables Baptist Church,
coral_gables_car_accident_lawyer_group,Coral Gables Car Accident Lawyer Group,http://caraccident.the-company-lawyer.com/coral-gables-fl
coralgablescardiologyassociates,Coral Gables Cardiology Associates,https://coralgablescardiology.com
coralgableschiropractic,Coral Gables Chiropractic,
coral_gables_city_hall,Coral Gables City Hall,http://www.coralgables-fl.gov/
coral_gables_community_foundation,Coral Gables Community Foundation,https://gablesfoundation.org
coral_gables_congregational_church,Coral Gables Congregational Church,https://gablesucc.org
coralgablescongregationalunitedchurchofchrist,Coral Gables Congregational United Church of Christ,
coralgablescounselingcenter,Coral Gables Counseling Center,https://www.coralgablescounseling.com/
coralgablesdentistry,Coral Gables Dentistry,https://coralgablesdentistry.com
coralgablesdermatologyaesthetics,Coral Gables Dermatology & Aesthetics,
coral_gables_development_services,Coral Gables Development Services,http://www.coralgables.com/
coralgableselementaryschool,Coral Gables Elementary School,
coralgablesexecutivephysicians,Coral Gables Executive Physicians,https://cgepmd.com
coral_gables_eye_care,Coral Gables Eye Care,https://coralgableseyecare.com
coralgablesgraphics,Coral Gables Graphics,https://coralgablesgraphics.com
coral_gables_high_school,Coral Gables High School,https://cghs.dade.k12.fl.us
coral_gables_hospital,Coral Gables Hospital,https://www.coralgableshospital.com/
coral_gables_international_art_center,Coral Gables International Art Center,http://www.sanctuaryofthearts.org/
coral_gables_lodge_no_260,Coral Gables Lodge No. 260,https://coralgablesmason.org/
coral_gables_magazine,Coral Gables Magazine,https://coralgablesmagazine.com
coralgablesmobileautoreir,Coral Gables Mobile Auto Repair,
coral_gables_museum,Coral Gables Museum,https://coralgablesmuseum.org
coral_gables_physical_therapy,Coral Gables Physical Therapy,https://coralgablespt.com
coral_gables_plumbing,Coral Gables Plumbing,https://coralgablesplumbing.com
coral_gables_professional_firefighters_assn,Coral Gables Professional Firefighters Assn.,https://local1210.com
coralgablesresidentialroofingcontractorspros,Coral Gables Residential Roofing Contractors Pros,
coralgablesschoolforchildren,Coral Gables School for Children,
coral_gables_tag_agency,Coral Gables Tag Agency,http://www.autotagagency.net/locations/coral-gables-tag-agency/
coral_gables_trust_company,Coral Gables Trust Company,https://cgtrust.com
coral_gables_waterway,Coral Gables Waterway,
coral_gables_womans_club,Coral Gables Woman's Club,https://coralgableswomansclub.org
coralgablesflprivatewealthmanagement,"Coral Gables, FL Private Wealth Management",
coralgallery,Coral Gallery,https://bernicesteinbaum.gallery/
coralrkdayschoolkindergarten,Coral Park Day School/Kindergarten,
coralplumbingservices,Coral Plumbing & Services,
coralreefplumbing,Coral Reef Plumbing,
coralterraceelementaryschool,Coral Terrace Elementary School,
coralterraceschool,Coral Terrace School,
coral_villa_christian_academy,Coral Villa Christian Academy,
coralwayanimalclinic,Coral Way Animal Clinic,https://www.coralwayanimalclinic.us/
coralwaychiropracticcenter,Coral Way Chiropractic Center,
coralwaycleaners,Coral Way Cleaners,
coralwaydisccenter,Coral Way Disc Center,
coral_wealth_management,Coral Wealth Management,https://coralwm.com
cordo_claims_group_llc,"Cordo Claims Group, LLC",https://cordoclaims.com
corevents_inc,CorEvents Inc.,https://corevents.com
corkandbarrelwineandspirits,Cork and Barrel Wine and Spirits,
cornishhernandezgonzalezp,"Cornish Hernandez Gonzalez, PLLC",http://lungdoctors.com/
oschemapilatesrehab,CorpoSchema Pilates & Rehab,
cortadito_coffee_house,Cortadito Coffee House,https://cortaditocoffeehouse.com
cortaditocoffeehousecoralgables,Cortadito Coffee House Coral Gables,https://cortaditocoffeehouse.com/
corwilarchitects,Corwil Architects Inc,
cosabellabeautysalonands,Cosa bella beauty salon and spa,
cosford_cinema,Cosford Cinema,https://cosfordcinema.com
costazulperuviancuisine,Costazul Peruvian Cuisine,https://costazulmiami.com/
counseling_center,Counseling Center,https://miamicounseling.com/
countach,Countach Inc.,
courtyard_by_marriott_miami_at_dolphin_mall,Courtyard by Marriott Miami at Dolphin Mall,https://marriott.com/miadm
courtyardbymarriottmiamicoconutgrove,Courtyard by Marriott Miami Coconut Grove,https://www.marriott.com/en-us/hotels/miagv-courtyard-miami-coconut-grove/overview/?scid=f2ae0541-1279-4f24-b197-a979c79310b0
courtyard_marriott_miami_coral_gables,Courtyard Marriott Miami Coral Gables,https://marriott.com/miagb
courtyard_miami_coconut_grove,Courtyard Miami Coconut Grove,https://www.marriott.com/miagv
courtyard_miami_coral_gables,Courtyard Miami Coral Gables,https://www.marriott.com/miagb
coutler_discount,Coutler Discount,
coyo_taco,Coyo Taco,https://coyotaco.com/coralgables
cmiami,CPA Miami,http://www.cpamiami.com/
cpselectric,CPS Electric Inc,
crbeautystudio,CR Beauty Studio LLC,
craftcoconutgrove,CRAFT Coconut Grove,
craftcoralgables,CRAFT Coral Gables,https://www.craftmiami.us/
craftsouthmiami,CRAFT South Miami,https://www.craftmiami.us/
craft_with_a_purpose,Craft With A Purpose,https://craftwithapurpose.com
cratebarrel,Crate & Barrel,https://www.crateandbarrel.com/stores/coral-gables/str814?utm_source=gmb&utm_medium=organic_search
crawford_real_estate_holdings_llc,"Crawford Real Estate Holdings, LLC",https://crawfordrealestateholdings.com
crazyfornails,Crazy For Nails Corp,
cremagourmet,Crema Gourmet,
crema_gourmet_espresso_bar,Crema Gourmet Espresso Bar,https://cremagourmet.com
cricket_wireless,Cricket Wireless,https://www.cricketwireless.com/stores/fl/coral-gables/4823-sw-8th-st-spc-no4823?utm_source=Google&utm_medium=Organic_Search&utm_campaign=Yext_Listings
crown,Crown,https://crownwineandspirits.com/
crownwinespirits,Crown Wine & Spirits,
crystal_academy_therapy_center,Crystal Academy Therapy Center,
crystal_academy_therapy_center_school_autism_developmental_d,Crystal Academy Therapy Center & School  Autism & Developmental Delays,https://crystalacademycg.org
cuban_museum,Cuban Museum,https://coralgablesmuseum.org/
cucina_fresca,Cucina Fresca,
cuetoengineering,Cueto Engineering,
cueto_law_group,Cueto Law Group,https://cuetolawgroup.com/
cueto_law_group_pl,"Cueto Law Group, P.L.",https://cuetolawgroup.com
cumminscederbergcoastalmarineengineering,Cummins Cederberg - Coastal & Marine Engineering,
curvesnwaves,Curves N' Waves,
cushman_wakefield,Cushman & Wakefield,https://cushmanwakefield.com
cuttingedgeinnovative,Cutting Edge Innovative,
cviche105,CVI.CHE 105,https://ceviche105.com
cviche105coralgables,CVI.CHE 105 - Coral Gables,https://www.ceviche105.com/
cvs,CVS,https://www.cvs.com/store-locator/miami-fl-pharmacies/3349-pan-american-drive-miami-fl-33133/storeid=11413?WT.mc_id=LS_GOOGLE_FS_11413
cvs_pharmacy,CVS Pharmacy,https://www.cvs.com/store-locator/coral-gables-fl-pharmacies/1160-s-dixie-hwy-coral-gables-fl-33146/storeid=4059
cvspharmacyyms,CVS Pharmacy y más,https://www.cvs.com/store-locator/miami-fl-pharmacies/5695-sw-8th-street-miami-fl-33134/storeid=3443?WT.mc_id=LS_GOOGLE_RX_3443
dmnails,D & M Nails,https://www.drlisareiss.com/
dade_county_federal_credit_union,Dade County Federal Credit Union,https://dcfcu.org
dade_county_medical_association,Dade County Medical Association,https://miamimed.com
dade_maytag_home_appliance_center,Dade Maytag Home Appliance Center,https://www.maxappliancerepairmiami.com/
dadeschool,Dade School,
dadelanddermatologygroupdavidrodriguezmd,"Dadeland Dermatology Group: David Rodriguez, MD",http://www.lolysoptical.com/
dailyflowsmovementstudio,Daily Flows Movement Studio,
dairy_queen,Dairy Queen,https://www.dairyqueen.com/locations/fl/miami/4040-sw-67th-ave/5427
dameradreize,Damera & Dreize PA,
dancesway,Dance Sway,https://dancesway.com/
daniels,Daniel's,https://www.danielssteak.com/miami/
danielsmiami,Daniel's Miami,
datapro,"Datapro, Inc.",
davidfairchildelementaryschool,David Fairchild Elementary School,
davidhernandezc,"David Hernandez, C.P.A., P.A.",
davidplummerassociates,David Plummer & Associates Inc,
davidswilligchartered,David S. Willig Chartered,
david_william_hotel_condo_association,David William Hotel Condo Association,
davinci_institute,DaVinci Institute,
dawsonassociatesc,"Dawson & Associates, CPA",
day_pitney,Day Pitney,https://daypitney.com
daybreak,Daybreak,https://dineoncampus.com/miami
dc_financial_services_llc,"DC Financial Services, LLC",https://2ndchancecredit.net
delahozperezbarbeitop,"De La Hoz, Perez & Barbeito, PLLC",https://dpbcpa.com
delaosac,DE LA OSA C.P.A.,
de_maio_immigration_law_pllc,"De Maio Immigration Law, PLLC",https://www.demaio-law.com/
dean_of_students_office,Dean of Students Office,https://doso.students.wisc.edu/
debowsky_design_group,Debowsky Design Group,https://debowsky.com
decomarketing,Deco Marketing LLC,
decolores_collision_center,DeColores Collision Center,https://decolorescollisioncenter.com/
decorhousefurniture,Decor House Furniture,https://www.decorhousefurniture.com/
dedicated_public_adjusters,Dedicated Public Adjusters,https://dedicatedpa.com
dedicated_wealth_partners_of_raymond_james,Dedicated Wealth Partners of Raymond James,https://raymondjames.com/dedicatedwealthpartners
deelvolkswagencoralgables,Deel Volkswagen Coral Gables,
deltoroinsurance,Del Toro Insurance,https://www.deltoroinsurance.com/florida-insurance-agency-coral-gables/
delanceywine,Delancey Wine,
deleites_events_catering,DeleiteS | Events & Catering,https://deleitesevents.com
delgado_garcia_communications,Delgado Garcia Communications,https://dgcommunications.com
delia_izquierdo_insurance_agency_inc,Delia Izquierdo Insurance Agency Inc,https://deliaizquierdoinsuranceagency.com
delightsofbeirut,Delights of Beirut,
delta_air_lines,Delta Air Lines,https://delta.com
dennys,Denny's,https://locations.dennys.com/FL/CORAL-GABLES/248698
dentistsofcoralgables,Dentists of Coral Gables,https://www.dentistsofcoralgables.com/?sc_cid=GBP%3AO%3AGP%3A984%3AOrganic_Search%3AGeneral%3Ana&_vsrefdom=organic_gbp&y_source=1_MTA5OTAzMzctNzE1LWxvY2F0aW9uLndlYnNpdGU%3D
derm360merrickrk,Derm360-Merrick Park,https://godoghq.com/research-triangle-park-intro-offer/
derma_era_holistic_med_spa,Derma Era Holistic Med Spa,https://dermaleraspa.com
dermatologochildrensskenter,DERMATOLOGO Children's Skin Center,
dermatologyassociatesresearch,Dermatology Associates & Research,
design_resource_center,Design Resource Center,https://designresourcecentersf.com
designhouse,Designhouse,https://designhouseagency.com
devoncleaners,Devon Cleaners,
diamondbanc,Diamond Banc,
diced,Diced,http://dicedfood.com/
digestivemedicineassociates,Digestive Medicine Associates,
digital_bay_tech,Digital Bay Tech,http://www.digitalbaytech.com/
digital_bay_tech_smart_home_automation,Digital Bay Tech | Smart Home Automation,https://digitalbaytech.com
digital_future_marketing,Digital Future Marketing,http://www.futurevintageagency.com/
digital_radiology_inc,Digital Radiology Inc.,https://lifeimagingfla.com/contact/?utm_source=gmb_auth
dion_generators_solutions,Dion Generators Solutions,https://diongenerators.com
direct_processing_network,Direct Processing Network,https://directprocessingnetwork.com
discoverydaycarecenter,Discovery Day Care Center,
discoveryyearschildcarecenter,Discovery Years Child Care Center,
districtinstructionalcenter10,District Instructional Center 10,
districtinstructionalcenter8,District Instructional Center 8,
districtinstructionalcenter9,District Instructional Center 9,
dixieautoservice,Dixie Auto Service Inc,
dlelawyersabogadosdeaccidentesmiami,DLE Lawyers | Abogados De Accidentes Miami,http://kaplantriallawyers.com/
dmg_corporation,DMG Corporation,https://giovannymadridfr.com
docbsfreshkitchen,Doc B's Fresh Kitchen,
doc_bs_restaurant__bar,Doc B's Restaurant + Bar,https://docbsrestaurant.com/locations/coral-gables
docdigitalsem,Doc Digital SEM,https://docdigitalsem.com
doctorsmedicalcenter,Doctor's Medical Center,
doctors_hospital,Doctors Hospital,https://baptisthealth.net/en/facilities/doctors-hospital/
doctorshospitalsportsmedicinetherapy,Doctors Hospital Sports Medicine Therapy,
doctorsindependentmedical,Doctors Independent Medical,
dogtown,Dogtown,https://www.barkfetchrun.com/?utm_source=google&utm_medium=organic&utm_campaign=gbp
dohanlaw,Dohan Law,http://www.dohanlaw.com/
dojo_izakaya,Dojo Izakaya,http://www.dojomiami.com/
dollar_general,Dollar General,https://www.dollargeneral.com/store-directory/fl/miami/12984
dollar_tree,Dollar Tree,https://www.dollartree.com/locations/fl/miami/5029/
dominos,Domino's,https://pizza.dominos.com/florida/coral-gables/5877-ponce-de-leon-blvd
don_pan_international_bakery,Don Pan International Bakery,https://donpan.com/
don_quixote_de_la_mancha,Don Quixote De La Mancha,http://www.actorsplayhouse.org/
donetmcmillantrontz,"Donet, McMillan & Trontz, P.A.",
donlevyrosen_rosen,Donlevy-Rosen & Rosen,https://protectyou.com
donut_with_balls_number_28,Donut with Balls Number 28,http://www.antoniobachour.com/
doodycalls_of_miami,DoodyCalls of Miami,https://doodycalls.com/miami
door_dash,Door Dash,https://doordash.com
dopazo_associates_insurance_services,Dopazo & Associates Insurance Services,https://dopazoinsurance.com
double_c,Double C,https://doublec.com
doubledayengineering,DoubleDay Engineering,
douglas_elliman,Douglas Elliman,https://elliman.com
douglasellimanrealestateofficeoralgablesfl,"Douglas Elliman Real Estate Office in Coral Gables, FL",https://www.elliman.com/florida/office/510-b-705-111646/coral-gables?utm_source=GMB&utm_medium=Organic_search&utm_campaign=GMB_Coral_Gables_FL
dralysaherman,Dr. Alysa Herman,http://www.bodyworkchiro.com/
dramarilisgonzalezmd,"Dr. Amarilis Gonzalez, MD",https://www.toplinemd.com/the-center-for-gynecology-and-restorative-medicine/marien-yanes/
drceciliammarinpsyd,"Dr. Cecilia M. Marin, Psy.D.",http://www.drceciliamarin.com/
drdulceccabreramd,"Dr. Dulce C. Cabrera, MD",
drfernandamercademd,"Dr. Fernanda Mercade, MD",https://drmercade.com/
drfranciscoakerdelmd,"Dr. Francisco A. Kerdel, MD",
drfrankdon,Dr. Frank Don,http://www.mymedicalproviders.com/
drfranklinpimentelmd,"Dr. Franklin Pimentel, MD",
drisraelcabrera,Dr. Israel Cabrera,
drivangcarrasquillaescotomd,"Dr. Ivan G. Carrasquilla-Escoto, MD",http://www.primecare1.com/
drjoaquinmjimenezdecardenasmd,"Dr. Joaquin M. Jimenez De Cardenas, MD",
drjorgergarciaod,Dr. Jorge R Garcia OD PA,http://www.jorgergarciaodpa.com/
drjoseglampreabe,Dr. Jose G. Lampreabe,
drkarenmartinezzensmiles,Dr. Karen Martinez - Zen Smiles,
drmartingrossmandccoralgableschiropracticcentre,"Dr. Martin Grossman, DC - Coral Gables Chiropractic Centre",
drmichaelgutierrez,Dr. Michael Gutierrez,https://jacksonhealth.org/find-a-doctor/michael-gutierrez/
drrhehardreyesmd,"Dr. Rheinchard Reyes, MD",https://www.rreyesmd.com/
drrubejrdomd,"Dr. Rube J. Pardo, MD",
drstephaniemaypsyd,"Dr. Stephanie May, Psy.D.",https://www.drstephaniemay.com/
drtjgiuffrida,Dr. TJ Giuffrida,
drwilliammoyaldcccspcoralwaychiropracticcenter,"Dr. William Moyal, DC, CCSP - Coral Way Chiropractic Center",
dream_team_law,Dream Team Law,https://dreamteamfightsforyou.com
dream_team_law_pllc,"Dream Team Law, PLLC",https://Dreamteamfightsforyou.com
drip_n_bodied,Drip N Bodied,https://dripnbodied.com
drury_law_firm,Drury Law Firm,https://drurypa.com
dsnhousecollectivemiamicreativeagency,DSN HOUSE COLLECTIVE - Miami Creative Agency,
dukanee_beauty_supply,Dukanee Beauty Supply,http://www.dukaneebeautysupply.com/
duncanelectricalservice,Duncan Electrical Service,
dunduns__barbershop_coral_gables,DUNDUNs - Barbershop Coral Gables,https://dundunbarbershop.com/
dunkin,Dunkin',https://locations.dunkindonuts.com/en/fl/miami/8099-s-dixie-hwy/349618
durbansegninigallery,Durban Segnini Gallery,
dynamicaarchitecture,Dynamica Architecture,
egomezc,E. Gomez CPA LLC,https://www.egomezcpa.com/
early_learning_coalition_of_miamidademonroe,Early Learning Coalition of MiamiDade/Monroe,https://elcmdm.org
easescreen_america_llc,"Easescreen America, LLC",https://easescreen.com
east_coast_properties_commercial_real_estate,East Coast Properties & Commercial Real Estate,https://www.acehardware.com/store-details/18010
eastshorearchitects,Eastshore Architects,
eastsidecellars,Eastside Cellars,
eatinghouse,Eating House,
eatinghousemiami,Eating House Miami,
ebenezerdaycareandkindergarten,Ebenezer Day Care and Kindergarten,
ebenezerdaycarecenter,Ebenezer Day Care Center,
eberjeycoralgablesatshopsatmerrickrk,Eberjey Coral Gables at Shops at Merrick Park,http://www.eberjey.com/
ecig_shop_miami,Ecig Shop Miami,http://ecigshopmiami.com/
ecrengineering,ECR Engineering,
edelmanfinancialengines,Edelman Financial Engines,
edwardbeinereyewearatcocowalkcoconutgrove,Edward Beiner Eyewear at CocoWalk Coconut Grove,http://www.edwardfisherdmd.com/
edward_bernier,Edward Bernier,https://www.edwardbeiner.com/boutiques/coconut-grove/
edward_jones,Edward Jones,https://edwardjones.com/alexvenot
einstein_bros_bagels,Einstein Bros. Bagels,https://locations.einsteinbros.com/us/fl/south-miami/5946-s-dixie-hwy
eisneramper,EisnerAmper,https://eisneramper.com
el_atlacatl,El Atlacatl,https://elatlacatlmiami.com/
elbrazofuertebakery,El Brazo Fuerte Bakery,
el_car_wash,El Car Wash,https://elcarwash.com/fl/car-wash-in-coral-gables/
el_churrascaso_grill_bird_road,El Churrascaso Grill Bird Road,https://www.instagram.com/elchurrascasogrill_birdroad?igsh=Y2FnczI3ZHN2ZnVz
el_mago_de_las_fritas,El Mago de las Fritas,http://www.elmagodelasfritas.com/
el_palacio_de_los_jugos,El Palacio de los Jugos,https://elpalaciodelosjugos.com/?utm_source=google&utm_medium=organic&utm_campaign=gbp-listing&utm_content=SW-16-y-27-Ave
ellomarpetshop,El Palomar Pet Shop,
el_pinero,El Pinero,
el_quart_segell,El Quart Segell,https://lacasitacubancuisine.com/
el_rey_de_las_fritas,El Rey de las Fritas,https://www.elreydelasfritas.com/
elsalvadorschool,El Salvador School,
el_shaddai_skincare_day_spa,El Shaddai Skincare Day Spa,http://www.elshaddaiskincaredayspa.com/
el_taquitos,El Taquitos,https://www.eltaquito.restaurant/
elaineking,Elaine King,
electricsuntanningsalons,Electric Sun Tanning Salons,
electrikpros,Electrik Pros,
elekronelectric,Elekron Electric Inc,
element_miami_international_airport,Element Miami International Airport,https://elementhotels.marriott.com
elevatemiamichurch,Elevate Miami Church,
elia_at_sebastians_caf,Elia At Sebastian's Cafe,https://newmanalumnicenter.miami.edu/about-2/sebastians-cafe/
eliptek_technology_group,Eliptek Technology Group,https://eliptek.com
ella_paradis,Ella Paradis,https://www.ellaparadis.com/miami
elsatalerofamilydaycarehome,Elsa Talero Family Day Care Home,
emergent_global_investments_llc,"Emergent Global Investments, LLC",https://emergentgi.com
emilianobreitsalons,Emiliano Breit Salon & Spa,https://www.emilianobreitsalon.com/
emmy_squared_pizza,Emmy Squared Pizza,https://emmysquaredpizza.com
empoweredlivingchiropractic,Empowered Living Chiropractic,
englishcenterheadstart,English Center Head Start,
enrique_muoz,Enrique Munoz,https://www.enriquemunozstudio.com/
enterprise,Enterprise,
entrepidus,Entrepidus,
envisionoptique,Envision Optique,https://www.envisionoptique.com/
epgdbusinesslaw,EPGD Business Law,https://epgdlaw.com
epic_smiles_miami,Epic Smiles Miami,https://dentistlittlehavana.com/?utm_source=google&utm_medium=social&utm_campaign=Epic+Smiles+Miami&utm_term=Dentist+Little+Havana
epiphanyschool,Epiphany School,
episcopal_church_center,Episcopal Church Center,http://www.umchapel.org/
equinox,EQUINOX,https://equinox.com/clubs/florida/coral-gables
equinoxbryantrk,Equinox Bryant Park,
equinoxcoralgables,Equinox Coral Gables,https://equinox.com
equinoxgramercy,Equinox Gramercy,
equinoxgreenwichavenue,Equinox Greenwich Avenue,
equinoxhighline,Equinox High Line,
equinoxrockefellercenter,Equinox Rockefeller Center,
equinoxtribeca,Equinox Tribeca,
equinoxwallstreet,Equinox Wall Street,
equipaws_pet_services,Equipaws Pet Services,https://equipawspetservices.com
equitable_advisors,Equitable Advisors,https://southflorida.equitableadvisors.com
erba,Erba,https://erbamiami.com
erba_miami,Erba Miami,http://erbamiami.com/
erica_simons,Erica Simons,https://www.drsimonplasticsurgery.com/
erin_anding,Erin Anding,https://erinhuyler.ewm.com/
ernestogonzalez,Ernesto Gonzalez PA,
esqtitle__real_estate_law,ESQ.title | Real Estate Law,https://www.esqtitle.law
esri,Esri,
essenceboutique,Essence Boutique,https://www.essencemiami.com/collections/whats-new
estetica_le_fate_llc,"Estetica Le Fate, LLC",https://lefatespa.com
esthetics_by_salima,Esthetics by Salima,https://estheticsbyhalima.com/?y_source=1_MTAxNjMxNzE2NC03MTUtbG9jYXRpb24ud2Vic2l0ZQ%3D%3D
esthetique_spa,Esthetique Spa,http://www.skintiquemiami.com/
estrella_insurance,Estrella Insurance,https://agents.estrellainsurance.com/en-us/fl/miami/327.html?utm_source=google&utm_medium=cpc
europeanautoservicecenter,European Auto Service Center,
eutelsat_americas_miami,Eutelsat Americas Miami,http://www.eutelsat.com
evangelism_for_christ_church,Evangelism for Christ Church,https://www.cccgables.org/
evelynrichardsonfamilydaycarecenter,Evelyn Richardson Family Day Care Center,
evensky_katz_foldes_financial_wealth_management,Evensky & Katz / Foldes Financial Wealth Management,https://evenskykatz.com
everbank,EverBank,https://everbank.com
evgochargingstation,EVgo Charging Station,
evolution_payment_systems,Evolution Payment Systems,https://evolutionpayments.com
evolutionsalons,Evolution Salon & Spa,
executive_tropic_garden_hotel,Executive Tropic Garden Hotel,https://www.executivefantasyhotels.com/
exit9giftemporium,Exit9 Gift Emporium,
explore_foster_miami,Explore Foster Miami,https://explorefostermiami.com
express_travel_a_gray_dawes_company,Express Travel (a Gray Dawes Company),https://expresstravelus.com
extendedstayamericapremiersuitesmiamicoralgables,Extended Stay America Premier Suites- Miami - Coral Gables,https://www.extendedstayamerica.com/hotels/fl/miami/coral-gables?channel=gmb-listing&utm_source=google&utm_medium=organic&utm_campaign=gmb_listing
extensis_hr,Extensis HR,https://extensishr.com
extra_space_storage,Extra Space Storage,https://www.extraspace.com/storage/facilities/us/florida/miami/3672/
exxon,Exxon,https://www.exxon.com/en/find-station/200316004
eyeglassplace,Eyeglass Place Inc,
ezgeneralcontractor,EZ General Contractor LLC,
ezmiamiplumbingservicereiremergency,EZ Miami Plumbing Service Repair & Emergency,
f45trainingcoralgables,F45 Training Coral Gables,
fabsconstructionremodeling,Fab's Construction & Remodeling,
faadebakery,Facade Bakery,https://www.instagram.com/facademiami/
facialmaniamedscoralgables,Facial Mania Med Spa - Coral Gables,
faculty_club,Faculty Club,https://dineoncampus.com/miami/faculty-club
fairchild_tropical_botanic_garden,Fairchild Tropical Botanic Garden,https://fairchildgarden.org
fairlawnelementaryschool,Fairlawn Elementary School,http://www.dadeschools.net/schools/schoolinformation/school_details.asp?id=1801
family_dollar,Family Dollar,https://locations.familydollar.com/fl/miami/5978-sw-64th-street?utm_source=google&utm_medium=organic&utm_campaign=maps
family_medical_group_gables,Family Medical Group Gables,https://thefamilymedgroup.com
fantasy_1958,"Fantasy, 1958",http://www.citybeautiful.net/
fcc_usa_soccer_for_peace_foundation,FCC USA (Soccer for Peace Foundation),https://fcc.futbol/usa
fercomotors,Ferco Motors,
ferdinand_funeral_homes__crematory,Ferdinand Funeral Homes & Crematory,https://www.ferdinandfuneralhomes.com/
ferrari,Ferrari,https://miami.ferraridealers.com/en-US/
ferrerlaw,Ferrer Law PA,https://www.sl-cpa.net/
fiallo_design,Fiallo Design,https://fiallodesign.com
fiba_international_basketball_federation,FIBA (International Basketball Federation),https://fiba.basketball
fine_line_furniture_accessories,Fine Line Furniture & Accessories,https://fineline.us
fine_line_furniture_and_accessories,Fine Line Furniture and Accessories,https://fineline.us
fingerprinttechnologies,Fingerprint Technologies,
fintech_espresso,Fintech Espresso,https://fintechespresso.com/
fiola_miami,Fiola Miami,
firstamericanbank,First American Bank,https://firstambank.com
first_baptist_church_of_south_miami,First Baptist Church of South Miami,http://coralpark.org/
first_citizens_bank,First Citizens Bank,https://firstcitizens.com
first_horizon_bank,First Horizon Bank,https://firsthorizon.com
first_solution_insurance,First Solution Insurance,http://www.firstsolutioninsurance.com/
first_umc_coral_gables_church,First UMC Coral Gables  Church,https://welovecoralgables.org
firstunitedmethodistchurchofcoralgablesthegrowingplaceschool,First United Methodist Church of Coral Gables & The Growing Place School,
first_united_methodist_church_of_miami,First United Methodist Church of Miami,https://firstchurchmiami.org
firstbank_florida,FirstBank Florida,https://1firstbank.com
firstbankfloridacoralgables,FirstBank Florida - Coral Gables,
fis_global,FIS Global,https://fisglobal.com
fitness_first,Fitness First,https://www.lifetime.life/locations/fl/coral-gables.html?utm_source=google&utm_medium=local&utm_campaign=google-local-club
five_guys,Five Guys,https://restaurants.fiveguys.com/1540-s-dixie-highway-(us-1)
flagleranimalclinic,Flagler Animal Clinic,
flaglerautoreir,Flagler Auto Repair,
flaglernails,Flagler Nails,
flaglersmokeshop,Flagler smoke shop,
flagstar,Flagstar,https://flagstar.com
flagstarbank,Flagstar Bank,https://www.flagstar.com/coral-gables-flagstar-bank-florida-2240.html
flanaganbodenheimerinjuryandwrongfuldeathlawfirm,Flanagan & Bodenheimer Injury and Wrongful Death Law Firm,
flatironwinesspirits,Flatiron Wines & Spirits,
fleites_law_pa,"Fleites Law, P.A.",https://www.fleiteslaw.com
flemings_prime_steakhouse_wine_bar_coral_gables,Fleming's Prime Steakhouse & Wine Bar Coral Gables,https://flemingssteakhouse.com
flor_de_flamenco,Flor de Flamenco,https://flordeflamenco.com
floridaacademicdermatologycenter,Florida Academic Dermatology Center,
florida_blue,Florida Blue,https://floridablue.com
florida_construction_engineering,Florida Construction & Engineering,https://fcebuild.com
floridadoctorsgroup,Florida Doctors Group,
florida_education_institute,Florida Education Institute,https://www.fei.edu/
floridafinancialadvisors,Florida Financial Advisors,
florida_grand_opera,Florida Grand Opera,https://fgo.org
florida_international_university,Florida International University,https://fiu.edu
floridalanguageinstitute,Florida Language Institute,
florida_lemark_corporation,Florida Lemark Corporation,https://floridalemark.com
florida_power_light,Florida Power & Light,https://fpl.com
florida_restaurant_lodging_association,Florida Restaurant & Lodging Association,https://frla.org
florida_retail_federation,Florida Retail Federation,https://frf.org
florida_state_day_celebrations_inc,Florida State Day Celebrations Inc.,https://floridastateday.com
floridatrustandestatepro,Florida Trust and Estate Pro,
floridianfirstrealty,Floridian First Realty,http://www.floridianfirstrealty.com/
floridianfurnitureco,Floridian Furniture Co,http://floridianfurniture.com/
flossy_smiles_dental_implants__esthetics_dr_gio,Flossy Smiles Dental Implants & Esthetics: Dr. Gio,https://www.flossysmiles.com/
flowerdreammiami,Flower Dream Miami,https://www.flowerdreammiami.com/
flowers__services,Flowers & Services,http://www.bfleur.com/
flowersatthegables,Flowers at the Gables,https://shopflowersatthegables.com/
fluentica,Fluentica,https://fluenticanyc.com
fluidmarketplaces,Fluid Marketplaces,
flyingwithairyogadance,Flying with Air - Yoga & Dance,
focaccia_bistro,Focaccia Bistro,http://www.focacciabistro.com
fogodechobraziliansteakhouse,Fogo de Chao Brazilian Steakhouse,https://fogodechao.com/location/coral-gables/
fogo_de_cho_coral_gables,Fogo de Chao Coral Gables,https://fogo.com
fohhn_audio_americas_llc,"Fohhn Audio Americas, LLC",https://fohnn.com
fontaine_retirement_group,Fontaine Retirement Group,https://fontaineretirement.com
fontana_italian_biltmore_hotel_miami,Fontana Italian Biltmore Hotel Miami,https://www.biltmorehotel.com/dining/fontana/
fontanarestaurant,Fontana Restaurant,
fontana_ristorante,Fontana Ristorante,https://biltmorehotel.com/coralgablesdining/fontana
food__drink_station,Food & Drink Station,https://www.craftmiami.us/
foreyes,For Eyes,https://locations.foreyes.com/fl/miami/3542-coral-way.html?y_source=1_NjM2NzY5MDktNzE1LWxvY2F0aW9uLndlYnNpdGU%3D
forma_dental,Forma Dental,https://formadental.co/
formulamiami,Formula Miami,
formula_one_sports_cars,Formula One Sports Cars,https://formula-1-sport-cars.ebizautos.com/
fortuninsurance,Fortun Insurance,http://www.oneinsuranceservices.com/
foundationoftheamericas,Foundation of the Americas,
four_leaf_marketing_consulting,Four Leaf Marketing & Consulting,https://fourleafmc.com
four_points_by_sheraton_coral_gables,Four Points by Sheraton Coral Gables,https://marriott.com/fllfp
foxslounge,Fox's Lounge,https://www.foxslounge.com/
francesstuckerelementaryschool,Frances S Tucker Elementary School,
francesco,Francesco,https://francescorestaurant.com
frank_rolfes,Frank Rolfes,http://www.rascoklock.com/
fratellino,Fratellino,
fredastairedancestudios,Fred Astaire Dance Studios,
fred_astaire_dance_studios_coral_gables,Fred Astaire Dance Studios  Coral Gables,https://fredastaire.com/coralgables
freddo_traditional_gelato,Freddo Traditional Gelato,https://freddo.com
freebee,Freebee,https://ridefreebee.com
freedom_christian_academy,Freedom Christian Academy,
freemans_hindman,Freeman's | Hindman,https://hindmanauctions.com
frenchies_dinner,Frenchies Dinner,http://www.frenchiesdiner.com
fresco,Fresco,https://www.frescoymas.com/
frescoyms,Fresco y Más,
fresh_del_monte_produce_inc,Fresh Del Monte Produce Inc.,https://freshdelmonte.com
friends_of_gables_high,Friends of Gables High,https://friendsofgableshigh.org
friends_of_the_underline,Friends of The Underline,https://theunderline.org
fritz__franz_bierhaus,Fritz & Franz Bierhaus,https://www.bierhaus.cc/
fritzandfranzbierhaus,Fritz and Franz Bierhaus,
frost_school_of_music,Frost School of Music,https://music.miami.edu
frost_science_museum,Frost Science Museum,https://frostscience.org
fullserviceconstructioncomnyoharalandscapeandmaintenance,Full-service construction company O'Hara Landscape and Maintenance Inc,https://oharalandscape.com
fundacionmanosdelsur,Fundacion Manos del Sur,
fusion_md_cosmetic_surgery,Fusion MD Cosmetic Surgery,https://www.fusionmdcosmeticsurgery.com
futura_optical,Futura Optical,https://futuraeyedoctors.com
futurama1637artbuilding,Futurama 1637 Art Building,http://www.instagram.com/futurama1637artgalleries
fytpersonaltraining,Fyt Personal Training,
fyzicaltherapyandbalancecentersformerlyphysicaltherapyassociates,Fyzical Therapy and Balance Centers - formerly Physical Therapy Associates PA,https://doctors.umiamihealth.org/provider/Patrick+Elias/728069
g_alvarez_studio_inc,"G Alvarez Studio, Inc.",https://galvarezstudio.com
gfajardoartgallery,G. Fajardo Art Gallery,
gh_factor_llc,"G.H. Factor, LLC",https://ghfactor.net
gw_carver_elementary_school,G.W. Carver Elementary School,https://gwces.com
gables_academy_of_miami,Gables Academy of Miami,
gablesanimalclinic,Gables Animal Clinic,https://gablesanimalclinic.com/?utm_source=google&utm_medium=organic&utm_campaign=gmbwebsite
gablesautobrokers,Gables Auto Brokers Inc.,
gablescafe,Gables Cafe,
gables_cigars,Gables Cigars,https://www.gablescigars.com/
gables_columbus_center,Gables Columbus Center,https://gables.com/columbuscenter
gablesconstructiongroup,Gables Construction Group,
gables_corporate_plaza,Gables Corporate Plaza,https://gablescorporateplaza.com
gablescovehotel,Gables Cove Hotel,
gableseliteinsurance,Gables Elite Insurance Inc,http://www.gableseliteinsurance.com/
gables_engineering,Gables Engineering,https://www.gableseng.com/
gablesexceptionaldentistry,Gables Exceptional Dentistry,https://gablesexceptionaldentistry.com
gablesexceptionalsmiles,Gables Exceptional Smiles,
gablesfamilydental,Gables Family Dental,
gablesfamilydentalofcoralgables,Gables Family Dental of Coral Gables,https://gablesfamily.com/
gablesfancycorner,Gables Fancy Corner,http://gablesfancycorner.com/
gablesfinancialrtnersmiami,Gables Financial Partners Miami,
gables_good_government_committee,Gables Good Government Committee,https://gablesgoodgovernment.org
gables_inn,Gables Inn,https://www.thegablesinn.net/
gablesismile,Gables iSmile,
gableslaundry,Gables Laundry,
gables_laundry_and_dry_cleaners,Gables Laundry and Dry Cleaners,https://gableslaundryandcafe.com/
gablesmedical,Gables Medical,
gables_medical_billing,Gables Medical Billing,https://gablesmedicalbilling.com
gables_miracle_mile_llc_terranova_corp,"Gables Miracle Mile, LLC (Terranova Corp)",https://terranovacorp.com
gables_nails,Gables Nails,https://gablesnailsonponce.com/
gablesnailssalon,Gables Nails Salon,
gablesneighborsrealty,Gables Neighbors Realty,
gablesperfectsmile,Gables Perfect Smile,https://www.gablesperfectsmile.com/locations/coral-gables-office/
gables_ponce,Gables Ponce,https://gables.com
gablessedationandfamilydentistry,Gables Sedation and Family Dentistry,
gablesskenteranamduartemd,"Gables Skin Center | Ana M. Duarte, MD",
gablessmiledentalcosmetic,Gables Smile Dental & Cosmetic,
gablessmilestudio,Gables Smile Studio,
gableswealthplanninggroupofraymondjames,Gables Wealth Planning Group of Raymond James,
gablestage,GableStage,https://gablestage.org
galleryplaza,Gallery Plaza,
gamechangers_consulting_llc,"Gamechangers Consulting, LLC",https://sergiotigera.com
garbage_collection,Garbage Collection,https://wm.com
garcialorenzoassociates,Garcia Lorenzo & Associates,http://www.garcialorenzo.com/
garcia_santa_mara,Garcia Santa Maria,https://gsmcpas.com
gdconstruction,GD Construction LLC,
geeksonsite,Geeks on Site,
gema_menendez_keyes_co,Gema Menendez  Keyes Co.,https://gemamenendez.keyes.com
gemrt_co_llp,"GEMRT & Co., LLP",https://gemrtcpa.com
gemrtcs,GEMRT CPAs,https://gemrtcpa.com
general_dry_cleaners,General Dry Cleaners,
generationchurch,Generation Church,
genesis,Genesis,https://www.bramanmiamigenesis.com/?utm_source=gmb&utm_medium=organic&utm_campaign=honest_gmb&utm_content=website_link
genesiswealthmanagement,Genesis Wealth Management Inc.,
genuine_pizza,Genuine Pizza,https://www.pummarola.us/
george_a_david_pa,"George A. David, P.A.",
george_merrick_statue,George Merrick Statue,https://www.coralgables.com/department/historical-resources-cultural-arts/merrick-house
george_washington_carver_middle_school,George Washington Carver Middle School,https://gwcmiddleschool.net
georgecintroncoc,"George, Cintron & Co. CPA",https://gctaxcpa.com/?utm_source=omg-gbp&utm_medium=webclick
germancarcare,German Car Care,
gerson__schwartz_pa,Gerson & Schwartz P.A,https://www.injuryattorneyfla.com
get_redd_foundation_consulting,Get Redd Foundation & Consulting,https://getredd.org
gfd_groups,GFD GROUPS,https://gfdgroups.com
gfourmarketing,gFour Marketing,
ghostgymmiami,Ghost Gym Miami,http://ghostgymmiami.com/
gibsoncharterschool,Gibson Charter School,
gibsonbethel_community_center,Gibson-Bethel Community Center,https://www.southmiamifl.gov/
gift_shop,Gift Shop,https://mystichealing.com
giraldacleaners,Giralda Cleaners Inc,
giralda_place,Giralda Place,https://giraldaplace.com
giralda_preschool_of_coral_gables,Giralda Preschool of Coral Gables,https://giraldapreschool.com
girl_scouts_of_tropical_florida,Girl Scouts of Tropical Florida,https://girlscoutsfl.org
gisela_cacciamani_berkshire_hathaway_homeservices_ewm_realty,Gisela Cacciamani @ Berkshire Hathaway HomeServices EWM Realty,https://giselacacciamani.com
gladeviewbaptistkindergarten,Gladeview Baptist Kindergarten,
gladiium_technology_partners,GLADiiUM Technology Partners,https://gladiium.ua/
glasshousecafe,Glasshouse Cafe,http://www.fairchildgarden.org/visit/shopping-dining/the-glasshouse-cafe
glennnealschool,Glenn Neal School,
global_business_brokers_kw_business,Global Business Brokers  KW Business,https://globalbusinessbroker.com
globalfoundationfordemocracyanddevelopment,Global Foundation for Democracy and Development,
globaltiesmiami,Global Ties Miami,
global_wellness_hub,Global Wellness Hub,http://www.hydrologywellness.com/?utm_source=gmb&utm_medium=organic
glory_house_of_miami,Glory House of Miami,https://gloryhouseofmiami.org
glossnailbarglossnaturalscoralgables,GLOSS Nail Bar/GLOSS Naturals - Coral Gables,
glosslab_coral_gables,GLOSSLAB Coral Gables,https://glosslab.com
glowpilatesreformer,Glow Pilates Reformer,
glowing_healthcare_llc,Glowing Healthcare LLC,https://glowinghc.com/
gnarlyvines,Gnarly Vines,
gnc,GNC,https://stores.gnc.com/all-stores-florida/miami/426-sw-8th-street?utm_source=yext&utm_medium=organic&utm_campaign=google
goldenasianmassages,Golden Asian Massage & Spa,
goldensandsgeneralcontractors,Golden Sands General Contractors,
golden_touch_barbershop__salon,Golden Touch Barbershop & Salon,http://thisisgoldentouch.com/
goldentrustinsurancecoralgables,GoldenTrust Insurance Coral Gables,
goldman_sachs_10000_small_businesses_at_miami_dade_college,"Goldman Sachs 10,000 Small Businesses at Miami Dade College",https://mdc.edu/10ksb
golf_pro_shop,Golf Pro Shop,https://biltmorehotel.com/miami-resort-shops/golf-pro-shop/?utm_source=google&utm_medium=organic&utm_campaign=gmb-listing
golin,Golin,https://golin.com
gomezlawcoralgableshoalawyersrealestateattorneys,Gomez Law - Coral Gables HOA Lawyers & Real Estate Attorneys,
goodvets,GoodVets,https://goodvets.com
goodvetscoconutgrove,GoodVets Coconut Grove,https://www.good-vets.com/locations/miami/coconut-grove
goodvetscoralgables,GoodVets Coral Gables,https://goodvets.com/locations/miami/coral-gables
goodwill,Goodwill,https://www.goodwillsouthflorida.org/
goodyearautoservice,Goodyear Auto Service,
gooseheadinsuranceagency,"Goosehead Insurance Agency, LLC",https://www.goosehead.com/agents/fl/miami/the-pinto-agency?utm_source=google&utm_medium=organic_search&utm_campaign=yext
gowanuswinestudiotastingtable,Gowanus Wine Studio & Tasting Table,
graceland_memorial_park,Graceland Memorial Park,https://www.memorialplan.net/locations/graceland-memorial-park-north
gradepowerlearningcoralgables,GradePower Learning Coral Gables,
graduate_school,Graduate School,https://www.grad.miami.edu/
granadachristian,Granada Christian,
granadachurch,Granada Church,
granadapresbyteriandayschool,Granada Presbyterian Day School,
grapelandrkpreschool,Grapeland Park Preschool,
grazianos_gourmet,Graziano's Gourmet,https://grazianosgroup.com
grazianos_in_the_gables,Graziano's in the Gables,https://grazianosgroup.com
grazianos_market,Graziano's Market,https://www.grazianosgroup.com/
grazianos_mercado_at_the_lifetime_building,Graziano's Mercado at The Lifetime Building,https://grazianosgroup.com
grazianosrestaurantcoralgables,Graziano's Restaurant Coral Gables,https://www.grazianosgroup.com/
greater_miami_the_beaches_hotel_association,Greater Miami & The Beaches Hotel Association,https://gmbha.com
greater_miami_chamber_of_commerce,Greater Miami Chamber of Commerce,https://miamichamber.com
greater_miami_convention_visitors_bureau,Greater Miami Convention & Visitors Bureau,https://miamiandbeaches.com
greaterstulamechurch,Greater St Paul A.M.E. Church,http://rtdental.com/?utm_source=gbp&utm_medium=organic&utm_campaign=yext_listing
greatfloridainsuranceanatriciaarguello,GreatFlorida Insurance: Ana Patricia Arguello,https://miami.greatflorida.com/?utm_source=google&utm_medium=organic&utm_campaign=gbp-listing&utm_content=139
greatfloridainsurancemikecarcas,GreatFlorida Insurance: Mike Carcas,https://coralgables.greatflorida.com/?utm_source=google&utm_medium=organic&utm_campaign=gbp-listing&utm_content=20
green_goddess_public_relations,Green Goddess Public Relations,https://greengoddesspr.org
green_home_roofing_inc,Green Home Roofing Inc.,https://greenhomeroofinginc.com
greensgarage,Green's Garage,https://greensgaragemiami.com
greenberg_traurig_pa,"Greenberg Traurig, P.A.",https://gtlaw.com
greenstreet,GreenStreet,http://greenstreetcafe.net/
greentree_practice_fields,Greentree Practice Fields,http://www.hurricanesports.com/
grindhardbarbershop,Grind Hard Barbershop,
groovys_pizza__grill,Groovys Pizza & Grill,https://www.groovyspizzaandgrill.com/
grou_coffee_cowork,GROU Coffee + Cowork,https://groucommunity.com
grove_bank_trust,Grove Bank & Trust,https://grovebankandtrust.com
grove_bay_grill,Grove Bay Grill,http://www.grovebaygroup.com/
grovecleaners,Grove Cleaners,
grove_gallery_interiors,Grove Gallery & Interiors,https://grovegalleryinteriors.com
grove_liquors,Grove Liquors,https://www.milamsmarkets.com/locations/
grove_networks_inc,Grove Networks Inc.,https://grovenetworks.com
groverwinstoninsurancegroup,"Grover Winston Insurance Group, LLC",https://wyninsurance.com/
growinghouseschool,Growing House School,
guasnaturals,Guapas Natural Spa,
gudeliamoreirafamilydaycarecenter,Gudelia Moreira Family Day Care Center,
guilford_associates,Guilford & Associates,
guilford_property_group_inc,Guilford Property Group Inc.,https://gpgroupmiami.com
gulliver_preparatory_school,Gulliver Preparatory School,https://gulliverprep.org
gulliverschool,Gulliver School,
gulliversouthmiamicampus,Gulliver South Miami Campus,
guscisnerosstatefarminsuranceagent,Gus Cisneros - State Farm Insurance Agent,
gusman_concert_hall,Gusman Concert Hall,
gustave,Gustave,https://www.babettemiami.com/
gustavo_fernandez_photography,Gustavo Fernandez Photography,https://gustavofernandez.com
gustocaserobymdqsweets,Gusto Casero By MDQ Sweets,
h_benitez_fine_art_gallery_inc,H Benitez Fine Art Gallery Inc.,https://humbertobenitez.com
hcocoralgables,H&CO | Coral Gables,
hlagency,H/L Agency,https://www.hlrealestategroup.com/
haber_law,Haber Law,https://haber.law
habitat_for_humanity_of_greater_miami,Habitat for Humanity of Greater Miami,https://miamihabitat.org
hadeedlegal,HADEED LEGAL,https://www.hadeedlegal.com/
haircolorbyrosa,Hair Color by Rosa,
hair_cuttery,Hair Cuttery,https://www.supercuts.com/locations/nearme/haircut/fl/coral-gables/2309-ponce-de-leon-blvd/82779
hairhouse,Hair House,
half_moon_empanadas,Half Moon Empanadas,https://halfmoonempanadas.com/
hamedrodriguezarchitects,Hamed Rodriguez Architects Inc,
hamelschoolforchildren,Hamel School for Children,
hampton,Hampton,https://www.hilton.com/en/hotels/miacghx-hampton-miami-coconut-grove-coral-gables/
hampton_inn_miami_dadeland,Hampton Inn Miami Dadeland,https://www.hilton.com/en/hotels/miadlhx-hampton-miami-dadeland/
hamptoninnmiamicoconutgrovecoralgables,Hampton Inn Miami-Coconut Grove/Coral Gables,https://www.hilton.com/en/hotels/miacghx-hampton-miami-coconut-grove-coral-gables/?SEO_id=GMB-AMER-HX-MIACGHX&y_source=1_MjA4MzQ0OC03MTUtbG9jYXRpb24ud2Vic2l0ZQ%3D%3D
hamptons_group_llc,"Hamptons Group, LLC",https://hamptonsgroup.com
handsonsouthfloridamiami,HandsOn South Florida (Miami),
hank_langston,Hank Langston,http://www.citybeautiful.net/
hanna_tiger_asian_market_coral_gables,Hanna Tiger Asian Market Coral Gables,https://hannatiger.com
happitymeskindergarten,Happi Tymes Kindergarten,
happy_wine_in_the_grove,Happy Wine in the Grove,https://happywinegrove.com/
harbor_freight_tools,Harbor Freight Tools,https://www.harborfreight.com/storelocator/1044-sw-67th-ave-miami-33144?number=501
hard_rock_stadium,Hard Rock Stadium,https://hardrockstadium.com
harry_mayans_dmd_and_mercedes_mayans_dds_dentist,Harry Mayans DMD and Mercedes Mayans DDS Dentist,https://alvaroordonezdds.com/
hart,HART,https://lanedds.com/our-doctors/dr-tyler-hart/
harvestingjoycounseling,Harvesting Joy Counseling,http://harvestingjoypsychologicalservices.com/
havana_harrys,Havana Harry's,
hd_esthetique,HD Esthetique,https://hdesthetique.com
health_care_center_of_little_havana,Health Care Center of Little Havana,https://healthcarecenters.info
hear_right_usa,Hear Right USA,https://hearrightusa.com
hellskitchenwinesspiritsformerlyknownas54winesspirits,Hells Kitchen wines & spirits (Formerly known as 54 wines & spirits),
hem_fet_el_cim,Hem Fet El Cim,https://www.ceviche105.com/
hemisphere_law_pa,"Hemisphere Law, P.A.",https://hemispherelawpa.com
henley_partners_usa_inc,Henley & Partners USA Inc.,https://henleyglobal.com
henrrystylesalon,Henrrystylesalon,http://henrrystylesalon.booksy.com/a/
henryswestlaboratoryelementaryschool,Henry S West Laboratory Elementary School,
herbert_wellness_center,Herbert Wellness Center,https://wellness.studentaffairs.miami.edu
here_you_travel,Here You Travel,https://hereyoutravel.com/
hermanos_cantina_grill,Hermanos Cantina Grill,https://hermanoscantinagrill.com
heviacosmeticdermatology,Hevia Cosmetic Dermatology,
heydaymarketing,Heyday Marketing,
heyeraccountingtax,Heyer Accounting & Tax,https://heyerinc.com/
hgit_coral_gables_llc,"HGIT Coral Gables, LLC",https://gablesstation.com
hidalgoconstruction,Hidalgo Construction,
hidyhomesteamkellerwilliamsmiamikathyhidy,Hidy Homes Team - Keller Williams Miami - Kathy Hidy,
higgs_hub,HIGGS HUB,https://rosellapapale.com
highlightsalonands,Highlight Salon and Spa,http://highlightcoralgables.com/
highlightsaloncoralgables,Highlight Salon Coral Gables,https://highlightcoralgables.com
hillstone_restaurant,Hillstone Restaurant,https://hillstonerestaurant.com/
hiltongomesmd,Hilton Gomes MD,
hiltonmiamiairportbluelagoon,Hilton Miami Airport Blue Lagoon,
hines,Hines,https://hines.com
hinkledesignstudio,"Hinkle Design Studio, LLC.",
hinshaw_culbertson_llp,"Hinshaw & Culbertson, LLP",https://hinshawlaw.com
historicalsites,Historical Sites,https://coralgables.com
hksarchitectsdesigners,HKS | Architects & Designers,
hok,HOK,https://hok.com
holistichealthandwellnessbydrdavidcohen,Holistic Health and Wellness by Dr. David Cohen,
holland_knight_llp,"Holland & Knight, LLP",https://hklaw.com
homebasebarbershop,Home Base Barbershop,
home_financing_center_inc,Home Financing Center Inc.,https://homefinancingcenter.com
home_instead_senior_care,Home Instead Senior Care,https://homeinstead.com/364
hondurasfoundationofusa,Honduras Foundation of USA,
hotheadsbarbershop,Hot Heads Barber Shop,
hotel_arya_bw_premier_collection,"Hotel Arya, BW Premier Collection",https://www.hotelaryacg.com/
hotel_colonnade_coral_gables,Hotel Colonnade Coral Gables,https://hotelcolonnade.com
hotelcolonnadecoralgablesautographcollection,"Hotel Colonnade Coral Gables, Autograph Collection",
hotel_st_michel,Hotel St. Michel,https://hotelstmichel.com
humane_society_of_greater_miami,Humane Society of Greater Miami,https://humanesocietymiami.org
humboldt_international_university,Humboldt International University,https://hiuniversity.com
hurricane_food_court,Hurricane Food Court,
hyattregencycoralgables,Hyatt Regency Coral Gables,https://coralgables.hyatt.com
hydrology_wellness,Hydrology Wellness,https://hydrologywellness.com
i_shine_365,I Shine 365,https://ishine365.com/
ibisstudiodigitalmarketingagency,IBIS Studio // Digital Marketing Agency,
ibm,IBM,
icarechiropractic,"iCare Chiropractic, P.A.",
ichimi,Ichimi,
iconnailss,Icon Nails Spa,
icr_advisors,ICR Advisors,https://miamiliferealestate.net
icscreativeagency,ICS Creative Agency,https://icscreativeagency.com
ifsoboutique,If So Boutique,http://www.ifsoboutiques.com/
iglesia_bautista_de_westchester,Iglesia Bautista de Westchester,
iglesia_victoria,Iglesia Victoria,
iheartmedia,iHeartMedia,https://iheartmedia.com
ilaria_belloni_bhhs_ewm_realty,Ilaria Belloni  BHHS EWM Realty,https://presentingmiamihomes.com
ilash_and_skincare,iLash and Skincare,http://www.ilashandskincare.com/?utm_source=google&utm_medium=wix_google_business_profile&utm_campaign=597730524586919053
ileanacabrerarodriguezstatefarminsuranceagent,Ileana Cabrera-Rodriguez - State Farm Insurance Agent,
immaculata_la_salle_high_school,Immaculata  La Salle High School,https://ilsroyals.com
imocosmeticdermatology,IMO Cosmetic Dermatology,
infashionbyvera,In Fashion by Vera,
infinitiofcoralgables,INFINITI of Coral Gables,
ingelmoassociates,Ingelmo Associates PA,
inmigranhelp_multiservices_llc,"InmigranHelp Multiservices, LLC",https://inmigranhelp.com
insegna_little_havana,Insegna LITTLE HAVANA,https://littlehavanamiamibeach.com/
insigneo_securities_llc,"Insigneo Securities, LLC",https://insigneo.com
inspyre_payments,Inspyre Payments,https://inspyrepay.com
instamarket,Instamarket,http://www.milamsmarkets.com/
integrated_mind,Integrated Mind,https://myintegratedmind.com
integratedmindmentalhealththerapyclinicalhypnotherapy,Integrated Mind - Mental Health Therapy & Clinical Hypnotherapy,https://myintegratedmind.com/
integrity_wealth_advisory_of_janney,Integrity Wealth Advisory of Janney,https://integritywealthadvisoryjanney.com
interface_consulting_and_psychological_services,Interface Consulting and Psychological Services,https://icpstherapy.com
intermedia_touch_inc,Intermedia Touch Inc.,https://intermediatouch.com
international_finance_bank,International Finance Bank,https://ifbbank.com
internationalopticians,International Opticians,
international_studies_preparatory_academy_ispa,International Studies Preparatory Academy (ISPA),https://internationalstudiesprep.net
intersecktoration,Interseckt Corporation,
intuitive_counseling,Intuitive Counseling,https://intuitivecounseling.org
invenio_wealth_partners,Invenio Wealth Partners,https://inveniowealth.com
iron_bodyfit,Iron Bodyfit,https://ironbodyfit.us
isabellaladerasaln,Isabella Ladera Salón,
ismael_cala_foundation,Ismael Cala Foundation,https://calafoundation.org
itofunitedstatesmanageditservicessupportsouthmiamicoralgablesoffice,IT of United States - Managed IT Services & Support South Miami / Coral Gables Office,
itsupportmiami,IT Support Miami,
italianeyewear,Italian Eyewear Inc,
itsasmallworldpreschool,Its A Small World Preschool,
ivette_arango_interiors,Ivette Arango Interiors,https://ivettearango.com
ivette_odoski_consulting,Ivette ODoski Consulting,https://velizlaw.com/?utm_source=GBP&utm_medium=GBP&utm_campaign=GBP_Coral%20Gables&utm_id=GBP_Coral%20Gables
ivoalonsomd,"Ivo Alonso M.D., P.A.",http://www.ivoalonsomd.com/
izakaya,Izakaya,
jcautoservices,J C Auto Services,
jnathairstudio,J Nat Hair Studio,http://jnathairstudio.booksy.com/
j_muir_associates_pa,"J. Muir & Associates, P.A.",https://miamibusiness.law
j_wilcox_consulting,J. Wilcox Consulting,https://jwilcoxconsulting.com
jackson_health_foundation,Jackson Health Foundation,https://jacksonhealthfoundation.org
jackson_health_system,Jackson Health System,https://jhsmiami.org
jacksonmedicalgroupcoralgables,Jackson Medical Group - Coral Gables,https://jacksonhealth.org
jacqueline_salcines_pa,"Jacqueline Salcines, P.A.",https://salcineslaw.com
jaes_jewelers,Jae's Jewelers,https://jaesjewelers.com
jaguarcoralgables,Jaguar Coral Gables,
jaguar_restaurant,Jaguar Restaurant,http://jaguarrestaurant.com/?y_source=1_OTkwNjI1My03MTUtbG9jYXRpb24ud2Vic2l0ZQ%3D%3D
jar_of_hearts_inc,Jar of Hearts Inc.,https://jarofheartsfoundation.org
javieralonsomddermatology,"Javier Alonso, MD Dermatology",
jc_nails,JC Nails,http://jcspanailsmiami.com/
jcmoratec,"JCM Corporate CPA, P.A.",
jcpenney,JCPenney,https://www.jcpenney.com/locations/fl/miami/clothing-stores-miami-fl-1360.html
jennifermirandamd,"Jennifer Miranda, MD",https://www.purehealthmiami.com/
jennycmontesdeocapinedamdprimecareofcoralgables,"Jenny C. Montes De Oca Pineda, MD - PrimeCare of Coral Gables",http://www.primecare1.com/
jenny_craig,Jenny Craig,https://locations.jennycraig.com/fl/miami/weight-loss-center-960.html
jennypcaceresdccoralgablesfamilychiropractic,"Jenny P. Caceres, DC. Coral Gables Family Chiropractic",
jerry_herman_ring_theatre,Jerry Herman Ring Theatre,https://ring-theatre.as.miami.edu/index.html
jewelers_gold_and_gifts,Jeweler's Gold and Gifts,https://amauryjewelry.com/
jewish_community_services_of_south_florida,Jewish Community Services of South Florida,https://jcsfl.org
jiffy_lube,Jiffy Lube,https://jiffylubespecials.com/locations/florida/7798-a-coral-way-miami-33155?utm_source=GMB&utm_medium=organic&utm_campaign=Map_Pack_Store_3688
jimmy_johns,Jimmy John's,https://locations.jimmyjohns.com/fl/coralgables/sandwiches-576.html
jivesmedia,Jives Media,
joan_reitsma,Joan Reitsma,https://gablesfoundation.org/
joannas_place,Joanna's Place,https://joannasmarketplace.com/?utm_source=GMBlisting&utm_medium=organic
johnmartinsirishpubrestaurant,John Martin's Irish Pub & Restaurant,
johntrickmuscalaw,John Patrick Musca Law,https://www.muscalaw.com/locations/miami
johnwilliamuribemd,"John William Uribe, MD",
johnmartins,JohnMartin's,https://johnmartinsmiami.com
johnnywas,Johnny Was,
jollygoodmarketing,Jolly Good Marketing,
jolt_charge_inc,Jolt Charge Inc.,https://joltcharge.com
joncoiffurehairstudio,Joncoiffure Hair Studio,
jorge_enterprises_gc__construction,Jorge Enterprises GC - Construction,https://je-gc.com/
jorgespharmacy,Jorge's Pharmacy,
josemartischool,Jose Marti School,
josemartischool1stcampus,Jose Marti School 1st Campus,
josemartischool2ndcampus,Jose Marti School 2nd Campus,
josemartischool3rdcampus,Jose Marti School 3rd Campus,
jose_milton_foundation,Jose Milton Foundation,https://miltonphilanthropy.org
jose_rodriguezfeliz_md,"Jose RodriguezFeliz, MD",https://rodriguezfelizmd.com
joy_by_llc,"Joy By, LLC",https://holidayjoyby.com
jreleeeducationalcenter,Jre Lee Educational Center,
julianacostacoralgablesrealtoratcomss,Julian Acosta - Coral Gables Realtor at Compass,https://julianmiamirealtor.com/coral-gables
juneauconstructioncomny,Juneau Construction Company,
junior_achievement_of_greater_miami,Junior Achievement of Greater Miami,https://miami.ja.org
juniorleagueofmiami,Junior League of Miami,
junior_orange_bowl,Junior Orange Bowl,https://jrorangebowl.org
jvv_roofing,JVV Roofing,https://www.jvvroofing.com/
jwr_construction,JWR Construction,https://jwrconstruction.com
jzhelpsafloridainjurylawfirm,JZ helps (a Florida injury law firm),
kaesushi,KAE Sushi,
kaloboutique,Kalo Boutique,
kao_sushi__grill,Kao Sushi & Grill,https://www.kaosushigrill.com/location-contact/
kartell,Kartell,https://kartell.com
kaseya_center,Kaseya Center,https://kaseyacenter.com
katerinabucciarellicoralgablesrealestatebrokerinnovatiorealtygroupmiamiflorida,"Katerina Bucciarelli, Coral Gables Real Estate Broker, Innovatio Realty Group Miami Florida",
kaufman_dolowich,Kaufman Dolowich,https://kaufmandolowich.com
kavachninagallery,Kavachnina Gallery,
kazmalaje,Kazmalaje,https://kazmaleje.com
kbelectronics,KB Electronics,
keen_battle_mead_company,Keen Battle Mead & Company,https://kbmco.com
keik_bakeshop,Keik Bakeshop,https://keikbakeshop.com
keller_williams,Keller Williams,https://kellerwilliams.com
kellerwilliamscapitalrealty,Keller Williams Capital Realty,
kellerwilliamsrealtygraceizquierdo,Keller Williams Realty: Grace Izquierdo,
kellogg_school_of_management_northwestern_university,"Kellogg School of Management, Northwestern University",https://kellogg.northwestern.edu
kerdykrealestate,Kerdyk Real Estate,
kesk_global_group_llc,"KESK Global Group, LLC",https://keskglobal.com
key_transportation,Key Transportation,https://keytransportation.com
keyes_company_coral_gables_office,Keyes Company  Coral Gables Office,https://elizabethperezteam.com
kfc,KFC,https://locations.kfc.com/fl/miami/2375-sw-8th-street
khouridermatology,Khouri Dermatology,https://www.khouridermatology.com/
kick_martial_arts_studio,Kick Martial Arts Studio,http://www.kickmiami.com/
kidstationdaycarecenter,Kid Station Day Care Center,
kiddiecountryclub,Kiddie Country Club,
kiddiecountryclubschool,Kiddie Country Club School,
kidz_medical_services,Kidz Medical Services,https://kidzmedical.com
kimleyhorn,Kimley-Horn,
kindred_hospital__south_florida__coral_gables,Kindred Hospital - South Florida - Coral Gables,https://www.khcoralgables.com
kingschristianschool,Kings Christian School,
kitchen_57,Kitchen 57,https://kitchen57miami.com
kiwanis_club_of_little_havana_inc,Kiwanis Club of Little Havana Inc.,https://carnavalmiami.com
knight_center_for_music_innovation,Knight Center for Music Innovation,https://facilities.frost.miami.edu/performance-halls/knight-center-for-music-innovation/index.html
knight_sports_complex,Knight Sports Complex,https://miamihurricanes.com/facilities/knight-complex/
kojin_20,Kojin 2.0,https://kojin2.com
kompare_taxes,Kompare Taxes,http://www.komparetaxes.com/
kozyak_tropin_throckmorton_pa,"Kozyak Tropin & Throckmorton, P.A.",https://kttlaw.com
kreps_pr_marketing,Kreps PR & Marketing,https://krepspr.com
kristi_house,Kristi House,https://kristihouse.org
ksdt_cpa,"KSDT, CPA",https://ksdtcpa.com
kuan,Kuan,
kukicadvertising,Kukic Advertising,
kurzbankurzbantetzelipratt,Kurzban Kurzban Tetzeli & Pratt PA,https://www.kktplaw.com/?npcmp=dir:local:1575323:33134
kurzban_kurzban_tetzeli_and_pratt,Kurzban Kurzban Tetzeli and Pratt,https://kktplaw.com
kurzbankurzbanweingertetzeli_and_pratt,"Kurzban,Kurzban,Weinger,Tetzeli and Pratt",https://www.kkwtlaw.com/
kydeco,KyDeco,
l_m_engraving_trophy_company,L & M Engraving & Trophy Company,http://www.lmengraving.com/?utm_source=google
lr_structural_corp,L&R Structural Corp.,http://www.lrstructural.com/?utm_source=google&utm_medium=wix_google_business_profile&utm_campaign=2097039469708118890
lamour_boutique,L'Amour Boutique,https://lamourspafl.com/?contact_posted=true#ContactForm-AcDc2d2N4VDc4MUxpc__contact_form_3BFzBK
lartisane,L'Artisane,https://www.lartisanebakery.com/
loccitane_en_provence,L'Occitane En Provence,https://loccitane.com
labellasalon,La Bella Salon,https://www.labellasalons.com/
laboulangerieboulmich,La Boulangerie Boul'Mich,
la_carreta,La Carreta,http://lacarreta.com/locations/
lacasitacubancuisine,La Casita Cuban Cuisine,
la_casita_restaurant,La Casita Restaurant,http://lacasitamiami.com/
laelegantecleaners,La Elegante Cleaners,
la_familia,La Familia,http://www.lafamiliamultiservices.com/
la_fitness,LA Fitness,https://lafitness.com/Pages/clubhome.aspx?clubid=263&South+Miami-Florida+GYM
laindustriabakerycafe,La Industria Bakery & Cafe,
lajamotecacoralgables,La Jamoteca Coral Gables,
la_palma,La Palma,
la_pata_gorda,La Pata Gorda,https://lapatagorda.com
laperlaautoreir,La Perla Auto Repair Corp,
lapremiereecole,La Premiere Ecole,
lapremiererealty,LA PREMIERE Realty,http://www.lapremiererealty.com/
la_provence,La Provence,
larocamiami,La Roca Miami,
larosagastrobar,La Rosa Gastrobar,https://www.larosagastrobar.com/?y_source=1_MjAxNTc0NDk5Mi03MTUtbG9jYXRpb24ud2Vic2l0ZQ%3D%3D
la_rosa_restaurant,La Rosa Restaurant,https://larosagastrobar.com
latabernagiralda,La Taberna Giralda,
ladintaxfinancialgroupcoralgablesmiamifinancialadvisors,Ladin Tax & Financial Group - Coral Gables & Miami Financial Advisors,
lag_realty_international_s_a,"LAG REALTY INTERNATIONAL, S. A.",https://laglex.com
lakeside_expo_center,Lakeside Expo Center,
lakeside_patio_stage,Lakeside Patio Stage,http://www.gablestage.org/
lamoursfl,Lamour spa fl,
lannasiancafe,LAN Pan Asian Cafe,https://www.lanpanasian.com/
landrovercoralgables,Land Rover Coral Gables,
landmark_at_merrick_park,Landmark at Merrick Park,https://www.landmarktheatres.com/miami/the-landmark-at-merrick-park/
landmarkwinespiritsminorussakeshop,Landmark Wine & Spirits + Minoru's Sake Shop,
lanes,Lanes,http://lanessouthmiami.com/
lansighttechnology,Lansight Technology,
large_metal_b,Large Metal B,http://hqdtechusa.com/
larkin_community_hospital,Larkin Community Hospital,http://www.larkinhospital.com/site/
lasamericasdaycarecenter,Las Americas Day Care Center,
lasalledrycleaners,LaSalle Dry Cleaners,
latin_american_art_museum,Latin American Art Museum,http://www.latinartcore.com/
latin_press_media__events,Latin Press Media & Events,https://www.latinpressinc.com
laura_l_russo_esq_llc,"Laura L. Russo, Esq. LLC",http://www.rexrussolaw.com/contact.html
laurensfacetheday,Lauren's Face the Day,
lavender_greenberg_estate_planning_probate_law,Lavender Greenberg Estate Planning & Probate Law,https://lglawmiami.com
lawofficeofdiaznunezelorza,Law Office of Diaz & Nunez Elorza PA,http://www.diazelorza.com/
law_office_of_ferdie_and_lones_chartered,Law Office of Ferdie and Lones Chartered,https://ferdieandlones.com/
law_office_of_francisco_a_marty,Law Office of Francisco A. Marty,https://criminaldefenseattorneys.miami
law_office_of_francisco_cieza_pa,"Law Office of Francisco Cieza, P.A.",https://ciezalawfirm.com
law_office_of_vanessa_d_torres_pa,Law Office of Vanessa D. Torres P.A.,https://vdtlaw.com
lawofficesofandrearouviere,Law Offices of Andre A. Rouviere,https://rouvierelawfirm.com/
lawofficesofdiegotraibel,Law Offices of Diego Traibel,
lawofficesoflawrenceskatz,Law Offices of Lawrence S. Katz PA,https://www.katzfamilylaw.com/?npcmp=dir:local:2113713:33156
lawofficesofmjlouis,Law Offices of M J Louis,http://mjlouislaw.com/
lawofficesofmartinjrivas,Law Offices of Martin J Rivas PA,
lawofficesofrodrigosdasilva,Law Offices of Rodrigo S. Da Silva PA,http://rdasilvalaw.com/
le_parc_caf,Le Parc Cafe,https://www.coralgablescountryclub.com/leparc-caf%C3%A9
lercbonjourcafbistro,"Le Parc-Bonjour, Café Bistro",
le_paris_cake_design_bakery,Le Paris Cake Design Bakery,http://www.lepariscakedesign.com/home.html
le_petit_caf,Le petit cafe,
lepetitscoralgables,Le Petit Spa Corp. - Coral Gables,
leaderservice,Leader Service,https://leaderservicemiami.com
learningworkshop,Learning Workshop,
leasing_office__district_west_gables,Leasing Office - District West Gables,https://solenawestmiami.com/?utm_source=gmb&utm_medium=organic
leeschool,Lee School,
legacy,LEGACY,https://legacyfit.com/
legal_services_of_greater_miami_inc,Legal Services of Greater Miami Inc.,https://legalservicesmiami.org
legends_miami_hurricanes,Legends  Miami Hurricanes,https://miamihurricanes.com
leicastoremiami,Leica Store Miami,
lenscrafters,LensCrafters,https://lenscrafters.com
let_go_stress_llc,"Let Go Stress, LLC",https://letgostress.com
let_them_have_cake_llc,"Let Them Have Cake, LLC",https://letthemhavecakemiami.com
letsprototype,Let's prototype,
leticiainsuranceagency,Leticia Insurance Agency,http://www.leticiainsuranceagency.com/
leunamjrodriguezmd,"Leunam J. Rodriguez, MD, LLC",https://baptisthealth.net/doctors/primary-care/leunam-jesys-rodriguez/869929
liberty_elevator_corporation,Liberty Elevator Corporation,https://libertyelevator.com
liberty_health_sciences,Liberty Health Sciences,https://www.libertyhealthsciences.com
librera_san_pablo,Libreria San Pablo,http://www.sanpablomia.com/
life_imaging_fla,Life Imaging FLA,https://lifeimagingfla.com
lifescoralgables,Life Spa Coral Gables,
life_theory_inc,Life Theory Inc.,https://lifetheorymia.com
life_time,Life Time,https://lifetime.life
lifetimecoralgables,Life Time Coral Gables,https://lifetime.life
lifeclinicchiropracticrehabilitationcoralgablesfl,"LifeClinic Chiropractic & Rehabilitation - Coral Gables, FL",
lighthouse_internet_media,Lighthouse Internet Media,https://lighthousemedia.com
lightrailyoga,Lightrail Yoga,
liksbeautyandwellnesssfacialandbodycontouring,Liks Beauty and Wellness Spa- Facial and Body Contouring,
lilianafineartgallery,Liliana Fine Art Gallery,
lilly_pulitzer,Lilly Pulitzer,https://lillypulitzer.com
lolnmartischools,Lincoln Marti Schools,
lolnmartischool,Lincoln-Marti School,
lolnmartischool1stcampus,Lincoln-Marti School 1st Campus,
lolnmartischool3rdcampus,Lincoln-Marti School 3rd Campus,
liquor_dreams,Liquor Dreams,http://liquordreams.com/
lisandrasjewelryofmiami,Lisandra’s Jewelry of Miami,
lisset_galeyev_photography,Lisset Galeyev Photography,https://lissetgaleyevphotography.com
little_caesars,Little Caesars,https://littlecaesars.com/en-us/store/494/
littlehavanagiftshop,LITTLE HAVANA GIFT SHOP,
little_local,Little Local,https://littlelocal.co
littlepeoplelearningcenter,Little People Learning Center,
littlepeopleschool,Little People School,
littleshavernumber1josemartischool,Little Shaver Number 1 Jose Marti School,
live_like_bella_childhood_cancer_foundation,Live Like Bella(R) Childhood Cancer Foundation,https://livelikebella.org
llakhdar_coaching,Llakhdar Coaching,https://lakhdarcoaching.com
loews_coral_gables_hotel,Loews Coral Gables Hotel,https://loewshotels.com/coralgables
loewscoralgableshotel,Loews Coral Gables Hotel,https://loewshotels.com
lokal_burgers_and_beer,Lokal Burgers and Beer,https://www.lokalmiami.com/
lolysmiami,Loly Spa Miami,
lolysoptical,Loly's Optical,http://www.lolysoptical.com/
lomax_legal_pllc,Lomax Legal PLLC,https://lomaxlegal.com
longevity_pr_agency,Longevity PR Agency,http://www.longevitymedia.co/
los_gallegos,Los Gallegos,https://www.instagram.com/losgallegosmiami
los_jalapeos_coral_way,Los Jalapenos Coral Way,
los_ranchos_coral_gables,Los Ranchos Coral Gables,https://losranchossteakhouse.com
lot28,Lot28,
lovediscoveryinstitute,Love Discovery Institute,https://www.lovediscovery.org/?utm_campaign=gmb
lovesac,Lovesac,
lowe_art_gallery,Lowe Art Gallery,https://www.lowe.miami.edu/
lowe_art_museum,Lowe Art Museum,https://lowemuseum.org
lowell_international_realty_llc,"Lowell International Realty, LLC",https://lowellinternationalrealty.com
lrk_seating_products_llc,"LRK Seating Products, LLC",https://lrkseating.com
luca_osteria,Luca Osteria,http://www.lucamiami.com/
lucasautoreir,Lucas Auto Repair,
lucernebakery,Lucerne Bakery,
luckyconcretecoralgables,Lucky Concrete Coral Gables,
ludlamelementaryschool,Ludlam Elementary School,
ludlam_insurance,Ludlam Insurance,
ludos,Ludo's,http://www.ludosristorante.com
luis_galindo_latin_america_restaurant,Luis Galindo Latin America Restaurant,https://luisgalindolatinamerica.shop/
lulu,Lulu,https://shop.lululemon.com/stores/us/coral-gables/merrick-park?utm_source=organic&utm_medium=local_listings&utm_campaign=GBP
luly_b_inc,Luly B Inc.,https://lulyb.com
luminaireflagship,Luminaire Flagship,https://www.luminaire.com/
luxlifestylechiropracticdrbrittanyhollidaydc,"Lux Lifestyle Chiropractic || Dr. Brittany Holliday, DC",
luxeproperties,LUXE Properties,
luxon_construction,Luxon Construction,https://luxonconstruction.com
mcautotech,M C Auto Tech,
m_bravocampa_dds_and_leyanne_salvador_dmd_dentist,M. Bravo-Campa DDS and Leyanne Salvador DMD Dentist,http://www.salvadordmd.com/
m2e_consulting_engineers,M2E Consulting Engineers,
m2skin,M2Skin,https://m2skin.com
macdonald_west,Macdonald West,https://www.mcdonalds.com/us/en-us/location/FL/CORAL-GABLES/1148-DIXIE-HWY/14782.html?cid=RF:YXT:GMB::Clicks
mack_cycle_and_fitness,Mack Cycle and Fitness,https://www.mackcycleandfitness.com/
macondo_coffee_roasters,Macondo Coffee Roasters,https://www.macondocoffee.com/
macys,Macy's,
made_in_miami,Made In Miami,https://drmiamimd.com
madewell,Madewell,
madisonconstructiongroup,Madison Construction Group Inc.,
madisonreedhaircolorbarcoralgables,Madison Reed Hair Color Bar Coral Gables,https://www.madison-reed.com/colorbar/locations/coralgables
madrugabakery,Madruga Bakery,
mahoneypearson_dining_hall,Mahoney-Pearson Dining Hall,https://business-services.miami.edu/departments/auxiliary-services/dining-services/index.html
maidelingc,MaidelinGC,https://maidelingc.com/
maison_berger_usa_inc,Maison Berger USA Inc.,https://maisonberger.com
maiz_y_agave,Maiz y Agave,https://maizyagave.com
majesticportuguesebakehouse,Majestic Portuguese Bakehouse,
major_food_group_sadelle_restaurant,Major Food Group | Sadelle Restaurant,https://majorfood.com
malakor_thai_isaan,Malakor Thai Isaan,https://malakorthaiisaan.com/
maman,maman,https://mamannyc.com
maman_coffee_bakery_kitchen,Maman Coffee Bakery Kitchen,https://mamannyc.com/locations/coral-gables
mamey_miami,Mamey Miami,https://mameymiami.com
mancaveformentheplazacoralgables,ManCave for Men - The Plaza Coral Gables,
mandellawgroup,Mandel Law Group PA,https://www.mandellawgroup.com/
mandlerphysicaltherapy,Mandler Physical Therapy,
manipediboutique,MANIPEDI Boutique,
mankindgroomingservices,ManKind Grooming & Services,
manoliberamarcogiugliano,Mano Libera - Marco Giugliano,
manuelgarciafrangiemdfamilydoctor,"Manuel Garcia-Frangie, M.D., P.A. Family Doctor",
marengineers,MAR Engineers,https://stores.truevalue.com/fl/miami/4017
marathon,Marathon,
marbella_perfumes,Marbella Perfumes,https://marbellaperfumes.com
mariaelenakendallmd,"Maria Elena Kendall, MD",
mariagonzalezod,"Maria Gonzalez, OD",
mariamartinez,Maria Martinez,
marietorossianc,"Marie Torossian, CPA",https://marietorossiancpa.com/
mariner,Mariner,
mariner_wealth_advisors,Mariner Wealth Advisors,https://marinewealthadvisors.com
maritza_capiro_interior_designs_corp,Maritza Capiro Interior Designs Corp.,https://maritzacapiro.com
market_nxt,Market NXT,https://www.shopsatmerrickpark.com/en.html
markham_yard,Markham Yard,https://markhamyard.com
marly_q_llc,"MARLY Q, LLC",https://marlyq.com
marriott_international_cala_development,Marriott International  CALA Development,https://marriott.com
marsicano_leyva_pllc,"Marsicano + Leyva, PLLC",https://mlesquire.com
marthamendezoffeinsteinmendez,Martha Mendez of Feinstein & Mendez,https://fmpalawfirm.com/?utm_source=organic&utm_medium=gbp&utm_campaign=nsa-seo
marthavieramd,Martha Viera MD,
marujagilrealtor,"Maruja Gil PA, Realtor",
marys_cafeteria,Mary's Cafeteria,https://www.instagram.com/maryscafemiami/?hl=en
masmedrehab,MasMed Rehab,
massage_envy,Massage Envy,https://locations.massageenvy.com/florida/coral-gables/6927-red-road.html
masterpiecebarbersbarbershop,Masterpiece Barbers Barbershop,
matmaternity,Mat & Maternity,
mathreadingfocusgablestutoring,Math & reading focus Gables Tutoring,https://gablestutoring.com
mathnasium,Mathnasium,
matsoncharltonsuretygroup,Matson-Charlton Surety Group,https://www.mcsurety.com/
matsuri,Matsuri,http://www.matsurimiami.com/
mattress_firm,Mattress Firm,https://www.mattressfirm.com/en-us/stores/fl/coral-gables/052100/
mauricio_j_barba_re_brokerassociate,"Mauricio J. Barba, RE Broker/Associate",https://miamisignaturehomes.com
maxappliancereirmiami,Max Appliance Repair Miami,
maxwellengineers,"Maxwell Engineers, Inc.",
mayfair_grill,Mayfair Grill,https://www.mayfair-grill.com
mayfair_house_hotel_garden,Mayfair House Hotel & Garden,https://mayfairhousemiami.com
mayors,Mayors,
mazdi_omnicultural_marketing_agency,Mazdi | Omnicultural Marketing Agency,https://mazdi.us
mccarter_english_llp,"McCarter & English, LLP",https://mccarter.com
mccombie_group,McCombie Group,https://mccombiegroup.com
mcdonalds,McDonald's,https://www.mcdonalds.com/us/en-us/location/10408.html
mcguire_woods,McGuire Woods,https://mcguirewoods.com
mckellar_poursine_pllc,McKellar Poursine PLLC,https://mckellarpoursine.com
md_now_urgent_care,MD Now Urgent Care,https://www.mymdnow.com/locations/dade/coral-way?utm_campaign=corp_listings_mgmt&utm_source=google&utm_medium=business_listing
mdnowurgentcarecoralway,MD Now Urgent Care - Coral Way,https://mymdnow.com
md_senior_placement,MD Senior Placement,https://mdseniorplacement.org
mdcps_office_of_community_engagement,MDCPS Office of Community Engagement,https://engagemiamidade.net
mean_average,Mean Average,
mediaglobalgroup,Media Global Group,
medical_care_survices_miami,Medical Care Survices Miami,https://www.mcskeys.com/
megaluxehomes,Mega Luxe Homes,
meirawealth,Meira Wealth,
melliggroupwealthadvisors,Mellig Group - Wealth Advisors,
mepworldgroup,MEP World Group,
mera_photography,Mera Photography,https://portraitsbymera.com
mercantile_europarts_inc,"Mercantile Europarts, Inc.",http://meuroparts.com
mercedesbenz_of_coral_gables,MercedesBenz of Coral Gables,https://mbcoralgables.com
mercysflowers,Mercy's Flowers,https://www.mercysflowers.net/
merrickdentalcoralgables,Merrick Dental Coral Gables,
merrickschool,Merrick School,
merrickspecialeducationcenter,Merrick Special Education Center,
merrilllynchwealthmanagement,Merrill Lynch Wealth Management,
mesamar,Mesa Mar,
mesamarseafoodtable,MesaMar Seafood Table,
methodxfitnesscoralgables,Method X Fitness Coral Gables,https://methodxfitness.com/
metro_by_tmobile,Metro by T-Mobile,https://www.metrobyt-mobile.com/stores/bd/metro-by-t-mobile-miami-fl-10202905/
metro_fund_inc,Metro Fund Inc.,https://metrofundgroup.com
metro_mommy_agency,Metro Mommy Agency,https://metromommyagency.com
mg_developer,MG Developer,https://mgdevelopermiami.com
mghairstudio,MG Hair Studio,https://mghair.miami
mghairstudiosoralgablesbesthaircolorsalon,MG Hair Studios in Coral Gables. Best Hair Color Salon,https://mghair.miami/
mgearchitects,Mge Architects,
minailbarcoralgables,Mi Nail Bar Coral Gables,
mi_rinconcito_mexicano,Mi Rinconcito Mexicano,https://mirinconcitomexicano.shop/
miadentalcoralgables,MIA Dental - Coral Gables,https://miadental.net/
miamcafecoralgables,MIAM CAFE - CORAL GABLES,
miami247plumbingmiamiemergencyplumbers,Miami 24/7 Plumbing - Miami Emergency Plumbers,
miami_accident_clinic,Miami Accident Clinic,http://www.themiamiaccidentclinic.com
miami_association_of_realtors,Miami Association of Realtors,https://miamire.com
miamiautocollection,Miami Auto Collection Inc,
miamiautoreirshopbrakestuneupsmultiserversailles,Miami Auto Repair Shop Brakes Tune Ups Multiser Versailles,
miamibeachinreliefcenter,Miami Beach Pain Relief Center,
miami_center_for_architecture_design,Miami Center for Architecture & Design,https://miamicad.org
miamichildrenshospitalchildcarecenter,Miami Children's Hospital Child Care Center,
miamichiropractic,Miami Chiropractic,
miamicounselingresourcecenter,Miami Counseling & Resource Center,https://miamicounseling.com/
miami_dade_college_eduardo_j_padron_campus,Miami Dade College  Eduardo J. Padron Campus,https://mdc.edu/padron/
miami_dade_college_kendall_campus,Miami Dade College Kendall Campus,https://mdc.edu/kendall
miami_dade_college_koubek_center,Miami Dade College Koubek Center,https://koubekcenter.org/
miami_dade_college_padrn_campus,Miami Dade College Padron Campus,https://www.mdc.edu/padron/
miamidentalheaven,Miami Dental Heaven,https://www.miamidentalheaven.com/
miami_derm_anna_chacon_md_pa,"Miami Derm: Anna Chacon, MD, PA",https://drannachacon.com
miami_dominoes,Miami Dominoes,https://www.dominos.com/en/?utm_source=google&utm_medium=loclist&utm_campaign=localmaps_menutest
miamielectricalservices,Miami Electrical Services,
miamienvironmentalcivilengineering,"Miami Environmental & Civil Engineering, LLC",
miamifairtrade,Miami Fair Trade,
miami_fire_college,Miami Fire College,http://miamigov.com/
miami_friends_meeting_of_the_religious_society_of_friends,Miami Friends Meeting of the Religious Society of Friends,https://miamifriends.org/
miamifurnitureoutletfurniturestoresinmiami,Miami Furniture Outlet - Furniture Stores in Miami,http://miamifurnitureoutlet.com/
miami_guitars,Miami Guitars,https://www.miami-guitars.com/
miami_herald,Miami Herald,https://miamiherald.com
miamiinternationaldanceacademy,Miami International Dance Academy,
miami_jewish_health,Miami Jewish Health,https://miamijewishhealth.org
miami_learning_experience_school,Miami Learning Experience School,https://mleschool.org
miami_lighthouse_for_the_blind_and_visually_impaired,Miami Lighthouse for the Blind and Visually Impaired,https://miamilighthouse.org
miami_marlins,Miami Marlins,https://marlins.com
miamimarriottdadeland,Miami Marriott Dadeland,https://www.marriott.com/en-us/hotels/miamd-aloft-miami-dadeland/overview/?scid=f2ae0541-1279-4f24-b197-a979c79310b0
miami_new_times,Miami New Times,https://voicemediagroup.com
miamioldschoolbarbershopcoralgables,Miami Old School Barbershop - Coral Gables,
miamiphysicaltherapyassociates,"Miami Physical Therapy Associates, Inc.",
miami_private_school,Miami Private School,https://www.britomiamipanthers.com/
miamiroyalballetdanceschool,Miami Royal Ballet Dance School,
miamiseniorhighschool,Miami Senior High School,https://www.miamiseniorhigh.org
miami_skin__vein,Miami Skin & Vein,https://www.miamiskinandvein.com
miamismileinstitute,Miami Smile Institute,https://miamismileinstitute.com
miami_spine__posture_clinic,Miami Spine & Posture Clinic,https://www.miamiposture.com/
miami_twice,Miami Twice,https://miamitwice.com/
miamis_best_pizza,Miami's Best Pizza,https://www.miamisbestpizza.com
miamis_community_newspapers,Miami's Community Newspapers,https://communitynewspapers.com
miamisqualityautoreir,Miami's Quality Auto Repair,
miamidade_county_courthouse,Miami-Dade County Courthouse,http://www.miami-dadeclerk.com/location_coral_gables.asp
miamicfo,MiamiCFO,https://miamicfo.com
miamidade_county_aviation_department,MiamiDade County Aviation Department,https://miami-airport.com
miamidade_county_fair_exposition_inc,"MiamiDade County Fair & Exposition, Inc.",https://fairexpo.com
miamidade_county_transportation_trust,MiamiDade County | Transportation Trust,https://miamidade.gov/citt
michelleacreativeagency,MICHELLE a creative agency,
michelsons_trophies,Michelson's Trophies,https://goawards.com
michys_kitchen,Michys Kitchen,https://michyskitchen.com
mickeyandminniedaycarenumber2,Mickey and Minnie Day Care Number 2,
micocos,Micocos,
miguel_e_turbay_cpa,"Miguel E. Turbay, CPA",https://www.turbaytax.com/
mikacoralgables,Mika Coral Gables,http://mikacoralgables.com/
milams_market,Milam's Market,https://www.milamsmarkets.com/locations/
milamsmarketcoralgableseast,Milam's Market- Coral Gables (East),
millers_ale_house,Miller's Ale House,https://millersalehouse.com/locations/coral-gables/
millesimausawinestorenewyork,Millesima USA Wine Store New York,
mindfulpsychiatry,Mindful Psychiatry,https://squareup.com/appointments/book/CMMCVRWMEBKPA/mindful-psychiatry-coral-gables-fl
mindfultherapy,Mindful Therapy LLC,https://www.mindfultherapyfl.com/
mint_leaf_indian_brasserie,Mint Leaf Indian Brasserie,
mintwellnesscenter,Mint Wellness Center,
mintyfreshmiamidentalorthodontics,Minty Fresh Miami: Dental & Orthodontics,
minuteman_press,Minuteman Press,https://coralgables.minutemanpress.com
miraclemarketplace,Miracle Marketplace,
miraclemiledowntowncoralgables,Miracle Mile & Downtown Coral Gables,http://experiencecoralgables.com/
miraclesmiledentistrydrannaaller,Miracle Smile Dentistry - Dr. Anna Aller,
mishas_cupcakes,Misha's Cupcakes,https://mishascupcakes.com
miss_saigon,Miss Saigon,
mistersrky,Mister Sparky,
miyaresgroup,Miyares Group,https://miyaresgroup.com/
mktdirector,MKTDIRECTOR,https://mktdirector.com/
mobil,Mobil,https://www.exxon.com/en/find-station/200316004
modelsdreams,Models Dream Spa,
modernhomes,Modern Homes,
modofurniture,Modo Furniture,https://www.modo-furniture.com/
moi_homemade_peruvian_bakery,Moi Homemade Peruvian Bakery,https://www.moihomemade.com/
moisesgross,Moises|Gross,
monsatroyalvet,Mon-Sat Royal Vet,https://royalvet.com
monahanmijaresc,Monahan Mijares CPA,https://monahanmijares.com/
monalisa_pizzeria_italian_restaurant,Monalisa Pizzeria Italian Restaurant,https://monalisapizzeria.menufy.com
monkeyfurniturestore,Monkey Furniture Store,
monsalve_integrative_health,Monsalve Integrative Health,https://www.monsalvehealth.com/
montes_de_oca,Montes de Oca,http://www.primecare1.com/
montessori_childrens_house,Montessori Childrens House,https://gablesmontessori.com/
montessori_international_school,Montessori International School,http://www.international-montessori.com/
montessori_smart_learning_academy,Montessori Smart Learning Academy,
montica_jewelry,Montica Jewelry,https://montica.com
montys,Monty's,https://www.montysrawbar.com/
montyscoconutgrove,Monty's Coconut Grove,
moodwellnesss,Mood Wellness Spa,
moraysjewelers,Morays Jewelers,https://www.moraysjewelers.com/
morgan_horton_law,Morgan Horton Law,https://cmorganlaw.net
morganstanleyfinancialadvisors,Morgan Stanley Financial Advisors,
morgan_stanley_wealth_management,Morgan Stanley Wealth Management,https://morganstanley.com
mortons_the_steakhouse,Morton's The Steakhouse,https://mortons.com/
motek_coral_gables,Motek Coral Gables,https://motekcafe.com
mountnebocommunitydaycarecenter,Mount Nebo Community Day Care Center,
mountsinaiprimaryspecialtycare,Mount Sinai Primary & Specialty Care,https://msmc.com
mount_sinai_primary_specialty_care_coral_gables,Mount Sinai Primary & Specialty Care Coral Gables,https://msmc.com
mrjeffcleaners,Mr Jeff Cleaners,
mr_c_miami__coconut_grove,Mr. C Miami - Coconut Grove,http://www.mrccoconutgrove.com/
museinthegables,Muse In the Gables,
music_for_your_eyes,Music for your Eyes,https://locations.foreyes.com/fl/miami/3542-coral-way.html?y_source=1_NjM2NzY5MDktNzE1LWxvY2F0aW9uLndlYnNpdGU%3D
mutual_of_omaha,Mutual of Omaha,https://agents.mutualofomaha.com/alfonsobonilla
mytimenailbar,My Time Nail Bar,
myxcellnetwork,My Xcell Network,https://myxcell.net
mycitysocial,MyCity Social,
myfloridamsp,MyFloridaMSP LLC,
mystic_healing,Mystic Healing,https://mystichealing.com
nailspearlss,Nails & Pearls Spa,
nailsbyyc,Nails by Yc,
nailsdelrosario,Nails Del Rosario,
nailsartbykarla,Nailsart by Karla,
naked_farmer,Naked Farmer,https://eatnakedfarmer.com
nanceschool,Nance School,
natalcounseling,Natal Counseling,https://www.anasacounseling.com/
national_headache_institute,National Headache Institute,https://nationalheadacheinstitute.com/miami
nationalshrineofourladyofcharity,National Shrine of Our Lady of Charity,
national_stem_cell_clinic,National Stem Cell Clinic,https://www.nationalstemcellclinic.com/miami
naturalpress,Natural Press,
navarro_discount_pharmacy,Navarro Discount Pharmacy,https://www.cvs.com/store-locator/miami-fl-pharmacies/2120-sw-32nd-avenue-miami-fl-33145/storeid=11509?WT.mc_id=LS_GOOGLE_RX_11509
ncafinancialservices,NCA FINANCIAL SERVICES,
neighborhood_tennis,Neighborhood Tennis,https://ntennismiami.com/
neimanmarcus,Neiman Marcus,
neoklasikmodernartisanbakery,Neoklasik Modern Artisan Bakery,
nerds_support_inc,"Nerds Support, Inc.",https://nerdssupport.com/
nero_immigration_law,NERO Immigration Law,http://www.neroimmigration.com/
nero_immigration_law_pl,"NERO Immigration Law, P.L.",https://neroimmigration.com
netsmiamidigitalmarketing,NetsMiami Digital Marketing,
new_company_beauty_shop,New Company Beauty Shop,http://www.newcobeauty.com/
newdaychiropracticclinic,New Day Chiropractic Clinic,
new_edge_associates,New Edge Associates,https://newedgeassociates.com
newlifepresbyteriankindergartendaycare,New Life Presbyterian Kindergarten/Day Care,
newsunrisedaycarecenter,New Sunrise Day Care Center,
new_york_life,New York Life,https://newyorklife.com/agent/rpaz01
nexogy,nexogy,
nexusconsultancy,Nexus Consultancy,
nicestbarbersbarbershop,Nicest Barbers Barbershop,
nicholsarchitects,Nichols Architects,
nicklaus_childrens_hospital,Nicklaus Childrens Hospital,https://nicklauschildrens.org
nicolevaldesphdassociates,Nicole Valdes Ph.D. & Associates P.A.,
ninoskahuertagallery,Ninoska Huerta Gallery,http://www.ninoskahuertagallery.com/
noboundariessport,No Boundaries Sport,
noble_insurance_group,Noble Insurance Group,
noblhausmiami,NOBLHAUS MIAMI,
noma_beach_at_redfish,NOMA Beach at Redfish,https://nomabeach.com
nonnoscafe,Nonnos Cafe,
nordstrom,Nordstrom,https://www.nordstrom.com/store-details/nordstrom-shops-at-merrick-park?utm_source=google&utm_medium=organic&utm_campaign=fls&utm_content=763&utm_channel=low_nd_seo_local&sp_source=google&sp_campaign=fls
northern_trust,Northern Trust,https://ntrs.com
northwestern_mutual_coral_gables,Northwestern Mutual  Coral Gables,https://coralgables.nm.com
nourish_and_refine_llc_nourish_refine,"Nourish and Refine, LLC (Nourish & Refine)",https://nourishandrefine.com
nova_southeastern_university,Nova Southeastern University,https://nova.edu
novotel_miami_brickell,Novotel Miami Brickell,https://novotelmiami.com
npc_financial_dmg_corp,NPC Financial DMG Corp.,https://npcfinancial.com
nr_cpas_and_business_advisors,NR CPAs and Business Advisors,https://nrcpas.com
nri_nolan_reynolds_international,NRI  Nolan Reynolds International,https://nrinternational.com
nsiinsurance,NSI Insurance,https://nsigroup.org
osole_boutique,O'sole Boutique,https://osoleboutique.com/
ogee_paint,O-Gee Paint,https://go.o-geepaint.com/
oak_harbors_laundry,Oak Harbor's laundry,
oasischiropracticcenter,Oasis Chiropractic Center,
obepowerchargingstation,Obe Power Charging Station,
obmiarchitectureinteriordesignfirm,OBMI Architecture & Interior Design Firm,
oceanautoclub,Ocean Auto Club,
ocean_bank,Ocean Bank,https://oceanbank.com
oceanlmrealty,Ocean Palm Realty,
oceanpsychologygroup,Ocean Psychology Group,https://www.oceanpsychologygroup.com/
oceansideconstructionremodeling,Oceanside Construction & Remodeling,
offthemilerestaurant,Off The Mile Restaurant,
office_depot,Office Depot,https://www.officedepot.com/storelocator/fl/miami/office-depot-281
office_edge_coral_gables,Office Edge Coral Gables,https://officeedge.com
office_of_disability_services,Office of Disability Services,
office_of_the_supervisor_of_elections,Office of the Supervisor of Elections,http://www.miamidade.gov/elections/
office_of_the_university_registrar,Office of the University Registrar,https://registrar.miami.edu
office_of_undergraduate_admission,Office of Undergraduate Admission,https://admissions.miami.edu/
ogletree_deakins,Ogletree Deakins,https://ogletree.com
ohmarynails,Oh Mary Nails,
ohmboutique,Ohm Boutique,http://www.ohmboutique.com/
olasbeautyroom,Ola’s Beauty Room,https://www.instagram.com/gardenroom_miami
oneinsuranceservices,One Insurance Services LLC,http://www.oneinsuranceservices.com/
onesothebyscoralgables,One Sotheby's Coral Gables,https://onesothebysrealty.com
one_sothebys_international_realty,One Sotheby's International Realty,https://onesothebysrealty.com
onestopconstruction,One Stop Construction,
onestopdrycleaning,One Stop Dry Cleaning,
one_white_orchid_inc,One White Orchid Inc.,https://onewhiteorchid.com
onyx_ink,Onyx Ink,https://onyxink.com
optfirst,OptFirst Inc.,https://optfirst.com
optimusbarbershop,OPTIMUS BARBERSHOP,
opulence_entertainment_group,Opulence Entertainment Group,https://www.opulencemia.com/
opulenzza_jewlery,Opulenzza Jewlery,https://www.opulenzza.com/
orange_bowl_committee,Orange Bowl Committee,https://orangebowl.org
orangetheoryfitness,Orangetheory Fitness,https://www.orangetheory.com/en-us/locations/coral-gables-florida-0077?utm_medium=seo&utm_source=gg&utm_term=corporate&utm_campaign=soci
orangetheory_fitness_coral_gables,Orangetheory Fitness Coral Gables,https://orangetheory.com/coralgables
organity,Organity,https://organity.at
origen,Origen,
originphysicaltherapy,Origin Physical Therapy,
original_uncle_toms_barbecue,Original Uncle Tom's Barbecue,https://originaluncletomsbbq.com/
origini_italian_market,Origini Italian Market,http://www.originimarket.com/
orion,Orion,
orion_mart,Orion Mart,https://hannatiger.com/
orion_merchant_solutions_petro_solutions,Orion Merchant Solutions / Petro Solutions,https://omsps.com
orlando_optical,Orlando Optical,
orno_miami,Orno Miami,https://ornomiami.com/
oroboro,Oroboro,
orrplumbing,Orr Plumbing,https://orrplumbing.com
oscararellanocoralgablesrealtor,Oscar Arellano - Coral Gables Realtor,https://realestatebulldog.com/
oscardetoffolijrc,"Oscar De Toffoli, Jr., CPA, PA",
ossobucococonutgrove,Ossobuco Coconut Grove,
ostentabeautyconceptcoralgablesnailslashesfacials,"Ostenta Beauty Concept Coral Gables - Nails, Lashes & Facials",
oteroc,"OTERO CPA, LLC",http://www.oterocpa.com/
our_lady_of_fatima_academy,Our Lady of Fatima Academy,
our_lady_of_lourdes_academy,Our Lady of Lourdes Academy,
ourladyofsorrowscatholicchurch,Our Lady of Sorrows Catholic Church,
outdoor_adventure_center,Outdoor Adventure Center,
outdoor_lighting_perspectives_miami,Outdoor Lighting Perspectives Miami,https://outdoorlights.com/miami
outsmartlabs,Outsmart Labs,
overseas_network,Overseas Network,https://overseasnetwork.com
oxionebeautyextensions,OXIONE BEAUTY & EXTENSIONS,https://oxionebeautyspa.glossgenius.com/
oxxocarecleanerscoralgables,Oxxo Care Cleaners Coral Gables,
oxxocarecleanersmerrickrk,Oxxo Care Cleaners Merrick Park,
oyahealth,OYA.health,https://oya.health
oyo_hotel_coral_gables__miami_airport,OYO Hotel Coral Gables - Miami Airport,https://www.oyorooms.com/us/103476/?utm_source=GMB&utm_medium=Organic&utm_campaign=US_MAI004
ppole_pizza,P.Pole Pizza,https://ppolepizza.com
ppolepizzacoralgables,P.Pole Pizza Coral Gables,
pacific_national_bank,Pacific National Bank,https://pnb.com
gechiropracticlifecenter,Page Chiropractic Life Center,
golainsurancegroup,Pagola Insurance Group,
palme_dor,Palme d'Or,https://www.biltmorehotel.com/dining/palme_dor/?utm_source=local&utm_medium=organic&utm_campaign=gmb
lmettopresbyterianpreschool,Palmetto Presbyterian Preschool,
melaiperry,Pamela I. Perry PA,
pan_american_institute,Pan American Institute,https://www.panamacademy.com/
pancitas_pregnancy_and_ultrasound,Pancitas Pregnancy and Ultrasound,https://www.littlebelliesspa.com/en/home/miami
panda_express,Panda Express,https://www.pandaexpress.com/locations/fl/miami/3350
ndorajewelry,Pandora Jewelry,
panera_bread,Panera Bread,https://locations.panerabread.com/fl/coral-gables/137-miracle-mile.html
ngaeaexploration,Pangaea Exploration,https://www.panexplore.com/
panorama_restaurant__sky_lounge,Panorama Restaurant & Sky Lounge,https://www.sonesta.com/CoconutGrove/index.cfm?fa=restaurant1.home
pantin_gov,Pantin Gov,https://pantingov.com
olofontanotbakerycafe,Paolo Fontanot Bakery & Cafe,
papa_johns,Papa John's,https://locations.papajohns.com/united-states/fl/33155/miami/6701-bird-road
parajon_animal_clinic,Parajon Animal Clinic,https://www.facebook.com/Parajon-Animal-Clinic-452648924756303/
rameter,Parameter,
ramounttaxaccountingcoralgables,Paramount Tax & Accounting Coral Gables,https://paramount.tax/coral-gables
parmac_inc,Parmac Inc.,https://parmac.com
parrot_fish_studio,Parrot Fish Studio,https://parrotfishstudio.com
party_city,Party City,https://stores.partycity.com/us/fl/southmiami/party-store-pc558.html
pascals_on_ponce,Pascal's On Ponce,https://pastoratpascal.net/
siondelcielo,Pasion del Cielo,
siondelcielocoffee,Pasion del Cielo Coffee,
storatscal,Pastor at Pascal,
pauloluigi,Pauloluigi,https://www.pauloluigicg.com
pause_studio,Pause Studio,https://pausestudio.com/coralgables
pause_studio_coral_gables,Pause Studio Coral Gables,https://pausestudio.com/coralgables
wnjewelrycoralgablesmiami,"Pawn Jewelry - Coral Gables, Miami",https://www.susanblakejewelry.com/
ycargo,"PayCargo, LLC",
paycom,Paycom,https://paycomonline.com
pazos_robaina,Pazos & Robaina,https://prmiami.com
peacockfoundation,Peacock Foundation Inc,
peacock_garden,Peacock Garden,https://peacockgardenrestobar.com/
peaklegal,Peak Legal,https://www.peaklegalfirm.com/?npcmp=dir:local:5336361:33127
pecansdays,Pecan's Day Spa,
peets_coffee,Peet's Coffee,https://www.peets.com/
peiwei,Pei Wei,https://www.peiwei.com/florida/240-coral-gables/
pei_wei_asian_kitchen,Pei Wei Asian Kitchen,https://peiwei.com
pelicanschool,Pelican School,
pelvictherapysouthflorida,Pelvic Therapy South Florida,
pena_garcia_diz_pllc,"Pena Garcia & Diz, PLLC",https://pgdlegal.com
pension_services_inc,Pension Services Inc.,https://pensionnetwork.net
perez_neurology,Perez Neurology,https://perezneurology.com
perezabreu_aguerrebere_sueiro_torres_pl,"PerezAbreu, Aguerrebere, Sueiro & Torres, P.L.",https://paast.com
performancerewired,PerformanceREWIRED,https://jeskabrodbeck.com
perilloconstruction,Perillo Construction Inc.,
permuyarchitecture,Permuy Architecture,
perron_company,Perron & Company,https://perronandcompany.com
perryssteakhousegrillecoralgables,Perry's Steakhouse & Grille - Coral Gables,
personal_conciergmed,Personal ConciergMed,https://pcmmd.com
pet_supermarket,Pet Supermarket,https://www.petsupermarket.com/storelocator/?storeId=136
petal_cartel,Petal Cartel,https://petalcartel.com
petco,Petco,https://stores.petco.com/fl/southmiami/pet-supplies-southmiami-fl-1794.html
petertmavricklaw,Peter T. Mavrick Law,https://www.mavricklaw.com/?utm_source=google&utm_medium=local
petronaspotofamilydaycarecenter,Petrona Spoto Family Day Care Center,
petsmart,PetSmart,https://www.petsmart.com/stores/us/fl/miami-store2440.html
petsmartveterinaryservicescoralgables,PetSmart Veterinary Services - Coral Gables,https://pvshospitals.com/fl/coral-gables/coral-gables-1411/?utm_source=google&utm_medium=organic&utm_campaign=google-my-business
pharma_plus_drug_store,Pharma Plus Drug Store,http://www.university-pharmacy.com/
pharmag_pharmacy,Pharmag Pharmacy,
phillip_morris_international,Phillip Morris International,https://pmi.com
phoenix_pro_connect,Phoenix Pro Connect,https://phxproconnect.com
photo_offset_inc,Photo Offset Inc.,https://photooffset.com
physical_therapy_for_mental_sharpness_llc,"Physical Therapy for Mental Sharpness, LLC",https://ptformentalsharpness.com
physicaltherapynowbirdroad,Physical Therapy NOW Bird Road,
physicaltherapynowcoralgables,Physical Therapy Now Coral Gables,
physicians_weight_loss_center,Physician's Weight Loss Center,https://www.physiciansweightloss-miami.com/
pibank_usa,Pibank USA,https://pibank.com
pierresfrenchcleaners,Pierre’s French Cleaners,
pietra_veloce,Pietra Veloce,https://portosolemiami.com/
pil_creative_group,PIL Creative Group,https://pilcreativegroup.com
pilatesgaia,Pilates Gaia,
pinecrestbakerycoconutgrove,Pinecrest Bakery - Coconut Grove,
pinecrestbakerycoralgables,Pinecrest Bakery - Coral Gables,
pinecrest_bakery_llc,"Pinecrest Bakery, LLC",https://pinecrestbakery.com
pinecrestphysicaltherapy,Pinecrest Physical Therapy,
pink_luminous_advocacy_project,Pink Luminous Advocacy Project,https://luminousadvocacyproject.com
pinochobakery,Pinocho Bakery,
pisco_y_nazca,Pisco y Nazca,https://piscoynazca.com/
pisco_y_nazca_coral_gables,Pisco y Nazca Coral Gables,https://piscoynazca.com/coralgables
pita_weber_del_prado,Pita Weber Del Prado,https://pwdlawfirm.com
pizza_hut,Pizza Hut,https://locations.pizzahut.com/fl/miami/6625-s-dixie-hwy
playa_bowls_coral_gables,Playa Bowls Coral Gables,https://playabowls.com
playhouseandbiltmoreschool,Playhouse and Biltmore School,
plazaassociates,Plaza & Associates,
please_hold_advertising,Please Hold Advertising,https://pleasehold.com
plenitude_med_spa,Plenitude Med Spa,https://plenitudemedspa.com
plymouth_church,Plymouth Church,http://www.plymouthmiami.org/
plymouthcongregationalchurch,Plymouth Congregational Church,
plymouthpreschoolofplymouthcongregationalchurch,Plymouth Preschool of Plymouth Congregational Church,
pnc_bank,PNC Bank,https://pnc.com
pocbuffet,POC Buffet,
poke_305_grove,Poke 305 Grove,https://www.clover.com/
polestarmiami,Polestar Miami,
pollo_campero,Pollo Campero,https://us.campero.com/locations/calle-ocho
pollo_tropical,Pollo Tropical,https://www.pollotropical.com/locations
ponce_circle_tower,Ponce Circle Tower,https://poncecircletower.com
poncedeleonanimalclinic,Ponce De Leon Animal Clinic,http://poncedeleonanimalclinic.com/
ponce_de_leon_hotel,Ponce De Leon Hotel,http://www.hotelponcedeleon.com/
ponce_de_leon_middle_school,Ponce de Leon Middle School,https://poncedeleonmiddle.net
ponte_vecchio_ristorante_e_pizzeria,Ponte Vecchio Ristorante e Pizzeria,http://pontevecchiomiami.com
poochie_on_your_block,Poochie on your Block,http://www.poochieonyourblock.com/
popeyes,Popeyes,https://www.popeyes.com/store-locator/store/restaurant_240534
porsche,Porsche,https://www.thecollectionporsche.com/
portfoliosalon,Portfolio Salon,http://www.instagram.com/portfoliosalon
portosole,Portosole,
portosole_italian_restaurant,Portosole Italian Restaurant,https://portosolemiami.com
positivehealthpsychologyassociatesph,Positive Health Psychology Associates {PHPA},
potterybarn,Pottery Barn,https://www.potterybarn.com/stores/us-nc-cary-fenton/
power_financial_credit_union,Power Financial Credit Union,https://powerfi.org
powering_elite_performers_llc,"Powering Elite Performers, LLC",https://us.shaklee.com/en_US/kensmith
premia_global_advisors,Premia Global Advisors,https://premiaglobaladvisors.com
premier_golf_fitting,Premier Golf Fitting,http://planetgolfmiami.com/
premier_nad,Premier NAD+,https://premieres.com
premier_pediatric_dentistry,Premier Pediatric Dentistry,https://premierpediatricdentistry.com
preocommunicationsbestdigitalmarketingagency,Preo Communications - Best Digital Marketing Agency,
prestigiousimagebarbershonds,Prestigious Image Barbershop and Spa,
presto_cleaners,Presto Cleaners,https://www.prestocleanersmiami.com/contact-us/
primarycare,Primary Care,https://onemedical.com/locations/mia/coconut-grove?y_source=1_MTA1Mzk0OTQzOC03MTUtbG9jYXRpb24ud2Vic2l0ZQ%3D%3D
primary_windows,Primary Windows,http://primarywindows.com
prime_institute,Prime Institute,https://primeinstitute.us
primesportswellnessphysicaltherapypt,"Prime Sports Wellness Physical Therapy, PT",
primecareofcoralgables,Primecare of Coral Gables,http://www.primecarecg.com/
pressjoyeria,Princess Joyeria,https://www.princessjoyeria.es/
pretonpreschool,Princeton Preschool,
privateoasisatarya,Private Oasis at Arya,https://www.miamivacationrentals.com/web/apartments/listing
private_wealth_management_of_coral_gables,Private Wealth Management of Coral Gables,https://pwmcg.com
privecarerx,PriveCareRx,https://privecarerx.com
profitnessrehab,Pro Fitness & Rehab,
professionalbuildingsolutions,Professional Building Solutions,https://probuildingsvcs.com/
professional_health_diagnostics,Professional Health Diagnostics,http://www.phdmiami.com/
promexico_mexicos_trade_investment_commmiami,PROMEXICO / Mexico's Trade & Investment Comm.Miami,https://gob.mx
prominentfinancialconsultants,Prominent Financial Consultants,
providence_healthcare_services,Providence Healthcare Services,https://providencehhs.com
prowork_us,PROWORK US,
prowork_us_multinational_talent_acquisition_company,PROWORK US  Multinational Talent Acquisition Company,https://prowork.us
ps_mortgage_lending,PS Mortgage Lending,https://pslending.com
psychologicalservicescenter,Psychological Services Center,
psychologybeyond,"Psychology & Beyond, Inc.",https://www.psychologytoday.com/profile/210683
psychologyassociatesofcoralgables,Psychology Associates of Coral Gables,
public_storage,Public Storage,https://www.publicstorage.com/self-storage-fl-miami/5316
publix,Publix,https://www.publix.com/locations/51
publixpharmacyatdouglasgrand,Publix Pharmacy at Douglas Grand,https://www.publix.com/pharmacy?utm_medium=maps&utm_source=google&utm_content=psmpharm_google_override
publixpharmacyatrivieraplaza,Publix Pharmacy at Riviera Plaza,https://www.publix.com/pharmacy?utm_medium=maps&utm_source=google&utm_content=psmpharm_google_override
publixsupermarketatdouglasgrand,Publix Super Market at Douglas Grand,
publixsupermarketonmonzaave,Publix Super Market on Monza Ave,
publixsupermarketonslejeunerd,Publix Super Market on S Le Jeune Rd,
pulverc,Pulver CPA,https://pulvercpa.com
pummarola_coral_gable,Pummarola Coral Gable,https://www.pummarola.us
puntocriollo,Punto Criollo,
pura_vida_miami,Pura Vida Miami,https://puravidamiami.com
pureprojecthome,Pure Project Home,
pure_water_factory_llc,"Pure Water Factory, LLC",https://purewaterfactorymiami.com
pushforwardproject,Push Forward Project,
quadriplate_v,Quadriplate V,https://450-gradi.com/
quest_diagnostics,Quest Diagnostics,https://locations.questdiagnostics.com/fl/miami/5761-sw-40th-st
quest_workspaces,Quest Workspaces,https://questworkspaces.com
questworksces2525poncecoralgables,Quest Workspaces 2525 Ponce Coral Gables,
quintana_law_pa,"Quintana Law, P.A.",https://quintanalawpa.com
quito,Quito,
quiznos,Quiznos,https://quiznosbirdroadmiami.com/
quuanthairsalon,Quuant Hair Salon,
rabrandonco,R A Brandon & Co Inc,https://rabrandoninsurance.com/
rahalarchitects,Rahal Architects LLC,
rainbow_pharmacy,Rainbow Pharmacy,https://rainbowpharmacyrx.com
ramhofer_garcia,Ramhofer Garcia,https://ramhofergarcia.com
ransomevergladesschool,Ransom Everglades School,
ransonevergladeschildrenscenter,Ranson Everglades Children's Center,
rathskeller,Rathskeller,
rausabuilders,Rausa Builders Corp,https://rausabuilders.com/?utm_source=GMBlisting&utm_medium=organic
raymourflaniganfurnitureandmattressstore,Raymour & Flanigan Furniture and Mattress Store,
razzledazzle_barbershop,RazzleDazzle BarberShop,https://www.razzledazzlebarbershop.com/
rc_cafe,RC Cafe,https://rccafe.miami
rccoastconstruction,RC Coast Construction,
rdzfineart,RDZ Fine Art LLC,
reactionrehab,"Reaction Rehab, LLC.",
rebecamelendezpsychotherapyandassessments,Rebeca Melendez- Psychotherapy and Assessments,http://psychicounseling.wixsite.com/psychicounseling
recapturing_the_vision_international_inc,Recapturing the Vision International Inc,https://rtv.org
recycling,Recycling,https://wm.com
red_bird_animal_clinic,Red Bird Animal Clinic,http://www.redbirdanimalclinic.com/
red_carpet_italian_restaurant,Red Carpet Italian Restaurant,https://www.redcarpetrestaurant.com/locations
redforalgables,Redfin Coral Gables,https://redfin.com
refugeeassistancealliance,Refugee Assistance Alliance,
regencymiamiairportbysonesta,Regency Miami Airport by Sonesta,
regions_bank,Regions Bank,https://regions.com
regis_remote_office_solutions,Regis Remote Office Solutions,https://regisro.com
remax360realestate,REMAX 360 Real Estate,http://www.miamicre360.com/
renaissance_at_the_gables,Renaissance at the Gables,https://renaissancemiami.com/renaissance-at-the-gables/
residence_inn_miami_coconut_grove_3,Residence Inn Miami Coconut Grove 3,
resident_member,Resident Member,https://www.lifetime.life/locations/fl/coral-gables.html?utm_source=google&utm_medium=local&utm_campaign=google-local-club
retail_shop,Retail Shop,http://experiencecoralgables.com/
revitamaxx,Revitamaxx,https://revitamaxx.com
reys,Rey's,
reysautoreirshop,Rey's Auto Repair Shop,
reys_pizza,Rey's Pizza,http://www.reypizza.com/
reytormedicalcenterfranciscoreytormd,"Reytor Medical Center: Francisco Reytor, MD PA",
rhonda_a_anderson_pa,Rhonda A. Anderson  P.A.,
richards_legal_group,Richards Legal Group,https://richpa.net
rickburkestatefarminsuranceagent,Rick Burke - State Farm Insurance Agent,
rimasgifts,RIMA’S GIFTS,
rincon_antioqueo,Rincon Antioqueno,
rinconcito_superlatino_4,Rinconcito Superlatino 4,https://elrinconcitolatino.com/
ring_theater,Ring Theater,http://www.as.miami.edu/ringtheatre/
ringbyname,RingByName,https://ringbyname.com
ristorante_ll_duomo_dei_sapori,Ristorante ll Duomo Dei Sapori,https://ilduomodeisapori.com
rita_herrera_real_estate_broker,"Rita Herrera, Real Estate Broker",https://londonfoster.com/agents/ritaherrera
ritzysnails,Ritzy's Nails,
riveraperformancerecovery,RIVERA Performance & Recovery,
riverchasedermatologymiami,Riverchase Dermatology - Miami,
riverochiropracticcenter,Rivero Chiropractic Center,
rivieradayschool,Riviera Day School,
riviera_health_resort,Riviera Health Resort,https://rivierahealthresort.com
rivieralive,Rivieralive,
rize_mortgage_llc,"Rize Mortgage, LLC",https://cesardelcollado.zipforhome.com
roarmedia,Roar Media,
robert_j_fewell_company,Robert J. Fewell Company,
robert_j_shafer_associates,Robert J. Shafer & Associates,
robert_m_levy_associates,Robert M. Levy & Associates,http://www.levylawgroup.com/contactus.html
roberto_garcia_new_york_life,Roberto Garcia New York Life,https://newyorklife.com
robinhooddiamonds,RobinHood Diamonds,
rochebobois,Roche Bobois,
rodewayinnsouthmiamicoralgables,Rodeway Inn South Miami - Coral Gables,
rodriguezarchitects,Rodriguez Architects Inc,
rolys_auto_service,Roly's Auto Service,https://www.rolysautoservice.com
roma_bakery,Roma Bakery,http://www.romabakery.miami/
ronald_jakubisin_associates,Ronald Jakubisin & Associates,https://jakubisin.net
ronald_mcdonald_house_charities_of_south_florida,Ronald McDonald House Charities of South Florida,https://rmhcsouthflorida.org
roofing_company,Roofing Company,https://greenhomeroofinginc.com
rosa_clar,Rosa Clara,https://rosaclara.es
rosettabakery,Rosetta Bakery,
ross,Ross,https://www.rossstores.com/
rossenlawfirm,Rossen Law Firm,
rothstar_construction_inc,Rothstar Construction Inc.,https://rothstar.com
rotorooter,Roto-Rooter,https://rotorooter.com
roy_b_gonas_attorney,"Roy B. Gonas, Attorney",https://rgonasarbitration.com
royal_ballet_miami_corporation,Royal Ballet Miami Corporation,https://miamiroyalballet.com
rrjinsuranceservicesofflorida,RRJ Insurance Services of Florida,https://www.rrj-insurance.com/
rudysantayanajewelrydesigns,Rudy Santayana Jewelry Designs,https://rudysantayana.com/
rumbasrestaurant,Rumbas Restaurant,
rumbleboxing,Rumble Boxing,https://lp.rumbleboxinggym.com/offer?clubready_referraltypeid=112226
rumble_boxing_coral_gables,Rumble Boxing Coral Gables,https://rumbleboxinggym.com/location/coralgables
russell_capital_group,Russell Capital Group,https://rcgmortgage.com
ruths_chris_steak_house,Ruth's Chris Steak House,https://ruthschris.com
ryder_system_inc,Ryder System Inc.,https://ryder.com
rzonefitnesscoralgables,RZone Fitness Coral Gables,https://www.rzonefitness.com/coral-gables/?utm_source=GMB&utm_medium=Organic&utm_campaign=Coral+Gables
rsteakhouse,Ró Steakhouse,
s_pellegrino_acqua_panna,S. Pellegrino & Acqua Panna,https://www.camilaspatisserie.com/
sabahmillaresod,"Saba H. Millares, OD",
sabor_latino_cubano_criollo,Sabor Latino Cubano Criollo,https://saborlatinocubano.com/
sabor_tropical_supermarket,Sabor Tropical Supermarket,https://sabortropical.net/
sachascafe,Sacha's Cafe,
safelite_autoglass,Safelite AutoGlass,https://www.safelite.com/stores/Dade
saintalbansdaynursery,Saint Alban's Day Nursery,
saintalbansdaynurserymainbranch,Saint Albans Day Nursery - Main Branch,
saintalbansdaynurserynumber3,Saint Albans Day Nursery Number 3,
saint_athanasios_greek_orthodox_church,Saint Athanasios Greek Orthodox Church,http://www.stgmiami.org/
saint_augustine_church,Saint Augustine Church,http://www.saintaugustinechurch.org/
saint_basil_catholic_church_byzantine_rite,Saint Basil Catholic Church Byzantine Rite,https://stbasilbyzantinecatholicchurch.org/
saintbrendanhighschool,Saint Brendan High School,
sainthughchurchandschool,Saint Hugh Church and School,
sainthughschool,Saint Hugh School,
saint_james_church,Saint James Church,
saintkevatholicschool,Saint Kevin Catholic School,
saint_marks_lutheran_church,Saint Mark's Lutheran Church,https://www.stmarkslutherancoralgables.org/
saintmatthewslutheranschool,Saint Matthew's Lutheran School,
saint_peters_lutheran_church,Saint Peters Lutheran Church,https://www.sppmiami.org/CatholicChurch.php?
saintphilipsepiscolschool,Saint Philips Episcopal School,
saintstephensepiscolschool,Saint Stephen's Episcopal School,
saintstephensschool,Saint Stephens School,
saint_thomas_episcopal_church,Saint Thomas Episcopal Church,https://www.stepsmia.org/st-thomas-episcopal-church
saintthomastheapostleschool,Saint Thomas the Apostle School,
sakuragablesjaneserestaurant,Sakura Gables Japanese Restaurant,
salonsbyjccoralgablesonmiraclemile,Salons by JC Coral Gables on Miracle Mile,https://salonsbyjc.com/location/florida-coral-gables/
salty_donut,Salty Donut,https://www.saltydonut.com/
salumeria_104,Salumeria 104,https://salumeria104.com
salumeria104coralgables,Salumeria 104 - Coral Gables,https://www.salumeria104.com/
salvahalelaw,"Salva Hale Law, P.A.",https://www.salvalawfirm.com/
salvadore_park_tennis_center,Salvadore Park Tennis Center,https://www.coralgables.com/department/community-recreation/fitness-athletics/tennis/salvadore-park-tennis-center
samicutz,Samicutz,
san_juan_motel,San Juan Motel,
sanlazarojewelry,San Lazaro Jewelry,http://www.sanlazarojewelry.com/
san_lorenzo_gelato_and_pastry,San Lorenzo Gelato and Pastry,https://sanlorenzogelato.com
sanctuary_of_the_arts,Sanctuary of the Arts,https://sanctuaryofthearts.org
sands_investments,Sands Investments,
sardinalaworateimmigrationlawyers,Sardina Law Corporate/Immigration Lawyers,https://www.sardinalawoffices.com/
sartori_amici_my_grooms_room,Sartori Amici / My Grooms Room,https://mygroomsroom.com
sb_architects,SB Architects,https://sbarchitects.com
scheckner_hetenyi_pl,"Scheckner & Hetenyi, PL",https://cpash.com
schoolhouse,School House,
school_of_architecture,School of Architecture,https://www.arc.miami.edu/
school_of_communications,School of Communications,https://com.miami.edu/
school_of_education_and_human_development,School of Education and Human Development,https://www.edu.miami.edu/
school_of_nursing_and_health_studies,School of Nursing and Health Studies,https://www.sonhs.miami.edu/
school_of_rock,School of Rock,https://www.schoolofrock.com/locations/coralgables
schwartz_center_for_athletic_excellence,Schwartz Center for Athletic Excellence,
seagrill,Sea Grill,
seacoast_bank,Seacoast Bank,https://seacoastbank.com
seacoast_construction_inc,Seacoast Construction Inc.,https://seacoastconstruction.net
sears,Sears,https://searsmiami.com/
seasons52,Seasons 52,https://seasons52.com
sebastians_cafe,Sebastian's Cafe,https://newmanalumnicenter.miami.edu/about-2/sebastians-cafe/
secured_debt_investments,Secured Debt Investments,
sedanos,Sedano's,https://sedanos.com/stores/
seedsofhopebehavioralhealth,Seeds of Hope Behavioral Health,
selectphysicaltherapycoconutgrove,Select Physical Therapy - Coconut Grove,
selemmedicalcenteroration,Selem Medical Center Corporation,
semillitas,Semillitas,http://www.citybeautiful.net/
seminole_hard_rock_hotel_casino_hollywood,Seminole Hard Rock Hotel & Casino Hollywood,https://casino.hardrock.com/hollywood
semper,Semper,https://www.semperlaser.com/
senior_living,Senior Living,https://belmontvillage.com
ser_associates_pllc,"Ser & Associates, PLLC",https://serassociates.com
seraphic_fire,Seraphic Fire,https://seraphicfire.org
serenityscoralgables,Serenity Spa Coral Gables,
sergios,Sergio's,
sergios_restaurant,Sergio's Restaurant,https://sergios.com
serpguru,SerpGuru,https://serpguru.io/
serranoassociatesrealestateestelaserranobroker,"Serrano & Associates Real Estate LLC - Estela Serrano, Broker.",http://www.serranoandassociates.com/
service_keepers,Service Keepers,https://servicekeepers.com
servproofwynwood,SERVPRO of Wynwood,
sexy_fish_miami,Sexy Fish Miami,https://sexyfishmiami.com
sfrphysicaltherapysouthmiami,SFR PHYSICAL THERAPY SOUTH MIAMI,http://miamiphysicaltherapy.com/
shadow_wagyu,Shadow Wagyu,https://shadowwagyu.com
shah_of_kebab,Shah of Kebab,https://eatkabob.com/shahssouthmiami?utm_source=google
shake_shack,Shake Shack,https://www.shakeshack.com/location/coral-gables-fl?utm_source=google&utm_medium=listing
shakeshackcoralgables,Shake Shack Coral Gables,https://www.shakeshack.com/location/coral-gables-fl?utm_source=google&utm_medium=listing
shalala_student_center,Shalala Student Center,http://www.miami.edu/sa/index.php/student_center_complex/student_center_complex/
sharff_wittmer_kurtz_jackson_diaz_pa,"Sharff, Wittmer, Kurtz, Jackson, & Diaz, P.A.",https://swkjcpa.com
shell,Shell,https://find.shell.com/us/fuel/10008583-1492-s-dixie-hwy/en_US
shell_lumber_and_hardware,Shell Lumber and Hardware,https://www.shelllumber.com/
shelton_and_stewart_realtors_llc,"Shelton and Stewart Realtors, LLC",https://teresheltonbernace.com
shingo,SHINGO,https://shingomiami.com
shiso_miami,Shiso Miami,https://shisomiami.com
shoporigen,Shop Origen,https://shop-origen.com
shopping_malls,Shopping Malls,https://shopsatmerrickpark.com
shopsatmerrickrk,Shops at Merrick Park,https://shopsatmerrickpark.com
show_tech_inc,Show Tech Inc.,https://showtechinc.com
shutts_bowen_llp,"Shutts & Bowen, LLP",https://shutts.com
siboney,Siboney,
sierrafurniture,Sierra Furniture,https://sierrafurnituremiami.com/
silva__silva_pa,"Silva & Silva, P.A.",https://silvasilva.com/
silvaarchitects,Silva Architects,
silverbluffanimalclinic,Silver Bluff Animal Clinic,http://www.silverbluffanimalclinic.com/
silverbluffschool,Silver Bluff School,
silverdragonstore,Silver Dragon Store,
silver_mirror_facial_bar,Silver Mirror Facial Bar,https://silvermirror.com/locations/coralgables
se1973licensedinsuredlandscapingbygeorge,"Since 1973, licensed & insured Landscaping by George",https://landscapingbygeorge-fl.com
se198135yearsexperiencelandscapingbysteveblaum,"Since 1981, 35+ years experience Landscaping by Steve Blaum",https://blaumlandscaping.com
se200430yearsexperienceoceansideconstructionremodeling,"Since 2004, 30+ years experience Oceanside Construction & Remodeling",
se2012nocontracticscreativeagency,"Since 2012, no contract ICS Creative Agency",https://icscreativeagency.com
sipsip_rum_bar,Sipsip Rum Bar,https://www.mayfairhousemiami.com/dining/sipsip/
sir_speedy,Sir Speedy,https://sirspeedy.com
siren_in_the_clouds_ca_1965,"Siren in the Clouds, ca. 1965",https://inthecloudsspa.net/
sirianniinsurance,Sirianni Insurance Corp.,https://www.sirianniinsurance.com/
skilled_nursing__rehabilitation_center,Skilled Nursing & Rehabilitation Center,https://rivierahealthresort.com
skinassociatesofsouthflorida,Skin Associates of South Florida,
skin_local,Skin Local,https://theskinlocal.com
skin_studio_by_doctors_daughter,Skin Studio By Doctor's Daughter,https://skinstudiodd.com
skinnylouie,Skinny Louie,https://www.skinnylouie.com/louiespot/southmiami
skyycounseling,Skyy Counseling,http://skyycounseling.com/
smallworldchristiandaycarecenter,Small World Christian Day Care Center,
smashinteractiveagencydigitalmarketingagencymiami,Smash Interactive Agency | Digital Marketing Agency Miami,
smash_pixel_studio,Smash Pixel Studio,https://smashpixelstudio.com
smgq_law,SMGQ Law,https://smgqlaw.com
smiles_sonrisas,Smiles & Sonrisas,https://smilesinmiami.com
smith_wollensky_restaurant,Smith & Wollensky Restaurant,https://smithandwollensky.com
smooth_sailing_of_miami,Smooth Sailing of Miami,https://smoothsailingmiami.com
smoothie_king,Smoothie King,https://smoothieking.com
snapcrack_chiropractic_vitamin_infusion,SnapCrack Chiropractic & Vitamin Infusion,https://snapcrack.com
snapcrack29dollarchiropractic,SnapCrack | 29 Dollar Chiropractic,
snapcrack99dollarivdrip,SnapCrack | 99 Dollar IV Drip,
snapper_creek,Snapper Creek,https://vcahospitals.com/knowles-snapper-creek?utm_source=maps&utm_medium=organic&utm_campaign=AU_4071
sndwch_sunset,SNDWCH Sunset,https://sndwchmiami.com
socal_cantina,Socal Cantina,https://dineoncampus.com/miami/
soccer,Soccer,https://abrahamfoundation.com
social_bus_company,Social Bus Company,https://socialbuscompany.com
social_security_administration,Social Security Administration,https://www.ssa.gov/
societycleanersdrycleaningcomny,Society Cleaners - Dry Cleaning Company,
soffer_indoor_practice_facility,Soffer Indoor Practice Facility,
sofia_coral_gables_a_luxury_rental_community,"Sofia Coral Gables, a Luxury Rental Community",https://sofiacoralgables.com
solstylehairandbeautysalon,Sol & Style Hair and Beauty Salon,http://www.solandstyle.com/
sol_kiss_escapes,Sol Kiss Escapes,https://solkissescapes.com
solefly,SoleFly,https://www.solefly.com/
soles_inc,Soles Inc,
solid_title_company,Solid Title Company,http://www.cgtitle.com/
solvedpuzzle,Solved Puzzle,
solvo_global,Solvo Global,https://solvoglobal.com
somi_bike,SoMi Bike,http://www.somibike.com/
sonesta_miami_airport,Sonesta Miami Airport,https://sonesta.com
south_dade_christian_church,South Dade Christian Church,https://www.cccgables.org/
south_dixie_ace_hardware,South Dixie Ace Hardware,https://www.acehardware.com/store-details/16671
south_florida_afterschool_allstars,South Florida AfterSchool AllStars,https://sfasas.org
southfloridadermatologyvitorweinmanmdfaad,"South Florida Dermatology: Vitor Weinman, MD, FAAD",
southfloridainsurancebrokersmedicarespecialists,South Florida Insurance Brokers - Medicare Specialists,https://sfib.net/
south_florida_integrative_medicine,South Florida Integrative Medicine,https://southfloridaintegrativemed.com
southfloridalawp,"South Florida Law, PLLC",http://www.southfloridalawpllc.com/
south_florida_pbs,South Florida PBS,https://southfloridapbs.org
south_florida_pumpkin_porches,South Florida Pumpkin Porches,https://southfloridapumpkinporches.com
south_gables_dental,South Gables Dental,https://southgablesdental.com/
south_miami_car_accident_lawyer_group,South Miami Car Accident Lawyer Group,http://caraccident.the-company-lawyer.com/south-miami-fl
south_miami_family_dental,South Miami Family Dental,https://www.tmjdentalconsultants.com/
southmiamiheadstart,South Miami Head Start,
southmiamihospitalchildcarecenter,South Miami Hospital Child Care Center,
southmiamijewelerswatch,South Miami Jewelers & Watch,http://www.southmiamijewelers.net/
southmiamik8center,South Miami K-8 Center,
southmiamilutheranschool,South Miami Lutheran School,
southmiamimiddleschool,South Miami Middle School,
southmiamiphysicaltherapyandpilates,South Miami Physical Therapy and Pilates,
southmiamiseniorhighschool,South Miami Senior High School,
southmiamisportsmedicine,South Miami Sports Medicine,
southstate_bank,SouthState Bank,https://southstatebank.com
soy_delicious_inc,Soy Delicious Inc.,https://soydelicious.com
sbarmiami,Spa Bar Miami,
scagnaitalianhairdesign,Spacagna Italian Hair Design,https://spacagna.com
space_coast_credit_union,Space Coast Credit Union,https://sccu.com
snishchurchofgod,Spanish Church of God Inc,
specificgravity,Specific Gravity,
speech_and_swallowing_continuum,Speech and Swallowing Continuum,https://speechswallowing.com
speranzanailsboutiquecoralgables,Speranza Nails Boutique - Coral Gables,
sports_grill,Sports Grill,https://sportsgrill.com/
sportsnl_maurice_ouderland,SportsNL / Maurice Ouderland,https://sportsnlen.com
spotlightmiami,Spotlight Miami,
spoton,SpotOn,https://spoton.com
spritz,Spritz,http://www.lucamiami.com/
sprouts_farmers_market,Sprouts Farmers Market,https://www.sprouts.com/store/fl/coconut-grove/miami-27th-ave/
spyworld,Spy World,
sra_martinez,Sra. Martinez,https://sramartinezmiami.com
stgeorgeantiochianorthodoxcathedral,St George Antiochian Orthodox Cathedral,
stjamesevangelicallutheran,St James Evangelical Lutheran,
straymondofpeafortcatholicchurch,St Raymond of Peñafort Catholic Church,
sttheresaconvent,St Theresa Convent,
staugustinechurchcatholicstudentcenterattheuniversityofmiami,St. Augustine Church & Catholic Student Center at the University of Miami,
st_philips_episcopal_church_school,St. Philip's Episcopal Church & School,https://saintphilips.net
st_theresa_catholic_school,St. Theresa Catholic School,https://stscg.org
stantec,Stantec,
starautoservices,Star Auto Services Inc,
starbucks,Starbucks,https://www.starbucks.com/store-locator/store/1018110/292-miracle-mile-292-miracle-mile-coral-gables-fl-331345908-us
starfishholisticlearning,Starfish Holistic Learning,
state_farm,State Farm,https://www.kitsiagaines.com/
stealthmediamarketing,Stealth Media Marketing,
steinbauer_associates_inc,Steinbauer Associates Inc.,https://steinbauer.com
steingergreenefeiner,"Steinger, Greene & Feiner",
stellatribecahome,Stella Tribeca Home,
stellaritsolutions,Stellar IT Solutions,
stellarsynergy,Stellar Synergy,https://stellar-synergy.com
stemree_of_coral_gables,Stemree of Coral Gables,https://stemtree.com/coralgables
stephan_baker_md_facs,Stephan Baker MD FACS,https://www.drbaker.com/
stephan_baker_md,"Stephan Baker, MD",https://drbaker.com
strada_in_the_grove,Strada in the Grove,https://www.stradainthegrove.com/
straight_2_u_solution_services,Straight 2 U Solution Services,https://s2usolutionservice.com
stretchzone,Stretch Zone,https://stretchzone.com
stretch_zone_coral_gables,Stretch Zone Coral Gables,https://stretchzone.com/locations/coralgables
student_center_complex_information_desk,Student Center Complex Information Desk,http://www.miami.edu/SCC
studio_hd,Studio HD,https://hollyedavidson.com
study_lounge,Study Lounge,https://groucommunity.com/
subzeroreirservices,Sub-Zero Repair Services,
subway,Subway,https://restaurants.subway.com/united-states/fl/miami/4819-sw-8th-street
succeedwithloveloveshiddenpolicycoralgables,Succeed with Love - Loves Hidden Policy - Coral Gables,https://loveshiddenpolicy.com/couples-therapy-coral-gables/
summer_of_success,Summer Of Success,https://summerofsuccess.org
sunflowers_academy,Sunflowers Academy,
suniland_academy,Suniland Academy,http://www.somersetgables.com/
sunny_side_motel,Sunny Side Motel,
sunrise_senior_living,Sunrise Senior Living,https://sunriseseniorliving.com
sunsetelementaryschool,Sunset Elementary School,
sunsetinsuranceoration,Sunset Insurance Corporation,https://www.sunsetins.net/
sunset_preparatory_school,Sunset Preparatory School,
sunshineforall,Sunshine For All,
sunstate_bank,Sunstate Bank,https://www.sunstatefl.com/about-us/location-details.html?id=11100&location-information=west-miami-5722-sw-8th-street--west-miami-fl-33144
sunstateinsurancegroup,"Sunstate Insurance Group, Inc.",
super_insurance_group,Super Insurance Group,https://www.sisuper.com/
supercuts,Supercuts,https://www.supercuts.com/locations/fl/coconut-grove/dixie-highway-shopping-haircuts-82780.html
suraia_patricia_interiors,Suraia Patricia Interiors,https://suraiapatriciainteriors.com
surynailart,Sury Nail Art,
sushi_by_scratch_restaurant,Sushi by Scratch Restaurant,https://www.exploretock.com/sushi-by-scratch-restaurants-miami/
sushi_garage_cocowalk,Sushi Garage Cocowalk,https://www.sushigarage.com/
sushi_kong,Sushi KONG,https://www.sushikong.com/
sushi_maki,Sushi Maki,https://sushimaki.com
sushi_sake,Sushi Sake,https://www.sushisakemiami.com/
suvayoga,Suvayoga,
sweat440coralgables,SWEAT440 Coral Gables,https://sweat440.com
sweat440fitnessgables,SWEAT440 Fitness Gables,https://sweat440.com/gyms/florida/coral-gables-33146/?utm_source=GMB&utm_medium=organic&utm_campaign=coral+gables
sweet_art_by_lucila_bird_road,"Sweet Art by Lucila, Bird Road",https://www.lucilacakesmiami.com/
sweet_dogs,Sweet Dogs,http://www.sweetdogs.net
sweetmanifestocoralgables,Sweet Manifesto Coral Gables,
sweetriscreperieandcaf,Sweet Paris Creperie and Cafe,
swensens,Swensen's,https://www.swensensicecream.com/
sykes_printing,Sykes Printing,https://sykesprinting.com
sylvaniaheightselementaryschool,Sylvania Heights Elementary School,
symbits,Symbits Inc,
symmetry_it,Symmetry IT,https://symmetrytech.com
synchroteam,Synchroteam,
synergyworkssolutionsmobileappdevelopmentflorida,SynergyWorks Solutions: Mobile App Development Florida,
synovus_bank,Synovus Bank,https://synovus.com
tmobile,T-Mobile,https://www.t-mobile.com/stores/bd/t-mobile-miami-fl-33155-1501
taco_bell,Taco Bell,https://locations.tacobell.com/fl/miami/2375-sw-8th-street.html
taco_rico_tex_mex_cafe,Taco Rico Tex Mex Cafe,https://links.culinarycloud.co/taco-rico-coral-gables
talavera_cocina_mexicana,Talavera Cocina Mexicana,https://talaveracocinamexicana.com
tamiami_baptist_church,Tamiami Baptist Church,https://www.tamiamibc.org/
tap_42_craft_kitchen__bar__coral_gables,Tap 42 Craft Kitchen & Bar - Coral Gables,https://tap42.com/locations/coral-gables/
target,Target,https://www.target.com/sl/dadeland/1039
tastigokitchen,TastiGo Kitchen,
taudrey,Taudrey,
tax_collectors_office_miami_dade_county,Tax Collectors Office Miami Dade County,https://mdctaxcollector.gov
taylordaycarecenter,Taylor Day Care Center,
tb_media_group,TB Media Group,https://tbmediagroup.com
tcby,TCBY,https://www.tcby.com/find-a-store/
td_bank,TD Bank,https://tdbank.com
tdbankcoralgablesmiraclemile,TD Bank Coral Gables Miracle Mile,https://td.com
tdwealth,TD Wealth,
teamlogicit,TeamLogic IT,
teamlogic_it_west_miami,TeamLogic IT West Miami,https://teamlogicit.com
teatro_trail,Teatro Trail,http://www.teatrotrail.com/
technologycoastrtners,Technology Coast Partners LLC,
temple_judea,Temple Judea,https://www.judeagables.org/
tequila_sunrise,Tequila Sunrise,https://www.sunriseseniorliving.com/communities/fl/sunrise-of-coral-gables?utm_source=directory_listings&utm_medium=clicks&utm_campaign=google
terracivilengineering,Terra Civil Engineering,
terrabank,Terrabank,https://terrabank.com
terranova_corp,Terranova Corp,http://www.terranovacorp.com/
terrazzo_granitech_usa,Terrazzo Granitech USA,https://terrazzousa.com
tesla_coral_gables,Tesla Coral Gables,https://www.tesla.com/findus/location/store/coralgables
tesla_supercharger,Tesla Supercharger,https://www.tesla.com/findus/location/supercharger/miami24thsupercharger
ttette,Tete- -Tete,https://www.babettemiami.com/
tetrahelix_and_son,Tetrahelix and Son,https://www.crateandbarrel.com/stores/coral-gables/str814?utm_source=gmb&utm_medium=organic_search
thailand_trade_office_miami,Thailand Trade Office Miami,https://thaitrade.com
the_allen_morris_company,The Allen Morris Company,https://allenmorris.com
the_americas_collection,The Americas Collection,https://americascollection.com
theamericascollectionartgalleryframeshop,The Americas Collection Art Gallery & Frame Shop,https://americascollection.com/
theangelsplacedaycarecenter,The Angels Place Day Care Center,
the_asian_kitchen,The Asian Kitchen,http://ordertheasiankitchen.com/
the_bar,The Bar,http://www.gablesthebar.com/
the_big_cheese,The Big Cheese,https://www.bigcheesemiami.com/
the_biltmore_bar,The Biltmore Bar,https://biltmorehotel.com/coral-gables-dining/biltmore-bar/?utm_source=google&utm_medium=organic&utm_campaign=gmb-listing
the_biltmore_hotel,The Biltmore Hotel,https://biltmorehotel.com
thebiltmorehotelfitnesscenter,The Biltmore Hotel Fitness Center,
the_biltmore_school,The Biltmore School,https://biltmoreschool.com
thebiltmoresmiami,The Biltmore Spa Miami,
the_blow_and_glow_bar_by_mlo,The Blow And Glow Bar By Mlo,https://blow-and-glow-bar.square.site/
the_board_miami,The Board Miami,https://theboardmiami.com
thebrandcollective,The Brand Collective,https://wearebrandcollective.com/
the_brandon_company,The Brandon Company,https://rabrandoninsurance.com/
thecafatbooksbooks,The Café at Books & Books,
the_calta_group,The Calta Group,https://thecaltagroup.com
the_car_wash,The Car Wash,https://elcarwash.com/fl/car-wash-in-coral-gables/
the_cheesecake_factory,The Cheesecake Factory,https://locations.thecheesecakefactory.com/
the_clearwater_project,The Clearwater Project,https://theclearwaterproject.net
the_closet_boutique,The Closet Boutique,https://theclosetboutique.co/
the_collab,The Collab,https://thecollabmiami.com
the_collection,The Collection,https://thecollection.com
thecollectionalfaromeo,THE COLLECTION Alfa Romeo,
thecollectionastonmartin,The Collection Aston Martin,
thecollectionferrari,The Collection Ferrari,
thecollectionporsche,THE COLLECTION Porsche,
the_combined_group_corp,The Combined Group Corp.,https://thecombinedgroup.com
thecoredancecenter,The Core Dance Center,
the_corner_deli,The Corner Deli,
thecutvipbarberlounge,The Cut - Vip Barber Lounge,
thedazzlenailsboutique,The Dazzle Nails Boutique,
the_deck_at_island_gardens,The Deck At Island Gardens,https://islandgardens.com/thedeck
thedentalstudiomiami,The Dental Studio Miami,
the_drip_bar,The Drip Bar,https://www.thedripbar.com/south-miami-sunset-drive/?utm_source=south-miami-fl-google-listing&utm_medium=organic&utm_campaign=profile-link
thedrycleaningfactory,THE DRYCLEANING FACTORY,
the_education_fund,The Education Fund,https://educationfund.org
theemnadassouthmiami,The Empanada's South Miami,
the_english_center,The English Center,https://tecmiami.com
the_everglades_foundation,The Everglades Foundation,https://evergladesfoundation.org
theeyeproject,The Eye Project,https://theeyeproject.com/
thefamilymedicalgroupcoralgables,The Family Medical Group Coral Gables,https://thefamilymedgroup.com
thefarberlawfirm,The Farber Law Firm,https://thegfirm.com/
the_flanagan_law_firm_pa,"The Flanagan Law Firm, P.A.",
thefloridadivorcecriminaldefenselawyerscoralgables,The Florida Divorce & Criminal Defense Lawyers - Coral Gables,https://thepathtojustice.com/?utm_source=GBP&utm_medium=organic&utm_campaign=Coral_Gables
the_franchise_tailor,The Franchise Tailor,https://thefranchisetailor.com
the_fresh_market,The Fresh Market,https://www.thefreshmarket.com/my-market/store/2640south-bayshore-coconut-grove
thegablesshop,The Gables Shop,
theglobe,The Globe,
thegoldentriangle,The Golden Triangle,
the_great_miami_lgbtq_chamber_of_commerce,The Great Miami LGBTQ Chamber of Commerce,https://gogaymiami.com
the_grove_spot,The Grove Spot,https://thespotbarbershop.com/locations/coconut-grove/
thegrowingplacedaycarecenter,The Growing Place Day Care Center,
the_hache_law_firm,The Hache Law Firm,https://thehachelawfirm.com
the_halal_shack,The Halal Shack,https://www.thehalalshack.com/
thehealingbalmholisticwellnesss,The Healing Balm Holistic Wellness Spa,
the_hollywood_donut_factory,The Hollywood Donut Factory,http://www.thehollywooddonutfactory.com/
the_home_depot,The Home Depot,https://www.homedepot.com/l/Coconut-Grove/FL/Miami/33133/6856
theinternationalseakeeperssociety,The International SeaKeepers Society,
the_irving_korach_architecture_gallery,The Irving Korach Architecture Gallery,
the_launch_pad,The Launch Pad,https://www.thelaunchpad.org/
thelawofficeofmattheweladd,The Law Office of Matthew E. Ladd,https://www.mllawmiami.com/
thelawofficeofscottaferris,"The Law Office of Scott A. Ferris, P.A.",
thelawofficesofanidjarlevine,The Law Offices of Anidjar & Levine,https://www.anidjarlevine.com/miami-personal-injury-lawyer/?utm_source=google&utm_medium=organic&utm_campaign=gbp-listing-coral-gables
thelearninggardendaycarecenter,The Learning Garden Day Care Center,
the_lennar_foundation_medical_center,The Lennar Foundation Medical Center,https://umiamihealth.org/en/locations/the-lennar-foundation-medical-center
thelouiscollection,The Louis Collection,http://www.thecollection.com/
themanegroupsalon,THE MANE GROUP SALON,http://www.tmgsalons.com/
the_market,The Market,https://www.shopsatmerrickpark.com/en.html
the_market_at_village,The Market at Village,https://www.shopsatmerrickpark.com/en.html
the_marks_development_company,The Marks Development Company,http://eigfl.com/
the_mazzei_group_inc,The Mazzei Group Inc.,https://mazzeirealty.com
themcgilllawfirm,The McGill Law Firm,https://www.mcgilllegal.com/
themensroombarbershop,The Men’s Room Barbershop,
themiamichiropractor,The Miami Chiropractor,
the_miami_guide_ocean_sky_media_llc,"The Miami Guide  Ocean Sky Media, LLC",https://themiamiguide.com
the_miamidade_beacon_council,The MiamiDade Beacon Council,https://beaconcouncil.com
the_molieri_group,The Molieri Group,https://molierigroupcpa.com
the_monica_betancourt_group_berkshire_hathaway_homeservices_,The Monica Betancourt Group @ Berkshire Hathaway HomeServices EWM Realty,https://monicabetancourt.com
the_moore,The Moore,https://mooremiami.com
the_morgan_law_group,The Morgan Law Group,https://policyadvocate.com
themunchbypumpmunch,The Munch by Pump & Munch,
the_mutiny_hotel,The Mutiny Hotel,https://www.providentresorts.com/the-mutiny-hotel-coconut-grove-miami?utm_source=local&utm_campaign=gmb&utm_medium=organic
themutinyhotelbyprovidenthotelsresorts,The Mutiny Hotel by Provident Hotels & Resorts,https://www.providentresorts.com/the-mutiny-hotel-coconut-grove-miami/?utm_source=local&utm_campaign=gmb&utm_medium=organic
thenailbar,The Nail Bar,
the_nest,The Nest,https://www.nesteateryboca.com/
thenewyorkpubliclibraryshop,The New York Public Library Shop,
the_nicolas_group_compass,The Nicolas Group / Compass,https://compass.com/agents/miami/angelnicolas
the_ois_group,The OIS Group,https://theoisgroup.com
the_opera_atelier,The Opera Atelier,https://theoperaatelier.org
the_palace_coral_gables,The Palace Coral Gables,https://palacecoralgables.com
the_pawar_corporation,The Pawar Corporation,
thepeacemaker,The Peacemaker,
theplayhouseandbiltmoreschool,The Playhouse and Biltmore School,
the_plaza_coral_gablesjll,The Plaza Coral Gables/JLL,https://theplazacoralgables.com
the_plump_room,The Plump Room,http://theplumproommiami.com/?utm_source=google&utm_medium=organic&utm_campaign=gbp
the_popok_firm,The Popok Firm,https://thepopokfirm.com
thepsychologyteamofsouthflorida,"The Psychology Team of South Florida, P.A.",
the_reserve_at_the_plaza,The Reserve at The Plaza,https://thereserveattheplaza.com
the_residences_at_merrick_park,The Residences at Merrick Park,https://residencesatmerrickpark.com
theretailoutsource,The Retail Outsource,
the_ritz_carlton_of_coconut_grove_miami,"The Ritz Carlton of Coconut Grove, Miami",https://ritzcarlton/coconutgrove.com
the_ritzcarlton_coconut_grove_miami,"The Ritz-Carlton Coconut Grove, Miami",https://www.ritzcarlton.com/en/hotels/miarz-the-ritz-carlton-coconut-grove-miami/overview/?scid=f2ae0541-1279-4f24-b197-a979c79310b0
the_rose_tree_cottage,The Rose Tree Cottage,https://rosetreecottage.com
therosetreecottageinteriordesignfinegiftshomeaccessories,"The Rose Tree Cottage | Interior Design, Fine Gifts & Home Accessories",
thesaadelawfirm,The Saade Law Firm,https://saadelaw.com
thesanchezteamcoralgablesrealestateagentsdouglaselliman,The Sanchez Team – Coral Gables Real Estate Agents | Douglas Elliman,
thesatloewscoralgables,The Spa at Loews Coral Gables,
thespotbarbershopcoralway,The Spot Barbershop - Coral Way,
thespotbarbershopmerrickrk,The Spot Barbershop - Merrick Park,
thespotbarbershopponce,The Spot Barbershop - Ponce,
the_u_statue,The U Statue,http://www.miami.edu/sa/index.php/student_center_complex/
the_ups_store,The UPS Store,https://locations.theupsstore.com/fl/coral-gables/1825-ponce-de-leon-blvd?utm_source=Yext&utm_medium=organic&utm_campaign=Listings
the_village_at_coral_gables,The Village at Coral Gables,https://thevillageatcoralgables.com
the_vitamin_shoppe,The Vitamin Shoppe,https://locations.vitaminshoppe.com/fl/miami/vitamins-supplements-miami-fl-481.html
thewellgroomedgentlemanbarbershop,The Well Groomed Gentleman - Barbershop,
thewinwoman,The Win Woman,https://thewinwoman.com
the_womens_fund_miami_dade,The Women's Fund Miami Dade,https://womensfundmiami.org
the_wow_center,The WOW Center,https://wowcentermiami.org
thegenielab_llc,"TheGenieLab, LLC",https://thegenielab.com
themeit_inc,ThemeIT Inc.,https://themeitevents.com
thesis_hotel_miami,THesis Hotel Miami,https://thesishotelmiami.com
thesishotelmiamicoralgables,Thesis Hotel Miami Coral Gables,
thesis_hotel_miami_coral_gables_curio_collection_by_hilton,"THesis Hotel Miami Coral Gables, Curio Collection by Hilton",https://thesishotelmiami.com
thomas_f_daly_loggia,Thomas F. Daly Loggia,http://www.miami.edu/
thomaskeanefinancial,Thomas Keane Financial,
thorn,Thorn,http://thorn.xyz/
threefoldcafe,Threefold Cafe,
thriveyogamiami,Thrive Yoga Miami,
tiffanyco,Tiffany & Co.,
tijon_miami,Tijon Miami,https://tijonmiami.com
tintin,Tin Tin,https://www.tintinmiami.co/
tinainthegables,Tina in the Gables,
tintaycafe,Tinta y Cafe,https://tintaycafe.co
tintaycafecoralgables,Tinta Y Cafe - Coral Gables,
tire_kingdom,Tire Kingdom,https://www.tirekingdom.com/store/6076/miami-fl-33135-4620
tireskingofmiami2,Tires King of Miami 2,
tiresplus,Tires Plus,
titanicbreweryrestaurant,Titanic Brewery & Restaurant,
titanic_restaurant_and_brewery,Titanic Restaurant and Brewery,https://www.titanicbrewery.com/
title_union_llc,"Title Union, LLC",https://titleunion.com
tlcanimalclinici,TLC Animal Clinic I,
togetherforkidsusa,Together for kids USA,
tom_thumb,Tom Thumb,https://www.mytomthumb.com/
tomaheads,Toma Head Spa,
tonysvehiclesolutions,Tony’s Vehicle Solutions,
tornapradofineartcollect,Torna Prado Fine Art Collect,
torreconstructiondevelopment,Torre Construction & Development,
toskasfacialbar,Toska Spa & Facial Bar,https://toskaspa.com
total_wine,Total Wine,https://www.totalwine.com/store-info/936
totalwinemore,Total Wine & More,
touzetstudioarchitectureinteriordesign,Touzet Studio Architecture & Interior Design,
towerznailsscoralgables,Towerz Nails & Spa Coral Gables,
toy_drive_n_events_inc,Toy Drive 'N Events Inc.,https://toydriveandevents.com
tpe_coaching_consulting,TPE Coaching & Consulting,https://tpecoaching.com
trader_joes,Trader Joe's,https://locations.traderjoes.com/fl/coral-gables/781/
trafficlawfirm,Traffic Law Firm,
trail_animal_hospital,Trail Animal Hospital,https://www.trailanimalhospital.com/
trailtotheworlddaycarenursery,Trail to the World Day Care Nursery,
transforma_translation_services,TransForma Translation Services,https://transformaonline.com
travel_by_design_inc,Travel by Design Inc.,https://travelsbydesign.net
trax,Trax,
tremble,TREMBLE,http://makeittremble.com/
tremgrouprealestatemarketingagency,TREMGroup | Real Estate Marketing Agency,
tresor,TRESOR,https://tresorcollection.com
trias_flowers__gifts,Trias Flowers & Gifts,https://www.triasflowers.com/?utm_source=google&utm_medium=organic&utm_campaign=gmb
trinity_construction_group,Trinity Construction Group,https://trinitygoc.com
tropical_audubon_society,Tropical Audubon Society,http://www.tropicalaudubon.org/
tropicalusedcars,Tropical Used Cars,
truffle_temptations,Truffle Temptations,https://thetruffletemptations.com
trufusioncoralgables,TruFusion Coral Gables,https://trufusion.com/coral-gables/
trugman_valuation_associates_inc,Trugman Valuation Associates Inc.,https://trugmanvaluation.com
truist,Truist,https://www.truist.com/branch/fl/coral-gables/33134/201-alhambra-cir-fl-1
trulucks_oceans_finest_seafood_and_crab,Truluck's Oceans Finest Seafood and Crab,https://trulucks.com
trustedelectricalsolutions,Trusted Electrical Solutions,
ttgtalent_solutions,ttg.Talent Solutions,https://usattg.com
tullio,Tullio,http://www.tulliomiami.com/
tullioristoranteitaliano,Tullio Ristorante Italiano,
turbo_workface,Turbo Workface,https://turboworkforce.com
two_sisters_restaurant,Two Sisters Restaurant,https://hyatt.com
uautolease,U Auto Lease,
uhaul,U-Haul,https://www.uhaul.com/Locations/Truck-Rentals-near-Coral-Gables-FL-33134/049471/?utm_source=gmb&utm_medium=primary&utm_campaign=uhaulsmlm&utm_content=049471
us_century_bank,U.S. Century Bank,https://uscentury.com
ubsfinancialservices,UBS Financial Services Inc.,
ues,UES,https://teamues.com
ugas,UGas,http://coral-way-u-gas.edan.io/
uhealth,UHealth,https://uhealthsystem.com
uhealthdermatologycoralgables,UHealth Dermatology Coral Gables,
ultimate_medical_center_spa_llc,"Ultimate Medical Center & Spa, LLC",https://ultimatemdcenters.com
uni_k_wax_of_coral_gables,Uni K Wax of Coral Gables,https://unikwax.com/coralgables
unitedarchitects,United Architects,
united_banking_community,United Banking Community,https://www.ucbi.com/locations/coral-gables-3399-ponce-de-leon-boulevard?utm_source=Yext&utm_medium=location_listing
united_community_bank,United Community Bank,https://ucbi.com
united_way_miami,United Way Miami,https://unitedwaymiami.org
unity,Unity,http://www.unityonthebay.org/
unity_center_of_practical_christianity,Unity Center of Practical Christianity,http://www.unityonthebay.org/
university_baptist_child_development_center,University Baptist Child Development Center,https://baptisthealth.net/locations/rehabilitation-centers/south-miami-hospital-child-development-center?utm_source=yext&utm_medium=google&utm_campaign=listing&y_source=1_MTIwNTAzMTgtNzE1LWxvY2F0aW9uLndlYnNpdGU%3D
university_baptist_church,University Baptist Church,
university_center_information_desk,University Center Information Desk,http://www.miami.edu/
universitychristianchildrenscenter,University Christian Children's Center,
university_christian_church,University Christian Church,http://www.gablesucc.org/
university_credit_union,University Credit Union,https://ucumiami.org
university_of_florida,University of Florida,https://ufl.edu
university_of_miami,University of Miami,https://miami.edu
universityofmiamilennarcenterpharmacy,University of Miami - Lennar Center Pharmacy,https://www.walgreens.com/locator/walgreens-5555+ponce+de+leon+blvd-coral+gables-fl-33146/id=16543
university_of_miami_campus_store,University of Miami Campus Store,https://www.bkstr.com/miamistore/home?cm_mmc=OrganicSearch-_-GoogleMyBusiness-_-Google-_-475
university_of_miami_canterbury_child_care_center,University of Miami Canterbury Child Care Center,https://child-care-preschool.brighthorizons.com/fl/coralgables/umcanterburygables?utm_source=google&utm_medium=organic&utm_campaign=gmb&utm_term=weblink&utm_content=centerwebsite&IMS_SOURCE_SPECIFY=google|organic|gmb|weblink|centerwebsite
university_of_miami_parking_and_transportation_services,University of Miami Parking and Transportation Services,http://www.miami.edu/ref/index.php/parking_and_transportation/
university_of_st_augustine_for_health_sciences,University of St. Augustine for Health Sciences,https://usa.edu
universitypharmacy,University Pharmacy,http://www.university-pharmacy.com/
univision_foundation,Univision Foundation,https://univision.org
univista_insurance,Univista Insurance,https://www.univistainsurance.com/location/univista-insurance-coralgables-fl-33146-1/
upgrade_education_solutions_llc,"UpGrade Education Solutions, LLC",https://UpGradeEducation.org
upperkutz,Upper Kutz LLC,
uptownpsychology,Uptown Psychology,https://uptownpsychologyny.com/locations/florida/
urbanwinesandspirits,Urban Wines and Spirits,
urbanchillacreirscoralgables,UrbanChill AC Repairs Coral Gables,
urbengiftsgadgets,Urben Gifts & Gadgets,
us_health_advisors,US Health Advisors,https://ushealthadvisor.net
usasportstherapycoralgables,USA Sports Therapy Coral Gables,
usaa_realty_company,USAA Realty Company,
usi_insurance_services,USI Insurance Services,https://usi.com
usseryautomotivegroup,Ussery Automotive Group,
uvagallery,UVA Gallery,
uvawinesspirits,Uva Wines & Spirits,
v__v_jewelry,V & V Jewelry,http://www.vnvjewelry.com/
valero,Valero,https://locations.valero.com/en-us/LocationDetails/Index/2200-SW-27TH-AVE/0000012000
valiscoralgables,Vali Spa Coral Gables,
valley_national_bank,Valley National Bank,https://valley.com
van_orsdel_funeral_cremation_services_coral_gables,Van Orsdel Funeral & Cremation Services  Coral Gables,https://vanorsdel.com
vanderbiltavenuewinemerchants,Vanderbilt Avenue Wine Merchants,
vanguardschool,Vanguard School,
vanguardschoolofcoconutgrove,Vanguard School of Coconut Grove,
vanity_point_wellness_llc,"Vanity Point & Wellness, LLC",https://vanitypointwellness.com
vantagecommunications,Vantage Communications,
vapor_shark,Vapor Shark,https://vaporsharkdoral.com/
vca_animal_hospital,VCA Animal Hospital,https://vcahospitals.com/cabrera
velizassociatesanestatelegacyplanningfirm,"Veliz & Associates P.A., an Estate & Legacy Planning Firm",https://velizlaw.com/?utm_source=GBP&utm_medium=GBP&utm_campaign=GBP_Coral%20Gables&utm_id=GBP_Coral%20Gables
venetiannailscoralway,Venetian Nail Spa Coral Way,
venetian_pool,Venetian Pool,https://www.coralgables.com/venetian-pool
venezuelanamerican_chamber_of_commerce,VenezuelanAmerican Chamber of Commerce,https://venezuelanchamber.org
ventanasrestaurantbarlounge,Ventanas Restaurant Bar & Lounge,
venusopticalboutique,Venus Optical Boutique,http://www.venuseyewear.com/
vera_jewelry,Vera Jewelry,https://verajewelry.com/?utm_campaign=location40&utm_content=listing&utm_medium=organic&utm_source=gmb
verdejaalvarez,"Verdeja & Alvarez, LLP",https://va-cpa.com
veridian,Veridian,https://hancockaskew.com
veritran,Veritran,https://veritran.com
verizon,Verizon,https://www.verizon.com/stores/details/florida/coral-gables/coral-gables-201100/?CMP=seo_b_x_vz_gbp_ot_2022_08_website
versailles_bakery,Versailles Bakery,https://www.versaillesbakery.com/home
versailles_restaurant,Versailles Restaurant,https://www.versaillesrestaurant.com/location
vestra_consultants,Vestra Consultants,https://vestraconsultants.com
vicki_lopez_state_representative_hd_113,Vicki Lopez State Representative  HD 113,http://www.citybeautiful.net/
vickybakeryuniversityofmiami,Vicky Bakery University of Miami,
vicky_cafe,Vicky Cafe,https://vickybakery.com/university-of-miami/
victor_e_clarke_recital_hall,Victor E. Clarke Recital Hall,http://www.miami.edu/frost/index.php/frost/facilities/Concert_Halls/weeks_center_recording_performance/victor_e_clarke_recital_hall/
victoriasarmoire,Victoria's Armoire,https://www.victoriasarmoire.net/
vidadentalcoralgables,Vida Dental Coral Gables,https://www.vidadentalcoralgables.com/
videoworks_llc,Videoworks LLC,https://videoworks.miami
vim_wealth_management,VIM Wealth Management,https://vimwealthmanagement.com
vinacomnycs,Vina + Company CPAs,
ve,Vince,
vine_communications_inc,Vine Communications Inc.,https://vinecommunicationsinc.com
vintage_cars_of_florida_llc,"Vintage Cars of Florida, LLC",http://www.miamivintagepropcars.com/?utm_source=google&utm_medium=wix_google_business_profile&utm_campaign=6986583761200508723
vinya_table,Vinya Table,https://vinyawine.com/coralgables
violetas,Violetas,https://violetashomedesign.com
violetaslifestylehome,Violetas Lifestyle & Home,
virginiamillergalleries,Virginia Miller Galleries Inc,http://www.virginiamiller.com/
virtuworks,Virtuworks,https://virtuworks.com
visionunlimitedatsunset,Vision Unlimited at Sunset,https://www.visionunlimited.com/
visionworks,Visionworks,https://locations.visionworks.com/ll/US/FL/Miami/3301-Coral-Way
visionworksmiraclemarketplace,Visionworks Miracle Marketplace,https://locations.visionworks.com/ll/US/FL/Miami/3301-Coral-Way?utm_medium=organic&utm_source=gbp&utm_campaign=website&utm_content=sl&utm_term=340
visiting_angels_miami,Visiting Angels Miami,https://visitingangels.com
vital_imaging_center,Vital Imaging Center,https://vitalimg.com/contacts-brickell-gables-center-2/
vivify,Vivify,http://www.vivifymiami.com/
vivifychiropractic,Vivify Chiropractic,
voices_for_children_foundation_inc,Voices for Children Foundation Inc.,https://beavoice.org
voli_305_vodka,Voli 305 Vodka,https://voli305vodkashop.com
volkswagen,Volkswagen,http://www.deelvolkswagen.com/
volvo_bomnin,Volvo Bomnin,https://www.bomninvolvocarsdadeland.com/?utm_source=google&utm_medium=organic&utm_campaign=google_my_business
vortex_roofing_construction_services,Vortex Roofing & Construction Services,https://vortexroof.com
wagner_montessori_school,Wagner Montessori School,https://gablesmontessori.com/
wahlstrominsuranceassociates,Wahlstrom Insurance Associates,https://wahlstrominsuranceassociates.godaddysites.com/
walgreens,Walgreens,https://www.walgreens.com/locator/walgreens-3655+s+dixie+hwy-miami-fl-33133/id=3784
walgreenspharmacy,Walgreens Pharmacy,https://www.walgreens.com/locator/walgreens-3490+bird+rd-miami-fl-33133/id=10900
walls_old_fashioned_ice_cream,Wall's Old Fashioned Ice Cream,http://www.wallsicecreamfl.com/
walmart_neighborhood_market,Walmart Neighborhood Market,https://www.walmart.com/store/4140-miami-fl
waste_management,Waste Management,https://wm.com
watches_world_llc,Watches World LLC,https://www.watchesworld.com/
wawa,Wawa,https://www.wawa.com/locations/5260?utm_source=gmblisting&utm_medium=organic&utm_campaign=locallisting
waxxedsportscards,Waxxed Sports Cards,
waymo,Waymo,https://waymo.com
we_are_major_llc,"We Are Major, LLC",https://wearemajor.com
weinsurerandymarzullo,We Insure - Randy Marzullo,http://weinsuregroupmiami.com/
wealth_enhancement_group,Wealth Enhancement Group,https://wealthenhancement.com
wedoinsurancetaxes,WeDo Insurance & Taxes,https://www.wedoinsuranceandtaxes.com/
wellnessproteam,Wellness Pro Team,
wells_fargo,Wells Fargo,https://www.wellsfargo.com/locator/bank/900__SW__57TH__AVE_MIAMI_FL_33144/
wendys,Wendy's,https://locations.wendys.com/united-states/fl/miami/6720-sw-8th-street
wernerhoffmangreiggarcia,"Werner, Hoffman, Greig & Garcia",
westelm,west elm,
westendrkpreschool,West End Park Preschool,
westmiamianimalhospital,West Miami Animal Hospital,https://www.westmiamianimalhospital.com/
west_miami_city_hall,West Miami City Hall,http://cityofwestmiami.gov/
west_miami_paint_and_body_shop,West Miami Paint and Body Shop,
weststreetwinespirits,West Street Wine & Spirits,
westar_mart,Westar Mart,http://vapecityusa.com/
westbrookdaycarecenter,Westbrook Day Care Center,
western_union,Western Union,https://location.westernunion.com/us/fl/miami/4652c4ff15ba4ec390c46bf364ee9840
whitesartgallery,White’s Art Gallery,
whole_foods_market,Whole Foods Market,https://www.wholefoodsmarket.com/stores/coralgables
wild_fork_foods,Wild Fork Foods,http://wildforkfoods.com/
williamhamiltonarthurarchitectwhaa,"William Hamilton Arthur Architect, Inc. (WHAA)",
williamsburgtherapygroupbrooklyn,Williamsburg Therapy Group Brooklyn,
williamson_automotive_group,Williamson Automotive Group,https://williamsonautomotivegroup.com
wine_41,Wine 41,https://wine41.com
wingstop,Wingstop,https://www.wingstop.com/location/wingstop-1972-miami-fl-33155/menu?y_source=1_NTUyMDgxNzctNzE1LWxvY2F0aW9uLndlYnNpdGU%3D
winndixie,Winn-Dixie,https://www.winndixie.com/storedetails/miami/fl?search=249
winstongablesinsurance,Winston Gables Insurance Corp,http://www.gableseliteinsurance.com/
wlrn_radio_and_television,WLRN Radio and Television,https://wlrn.org
wolfelawmiami,Wolfe Law Miami,https://www.wolfelawmiami.com/?npcmp=dir:local:3201075:33130
wolfeswineshoppe,Wolfe's WINE Shoppe,
women_for_success_inc,Women for Success Inc.,https://giveforsuccess.org
woodlawn_park_cemetery,Woodlawn Park Cemetery,https://www.dignitymemorial.com/
words_of_life_fellowship_church,Words of Life Fellowship Church,http://www.wordsoflife.com/
worksite,Worksite,https://worksiteemployee.com
worldofchildrendaycarecenter,World of Children Day Care Center,
world_of_smoke__vape__south_miami,World of Smoke & Vape - South Miami,https://worldofsmokenvape.com/
wow_mktg,WOW MKTG,https://wowmktg.com
wragg_casas_strategic_communications,Wragg & Casas Strategic Communications,https://wraggcasas.com
wrk_lab,WRK LAB,https://wrklab.com
wvumfm,WVUM-FM,http://wvum.org/
xandra_marketing,Xandra Marketing,https://xandramarketing.com
xmartpowerelectric,Xmart Power Electric,
yablenvaliente,Yablen Valiente,https://www.yablenvaliente.com/?npcmp=dir:local:3910627:33134
yardhouse,Yard House,
yard_house_coral_gables,Yard House Coral Gables,https://yardhouse.com
yaritzafloresod,"Yaritza Flores, OD",http://www.beraja.com/
yaron_intramural_field,Yaron Intramural Field,
yoga_joint,Yoga Joint,https://yogajoint.com/coralgables
yogajointcoralgables,Yoga Joint Coral Gables,
yolandasgardenschool,Yolanda's Garden School,
youfitgymscoralgables,YouFit Gyms Coral Gables,https://youfit.com
young_skin,Young Skin,https://youngskinmd.com
yourmarketingagency,Your Marketing Agency,
yuly_barbershop_and_mens_grooming,Yuly Barbershop and Men's Grooming,https://www.instagram.com/yulybarbershopandmensgrooming?igsh=bGRkZzljNHF1Nm5j&utm_source=qr
zafar_francuz_company_llc,"Zafar Francuz & Company, LLC",https://zafarcpas.com
zag_creates,ZAG Creates,https://zagcreates.com
zambrano_orthodontics,Zambrano Orthodontics,https://miamidadeorthodontist.com/
zataartgallery,Zapata Art Gallery,http://zapatagallery.com/
zediker_law_firm,Zediker Law Firm,https://zedikerlaw.com
zip_in_media_productions_llc__miami_video_production_company,Zip In Media Productions LLC - Miami Video Production Company,https://zipinmedia.com/
zitz_sum,Zitz Sum,
zommagroup,ZOMMA Group,https://zommagroup.com
zooattraction,Zoo Attraction,https://zoomiami.org
zoo_miami_foundation,Zoo Miami Foundation,https://zoomiami.org
zucca,Zucca,https://zuccamiami.com
zuri_plastic_surgery,Zuri Plastic Surgery,https://www.zuriplasticsurgery.com
zweck,Zweck,http://www.zweck.com/
zyscovich_architects,Zyscovich Architects,https://zyscovich.com
120lino,120% Lino,http://120percento.com/
1stchoiceelectrician,1st Choice Electrician,
abcoptometry,ABC Optometry,
aecom,AECOM,
alejandroalvarez,Alejandro Alvarez,
alphafoundations,Alpha Foundations,
alsmile,ALSMILE,https://alsmiles.net/
ampupchargingstation,AmpUp Charging Station,
andreamaderal,Andrea Maderal,
anonymousflowers,Anonymous Flowers,https://anonymousflowers.us/
applenanuet,Apple Nanuet,https://www.apple.com/retail/nanuet?cid=aos-us-seo-maps
ardurra,Ardurra,
artbag,Artbag,
asasthetics,AS_Asthetics,
atm,ATM,
avantvisionoptical,AVANTVISION OPTICAL,
backdoor,Back Door,
bankomat,Bankomat,
bewellrisejudisoslandaulmhc,"Be Well & Rise / Judi Pasos Landau, LMHC",
beyondupholstery,Beyond Upholstery,
bhoomshanti,Bhoom Shanti,http://www.bhoomshanti.com/
blackveatch,Black & Veatch,
blackbirdordinary,Blackbird Ordinary,
bladenbuilderssupply,Bladen Builders Supply,https://www.doitbest.com/bladen-builders-supply
blancoupholstery,Blanco Upholstery,
blinkchargingstation,Blink Charging Station,
bloomsooner,Bloom Sooner,
bojangles,Bojangles,https://locations.bojangles.com/nc/durham/5425-s.-miami-blvd.-719.html
carballoanimalclinic,Carballo Animal Clinic,https://carballoac.com/
cardtronics,Cardtronics,http://www.cardtronics.com/
carolloengineers,Carollo Engineers,
carwash,CarWash,
casavalencia,Casa Valencia,
casacuba,CasaCuba,http://casacubarestaurant.com/
cba,Cba,
celinaruiz,Celina Ruiz,
cerezosflowers,Cerezos Flowers,https://flowerdeliverymiami.com/
charlesschwab,Charles Schwab,
chemistrycultura,Chemistry Cultura,
chinacabinets,China Cabinets,
citrooperman,Citrin Cooperman,
clearstreambanking,Clearstream Banking,
coinlinx,Coinlinx,
coinstarkioskbitcoinatm,Coinstar Kiosk - Bitcoin ATM,https://www.coinstar.com/kiosk-info?KioskId=462?utm_source=gmb&utm_medium=gmblocationlisting&utm_campaign=webbutton
colourrlor,Colour Parlor,
cooltreasuresantiquescollectibles,Cool Treasures Antiques & Collectibles,
olis,Corpolis,http://corpolisfitnessclub.com/
corteza,Corteza,http://www.cortezamiami.com/
coverdad,CoverDad,
cozysalazarinteriors,Cozy Salazar Interiors,
cybs,CYBS,
cynthiagolomb,Cynthia Golomb,
danittzazimiclabel,Danittza Zimic Label,http://www.danittzazimic.com/
doerenmayhew,Doeren Mayhew,https://www.doeren.com/locations/south-miami-fl
dreamtoyflowers,Dream Toy Flowers,https://dreamtoyflowers.com/
eaglebank,EagleBank,
ecogreenhandyman,EcoGreen Handyman,
elevatepsychiatry,Elevate Psychiatry,https://elevatepsychiatry.com/locations/elevate-psychiatry-coconut-grove-fl/
elevatedglamour,Elevated Glamour,
elf,Elf,
engirtners,Engipartners,
entertainingdonations,Entertaining Donations,
ernestomotel,Ernesto Motel,
extacymotel,Extacy Motel,
fecundfig,FecundFig,
fiorista,Fiorista,https://fiorista.studio/
fitness1midtown,Fitness1 Midtown,
flipwash,FlipWash,
floralinea,Floralinea,https://floralinea.com/
floranaflowers,Florana Flowers,http://www.floranaflowers.com/
foreverpools,ForeverPools,
frankjoyeria,Frank Joyeria,https://frankjoyeria.com/
friedlandcarmona,Friedland | Carmona,
fuelfoamdetailing,Fuel & Foam Detailing,
gaebemullenantonellidimatteo,Gaebe Mullen Antonelli & DiMatteo,
gasbijoux,GAS BIJOUX,https://www.gasbijoux.com/us_en/
ghantousibrahim,Ghantous Ibrahim,
graingerindustrialsupply,Grainger Industrial Supply,https://www.grainger.com/branch/Norfolk-Branch-552
gravitatewellsce,Gravitate Wellspace,
guerrerojeanethe,Guerrero Jeanethe,http://www.myfamilytherapist.com/
hazensawyer,Hazen & Sawyer,
helenmolinaresptdptcidncpt,"Helen Molinares, PT, DPT, CIDN, CPT",
hidalgoupholstery,Hidalgo Upholstery,
ignitefittraining,Ignite Fit Training,
ikea,IKEA,https://www.ikea.com/us/en/stores/charlotte/?utm_source=google&utm_medium=organic&utm_campaign=map&utm_content=charlotte
immerzwaterdamage,Immerz Water Damage,
sight,IncSight,
initialengineers,Initial Engineers,
jamaicamotel,Jamaica Motel,
jdcutzzzz,JDCutzzzz,
jensenhughes,Jensen Hughes,
jjorchids,JJ Orchids,https://www.instagram.com/jjorchids/
juliamotel,Julia Motel,
jurismarketer,Juris Marketer,
kabookaboo,kabookaboo,
kathrynpineyrolcsw,"Kathryn Pineyro, LCSW",
kettal,Kettal,
keybank,KeyBank,https://www.key.com/locations/NY/Suffern/BRCH32900460/59-Route-59?ppc=cmpgmb
lambdasoftware,Lambda Software,
lifequote,LifeQuote,
livosecure,LivoSecure,
lizmellobeauty,Lizmellobeauty,
locustprojects,Locust Projects,
loreeshragerphd,"Loree Shrager, PhD",
lot18,Lot 18,
lot31,Lot 31,
lot36,Lot 36,
luxurybarbershop,LuxuryBarbershop,
mairenaflowers,Mairena Flowers,https://www.tiktok.com/@mairenaflowers
manzanoanimalclinic,Manzano Animal Clinic,
marbleon,Marbleon,
marcahisnic,Marca Hispanic,
margaritaborda,Margarita Borda,
marimonpediatrics,Marimon Pediatrics,http://marimonpediatrics.com/
mariposa,Mariposa,
marjorieflowers,Marjorie flowers,
marmeshkathleendvm,Marmesh Kathleen DVM,https://www.coconutgroveanimalclinic.com/meet-the-staff.html
matildeflowers,Matilde flowers,https://www.matildeflowersmiami.com/?utm_source=google&utm_medium=wix_google_business_profile&utm_campaign=2043071461965810975
maylencadenasarnp,"Maylen Cadenas, ARNP",
michaelobregon,Michael Obregon,https://envisionoptique.com/
michaels,Michaels,https://locations.michaels.com/NC/Hickory/7810/?utm_source=Google&utm_medium=Maps&utm_campaign=Google+Places
miluxe2nailz,Miluxe2Nailz,
ministeriomanases,Ministerio Manases,
miriammendivil,Miriam Mendivil,
mitchellhardware,Mitchell Hardware,http://mitchellhardwarenewbern.com/
morethanflowers,More Than Flowers,https://morethanflowersmiami.com/
mycardiologist,MyCardiologist,http://www.mycardiologist.com/
n0vanailzz,N0vanailzz,
neatwaxing,Neat Waxing,
neuelane,neuelane,
nickodelupholstery,Nickodel Upholstery,
obs,OBS,
odebrecht,Odebrecht,
officemax,OfficeMax,https://www.officedepot.com/storelocator/nc/charlotte/officemax-6777?utm_source=google&utm_medium=organic&utm_campaign=gmb_6777_website_retail
p2505,P2505,
cific54,Pacific54,
tiothings,Patio & Things,
trisatare,PATRISA TARE,
pereirajacquelinedvm,Pereira Jacqueline DVM,
perkinswill,Perkins+Will,
pharmabox,Pharmabox,
phla,phūla,
ponemus,Ponemus,
premiumupholstery,Premium Upholstery,
primaverafloristpedro,Primavera Florist Pedro,
prevaliantinspections,Prince Valiant Inspections,
priorealestate,prio.realestate,https://prio.realestate/
psychblossom,Psych Blossom,
qualifieddatasystems,Qualified Data Systems,
quangha,Quang Ha,
quickchek,QuickChek,http://quickchek.com/
quirchfoodshq,Quirch Foods HQ,
rainbowmotel,Rainbow Motel,
rangerseatcovers,Ranger Seat Covers,
recoveco,Recoveco,https://www.recovecorestaurant.com/
revenued,Revenued,
rexfabrics,Rex Fabrics,
rocharenefphd,Rocha Rene F PhD,
rudmapicture,Rudma Picture,
rwdi,RWDI,
saatva,Saatva,https://www.saatva.com/locations/charlotte/southpark?utm_source=local&utm_medium=organic&utm_campaign=yext-main&utm_content=Char-4425-Sharon
salacatarsis,Sala Catarsis,
scullyscully,Scully & Scully,
seatmastersupholstery,Seat Masters Upholstery,
shinieshears,Shinieshears,
sobiefabrics,Sobie Fabrics,
sociallyintuit,Socially Intuit,
socotec,SOCOTEC,
scebody,spacebody,
spencerstuart,Spencer Stuart,
stantonoptical,Stanton Optical,
stifel,Stifel,
sunglasshut,Sunglass Hut,
susannatamkinsod,"Susanna Tamkins, OD",
talentohc,TalentoHC,
tap2ride,Tap2ride,
thr33fold,THR33FOLD,
triumphsteps,Triumph Steps ®,https://triumphsteps.com/
tylin,TYLin,
universalseatcovers,Universal Seat Covers,
vibronics,Vibronics,
victorsolerbaillodvm,"Victor Soler-Baillo, DVM",https://miamianimalhospital.com/about-us/team/dr-victor-soler/?utm_medium=organic&utm_source=gmb&utm_campaign=ldvm_site&utm_content=miami_soler-baillo_victor
villagio,Villagio,https://villagiorestaurants.com/
vintagediamondring,VintageDiamondRing,
visquanta,VisQuanta,
walmartsupercenter,Walmart Supercenter,https://www.walmart.com/store/4237-indian-land-sc/?veh=seo_loc
wearhouse,Wearhouse,
westchesterregionallibrary,Westchester Regional Library,
westlakehardware,Westlake Hardware,https://www.acehardware.com/store-details/18532?utm_source=google&utm_medium=local&utm_campaign=localmaps&utm_content=18532
workinjuryrightscom,WorkInjuryRights.com,
yaribarber,Yaribarber,
yasserbatalnehbco,Yasser Batalneh Bco,
yogainthegrove,YogaInTheGrove,
zenhair,ZenHair,
zipcar,Zipcar,
