business_id,business_name,contact_name,phone,website,address,lat,lon,postcode,neighborhood_area,category_primary,category_secondary,price_tier,rating_primary_value,rating_primary_source,rating_primary_review_count,top_delights,top_pain_points,osint_confidence,validation_tier,red_flag_present,red_flag_severity,red_flag_notes,chamber_member,source_file,batch_id,last_reviewed_date
cherrybekaert,"Cherry Bekaert, LLP",Ms. Arlene Labrador,(786) 693-6300,cbh.com,,,,,Coral Gables,accounting,Accounting & Tax Services,$$$,4.0,Google/Yelp (Agent 1),,Professional expertise,Most toxic work environment documented,0.90,High,Y,Warning,Workplace toxicity = talent drain,Y,CGCC+A1,CG-OSINT-20260211-v3.0,2026-02-11
zommagroup,"ZOMMA Group, LLP","Mr. Raymond Zomerfeld, CPA",(305) 444-8288,zommagroup.com,,,,,Coral Gables,accounting,Accounting & Tax Services,$$$,,,,Community-focused + UM network,Limited data,0.75,High,N,,,Y,CGCC+A1,CG-OSINT-20260211-v3.0,2026-02-11
blackmorensulting,Blackmore Consulting,Mrs. Yvethe Blackmore,(786) 417-9868,,,,,,Coral Gables,consulting,Consultants  Business / Professional Services,$$$,,,,15+ years corporate experience,$2M+ focus limits market,0.75,High,N,,,Y,CGCC+A1,CG-OSINT-20260211-v3.0,2026-02-11
undersre,Co Underscore,Mr. Dietrich Zeledon,(888) 835-5507,counderscore.com,,,,,Coral Gables,consulting,Consultants  Business / Professional Services,$$$,,,,PKP methodology + Chamber active,Minimal online visibility,0.90,High,N,,,Y,CGCC+A1,CG-OSINT-20260211-v3.0,2026-02-11
myxcellnetwork,My Xcell Network,"Mr. Luis ""Luigi"" Gonzalez, Jr.",(305) 704-0521,myxcell.net,,,,,Coral Gables,consulting,Consultants  Business / Professional Services,$$$,,,,Bilingual support + 11-year history,oYs Name association with job scams,0.75,High,Y,Warning,Reputation damage = critical issue,Y,CGCC+A1,CG-OSINT-20260211-v3.0,2026-02-11
nexusnsultancy,Nexus Consultancy,Mr. Camilo Osuna,(786) 642-1803,,,,,,Coral Gables,consulting,Consultants  Business / Professional Services,$$$,Unknown,Google/Yelp (Agent 1),,Unknown,No online presence,0.75,High,N,,,Y,CGCC+A1,CG-OSINT-20260211-v3.0,2026-02-11
stellarsynergy,Stellar Synergy,Ms. Barbara ExpositoFernandez,(305) 467-7552,,,,,,Coral Gables,consulting,Consultants  Business / Professional Services,$$$,,,,Proven: $2.4Ma $9M in 1 year,Limited online reviews,0.75,High,N,,,Y,CGCC+A1,CG-OSINT-20260211-v3.0,2026-02-11
thewinwoman,The Win Woman,Ms. Yanyn San Luis,(305) 697-6147,thewinwoman.com,,,,,Coral Gables,consulting,Consultants  Business / Professional Services,$$$,,,,Unknown,No website,0.75,High,N,,,Y,CGCC+A1,CG-OSINT-20260211-v3.0,2026-02-11
bullagastrobar,Bulla Gastrobar,Ms. Alis Mosquera,(786) 810-6215,bullagastrobar.com/locations/coralgables,2500 Ponce de Leon Boulevard,25.7485138,-80.258912,33134,Miracle Mile,food_beverage,Restaurants  Spanish Cuisine & Tapas,$$,4.5,Google/Yelp (Agent 1),,"Ernesto effect, personalized service",Inventory gaps + noise issues,0.90,High,N,,,Y,CGCC+OSM+A1,CG-OSINT-20260211-v3.0,2026-02-11
cviche105,CVI.CHE 105,Ms. Carla Ramon,(786) 527-3939,ceviche105.com,,,,,Coral Gables,food_beverage,Restaurants  Peruvian,$$,4.5,Google/Yelp (Agent 1),,High-end ceviche preparation,Review manipulation + staff coercion,0.75,High,Y,Warning,Fake reviews + forced feedback = trust killer,Y,CGCC+A1,CG-OSINT-20260211-v3.0,2026-02-11
johnmartins,JohnMartin's,Mr. Tony Guerra,(305) 209-0609,johnmartinsmiami.com,,,,,Coral Gables,food_beverage,Restaurants  Sports Bar,$$,4.0,Google/Yelp (Agent 1),,Sports bar energy,Music/vibe mismatch post-renovation,0.75,High,N,,,Y,CGCC+A1,CG-OSINT-20260211-v3.0,2026-02-11
seasons52,Seasons 52,Mr. Fernando Orms,(305) 442-8552,seasons52.com,321 Miracle Mile,25.7496759,-80.2613009,33134,Miracle Mile,food_beverage,Restaurants  American,$$,4.8,Google/Yelp (Agent 1),,Fresh seasonal menu,Temperature control (35% complaints),0.90,High,Y,Warning,Cold dining room killing experience,Y,CGCC+OSM+A1,CG-OSINT-20260211-v3.0,2026-02-11
aloftralgables,Aloft Coral Gables,Mr. Daniel Suarez,(305) 442-0372,aloftcoralgables.com,,25.7476969,-80.2630899,33134,Coral Gables,hospitality,Hotels & Resorts,$$$,4.3,Google/Yelp (Agent 1),,Modern amenities + friendly staff,Lost property service failures,0.90,High,N,,,Y,CGCC+OSM+A1,CG-OSINT-20260211-v3.0,2026-02-11
hyattregencyralgables,Hyatt Regency Coral Gables,Mr. Mario J. Terran,(305) 441-1234,coralgables.hyatt.com,,,,,Coral Gables,hospitality,Hotels & Resorts,$$$,4.1,Google/Yelp (Agent 1),,Excellent service + spacious rooms,Dirty vents + horrendous mattresses,0.90,High,Y,Warning,Operational excellence = guest delights,Y,CGCC+A1,CG-OSINT-20260211-v3.0,2026-02-11
barakatbossa,BARAKAT + BOSSA,"Mr. Brian Barakat, Esq.",(305) 444-3114,b2b.legal,,,,,Coral Gables,legal,Attorneys  Commercial Litigation,$$$,5.0,Google/Yelp (Agent 1),,Chambers-ranked + premium service,None identified,0.90,High,N,,,Y,CGCC+A1,CG-OSINT-20260211-v3.0,2026-02-11
epgdbusinesslaw,EPGD Business Law,"Mr. Eric P. GrosDubois, Esq.",(786) 837-6787,epgdlaw.com,,,,,Coral Gables,legal,"Attorneys  Estate Planning, Trusts & Probate",$$$,3.5,Google/Yelp (Agent 1),,Some positive relationships,Billing fraud allegations + ethics,0.75,High,Y,Warning,Professional thieves per reviews,Y,CGCC+A1,CG-OSINT-20260211-v3.0,2026-02-11
thesaadelawfirm,"The Saade Law Firm, P.A.",Mr. Gabriel Saade,(786) 633-1114,saadelaw.com,,,,,Coral Gables,legal,"Attorneys  Patent, Trademark & Copyright Law",$$$,,,,No public data,No public data,0.75,High,N,,,Y,CGCC+A1,CG-OSINT-20260211-v3.0,2026-02-11
ralgablesgraphics,Coral Gables Graphics,Mr. Martin Morcillo,(305) 351-3210,coralgablesgraphics.com,,,,,Coral Gables,marketing,Advertising Specialties / Promotional Products,$$$,,,,Chamber member,Limited data,0.75,High,N,,,Y,CGCC+A1,CG-OSINT-20260211-v3.0,2026-02-11
booksbooks,"Books & Books, Inc.",Mr. Mitchell Kaplan,(305) 442-4408,booksandbooks.com,,,,,Coral Gables,other,"Book Dealers, Stores & Depositories",$$,4.3,Google/Yelp (Agent 1),,Intellectual community feel,Slow service + staff coordination,0.90,High,N,,,Y,CGCC+A1,CG-OSINT-20260211-v3.0,2026-02-11
optfirst,OptFirst Inc.,Mr. John Kriney,(305) 401-4983,optfirst.com,,,,,Coral Gables,other,Website Developers and Designers,$$,4.6,Google/Yelp (Agent 1),,Google certified + 24-year veteran,Limited recent reviews,0.90,High,N,,,Y,CGCC+A1,CG-OSINT-20260211-v3.0,2026-02-11
toskasfacialbar,Toska Spa & Facial Bar,Ms. Charlotte Prescott,(786) 536-2998,toskaspa.com,,,,,Coral Gables,personal_services,Beauty Salon & Spa,$$,4.7,Google/Yelp (Agent 1),,Celebrity clientele + results,Premium pricing accessibility,0.75,High,N,,,Y,CGCC+A1,CG-OSINT-20260211-v3.0,2026-02-11
shoporigen,Shop Origen Corp.,Ms. Elisa Londono,(305) 934-1270,shop-origen.com,,,,,Coral Gables,retail,Boutique/Jewelry Store,$$,4.0,Google/Yelp (Agent 1),,Award-winning (Best Boutique 2024-25),Relocation transition period,0.75,High,N,,,Y,CGCC+A1,CG-OSINT-20260211-v3.0,2026-02-11
shopsatmerrickrk,Shops at Merrick Park,Mr. Carlos Limontes,(305) 529-1215,shopsatmerrickpark.com,358 San Lorenzo Avenue,25.7315619,-80.2601452,33146,Bird Road Corridor,retail,Retail,$$,4.5,Google/Yelp (Agent 1),,Mediterranean architecture + luxury,Parking fees + extreme heat,0.90,High,N,,,Y,CGCC+OSM+A1,CG-OSINT-20260211-v3.0,2026-02-11
equinox,EQUINOX,Mr. Matt Pinder,(786) 497-8200,equinox.com/clubs/florida/coralgables,,,,,Coral Gables,wellness,Fitness Centers & Personal Trainers,$$$$,3.8,Google/Yelp (Agent 1),,Eucalyptus smell + clean facility,Unethical PT sales + no pool,0.90,High,Y,Warning,Deceptive practices = brand risk,Y,CGCC+A1,CG-OSINT-20260211-v3.0,2026-02-11
stretchzoneralgables,Stretch Zone Coral Gables,Mr. Stephen Montalto,(786) 636-1306,stretchzone.com/locations/coralgables,,,,,Coral Gables,wellness,Health/Wellness,$$,4.1,Google/Yelp (Agent 1),,Effective for committed users,oYs Auto-renewal + bait-and-switch,0.75,High,Y,Warning,Trust = deal-breaker for SaaS,Y,CGCC+A1,CG-OSINT-20260211-v3.0,2026-02-11
acuntingtoscale,Accounting to Scale,Mr. Daniel Gonzalez,(305) 503-2814,accountingtoscale.com,,,,,Coral Gables,accounting,Accounting & Tax Services,$$$,,,,,,0.55,Moderate,N,,,Y,CGCC,CG-OSINT-20260211-v3.0,2026-02-11
anabgarciac,"Ana B. Garcia, CPA",Ms. Ana Garcia,(305) 336-2487,anabgarciacpa.com,,,,,Coral Gables,accounting,Accounting & Consulting,$$$,,,,,,0.55,Moderate,N,,,Y,CGCC,CG-OSINT-20260211-v3.0,2026-02-11
castillomnyc,"Castillo & Company, CPA, P.A.","Ms. Martha Castillo, CPA",(305) 446-4670,castilloandcompany.com,,,,,Coral Gables,accounting,CPA Firm,$$$,,,,,,0.55,Moderate,N,,,Y,CGCC,CG-OSINT-20260211-v3.0,2026-02-11
eisneramper,EisnerAmper,Mr. Michael Nazlis,(305) 371-6200,eisneramper.com,,,,,Coral Gables,accounting,Accounting & Tax Services,$$$,,,,,,0.55,Moderate,N,,,Y,CGCC,CG-OSINT-20260211-v3.0,2026-02-11
gemrt,"GEMRT & Co., LLP",Mr. Juan Carlos Gonzalez,(305) 529-5440,gemrtcpa.com,,,,,Coral Gables,accounting,CPA Firm,$$$,,,,,,0.55,Moderate,N,,,Y,CGCC,CG-OSINT-20260211-v3.0,2026-02-11
garciasantamara,Garcia Santa Maria,Mr. Eric E. Santa Maria,(305) 448-0404,gsmcpas.com,,,,,Coral Gables,accounting,Accounting & Tax Services,$$$,,,,,,0.55,Moderate,N,,,Y,CGCC,CG-OSINT-20260211-v3.0,2026-02-11
ksdtc,"KSDT, CPA",Mr. Eugene Diaz,(305) 670-3370,ksdtcpa.com,,,,,Coral Gables,accounting,Accounting & Tax Services,$$$,,,,,,0.55,Moderate,N,,,Y,CGCC,CG-OSINT-20260211-v3.0,2026-02-11
miamiguitars,Miami Guitars,,,,6703 Southwest 40th Street,25.7336483,-80.3031831,33146,Bird Road Corridor,accounting,accountant,$$$,,,,,,0.55,Moderate,N,,,N,OSM,CG-OSINT-20260211-v3.0,2026-02-11
miamicfo,MiamiCFO,Mr. Rich Pototsky,(305) 676-6977,miami-cfo.com,,,,,Coral Gables,accounting,Accounting & Tax Services,$$$,,,,,,0.55,Moderate,N,,,Y,CGCC,CG-OSINT-20260211-v3.0,2026-02-11
nrcsandbusinessadvisors,NR CPAs and Business Advisors,Mr. Nischay Rawal,(305) 978-1533,nrcpas.com,,,,,Coral Gables,accounting,CPA/Accountant,$$$,,,,,,0.55,Moderate,N,,,Y,CGCC,CG-OSINT-20260211-v3.0,2026-02-11
perezabreuaguerreberesueirotorrespl,"PerezAbreu, Aguerrebere, Sueiro & Torres, P.L.","Mr. Carlos PerezAbreu, CPA",(305) 567-0150,paast.com,,,,,Coral Gables,accounting,CPA Firm,$$$,,,,,,0.55,Moderate,N,,,Y,CGCC,CG-OSINT-20260211-v3.0,2026-02-11
schecknerhetenyipl,"Scheckner & Hetenyi, PL","Mr. Marcell Hetenyi, CPA",(305) 379-0603,,,,,,Coral Gables,accounting,Accounting & Tax Services,$$$,,,,,,0.55,Moderate,N,,,Y,CGCC,CG-OSINT-20260211-v3.0,2026-02-11
sharffwittmerkurtzjacksondiaz,"Sharff, Wittmer, Kurtz, Jackson, & Diaz, P.A.",Mr. Luis E. Diaz,(305) 666-7229,,,,,,Coral Gables,accounting,CPA Firm,$$$,,,,,,0.55,Moderate,N,,,Y,CGCC,CG-OSINT-20260211-v3.0,2026-02-11
themolierigroup,The Molieri Group,Ms. Sonia Pascual,(786) 742-2001,molierigroupcpa.com,,,,,Coral Gables,accounting,Accounting & Consulting,$$$,,,,,,0.55,Moderate,N,,,Y,CGCC,CG-OSINT-20260211-v3.0,2026-02-11
veridian,Veridian,Mr. John Lowell,(305) 928-6822,hancockaskew.com,,,,,Coral Gables,accounting,Accounting & Consulting,$$$,,,,,,0.55,Moderate,N,,,Y,CGCC,CG-OSINT-20260211-v3.0,2026-02-11
zafarfrancuzmny,"Zafar Francuz & Company, LLC","Mr. Greg Francuz, CPA, MBA",(305) 281-3954,zafarcpas.com,,,,,Coral Gables,accounting,CPA Firm,$$$,,,,,,0.55,Moderate,N,,,Y,CGCC,CG-OSINT-20260211-v3.0,2026-02-11
amcsunsetplace24,AMC Sunset Place 24,,,https://www.amctheatres.com/movie-theatres/miami-ft-lauderdale/amc-sunset-place-24,5701 Sunset Drive,25.7049663,-80.2862985,33143,Sunset / South Gables,arts_culture,cinema,$$,,,,,,0.55,Moderate,N,,,N,OSM,CG-OSINT-20260211-v3.0,2026-02-11
actorsplayhouseatthemiracletheatre,Actors' Playhouse at the Miracle Theatre,Ms. Barbara Stein,(305) 444-9293,actorsplayhouse.org,280 Miracle Mile,25.7492488,-80.260328,33134,Miracle Mile,arts_culture,Theatres,$$,,,,,,0.55,Moderate,N,,,Y,CGCC+OSM,CG-OSINT-20260211-v3.0,2026-02-11
aloftmiamidadeland,Aloft Miami Dadeland,Ms. Gabriela Bilkay,(786) 451-7023,aloftdadeland.com,,,,,Coral Gables,arts_culture,Apartment Rentals,$$,,,,,,0.55,Moderate,N,,,Y,CGCC,CG-OSINT-20260211-v3.0,2026-02-11
aragalleryculturalcenter,Ara Gallery Cultural Center,,,,,25.764874,-80.255662,33133,Coral Gables,arts_culture,gallery,$$,,,,,,0.55,Moderate,N,,,N,OSM,CG-OSINT-20260211-v3.0,2026-02-11
azucarnightclub,Azucar Nightclub,,,,,25.7481022,-80.2459477,33133,Coral Gables,arts_culture,nightlife,$$,,,,,,0.55,Moderate,N,,,N,OSM,CG-OSINT-20260211-v3.0,2026-02-11
cinpolisluxurycinemas,Cinepolis Luxury Cinemas,,,,3105 Grand Avenue,25.7287012,-80.2423659,33133,Douglas Road Corridor,arts_culture,cinema,$$,,,,,,0.55,Moderate,N,,,N,OSM,CG-OSINT-20260211-v3.0,2026-02-11
cityofralgables,City of Coral Gables,Mr. Peter Iglesias,(305) 446-6800,coralgables.com,,,,,Coral Gables,arts_culture,Government Departments & Associations,$$,,,,,,0.55,Moderate,N,,,Y,CGCC,CG-OSINT-20260211-v3.0,2026-02-11
nutgroveplayhouse,Coconut Grove Playhouse,,,,,25.7260174,-80.244975,33134,Douglas Road Corridor,arts_culture,theatre,$$,,,,,,0.55,Moderate,N,,,N,OSM,CG-OSINT-20260211-v3.0,2026-02-11
ralgablesinternationalartcenter,Coral Gables International Art Center,,,,,25.763864,-80.284283,33134,Coral Gables,arts_culture,gallery,$$,,,,,,0.55,Moderate,N,,,N,OSM,CG-OSINT-20260211-v3.0,2026-02-11
ralgablesmuseum,Coral Gables Museum,Mr. Elvis Fuentes,(305) 603-8067,coralgablesmuseum.org,,,,,Coral Gables,arts_culture,Museums,$$,,,,,,0.55,Moderate,N,,,Y,CGCC,CG-OSINT-20260211-v3.0,2026-02-11
sfordcinema,Cosford Cinema,,,https://cosfordcinema.com,,25.7226195,-80.2772367,33146,University of Miami Area,arts_culture,theatre,$$,,,,,,0.55,Moderate,N,,,N,OSM,CG-OSINT-20260211-v3.0,2026-02-11
dancesway,Dance Sway,,,,,25.7328518,-80.3097817,33143,Bird Road Corridor,arts_culture,dance,$$,,,,,,0.55,Moderate,N,,,N,OSM,CG-OSINT-20260211-v3.0,2026-02-11
fibainternationalbasketballfederation,FIBA (International Basketball Federation),Ms. Rafaela Rivera,(917) 645-2137,fiba.basketball,,,,,Coral Gables,arts_culture,Sporting Events & Entertainment,$$,,,,,,0.55,Moderate,N,,,Y,CGCC,CG-OSINT-20260211-v3.0,2026-02-11
frostsciencemuseum,Frost Science Museum,Ms. Edie Pearson,(305) 434-9592,frostscience.org,,,,,Coral Gables,arts_culture,Museums,$$,,,,,,0.55,Moderate,N,,,Y,CGCC,CG-OSINT-20260211-v3.0,2026-02-11
gablestage,GableStage,Ms. Kate Kramitz,(305) 4461116 x307,gablestage.org,,,,,Coral Gables,arts_culture,Theatres,$$,,,,,,0.55,Moderate,N,,,Y,CGCC,CG-OSINT-20260211-v3.0,2026-02-11
gablesponce,Gables Ponce,Ms. Stephanie Bodie,(305) 667-5700,gables.com,,,,,Coral Gables,arts_culture,Apartment Rentals,$$,,,,,,0.55,Moderate,N,,,Y,CGCC,CG-OSINT-20260211-v3.0,2026-02-11
gusmanncerthall,Gusman Concert Hall,,,,1314 Miller Road,25.71965,-80.2795082,33146,University of Miami Area,arts_culture,theatre,$$,,,,,,0.55,Moderate,N,,,N,OSM,CG-OSINT-20260211-v3.0,2026-02-11
hbenitezfineartgallery,H Benitez Fine Art Gallery Inc.,Ms. Lissette Benitez,(786) 877-1045,humbertobenitez.com,,,,,Coral Gables,arts_culture,Artists & Galleries,$$,,,,,,0.55,Moderate,N,,,Y,CGCC,CG-OSINT-20260211-v3.0,2026-02-11
hardrockstadium,Hard Rock Stadium,Mr. Marc Weinroth,(305) 943-6581,hardrockstadium.com,,,,,Coral Gables,arts_culture,Sporting Events & Entertainment,$$,,,,,,0.55,Moderate,N,,,Y,CGCC,CG-OSINT-20260211-v3.0,2026-02-11
jerryhermanringtheatre,Jerry Herman Ring Theatre,,,https://ring-theatre.as.miami.edu/index.html,1312 Miller Road,25.7195927,-80.2801052,33146,University of Miami Area,arts_culture,theatre,$$,,,,,,0.55,Moderate,N,,,N,OSM,CG-OSINT-20260211-v3.0,2026-02-11
kaseyacenter,Kaseya Center,Mr. Mark Brown,(786) 777-1000,kaseyacenter.com,,,,,Coral Gables,arts_culture,"Entertainment, Events & Performing Arts",$$,,,,,,0.55,Moderate,N,,,Y,CGCC,CG-OSINT-20260211-v3.0,2026-02-11
knightcenterformusicinnovation,Knight Center for Music Innovation,,,,5513 San Amaro Drive,25.7180642,-80.281176,33146,University of Miami Area,arts_culture,theatre,$$,,,,,,0.55,Moderate,N,,,N,OSM,CG-OSINT-20260211-v3.0,2026-02-11
landmarkatmerrickrk,Landmark at Merrick Park,,,https://www.landmarktheatres.com/miami/the-landmark-at-merrick-park/,,25.7313883,-80.2609066,33146,Bird Road Corridor,arts_culture,cinema,$$,,,,,,0.55,Moderate,N,,,N,OSM,CG-OSINT-20260211-v3.0,2026-02-11
legendsmiamihurricanes,Legends  Miami Hurricanes,Ms. Kayla Blake Grimes,,miamihurricanes.com,,,,,Coral Gables,arts_culture,Sporting Events & Entertainment,$$,,,,,,0.55,Moderate,N,,,Y,CGCC,CG-OSINT-20260211-v3.0,2026-02-11
loweartgallery,Lowe Art Gallery,,,,,25.7191949,-80.2758281,33146,University of Miami Area,arts_culture,gallery,$$,,,,,,0.55,Moderate,N,,,N,OSM,CG-OSINT-20260211-v3.0,2026-02-11
loweartmuseum,Lowe Art Museum,"Dr. Jill Deupi JD, PHD",(305) 284-3535,lowemuseum.org,,,,,Coral Gables,arts_culture,Museums,$$,,,,,,0.55,Moderate,N,,,Y,CGCC,CG-OSINT-20260211-v3.0,2026-02-11
miamimarlins,Miami Marlins,Mr. Alfredo Mesa,(305) 480-1450,marlins.com,,,,,Coral Gables,arts_culture,Sporting Events & Entertainment,$$,,,,,,0.55,Moderate,N,,,Y,CGCC,CG-OSINT-20260211-v3.0,2026-02-11
miamidadeuntyfairexposition,"MiamiDade County Fair & Exposition, Inc.",Mr. Eduardo F. Cora,(305) 223-7060,fairexpo.com,,,,,Coral Gables,arts_culture,"Entertainment, Events & Performing Arts",$$,,,,,,0.55,Moderate,N,,,Y,CGCC,CG-OSINT-20260211-v3.0,2026-02-11
orangebowlmmittee,Orange Bowl Committee,Mr. Tyler Heinkel,(305) 341-4700,orangebowl.org,,,,,Coral Gables,arts_culture,Sporting Events & Entertainment,$$,,,,,,0.55,Moderate,N,,,Y,CGCC,CG-OSINT-20260211-v3.0,2026-02-11
ringtheater,Ring Theater,,,,,25.7196266,-80.2800415,33146,University of Miami Area,arts_culture,theatre,$$,,,,,,0.55,Moderate,N,,,N,OSM,CG-OSINT-20260211-v3.0,2026-02-11
rivieralive,Rivieralive,,(786) 703-3729,,,25.749961,-80.2441578,33133,Douglas Road Corridor,arts_culture,nightlife,$$,,,,,,0.55,Moderate,N,,,N,OSM,CG-OSINT-20260211-v3.0,2026-02-11
seminolehardrockhotelcasinohollywood,Seminole Hard Rock Hotel & Casino Hollywood,Ms. Estefania Diaz Balart,(954) 797-5569,casino.hardrock.com/hollywood,,,,,Coral Gables,arts_culture,"Entertainment, Events & Performing Arts",$$,,,,,,0.55,Moderate,N,,,Y,CGCC,CG-OSINT-20260211-v3.0,2026-02-11
seraphicfire,Seraphic Fire,Mr. JJ Flores,(305) 285-9060,seraphicfire.org,,,,,Coral Gables,arts_culture,"Entertainment, Events & Performing Arts",$$,,,,,,0.55,Moderate,N,,,Y,CGCC,CG-OSINT-20260211-v3.0,2026-02-11
siboney,Siboney,,(786) 380-9667,,6051 Southwest 8th Street,25.7635634,-80.2940013,33134,Coral Gables,arts_culture,nightlife,$$,,,,,,0.55,Moderate,N,,,N,OSM,CG-OSINT-20260211-v3.0,2026-02-11
sofiaralgablesaluxuryrentalmmunity,"Sofia Coral Gables, a Luxury Rental Community","Ms. Sofia Castillo, CAM",(305) 569-1669,sofiacoralgables.com,,,,,Coral Gables,arts_culture,Apartment Rentals,$$,,,,,,0.55,Moderate,N,,,Y,CGCC,CG-OSINT-20260211-v3.0,2026-02-11
studiohd,Studio HD,Ms. Hollye Davidson,(305) 401-8169,hollyedavidson.com,,,,,Coral Gables,arts_culture,Artists & Galleries,$$,,,,,,0.55,Moderate,N,,,Y,CGCC,CG-OSINT-20260211-v3.0,2026-02-11
teatrotrail,Teatro Trail,,,,,25.7648289,-80.2553774,33133,Coral Gables,arts_culture,theatre,$$,,,,,,0.55,Moderate,N,,,N,OSM,CG-OSINT-20260211-v3.0,2026-02-11
theamericasllection,The Americas Collection,Ms. Silvia Ortiz,(305) 446-5578,americascollection.com,,,,,Coral Gables,arts_culture,Artists & Galleries,$$,,,,,,0.55,Moderate,N,,,Y,CGCC,CG-OSINT-20260211-v3.0,2026-02-11
thereserveattheplaza,The Reserve at The Plaza,Ms. Hillary Hutchings,(305) 444-0706,thereserveattheplaza.com,,,,,Coral Gables,arts_culture,Apartment Rentals,$$,,,,,,0.55,Moderate,N,,,Y,CGCC,CG-OSINT-20260211-v3.0,2026-02-11
theresidencesatmerrickrk,The Residences at Merrick Park,Ms. Andrea Landin,(305) 448-0098,residencesatmerrickpark.com,,,,,Coral Gables,arts_culture,Apartment Rentals,$$,,,,,,0.55,Moderate,N,,,Y,CGCC,CG-OSINT-20260211-v3.0,2026-02-11
victoreclarkerecitalhall,Victor E. Clarke Recital Hall,,,,,25.7185887,-80.2802228,33146,University of Miami Area,arts_culture,theatre,$$,,,,,,0.55,Moderate,N,,,N,OSM,CG-OSINT-20260211-v3.0,2026-02-11
advanceautorts,Advance Auto Parts,,,https://stores.advanceautoparts.com/fl/west-miami/6520-sw-8th-st,6520 Southwest 8th Street,25.7627693,-80.3023356,33134,Coral Gables,auto_dealer,car_parts,$$,,,,,,0.55,Moderate,N,,,N,OSM,CG-OSINT-20260211-v3.0,2026-02-11
audi,Audi,,,,,25.7346679,-80.2592644,33134,Bird Road Corridor,auto_dealer,car,$$,,,,,,0.55,Moderate,N,,,N,OSM,CG-OSINT-20260211-v3.0,2026-02-11
autozone,AutoZone,,(305) 267-6747,https://www.autozone.com/locations/fl/west-miami/6010-sw-8th-st.html,6010 Southwest 8th Street,25.7629156,-80.2936201,33134,Coral Gables,auto_dealer,car_parts,$$,,,,,,0.55,Moderate,N,,,N,OSM,CG-OSINT-20260211-v3.0,2026-02-11
avis,Avis,,,,6796 Southwest 40th Street,25.732405,-80.3046017,33146,Bird Road Corridor,auto_dealer,car_rental,$$,,,,,,0.55,Moderate,N,,,N,OSM,CG-OSINT-20260211-v3.0,2026-02-11
beanautomotivegrouplexusofkendallkendalltoyota,Bean Automotive Group Lexus of Kendall/Kendall Toyota,Mr. Joaquin T. Azar,(786) 345-2612,beanauto.com,,,,,Coral Gables,auto_dealer,"Automobile Dealers  Sales, Service & Parts",$$,,,,,,0.55,Moderate,N,,,Y,CGCC,CG-OSINT-20260211-v3.0,2026-02-11
bramanhonda,Braman Honda,Mr. Carlos Arana,(305) 216-5751,bramanhonda.com,,,,,Coral Gables,auto_dealer,"Automobile Dealers  Sales, Service & Parts",$$,,,,,,0.55,Moderate,N,,,Y,CGCC,CG-OSINT-20260211-v3.0,2026-02-11
carreir,Car Repair,,,,,25.7563351,-80.30394,33134,Coral Gables,auto_dealer,car_repair,$$,,,,,,0.55,Moderate,N,,,N,OSM,CG-OSINT-20260211-v3.0,2026-02-11
chasemotor,Chase Motor,,(786) 615-6079,https://www.chase-motor.com/,,25.7477239,-80.3038888,33146,Coral Gables,auto_dealer,car,$$,,,,,,0.55,Moderate,N,,,N,OSM,CG-OSINT-20260211-v3.0,2026-02-11
deloresllisioncenter,DeColores Collision Center,,,https://decolorescollisioncenter.com/,280 Southwest 22nd Avenue,25.7695147,-80.2310871,33133,Coral Gables,auto_dealer,car_repair,$$,,,,,,0.55,Moderate,N,,,N,OSM,CG-OSINT-20260211-v3.0,2026-02-11
elcarwash,El Car Wash,,,,6901 Southwest 40th Street,25.7336694,-80.3071396,33146,Bird Road Corridor,auto_dealer,car_wash,$$,,,,,,0.55,Moderate,N,,,N,OSM,CG-OSINT-20260211-v3.0,2026-02-11
ferrari,Ferrari,,,,,25.7346863,-80.2588405,33134,Bird Road Corridor,auto_dealer,car,$$,,,,,,0.55,Moderate,N,,,N,OSM,CG-OSINT-20260211-v3.0,2026-02-11
mercantileeurorts,"Mercantile Europarts, Inc.",,(305) 266-0507,http://meuroparts.com,6747 Southwest 8th Street,25.7633339,-80.3048146,33134,Coral Gables,auto_dealer,car_parts,$$,,,,,,0.55,Moderate,N,,,N,OSM,CG-OSINT-20260211-v3.0,2026-02-11
mercedesbenzofralgables,MercedesBenz of Coral Gables,Mr. Peter Warwar,(305) 445-8593,mbcoralgables.com,,,,,Coral Gables,auto_dealer,"Automobile Dealers  Sales, Service & Parts",$$,,,,,,0.55,Moderate,N,,,Y,CGCC,CG-OSINT-20260211-v3.0,2026-02-11
porsche,Porsche,,,,,25.7346718,-80.2590998,33134,Bird Road Corridor,auto_dealer,car,$$,,,,,,0.55,Moderate,N,,,N,OSM,CG-OSINT-20260211-v3.0,2026-02-11
rolysautoservice,Roly's Auto Service,,,www.rolysautoservice.com,,25.7477184,-80.303974,33146,Coral Gables,auto_dealer,car_repair,$$,,,,,,0.55,Moderate,N,,,N,OSM,CG-OSINT-20260211-v3.0,2026-02-11
safeliteautoglass,Safelite AutoGlass,,(887) 465-5224,https://www.safelite.com/stores/Dade,2757 Southwest 8th Street,25.7652779,-80.2402106,33133,Douglas Road Corridor,auto_dealer,car_repair,$$,,,,,,0.55,Moderate,N,,,N,OSM,CG-OSINT-20260211-v3.0,2026-02-11
teslaralgables,Tesla Coral Gables,,(786) 804-6926,,,25.7352523,-80.2568637,33134,Bird Road Corridor,auto_dealer,car,$$,,,,,,0.55,Moderate,N,,,N,OSM,CG-OSINT-20260211-v3.0,2026-02-11
thellection,The Collection,Mr. Kenneth Gorin,(305) 444-5555,thecollection.com,,,,,Coral Gables,auto_dealer,"Automobile Dealers  Sales, Service & Parts",$$,,,,,,0.55,Moderate,N,,,Y,CGCC,CG-OSINT-20260211-v3.0,2026-02-11
vintagecarsofflorida,"Vintage Cars of Florida, LLC",Mr. William A. Bonn,(305) 648-2328,,,,,,Coral Gables,auto_dealer,"Automobile Dealers  Sales, Service & Parts",$$,,,,,,0.55,Moderate,N,,,Y,CGCC,CG-OSINT-20260211-v3.0,2026-02-11
westmiamiintandbodyshop,West Miami Paint and Body Shop,,(305) 266-5226,,6468 Southwest 8th Street,25.7629774,-80.3013632,33134,Coral Gables,auto_dealer,car_repair,$$,,,,,,0.55,Moderate,N,,,N,OSM,CG-OSINT-20260211-v3.0,2026-02-11
williamsonautomotivegroup,Williamson Automotive Group,Mr. G. Ed Williamson II,(305) 670-7100,williamsonautomotivegroup.com,,,,,Coral Gables,auto_dealer,"Automobile Dealers  Sales, Service & Parts",$$,,,,,,0.55,Moderate,N,,,Y,CGCC,CG-OSINT-20260211-v3.0,2026-02-11
zweck,Zweck,,,,,25.7060697,-80.2856973,33143,Sunset / South Gables,auto_dealer,car,$$,,,,,,0.55,Moderate,N,,,N,OSM,CG-OSINT-20260211-v3.0,2026-02-11
amerantbank,Amerant Bank,Mr. Christopher Piombo,(305) 460-4024,amerantbank.com,,,,,Coral Gables,banking,Banking and Financial Services,$$$,,,,,,0.55,Moderate,N,,,Y,CGCC,CG-OSINT-20260211-v3.0,2026-02-11
amst,Amscot,,,,6788 Southwest 40th Street,25.7322006,-80.304598,33146,Bird Road Corridor,banking,bank,$$$,,,,,,0.55,Moderate,N,,,N,OSM,CG-OSINT-20260211-v3.0,2026-02-11
banesusa,Banesco USA,Mr. Victor Uranga,(888) 228-1597,banescousa.com,,,,,Coral Gables,banking,Banking and Financial Services,$$$,,,,,,0.55,Moderate,N,,,Y,CGCC,CG-OSINT-20260211-v3.0,2026-02-11
bankofamerica,Bank of America,Ms. Grace Hyatt,(786) 999-5562,bankofamerica.com,Grand Avenue,25.7281863,-80.2457631,33133,Ponce de Leon Corridor,banking,Banking and Financial Services,$$$,,,,,,0.55,Moderate,N,,,Y,CGCC+OSM,CG-OSINT-20260211-v3.0,2026-02-11
bankmiami,BankMiami,Ms. Natalee Keller,(305) 290-7393,,,,,,Coral Gables,banking,Banking and Financial Services,$$$,,,,,,0.55,Moderate,N,,,Y,CGCC,CG-OSINT-20260211-v3.0,2026-02-11
bankunited,BankUnited,,,,Southwest 8th Street,25.7643733,-80.254441,33133,Coral Gables,banking,bank,$$$,,,,,,0.55,Moderate,N,,,N,OSM,CG-OSINT-20260211-v3.0,2026-02-11
belmontbanktrust,Belmont Bank & Trust,Mr. Henry Amador,(786) 425-3350,belmontbank.com,,,,,Coral Gables,banking,Banking and Financial Services,$$$,,,,,,0.55,Moderate,N,,,Y,CGCC,CG-OSINT-20260211-v3.0,2026-02-11
centennialbank,Centennial Bank,Mr. Joaquin O. Guerrero,(786) 413-1265,my100bank.com,,,,,Coral Gables,banking,Banking and Financial Services,$$$,,,,,,0.55,Moderate,N,,,Y,CGCC,CG-OSINT-20260211-v3.0,2026-02-11
chase,Chase,,(305) 569-0083,https://locator.chase.com/fl/miami/2209-sw-37th-ave,2209 Southwest 37th Avenue,25.7495937,-80.2543951,33134,Douglas Road Corridor,banking,bank,$$$,,,,,,0.55,Moderate,N,,,N,OSM+OSM,CG-OSINT-20260211-v3.0,2026-02-11
citibank,Citibank,,(786) 245-4854,,1190 South Dixie Highway,25.7149779,-80.2757822,33146,University of Miami Area,banking,bank,$$$,,,,,,0.55,Moderate,N,,,N,OSM,CG-OSINT-20260211-v3.0,2026-02-11
citynationalbankofflorida,City National Bank of Florida,Ms. Cinthya Urena,(305) 445-1941,citynational.com,5782 Southwest 8th Street,25.7632728,-80.2892931,33134,Coral Gables,banking,Banking and Financial Services,$$$,,,,,,0.55,Moderate,N,,,Y,CGCC+OSM,CG-OSINT-20260211-v3.0,2026-02-11
everbank,EverBank,Ms. Amy Betancur,(305) 448-8568,everbank.com,20 Giralda Avenue,25.7513497,-80.2552329,33134,Ponce de Leon Corridor,banking,Banking and Financial Services,$$$,,,,,,0.55,Moderate,N,,,Y,CGCC+OSM,CG-OSINT-20260211-v3.0,2026-02-11
firstcitizensbank,First Citizens Bank,Mrs. Sara M. Hernandez,(305) 639-7200,firstcitizens.com,,,,,Coral Gables,banking,Banking and Financial Services,$$$,,,,,,0.55,Moderate,N,,,Y,CGCC,CG-OSINT-20260211-v3.0,2026-02-11
firsthorizonbank,First Horizon Bank,Mr. Idalberto de Armas,(305) 442-9991,firsthorizon.com,,,,,Coral Gables,banking,Banking and Financial Services,$$$,,,,,,0.55,Moderate,N,,,Y,CGCC,CG-OSINT-20260211-v3.0,2026-02-11
firstbankflorida,FirstBank Florida,Ms. Carla Largaespada,(305) 442-1220,1firstbank.com,,,,,Coral Gables,banking,Banking and Financial Services,$$$,,,,,,0.55,Moderate,N,,,Y,CGCC,CG-OSINT-20260211-v3.0,2026-02-11
flagstar,Flagstar,Mr. Axel Garcia,(305) 774-0049,flagstar.com,,,,,Coral Gables,banking,Banking and Financial Services,$$$,,,,,,0.55,Moderate,N,,,Y,CGCC,CG-OSINT-20260211-v3.0,2026-02-11
grovebanktrust,Grove Bank & Trust,Mr. Kevin Ley,(305) 444-6665,grovebankandtrust.com,,,,,Coral Gables,banking,Banking and Financial Services,$$$,,,,,,0.55,Moderate,N,,,Y,CGCC,CG-OSINT-20260211-v3.0,2026-02-11
homefinancingcenter,Home Financing Center Inc.,Ms. Claudine Claus,(305) 777-1100,homefinancingcenter.com,,,,,Coral Gables,banking,Mortgage Loans & Bankers,$$$,,,,,,0.55,Moderate,N,,,Y,CGCC,CG-OSINT-20260211-v3.0,2026-02-11
internationalfinancebank,International Finance Bank,Ms. Gigi Rivera,(305) 648-8800,ifbbank.com,,,,,Coral Gables,banking,Banking and Financial Services,$$$,,,,,,0.55,Moderate,N,,,Y,CGCC,CG-OSINT-20260211-v3.0,2026-02-11
mcmbiegroup,McCombie Group,Mr. Michael Rodriguez,(305) 331-3555,mccombiegroup.com,,,,,Coral Gables,banking,Investment Banking,$$$,,,,,,0.55,Moderate,N,,,Y,CGCC,CG-OSINT-20260211-v3.0,2026-02-11
northerntrust,Northern Trust,Mr. Scott Richey,(305) 529-7702,ntrs.com,,,,,Coral Gables,banking,Banking and Financial Services,$$$,,,,,,0.55,Moderate,N,,,Y,CGCC,CG-OSINT-20260211-v3.0,2026-02-11
oceanbank,Ocean Bank,Mr. Julio Laboy,(786) 909-2677,oceanbank.com,6939 Southwest 57th Avenue,25.7046478,-80.2851826,33143,Sunset / South Gables,banking,Banking and Financial Services,$$$,,,,,,0.55,Moderate,N,,,Y,CGCC+OSM,CG-OSINT-20260211-v3.0,2026-02-11
pncbank,PNC Bank,Ms. Audrey Otero,(786) 218-8060,pnc.com,,,,,Coral Gables,banking,Banking and Financial Services,$$$,,,,,,0.55,Moderate,N,,,Y,CGCC,CG-OSINT-20260211-v3.0,2026-02-11
cificnationalbank,Pacific National Bank,Mr. Pablo Estepe Jr.,(305) 539-7633,pnb.com,,,,,Coral Gables,banking,Banking and Financial Services,$$$,,,,,,0.55,Moderate,N,,,Y,CGCC,CG-OSINT-20260211-v3.0,2026-02-11
pibankusa,Pibank USA,Ms. Maria Peuriot,(954) 636-7777,pibank.com,,,,,Coral Gables,banking,Banking and Financial Services,$$$,,,,,,0.55,Moderate,N,,,Y,CGCC,CG-OSINT-20260211-v3.0,2026-02-11
regionsbank,Regions Bank,Ms. Ryanne Santurio,(305) 774-5219,regions.com,6990 Southwest 8th Street,25.7625003,-80.3083007,33134,Coral Gables,banking,Banking and Financial Services,$$$,,,,,,0.55,Moderate,N,,,Y,CGCC+OSM,CG-OSINT-20260211-v3.0,2026-02-11
russeapitalgroup,Russell Capital Group,Ms. Jessica Angulo,(786) 493-7378,rcgmortgage.com,,,,,Coral Gables,banking,Mortgage Loans & Bankers,$$$,,,,,,0.55,Moderate,N,,,Y,CGCC,CG-OSINT-20260211-v3.0,2026-02-11
seaastbank,Seacoast Bank,Mr. Joaquin Medina,(786) 814-4747,seacoastbank.com,,,,,Coral Gables,banking,Banking and Financial Services,$$$,,,,,,0.55,Moderate,N,,,Y,CGCC,CG-OSINT-20260211-v3.0,2026-02-11
southstatebank,SouthState Bank,Ms. Ana Chaoui,(786) 362-8560,southstatebank.com,,,,,Coral Gables,banking,Banking and Financial Services,$$$,,,,,,0.55,Moderate,N,,,Y,CGCC,CG-OSINT-20260211-v3.0,2026-02-11
sunstatebank,Sunstate Bank,,,https://www.sunstatefl.com/about-us/location-details.html?id=11100&location-information=west-miami-5722-sw-8th-street--west-miami-fl-33144,5722 Southwest 8th Street,25.7632603,-80.2887742,33134,Coral Gables,banking,bank,$$$,,,,,,0.55,Moderate,N,,,N,OSM,CG-OSINT-20260211-v3.0,2026-02-11
synovusbank,Synovus Bank,Mr. Nestor J. Mederos,(305) 756-2310,synovus.com,,,,,Coral Gables,banking,Banking and Financial Services,$$$,,,,,,0.55,Moderate,N,,,Y,CGCC,CG-OSINT-20260211-v3.0,2026-02-11
tdbank,TD Bank,Mr. Alvaro Niebles,(305) 441-5630,tdbank.com,2401 Ponce de Leon Boulevard,25.749254,-80.2584114,33134,Miracle Mile,banking,Banking and Financial Services,$$$,,,,,,0.55,Moderate,N,,,Y,CGCC+OSM,CG-OSINT-20260211-v3.0,2026-02-11
terrabank,Terrabank,Ms. Kharina Caldera Soto,(305) 448-4898,terrabank.com,,,,,Coral Gables,banking,Banking and Financial Services,$$$,,,,,,0.55,Moderate,N,,,Y,CGCC,CG-OSINT-20260211-v3.0,2026-02-11
truist,Truist,,,,1190 Southwest 67th Avenue,25.7598449,-80.3041568,33134,Miracle Mile,banking,bank,$$$,,,,,,0.55,Moderate,N,,,N,OSM+OSM,CG-OSINT-20260211-v3.0,2026-02-11
uscenturybank,U.S. Century Bank,Ms. Janessa Cabo,(305) 715-5141,uscentury.com,8201 South Dixie Highway,25.6942022,-80.3013836,33143,Sunset / South Gables,banking,Banking and Financial Services,$$$,,,,,,0.55,Moderate,N,,,Y,CGCC+OSM,CG-OSINT-20260211-v3.0,2026-02-11
unitedbankingmmunity,United Banking Community,,,,Southwest 57th Court,25.7041669,-80.2865501,33143,Sunset / South Gables,banking,bank,$$$,,,,,,0.55,Moderate,N,,,N,OSM,CG-OSINT-20260211-v3.0,2026-02-11
unitedmmunitybank,United Community Bank,Mr. Adolfo Ospina,(305) 667-5511,ucbi.com,,,,,Coral Gables,banking,Banking and Financial Services,$$$,,,,,,0.55,Moderate,N,,,Y,CGCC,CG-OSINT-20260211-v3.0,2026-02-11
universitycreditunion,University Credit Union,Mr. Al Rose,(786) 425-5024,ucumiami.org,6250 Southwest 57th Avenue,25.7127844,-80.2859227,33143,Coral Gables,banking,Banking and Financial Services,$$$,,,,,,0.55,Moderate,N,,,Y,CGCC+OSM,CG-OSINT-20260211-v3.0,2026-02-11
valleynationalbank,Valley National Bank,Mr. Jose Hernandez,(305) 341-8558,valley.com,,,,,Coral Gables,banking,Banking and Financial Services,$$$,,,,,,0.55,Moderate,N,,,Y,CGCC,CG-OSINT-20260211-v3.0,2026-02-11
wellsfargo,Wells Fargo,,(305) 263-1030,https://www.wellsfargo.com/locator/bank/900__SW__57TH__AVE_MIAMI_FL_33144/,900 Southwest 57th Avenue,25.7624306,-80.2883035,33134,Bird Road Corridor,banking,bank,$$$,,,,,,0.55,Moderate,N,,,N,OSM+OSM,CG-OSINT-20260211-v3.0,2026-02-11
a4graphicdesign,A4 Graphic Design,,,,,25.7498709,-80.2489426,33134,Coral Gables,construction,printer,$$$,,,,,,0.55,Moderate,N,,,N,OSM,CG-OSINT-20260211-v3.0,2026-02-11
albanyhomesnstruction,Albany Homes Construction Inc.,Ms. Monique Selman,(786) 271-7192,albanyhomes.us,,,,,Coral Gables,construction,Construction  Residential and Commercial,$$$,,,,,,0.55,Moderate,N,,,Y,CGCC,CG-OSINT-20260211-v3.0,2026-02-11
arvanigroup,"Arvani Group, LLC",Mr. Nikolas Arvanitopoulos,(305) 803-0313,arvanibwllc.com,,,,,Coral Gables,construction,General Contractors / Construction Management,$$$,,,,,,0.55,Moderate,N,,,Y,CGCC,CG-OSINT-20260211-v3.0,2026-02-11
astalnstructiongroup,Coastal Construction Group,Mr. Tom C. Murphy,(305) 559-4900,coastalconstruction.com,,,,,Coral Gables,construction,General Contractors / Construction Management,$$$,,,,,,0.55,Moderate,N,,,Y,CGCC,CG-OSINT-20260211-v3.0,2026-02-11
lormemine,Color Me Mine,,,,,25.7052162,-80.2861761,33143,Sunset / South Gables,construction,pottery,$$$,,,,,,0.55,Moderate,N,,,N,OSM,CG-OSINT-20260211-v3.0,2026-02-11
diongeneratorssolutions,Dion Generators Solutions,Mr. Michael Dion,(305) 450-8787,diongenerators.com,,,,,Coral Gables,construction,Electrical Contractors,$$$,,,,,,0.55,Moderate,N,,,Y,CGCC,CG-OSINT-20260211-v3.0,2026-02-11
enriquemuoz,Enrique Munoz,,,https://www.enriquemunozstudio.com/,6055 Southwest 8th Street,25.7635799,-80.2942614,33134,Coral Gables,construction,photographer,$$$,,,,,,0.55,Moderate,N,,,N,OSM,CG-OSINT-20260211-v3.0,2026-02-11
floridanstructionengineering,Florida Construction & Engineering,Ms. Stephany Zakhia,(305) 883-7601,fcebuild.com,,,,,Coral Gables,construction,Construction Companies,$$$,,,,,,0.55,Moderate,N,,,Y,CGCC,CG-OSINT-20260211-v3.0,2026-02-11
floridalemarkoration,Florida Lemark Corporation,Mr. Emilio Rodriguez,(305) 593-1442,floridalemark.com,,,,,Coral Gables,construction,General Contractors / Construction Management,$$$,,,,,,0.55,Moderate,N,,,Y,CGCC,CG-OSINT-20260211-v3.0,2026-02-11
giftshop,Gift Shop,Mr. Danny Daniel,(786) 228-7098,mystichealing.com,,,,,Coral Gables,construction,General Contractors / Construction Management,$$$,,,,,,0.55,Moderate,N,,,Y,CGCC,CG-OSINT-20260211-v3.0,2026-02-11
jvvroofing,JVV Roofing,,,,,25.7051456,-80.2857751,33143,Sunset / South Gables,construction,roofer,$$$,,,,,,0.55,Moderate,N,,,N,OSM,CG-OSINT-20260211-v3.0,2026-02-11
jwrnstruction,JWR Construction,Ms. Josie Legido Correa,(954) 480-2800,jwrconstruction.com,,,,,Coral Gables,construction,Construction Companies,$$$,,,,,,0.55,Moderate,N,,,Y,CGCC,CG-OSINT-20260211-v3.0,2026-02-11
jorgeenterprisesgcnstruction,Jorge Enterprises GC - Construction,,(305) 492-5916,https://je-gc.com/,PO Box,25.7480898,-80.2603205,33134,Miracle Mile,construction,construction,$$$,,,,,,0.55,Moderate,N,,,N,OSM,CG-OSINT-20260211-v3.0,2026-02-11
libertyelevatororation,Liberty Elevator Corporation,Mr. Douglas Muttart,(800) 522-4551,libertyelevator.com,,,,,Coral Gables,construction,Elevator Contractor / Maintenance / Modernization,$$$,,,,,,0.55,Moderate,N,,,Y,CGCC,CG-OSINT-20260211-v3.0,2026-02-11
luxonnstruction,Luxon Construction,Mr. Michael Olivera,(786) 862-6033,luxonconstruction.com,,,,,Coral Gables,construction,General Contractors / Construction Management,$$$,,,,,,0.55,Moderate,N,,,Y,CGCC,CG-OSINT-20260211-v3.0,2026-02-11
nrinolanreynoldsinternational,NRI  Nolan Reynolds International,Mr. Brent Reynolds,(305) 529-9928,nrinternational.com,,,,,Coral Gables,construction,Construction / Development,$$$,,,,,,0.55,Moderate,N,,,Y,CGCC,CG-OSINT-20260211-v3.0,2026-02-11
primarywindows,Primary Windows,,(786) 471-1811,http://primarywindows.com,250 Giralda Ave,25.7509993,-80.2600453,33134,Miracle Mile,construction,glaziery,$$$,,,,,,0.55,Moderate,N,,,N,OSM,CG-OSINT-20260211-v3.0,2026-02-11
rothstarnstruction,Rothstar Construction Inc.,"Mr. Larry Starr, Jr.",(305) 442-4462,rothstar.com,,,,,Coral Gables,construction,General Contractors / Construction Management,$$$,,,,,,0.55,Moderate,N,,,Y,CGCC,CG-OSINT-20260211-v3.0,2026-02-11
seaastnstruction,Seacoast Construction Inc.,Mr. George Abadie,(786) 433-8740,seacoastconstruction.net,,,,,Coral Gables,construction,General Contractors / Construction Management,$$$,,,,,,0.55,Moderate,N,,,Y,CGCC,CG-OSINT-20260211-v3.0,2026-02-11
thembinedgroup,The Combined Group Corp.,Mr. Carlos A. Sotolongo,(786) 316-5838,thecombinedgroup.com,,,,,Coral Gables,construction,Civil Construction,$$$,,,,,,0.55,Moderate,N,,,Y,CGCC,CG-OSINT-20260211-v3.0,2026-02-11
trinitynstructiongroup,Trinity Construction Group,Mr. Daniel Duran,(786) 431-5770,trinitygoc.com,,,,,Coral Gables,construction,Contractors  General/Custom Homebuilding,$$$,,,,,,0.55,Moderate,N,,,Y,CGCC,CG-OSINT-20260211-v3.0,2026-02-11
att,AT&T,Ms. Thais Asper Keane,(305) 347-5454,att.com,2720 South Dixie Highway,25.7389161,-80.239623,33133,Douglas Road Corridor,consulting,Telephone Communication/Equipment/Consultants,$$$,,,,,,0.55,Moderate,N,,,Y,CGCC+OSM,CG-OSINT-20260211-v3.0,2026-02-11
actionachteamsage,ActionCOACH Team Sage,Ms. Jody Johnson,(305) 285-9264,actioncoachteamsage.com,,,,,Coral Gables,consulting,Coaches & Trainers / Business Development & Leadership,$$$,,,,,,0.55,Moderate,N,,,Y,CGCC,CG-OSINT-20260211-v3.0,2026-02-11
ascensionglobalstaffingexecutivesearch,Ascension Global Staffing & Executive Search,Ms. Aida Rodriguez,(786) 503-1910,ascensionsearch.com,,,,,Coral Gables,consulting,Executive Search & Career Consultants,$$$,,,,,,0.55,Moderate,N,,,Y,CGCC,CG-OSINT-20260211-v3.0,2026-02-11
gladiiumtechnologyrtners,GLADiiUM Technology Partners,,(305) 901-2360,https://gladiium.ua/,95 Merrick Way,25.7515738,-80.2563691,33134,Ponce de Leon Corridor,consulting,consulting,$$$,,,,,,0.55,Moderate,N,,,N,OSM,CG-OSINT-20260211-v3.0,2026-02-11
gamechangersnsulting,"Gamechangers Consulting, LLC",Mr. Sergio Tigera,(786) 457-0113,sergiotigera.com,,,,,Coral Gables,consulting,ConsultantsManagement & Performance,$$$,,,,,,0.55,Moderate,N,,,Y,CGCC,CG-OSINT-20260211-v3.0,2026-02-11
llakhdaraching,Llakhdar Coaching,Mr. Hakim A. Lakhdar,(850) 322-8109,lakhdarcoaching.com,,,,,Coral Gables,consulting,Coaches & Trainers / Business Development & Leadership,$$$,,,,,,0.55,Moderate,N,,,Y,CGCC,CG-OSINT-20260211-v3.0,2026-02-11
lulyb,Luly B Inc.,Ms. Luly Carreras,(305) 417-8817,lulyb.com,,,,,Coral Gables,consulting,Coaches & Trainers / Business Development & Leadership,$$$,,,,,,0.55,Moderate,N,,,Y,CGCC,CG-OSINT-20260211-v3.0,2026-02-11
marlyq,"MARLY Q, LLC",Ms. Marly Q Casanova,(305) 908-2483,marlyq.com,,,,,Coral Gables,consulting,Consultant  Public Speaking and Communications,$$$,,,,,,0.55,Moderate,N,,,Y,CGCC,CG-OSINT-20260211-v3.0,2026-02-11
mcguirewoods,McGuire Woods,Mr. Rhett O'Doski,(850) 322-8786,mcguirewoods.com,,,,,Coral Gables,consulting,Government Consulting,$$$,,,,,,0.55,Moderate,N,,,Y,CGCC,CG-OSINT-20260211-v3.0,2026-02-11
performancerewired,PerformanceREWIRED,Ms. Jeska Brodbeck,(601) 540-7087,jeskabrodbeck.com,,,,,Coral Gables,consulting,Coaches & Trainers / Business Development & Leadership,$$$,,,,,,0.55,Moderate,N,,,Y,CGCC,CG-OSINT-20260211-v3.0,2026-02-11
phoenixpronnect,Phoenix Pro Connect,Ms. Cynthia RodriguezGarces,(786) 290-3996,phxproconnect.com,,,,,Coral Gables,consulting,Executive Search & Career Consultants,$$$,,,,,,0.55,Moderate,N,,,Y,CGCC,CG-OSINT-20260211-v3.0,2026-02-11
tpeachingnsulting,TPE Coaching & Consulting,"Ms. Erika Obando, M.C.L.C.",(954) 263-5829,tpecoaching.com,,,,,Coral Gables,consulting,Coaches & Trainers / Business Development & Leadership,$$$,,,,,,0.55,Moderate,N,,,Y,CGCC,CG-OSINT-20260211-v3.0,2026-02-11
taxllectorsofficemiamidadeunty,Tax Collectors Office Miami Dade County,Mr. Dariel Fernandez,(305) 375-1567,mdctaxcollector.gov,,,,,Coral Gables,consulting,Government / Policy / Consulting,$$$,,,,,,0.55,Moderate,N,,,Y,CGCC,CG-OSINT-20260211-v3.0,2026-02-11
thefranchisetailor,The Franchise Tailor,Mr. Eddie Rodriguez,(305) 460-9925,thefranchisetailor.com,,,,,Coral Gables,consulting,Franchise Consulting,$$$,,,,,,0.55,Moderate,N,,,Y,CGCC,CG-OSINT-20260211-v3.0,2026-02-11
theoisgroup,The OIS Group,Mr. Hugh Quinn,(786) 251-3294,theoisgroup.com,,,,,Coral Gables,consulting,Human Resources/Risk Management Consultant,$$$,,,,,,0.55,Moderate,N,,,Y,CGCC,CG-OSINT-20260211-v3.0,2026-02-11
vickilopezstaterepresentativehd113,Vicki Lopez State Representative  HD 113,Ms. Vicki L. Lopez,(305) 315-0740,,,,,,Coral Gables,consulting,Government Relations / NonProfit Consulting,$$$,,,,,,0.55,Moderate,N,,,Y,CGCC,CG-OSINT-20260211-v3.0,2026-02-11
wearemajor,"We Are Major, LLC",Ms. Leyanis Diaz,(305) 697-7271,wearemajor.com,,,,,Coral Gables,consulting,Management Consulting,$$$,,,,,,0.55,Moderate,N,,,Y,CGCC,CG-OSINT-20260211-v3.0,2026-02-11
academyformmunityeducation,Academy for Community Education,,,,,25.7566667,-80.2569444,33134,Ponce de Leon Corridor,education,school,$$,,,,,,0.55,Moderate,N,,,N,OSM,CG-OSINT-20260211-v3.0,2026-02-11
academyofartsandmindsschool,Academy of Arts and Minds School,,,,,25.7270884,-80.2444512,33134,Douglas Road Corridor,education,school,$$,,,,,,0.55,Moderate,N,,,N,OSM,CG-OSINT-20260211-v3.0,2026-02-11
alphaschoolmiami,Alpha School Miami,Ms. Debby Lichtner,(305) 775-8626,alpha.school,,,,,Coral Gables,education,Education,$$,,,,,,0.55,Moderate,N,,,Y,CGCC,CG-OSINT-20260211-v3.0,2026-02-11
auroraacademy,Aurora Academy,,,,,25.7352778,-80.2472222,33134,Bird Road Corridor,education,school,$$,,,,,,0.55,Moderate,N,,,N,OSM,CG-OSINT-20260211-v3.0,2026-02-11
avenuesofexcellence,Avenues of Excellence Inc.,Ms. Rose Hedgemond,(786) 749-2276,avenuesofexcellence.com,,,,,Coral Gables,education,Education / Finishing School,$$,,,,,,0.55,Moderate,N,,,Y,CGCC,CG-OSINT-20260211-v3.0,2026-02-11
barringtonacademy,Barrington Academy,,,,,25.7041667,-80.29,33143,Sunset / South Gables,education,school,$$,,,,,,0.55,Moderate,N,,,N,OSM,CG-OSINT-20260211-v3.0,2026-02-11
branches,Branches,Ms. Isabelle Pike,(305) 442-8306,branchesfl.org,,,,,Coral Gables,education,NonProfit OrganizationEducation,$$,,,,,,0.55,Moderate,N,,,Y,CGCC,CG-OSINT-20260211-v3.0,2026-02-11
britomiamiprivateschool,Brito Miami Private School,,,,,25.7408333,-80.2461111,33134,Coral Gables,education,school,$$,,,,,,0.55,Moderate,N,,,N,OSM,CG-OSINT-20260211-v3.0,2026-02-11
cityyearmiami,City Year Miami,Ms. Sheron Williams,(786) 406-7900,cityyear.org/miami,,,,,Coral Gables,education,NonProfit OrganizationEducation,$$,,,,,,0.55,Moderate,N,,,Y,CGCC,CG-OSINT-20260211-v3.0,2026-02-11
llegeofartsandsciences,College of Arts and Sciences,,(305) 284-4117,https://www.as.miami.edu/,1252 Memorial Drive,25.7218482,-80.2779894,33146,University of Miami Area,education,college,$$,,,,,,0.55,Moderate,N,,,N,OSM,CG-OSINT-20260211-v3.0,2026-02-11
llegeofengineering,College of Engineering,,(305) 284-2404,https://www.coe.miami.edu/,1251 Memorial Drive,25.7227809,-80.2786795,33146,University of Miami Area,education,college,$$,,,,,,0.55,Moderate,N,,,N,OSM,CG-OSINT-20260211-v3.0,2026-02-11
ntinentalacademy,Continental Academy,,,,,25.7069444,-80.2838889,33143,Sunset / South Gables,education,school,$$,,,,,,0.55,Moderate,N,,,N,OSM,CG-OSINT-20260211-v3.0,2026-02-11
ralgablesadultntinuingeducationcenter,Coral Gables Adult & Continuing Education Center,Dr. Louis Dash,(305) 443-4871,coralgablesadultedu.com,,,,,Coral Gables,education,Schools - Education,$$,,,,,,0.55,Moderate,N,,,Y,CGCC,CG-OSINT-20260211-v3.0,2026-02-11
ralgablesadulteducationcenter,Coral Gables Adult Education Center,Ms. Gina Spicer,(305) 443-4871,coralgablesadultedu.com,,,,,Coral Gables,education,Education,$$,,,,,,0.55,Moderate,N,,,Y,CGCC,CG-OSINT-20260211-v3.0,2026-02-11
ralvillachristianacademy,Coral Villa Christian Academy,,,,,25.7114904,-80.274773,33146,Coral Gables,education,school,$$,,,,,,0.55,Moderate,N,,,N,OSM,CG-OSINT-20260211-v3.0,2026-02-11
crystalacademytherapycenterschoolautismdevelopmentaldelays,Crystal Academy Therapy Center & School  Autism & Developmental Delays,Mrs. Mary PalacioPike,(305) 567-5881,crystalacademycg.org,,,,,Coral Gables,education,Schools - Education,$$,,,,,,0.55,Moderate,N,,,Y,CGCC,CG-OSINT-20260211-v3.0,2026-02-11
daviinstitute,DaVinci Institute,,,,,25.7656551,-80.2400494,33133,Douglas Road Corridor,education,school,$$,,,,,,0.55,Moderate,N,,,N,OSM,CG-OSINT-20260211-v3.0,2026-02-11
floridaeducationinstitute,Florida Education Institute,,,,5818 Southwest 8th Street,25.7630924,-80.2906663,33134,Coral Gables,education,school,$$,,,,,,0.55,Moderate,N,,,N,OSM,CG-OSINT-20260211-v3.0,2026-02-11
floridainternationaluniversity,Florida International University,Mrs. Michelle Palacio,(305) 348-6298,fiu.edu,,,,,Coral Gables,education,Schools - Higher Education,$$,,,,,,0.55,Moderate,N,,,Y,CGCC,CG-OSINT-20260211-v3.0,2026-02-11
freedomchristianacademy,Freedom Christian Academy,,,,,25.7656552,-80.2706058,33134,Coral Gables,education,school,$$,,,,,,0.55,Moderate,N,,,N,OSM,CG-OSINT-20260211-v3.0,2026-02-11
gwcarverelementaryschool,G.W. Carver Elementary School,Ms. Patricia Fairclough,(305) 443-5286,gwces.com,,,,,Coral Gables,education,Schools - Education,$$,,,,,,0.55,Moderate,N,,,Y,CGCC,CG-OSINT-20260211-v3.0,2026-02-11
gablesacademyofmiami,Gables Academy of Miami,,,,,25.7239899,-80.2692171,33146,Coral Gables,education,school,$$,,,,,,0.55,Moderate,N,,,N,OSM,CG-OSINT-20260211-v3.0,2026-02-11
girlsutsoftropicalflorida,Girl Scouts of Tropical Florida,Ms. Haley Karl,(305) 253-4841,girlscoutsfl.org,,,,,Coral Gables,education,NonProfit OrganizationEducation,$$,,,,,,0.55,Moderate,N,,,Y,CGCC,CG-OSINT-20260211-v3.0,2026-02-11
goldmansachs10000smallbusinessesatmiamidadellege,"Goldman Sachs 10,000 Small Businesses at Miami Dade College",Mr. Scott Byrd,(305) 237-7817,mdc.edu/10ksb,,,,,Coral Gables,education,Education,$$,,,,,,0.55,Moderate,N,,,Y,CGCC,CG-OSINT-20260211-v3.0,2026-02-11
graduateschool,Graduate School,,(305) 284-4154,https://www.grad.miami.edu/,1252 Memorial Drive,25.7218144,-80.2776397,33146,University of Miami Area,education,college,$$,,,,,,0.55,Moderate,N,,,N,OSM,CG-OSINT-20260211-v3.0,2026-02-11
humboldtinternationaluniversity,Humboldt International University,Mr. Carlos Montes de Oca,(305) 448-7454,hiuniversity.com,,,,,Coral Gables,education,Education,$$,,,,,,0.55,Moderate,N,,,Y,CGCC,CG-OSINT-20260211-v3.0,2026-02-11
ismaelcalafoundation,Ismael Cala Foundation,Ms. Barbara Nunez,(786) 543-0050,,,,,,Coral Gables,education,NonProfit OrganizationEducation,$$,,,,,,0.55,Moderate,N,,,Y,CGCC,CG-OSINT-20260211-v3.0,2026-02-11
juniorachievementofgreatermiami,Junior Achievement of Greater Miami,Ms. Debbie Rodriguez,(305) 687-3977,miami.ja.org,,,,,Coral Gables,education,NonProfit OrganizationEducation,$$,,,,,,0.55,Moderate,N,,,Y,CGCC,CG-OSINT-20260211-v3.0,2026-02-11
miamidadellegekendaampus,Miami Dade College Kendall Campus,Dr. Bryan Stewart,(305) 237-2154,mdc.edu/kendall,2705 Southwest 3rd Street,25.7698291,-80.2395844,33133,Douglas Road Corridor,education,NonProfit OrganizationEducation,$$,,,,,,0.55,Moderate,N,,,Y,CGCC+OSM,CG-OSINT-20260211-v3.0,2026-02-11
miamidadellegedrncampus,Miami Dade College Padron Campus,,,https://www.mdc.edu/padron/,627 Southwest 27th Avenue,25.7664824,-80.237869,33133,Douglas Road Corridor,education,college,$$,,,,,,0.55,Moderate,N,,,N,OSM,CG-OSINT-20260211-v3.0,2026-02-11
miamifirellege,Miami Fire College,,,,,25.7272082,-80.2575561,33146,Coral Gables,education,school,$$,,,,,,0.55,Moderate,N,,,N,OSM,CG-OSINT-20260211-v3.0,2026-02-11
miamiprivateschool,Miami Private School,,,,,25.7156569,-80.2722729,33146,University of Miami Area,education,school,$$,,,,,,0.55,Moderate,N,,,N,OSM+OSM,CG-OSINT-20260211-v3.0,2026-02-11
montessorichildrenshouse,Montessori Childrens House,,,,,25.7337119,-80.2942177,33146,Bird Road Corridor,education,school,$$,,,,,,0.55,Moderate,N,,,N,OSM,CG-OSINT-20260211-v3.0,2026-02-11
montessoriinternationalschool,Montessori International School,,,,,25.7062127,-80.2722729,33146,Sunset / South Gables,education,school,$$,,,,,,0.55,Moderate,N,,,N,OSM,CG-OSINT-20260211-v3.0,2026-02-11
montessorismartlearningacademy,Montessori Smart Learning Academy,,,,,25.755261,-80.2880651,33134,Coral Gables,education,school,$$,,,,,,0.55,Moderate,N,,,N,OSM,CG-OSINT-20260211-v3.0,2026-02-11
ourladyoffatimaacademy,Our Lady of Fatima Academy,,,,,25.7502778,-80.2438889,33133,Douglas Road Corridor,education,school,$$,,,,,,0.55,Moderate,N,,,N,OSM,CG-OSINT-20260211-v3.0,2026-02-11
ourladyoflourdesacademy,Our Lady of Lourdes Academy,,,,,25.6930556,-80.2830556,33143,Sunset / South Gables,education,school,$$,,,,,,0.55,Moderate,N,,,N,OSM,CG-OSINT-20260211-v3.0,2026-02-11
namericaninstitute,Pan American Institute,,,,Southwest 29th Avenue,25.7659329,-80.2408827,33133,Douglas Road Corridor,education,school,$$,,,,,,0.55,Moderate,N,,,N,OSM,CG-OSINT-20260211-v3.0,2026-02-11
schoolofarchitecture,School of Architecture,,(305) 284-3731,https://www.arc.miami.edu/,1223 Theo Dickinson Drive,25.7170993,-80.2790798,33146,University of Miami Area,education,college,$$,,,,,,0.55,Moderate,N,,,N,OSM,CG-OSINT-20260211-v3.0,2026-02-11
schoolofmmunications,School of Communications,,(305) 284-2265,https://com.miami.edu/,5100 Brunson Drive,25.7226279,-80.275733,33146,University of Miami Area,education,college,$$,,,,,,0.55,Moderate,N,,,N,OSM,CG-OSINT-20260211-v3.0,2026-02-11
schoolofeducationandhumandevelopment,School of Education and Human Development,,(305) 284-3711,https://www.edu.miami.edu/,5202 University Drive,25.7212287,-80.2760425,33146,University of Miami Area,education,college,$$,,,,,,0.55,Moderate,N,,,N,OSM,CG-OSINT-20260211-v3.0,2026-02-11
schoolofnursingandhealthstudies,School of Nursing and Health Studies,,(305) 284-3666,https://www.sonhs.miami.edu/,5030 Brunson Drive,25.7227313,-80.2766991,33146,University of Miami Area,education,college,$$,,,,,,0.55,Moderate,N,,,N,OSM,CG-OSINT-20260211-v3.0,2026-02-11
sttheresacatholicschool,St. Theresa Catholic School,Ms. Ashley Sacks Dominguez,(305) 446-9950,stscg.org,,,,,Coral Gables,education,NonProfit OrganizationEducation,$$,,,,,,0.55,Moderate,N,,,Y,CGCC,CG-OSINT-20260211-v3.0,2026-02-11
stemreeofralgables,Stemree of Coral Gables,Mr. Tyrone Gabriel,(305) 850-5885,stemtree.com/coralgables,,,,,Coral Gables,education,Private Tutoring Services,$$,,,,,,0.55,Moderate,N,,,Y,CGCC,CG-OSINT-20260211-v3.0,2026-02-11
sunflowersacademy,Sunflowers Academy,,,,,25.7661111,-80.2411111,33133,Douglas Road Corridor,education,school,$$,,,,,,0.55,Moderate,N,,,N,OSM,CG-OSINT-20260211-v3.0,2026-02-11
sunilandacademy,Suniland Academy,,,,,25.7617663,-80.2350492,33133,Douglas Road Corridor,education,school,$$,,,,,,0.55,Moderate,N,,,N,OSM,CG-OSINT-20260211-v3.0,2026-02-11
sunsetpreratoryschool,Sunset Preparatory School,,,,,25.7053795,-80.274773,33143,Sunset / South Gables,education,school,$$,,,,,,0.55,Moderate,N,,,N,OSM,CG-OSINT-20260211-v3.0,2026-02-11
thebiltmoreschool,The Biltmore School,Ms. Gina C. Duarte Romero,(305) 266-4666,biltmoreschool.com,,,,,Coral Gables,education,Schools - Education,$$$$,,,,,,0.55,Moderate,N,,,Y,CGCC,CG-OSINT-20260211-v3.0,2026-02-11
theeducationfund,The Education Fund,Ms. Marilen Marnett,(786) 714-0139,educationfund.org,,,,,Coral Gables,education,NonProfit OrganizationEducation,$$,,,,,,0.55,Moderate,N,,,Y,CGCC,CG-OSINT-20260211-v3.0,2026-02-11
upgradeeducationsolutions,"UpGrade Education Solutions, LLC",Ms. Estelle Lockhart,(305) 772-1811,UpGradeEducation.org,,,,,Coral Gables,education,Tutoring,$$,,,,,,0.55,Moderate,N,,,Y,CGCC,CG-OSINT-20260211-v3.0,2026-02-11
wagnermontessorischool,Wagner Montessori School,,,,,25.7333151,-80.2973927,33146,Bird Road Corridor,education,school,$$,,,,,,0.55,Moderate,N,,,N,OSM,CG-OSINT-20260211-v3.0,2026-02-11
4mgmortgage,"4MG Mortgage, LLC",Ms. Ashlin Endter,(305) 762-0314,4mgmortgage.com,,,,,Coral Gables,financial_services,Real Estate & Financial Services,$$$,,,,,,0.55,Moderate,N,,,Y,CGCC,CG-OSINT-20260211-v3.0,2026-02-11
abmortgage,ABCO Mortgage,Ms. Lourdes Fortun,(305) 784-7000,abcomortgage.com,,,,,Coral Gables,financial_services,Real Estate & Financial Services,$$$,,,,,,0.55,Moderate,N,,,Y,CGCC,CG-OSINT-20260211-v3.0,2026-02-11
acentria,Acentria,Ms. Natalie Ruiz,(904) 465-0227,acentria.com,,,,,Coral Gables,financial_services,Financial Services,$$$,,,,,,0.55,Moderate,N,,,Y,CGCC,CG-OSINT-20260211-v3.0,2026-02-11
allianztrade,AllianzTrade,Mr. Alex Zaldivar,(305) 753-2196,,,,,,Coral Gables,financial_services,InsuranceFinancing,$$$,,,,,,0.55,Moderate,N,,,Y,CGCC,CG-OSINT-20260211-v3.0,2026-02-11
ascendantinsurancesolutions,"Ascendant Insurance Solutions, LLC",Mr. Pablo L. Cejas,(305) 8204360 x1431,ascendantgroup.com,,,,,Coral Gables,financial_services,Insurance & Financial Services,$$$,,,,,,0.55,Moderate,N,,,Y,CGCC,CG-OSINT-20260211-v3.0,2026-02-11
azzendowealthadvisors,Azzendo Wealth Advisors,Mr. Alejandro Grillo,(305) 648-9814,azzendo.com,,,,,Coral Gables,financial_services,Wealth Management,$$$,,,,,,0.55,Moderate,N,,,Y,CGCC,CG-OSINT-20260211-v3.0,2026-02-11
bgicapital,BGI Capital,Mr. Robert Barthelmess,(305) 854-0604,bgicapital.com,,,,,Coral Gables,financial_services,Real Estate & Financial Services,$$$,,,,,,0.55,Moderate,N,,,Y,CGCC,CG-OSINT-20260211-v3.0,2026-02-11
bayviewce,Bayview Pace,,(844) 518-2343,https://www.bayviewpace.com,4425 Ponce de Leon Boulevard,25.731374,-80.2578335,33146,Bird Road Corridor,financial_services,financial,$$$,,,,,,0.55,Moderate,N,,,N,OSM,CG-OSINT-20260211-v3.0,2026-02-11
beneschinvestmentgroup,Benesch Investment Group,Ms. Holly Croxall Barnhart,(786) 607-4050,beneschinvestmentgroup.com,,,,,Coral Gables,financial_services,Wealth Management,$$$,,,,,,0.55,Moderate,N,,,Y,CGCC,CG-OSINT-20260211-v3.0,2026-02-11
bennettcapitalrtnersmortgagebrokers,Bennett Capital Partners Mortgage Brokers,Mr. Philip Bennett,(800) 457-9057,bcpmortgage.com,,,,,Coral Gables,financial_services,Mortgage Brokers,$$$,,,,,,0.55,Moderate,N,,,Y,CGCC,CG-OSINT-20260211-v3.0,2026-02-11
bowdenwealthmanagementgroutbankofamericamerrilllynch,Bowden Wealth Management Group at Bank of America / Merrill Lynch,Mrs. Amber Bowden,(305) 347-2535,advisor.ml.com/sites/fl/miamibrickell/bowdenassociates,,,,,Coral Gables,financial_services,Wealth Management,$$$,,,,,,0.55,Moderate,N,,,Y,CGCC,CG-OSINT-20260211-v3.0,2026-02-11
capitalone,Capital One,Mr. Bernard Vieira,(305) 240-3565,capitalone.com,,,,,Coral Gables,financial_services,Financial Services,$$$,,,,,,0.55,Moderate,N,,,Y,CGCC,CG-OSINT-20260211-v3.0,2026-02-11
dinartners,Codina Partners,Mr. Lee Casey,(305) 529-1300,codina.com,,,,,Coral Gables,financial_services,Real Estate Developers & Investors,$$$,,,,,,0.55,Moderate,N,,,Y,CGCC,CG-OSINT-20260211-v3.0,2026-02-11
nstellationgroup,Constellation Group,Mr. Trevor Regensburg,(617) 610-6786,groupconstellation.com,,,,,Coral Gables,financial_services,Real Estate Developers & Investors,$$$,,,,,,0.55,Moderate,N,,,Y,CGCC,CG-OSINT-20260211-v3.0,2026-02-11
ralgablestrustmny,Coral Gables Trust Company,Mr. John W. Harris,(786) 497-1212,cgtrust.com,,,,,Coral Gables,financial_services,Wealth Management,$$$,,,,,,0.55,Moderate,N,,,Y,CGCC,CG-OSINT-20260211-v3.0,2026-02-11
ralwealthmanagement,Coral Wealth Management,Mr. Dennis Coral,(305) 671-3914,coralwm.com,,,,,Coral Gables,financial_services,Financial Services,$$$,,,,,,0.55,Moderate,N,,,Y,CGCC,CG-OSINT-20260211-v3.0,2026-02-11
crawfordrealestateholdings,"Crawford Real Estate Holdings, LLC",Mr. Todd Rubinstein,(954) 588-0609,crawfordrealestateholdings.com,,,,,Coral Gables,financial_services,Investment Real Estate,$$$,,,,,,0.55,Moderate,N,,,Y,CGCC,CG-OSINT-20260211-v3.0,2026-02-11
dcfinancialservices,"DC Financial Services, LLC",Mr. Chris Colston,(305) 951-8381,2ndchancecredit.net,,,,,Coral Gables,financial_services,Financial Services,$$$,,,,,,0.55,Moderate,N,,,Y,CGCC,CG-OSINT-20260211-v3.0,2026-02-11
dmgoration,DMG Corporation,Mr. Giovanny Madrid,(305) 887-1431,giovannymadridfr.com,,,,,Coral Gables,financial_services,Financial Planning,$$$,,,,,,0.55,Moderate,N,,,Y,CGCC,CG-OSINT-20260211-v3.0,2026-02-11
dedicatedwealthrtnersofraymondjames,Dedicated Wealth Partners of Raymond James,Ms. Dafna Gold,(917) 599-8286,raymondjames.com/dedicatedwealthpartners,,,,,Coral Gables,financial_services,Financial Advisors,$$$,,,,,,0.55,Moderate,N,,,Y,CGCC,CG-OSINT-20260211-v3.0,2026-02-11
dozoassociatesinsuranceservices,Dopazo & Associates Insurance Services,Mr. Alexander Dopazo,(305) 470-8500,dopazoinsurance.com,,,,,Coral Gables,financial_services,Insurance & Financial Services,$$$,,,,,,0.55,Moderate,N,,,Y,CGCC,CG-OSINT-20260211-v3.0,2026-02-11
edwardjones,Edward Jones,Mr. Alex Venot,(305) 460-9594,edwardjones.com/alexvenot,,,,,Coral Gables,financial_services,Financial Advisors,$$$,,,,,,0.55,Moderate,N,,,Y,CGCC,CG-OSINT-20260211-v3.0,2026-02-11
emergentglobalinvestments,"Emergent Global Investments, LLC",Mr. Cesar Murillo,(786) 964-1952,emergentgi.com,,,,,Coral Gables,financial_services,Financial Advisors/Wealth Management,$$$,,,,,,0.55,Moderate,N,,,Y,CGCC,CG-OSINT-20260211-v3.0,2026-02-11
equitableadvisors,Equitable Advisors,Mr. Luis Chiappy,(305) 670-4400,southflorida.equitableadvisors.com,,,,,Coral Gables,financial_services,Financial Services & Advisors,$$$,,,,,,0.55,Moderate,N,,,Y,CGCC,CG-OSINT-20260211-v3.0,2026-02-11
evenskykatzfoldesfinancialwealthmanagement,Evensky & Katz / Foldes Financial Wealth Management,Mr. David Evensky,(305) 448-8882,evenskykatz.com,,,,,Coral Gables,financial_services,Wealth Management,$$$,,,,,,0.55,Moderate,N,,,Y,CGCC,CG-OSINT-20260211-v3.0,2026-02-11
fisglobal,FIS Global,Ms. Erica Landivar,,fisglobal.com,,,,,Coral Gables,financial_services,Technology Finance,$$$,,,,,,0.55,Moderate,N,,,Y,CGCC,CG-OSINT-20260211-v3.0,2026-02-11
fontaineretirementgroup,Fontaine Retirement Group,Mr. David Fontaine,(305) 386-7667,,,,,,Coral Gables,financial_services,Financial Advisors/Wealth Management,$$$,,,,,,0.55,Moderate,N,,,Y,CGCC,CG-OSINT-20260211-v3.0,2026-02-11
ghfactor,"G.H. Factor, LLC",Mr. Mauricio Perez,(786) 925-0583,ghfactor.net,,,,,Coral Gables,financial_services,Financing Commercial Accounts Receivables,$$$,,,,,,0.55,Moderate,N,,,Y,CGCC,CG-OSINT-20260211-v3.0,2026-02-11
hamptonsgroup,"Hamptons Group, LLC",Mr. Jeff Bartel,(305) 310-9000,hamptonsgroup.com,2800 Southwest 28th Terrace,25.7385255,-80.2392913,33133,Douglas Road Corridor,financial_services,Financial/Investments,$$$,,,,,,0.55,Moderate,N,,,Y,CGCC+OSM,CG-OSINT-20260211-v3.0,2026-02-11
henleyrtnersusa,Henley & Partners USA Inc.,Ms. Isabel Quintero,(786) 233-6668,henleyglobal.com,,,,,Coral Gables,financial_services,Global Citizenship/Residency by Investment,$$$,,,,,,0.55,Moderate,N,,,Y,CGCC,CG-OSINT-20260211-v3.0,2026-02-11
hines,Hines,Ms. Rosemary AltareLemus,(305) 444-8900,hines.com,,,,,Coral Gables,financial_services,Real Estate Developers & Investors,$$$,,,,,,0.55,Moderate,N,,,Y,CGCC,CG-OSINT-20260211-v3.0,2026-02-11
insigneosecurities,"Insigneo Securities, LLC",Mr. Javier Rivero,(305) 373-9000,insigneo.com,,,,,Coral Gables,financial_services,Financial Advisors/Wealth Management,$$$,,,,,,0.55,Moderate,N,,,Y,CGCC,CG-OSINT-20260211-v3.0,2026-02-11
integritywealthadvisoryofjanney,Integrity Wealth Advisory of Janney,Ms. Susan Rutrough,(786) 577-6806,integritywealthadvisoryjanney.com,,,,,Coral Gables,financial_services,Financial Professional  Wealth Management,$$$,,,,,,0.55,Moderate,N,,,Y,CGCC,CG-OSINT-20260211-v3.0,2026-02-11
inveniowealthrtners,Invenio Wealth Partners,Mr. Joseph Fernandez,(305) 570-2059,inveniowealth.com,,,,,Coral Gables,financial_services,Wealth Management,$$$,,,,,,0.55,Moderate,N,,,Y,CGCC,CG-OSINT-20260211-v3.0,2026-02-11
keskglobalgroup,"KESK Global Group, LLC",Mr. Karel Lens,(786) 523-0003,keskglobal.com,,,,,Coral Gables,financial_services,Financial Services & Advisors,$$$,,,,,,0.55,Moderate,N,,,Y,CGCC,CG-OSINT-20260211-v3.0,2026-02-11
mgdeveloper,MG Developer,Mr. Giovanni Insignares,(305) 718-4575,mgdevelopermiami.com,,,,,Coral Gables,financial_services,Real Estate Developers & Investors,$$$,,,,,,0.55,Moderate,N,,,Y,CGCC,CG-OSINT-20260211-v3.0,2026-02-11
marinerwealthadvisors,Mariner Wealth Advisors,Ms. Michelle Grillone,(305) 443-0230,marinewealthadvisors.com,,,,,Coral Gables,financial_services,Financial Services & Advisors,$$$,,,,,,0.55,Moderate,N,,,Y,CGCC,CG-OSINT-20260211-v3.0,2026-02-11
metrofund,Metro Fund Inc.,Mr. Orlando Diaz,(786) 369-8412,metrofundgroup.com,,,,,Coral Gables,financial_services,Mortgage Lender,$$$,,,,,,0.55,Moderate,N,,,Y,CGCC,CG-OSINT-20260211-v3.0,2026-02-11
morganstanleywealthmanagement,Morgan Stanley Wealth Management,Mr. Carlos Shteremberg,(786) 848-3054,morganstanley.com,,,,,Coral Gables,financial_services,Wealth Management,$$$,,,,,,0.55,Moderate,N,,,Y,CGCC,CG-OSINT-20260211-v3.0,2026-02-11
mutualofomaha,Mutual of Omaha,Mr. Alfonso Bonilla,(786) 655-0163,agents.mutualofomaha.com/alfonsobonilla,,,,,Coral Gables,financial_services,Financial Services,$$$,,,,,,0.55,Moderate,N,,,Y,CGCC,CG-OSINT-20260211-v3.0,2026-02-11
npcfinancialdmg,NPC Financial DMG Corp.,Mr. Giovanny Madrid,(786) 241-5516,npcfinancial.com,,,,,Coral Gables,financial_services,Financial Planning,$$$,,,,,,0.55,Moderate,N,,,Y,CGCC,CG-OSINT-20260211-v3.0,2026-02-11
northwesternmutualralgables,Northwestern Mutual  Coral Gables,Mr. Robert Poleo,(305) 448-5666,coralgables.nm.com,,,,,Coral Gables,financial_services,Financial Services & Advisors,$$$,,,,,,0.55,Moderate,N,,,Y,CGCC,CG-OSINT-20260211-v3.0,2026-02-11
pensionservices,Pension Services Inc.,Mr. Robert Penafiel,(305) 595-5500,pensionnetwork.net,,,,,Coral Gables,financial_services,Financial Services & Advisors,$$$,,,,,,0.55,Moderate,N,,,Y,CGCC,CG-OSINT-20260211-v3.0,2026-02-11
premiaglobaladvisors,Premia Global Advisors,Mr. Miguel Sosa,(786) 646-9140,premiaglobaladvisors.com,,,,,Coral Gables,financial_services,Financial Advisors/International,$$$,,,,,,0.55,Moderate,N,,,Y,CGCC,CG-OSINT-20260211-v3.0,2026-02-11
privatewealthmanagementofralgables,Private Wealth Management of Coral Gables,Mr. Al Maulini,(305) 548-2247,pwmcg.com,,,,,Coral Gables,financial_services,Financial/Investments,$$$,,,,,,0.55,Moderate,N,,,Y,CGCC,CG-OSINT-20260211-v3.0,2026-02-11
rizemortgage,"Rize Mortgage, LLC",Mr. Cesar Del Collado,(786) 287-5836,cesardelcollado.zipforhome.com,,,,,Coral Gables,financial_services,Mortgage Financing,$$$,,,,,,0.55,Moderate,N,,,Y,CGCC,CG-OSINT-20260211-v3.0,2026-02-11
robertogarcianewyorklife,Roberto Garcia New York Life,Mr. Roberto Garcia,(786) 443-1774,newyorklife.com,,,,,Coral Gables,financial_services,Financial Planning,$$$,,,,,,0.55,Moderate,N,,,Y,CGCC,CG-OSINT-20260211-v3.0,2026-02-11
sandsinvestments,Sands Investments,Mr. Charles Sands,(305) 661-7972,,,,,,Coral Gables,financial_services,Real Estate Developers & Investors,$$$,,,,,,0.55,Moderate,N,,,Y,CGCC,CG-OSINT-20260211-v3.0,2026-02-11
thecaltagroup,The Calta Group,Mr. Gaetano Caltagirone,(305) 496-9735,thecaltagroup.com,,,,,Coral Gables,financial_services,Real Estate Developers & Investors,$$$,,,,,,0.55,Moderate,N,,,Y,CGCC,CG-OSINT-20260211-v3.0,2026-02-11
vimwealthmanagement,VIM Wealth Management,Mr. Vonnell Martinez,(305) 905-8950,vimwealthmanagement.com,,,,,Coral Gables,financial_services,Wealth Management,$$$,,,,,,0.55,Moderate,N,,,Y,CGCC,CG-OSINT-20260211-v3.0,2026-02-11
veritran,Veritran,Ms. Yuli Simon,,veritran.com,,,,,Coral Gables,financial_services,Insurance & Financial Services,$$$,,,,,,0.55,Moderate,N,,,Y,CGCC,CG-OSINT-20260211-v3.0,2026-02-11
wealthenhancementgroup,Wealth Enhancement Group,Mr. Louis Feldman,(305) 877-8070,wealthenhancement.com,,,,,Coral Gables,financial_services,Financial Advisors,$$$,,,,,,0.55,Moderate,N,,,Y,CGCC,CG-OSINT-20260211-v3.0,2026-02-11
100montaditosralgables,100 Montaditos Coral Gables,Ms. Breezy Leza,(786) 449-5203,100montaditos.com,,,,,Coral Gables,food_beverage,Restaurants  Spanish Cuisine & Tapas,$$,,,,,,0.55,Moderate,N,,,Y,CGCC,CG-OSINT-20260211-v3.0,2026-02-11
19thholesportsbargrill,19th Hole Sports Bar & Grill,,,,,25.7398279,-80.2795776,33146,Bird Road Corridor,food_beverage,pub,$$,,,,,,0.55,Moderate,N,,,N,OSM,CG-OSINT-20260211-v3.0,2026-02-11
3chefsandachicken,3 Chefs and a Chicken,,,,6601 Southwest 57th Avenue,25.7073215,-80.2852399,33146,Sunset / South Gables,food_beverage,fast_food,$$,,,,,,0.55,Moderate,N,,,N,OSM,CG-OSINT-20260211-v3.0,2026-02-11
305peruvianmoderncuisine,305 Peruvian Modern Cuisine,,,,,25.7498154,-80.2494716,33134,Coral Gables,food_beverage,restaurant,$$,,,,,,0.55,Moderate,N,,,N,OSM,CG-OSINT-20260211-v3.0,2026-02-11
450gradi,450 Gradi,Mr. Vicenzo Esposito,(786) 391-1276,450gradipizzerias.com,,,,,Coral Gables,food_beverage,Restaurants  Italian,$$,,,,,,0.55,Moderate,N,,,Y,CGCC,CG-OSINT-20260211-v3.0,2026-02-11
7eleven,7-Eleven,,(305) 443-0500,https://www.7-eleven.com/locations/fl/coral-gables/350-bird-rd-10491,350 Southwest 40th Street,25.7344709,-80.2609821,33146,Bird Road Corridor,food_beverage,retail/convenience,$$,,,,,,0.55,Moderate,N,,,N,OSM+OSM,CG-OSINT-20260211-v3.0,2026-02-11
akashijaneserestaurant,Akashi Japanese Restaurant,,(305) 529-9954,,3444 Main Hwy,25.727493,-80.243396,33133,Douglas Road Corridor,food_beverage,restaurant,$$,,,,,,0.55,Moderate,N,,,N,OSM,CG-OSINT-20260211-v3.0,2026-02-11
alamir,Al-Amir,,,,6420 Southwest 40th Street,25.7332911,-80.2990952,33146,Bird Road Corridor,food_beverage,fast_food,$$,,,,,,0.55,Moderate,N,,,N,OSM,CG-OSINT-20260211-v3.0,2026-02-11
aldi,Aldi,,(855) 955-2534,https://stores.aldi.us/fl/miami/3750-s-dixie-hwy,3750 South Dixie Highway,25.7317566,-80.254089,33133,Bird Road Corridor,food_beverage,retail/supermarket,$$,,,,,,0.55,Moderate,N,,,N,OSM,CG-OSINT-20260211-v3.0,2026-02-11
alhambrastationcafe,Alhambra Station Cafe,Ms. Karina Fava,(305) 441-2676,alhambrastationcafe.com,,,,,Coral Gables,food_beverage,Restaurants  International Deli Gourmet,$$,,,,,,0.55,Moderate,N,,,Y,CGCC,CG-OSINT-20260211-v3.0,2026-02-11
apizzabrooklyn,Apizza Brooklyn,,,,5755 Southwest 40th Street,25.734806,-80.288025,33146,Bird Road Corridor,food_beverage,restaurant,$$,,,,,,0.55,Moderate,N,,,N,OSM,CG-OSINT-20260211-v3.0,2026-02-11
arbys,Arby's,,(305) 265-2011,https://www.arbys.com/locations/us/fl/miami/6760-sw-8th-st/store-167/,6760 Southwest 8th Street,25.7627499,-80.3052117,33134,Coral Gables,food_beverage,fast_food,$$,,,,,,0.55,Moderate,N,,,N,OSM,CG-OSINT-20260211-v3.0,2026-02-11
arcanosaboresdeesenciahisna,Arcano  Sabores de Esencia Hispana,Mr. Juan Diego Canahuati,(305) 530-8332,arcanomiami.com,,,,,Coral Gables,food_beverage,Restaurants,$$,,,,,,0.55,Moderate,N,,,Y,CGCC,CG-OSINT-20260211-v3.0,2026-02-11
archivistcafe,Archivist Cafe,,(305) 284-2715,https://dineoncampus.com/miami,,25.7208798,-80.2787485,33146,University of Miami Area,food_beverage,cafe,$$,,,,,,0.55,Moderate,N,,,N,OSM,CG-OSINT-20260211-v3.0,2026-02-11
armstrongjazzhouse,Armstrong Jazz House,Mr. Alfred Santamaria,(786) 382-3135,armstrongjazzhouse.com,,,,,Coral Gables,food_beverage,Restaurants  American,$$,,,,,,0.55,Moderate,N,,,Y,CGCC,CG-OSINT-20260211-v3.0,2026-02-11
aromasdelperu,Aromas del Peru,,(786) 347-0506,https://aromasperu.com/locations/west-miami/,5757 Southwest 8th Street,25.7637212,-80.289117,33134,Ponce de Leon Corridor,food_beverage,restaurant,$$,,,,,,0.55,Moderate,N,,,N,OSM+OSM,CG-OSINT-20260211-v3.0,2026-02-11
asiagrocery,Asia Grocery,,(786) 268-7700,,6785 Southwest 56th Street,25.7186376,-80.303772,33143,Coral Gables,food_beverage,retail/convenience,$$,,,,,,0.55,Moderate,N,,,N,OSM,CG-OSINT-20260211-v3.0,2026-02-11
bpshop,BP Shop,,,,3198 South Dixie Highway,25.736738,-80.2456303,33133,Bird Road Corridor,food_beverage,retail/convenience,$$,,,,,,0.55,Moderate,N,,,N,OSM+OSM,CG-OSINT-20260211-v3.0,2026-02-11
bachourrestaurantandbakery,Bachour Restaurant and Bakery,Ms. Ligia Garcia,(305) 203-0552,antoniobachour.com,,,,,Coral Gables,food_beverage,Restaurants  American,$$,,,,,,0.55,Moderate,N,,,Y,CGCC,CG-OSINT-20260211-v3.0,2026-02-11
bairesgrioralgables,Baires Grill - Coral Gables,,(786) 409-5121,https://www.bairesgrill.com/,180 Aragon Avenue,25.750198,-80.2584615,33134,Miracle Mile,food_beverage,restaurant,$$,,,,,,0.55,Moderate,N,,,N,OSM,CG-OSINT-20260211-v3.0,2026-02-11
bahain,Ball & Chain,Ms. Samantha Nieves,(786) 442-5024,madroomhospitality.com,,,,,Coral Gables,food_beverage,Restaurants  Cuban,$$,,,,,,0.55,Moderate,N,,,Y,CGCC,CG-OSINT-20260211-v3.0,2026-02-11
bardoscaffe,Bardo's Caffe,,,,,25.7558403,-80.2590614,33134,Ponce de Leon Corridor,food_beverage,cafe,$$,,,,,,0.55,Moderate,N,,,N,OSM,CG-OSINT-20260211-v3.0,2026-02-11
barracuda,Barracuda,,,,,25.7277623,-80.2432161,33134,Douglas Road Corridor,food_beverage,bar,$$,,,,,,0.55,Moderate,N,,,N,OSM,CG-OSINT-20260211-v3.0,2026-02-11
bayshoreclubbargrill,Bayshore Club Bar & Grill,,,https://bayshoreclubmiami.com/,,25.7286857,-80.2341865,33133,Coral Gables,food_beverage,restaurant,$$,,,,,,0.55,Moderate,N,,,N,OSM,CG-OSINT-20260211-v3.0,2026-02-11
beautythebutcher,Beauty & The Butcher,,,,,25.7050579,-80.2852699,33143,Sunset / South Gables,food_beverage,restaurant,$$,,,,,,0.55,Moderate,N,,,N,OSM,CG-OSINT-20260211-v3.0,2026-02-11
beehivejuicebar,Beehive Juice Bar,,(305) 663-1300,https://www.beehivejuicebarandcafe.getsauce.com/,6490 Bird Road,25.7330995,-80.3006651,33146,Bird Road Corridor,food_beverage,cafe,$$,,,,,,0.55,Moderate,N,,,N,OSM,CG-OSINT-20260211-v3.0,2026-02-11
benihana,Benihana,,,,242 Miracle Mile,25.7492917,-80.2595017,33134,Miracle Mile,food_beverage,restaurant,$$,,,,,,0.55,Moderate,N,,,N,OSM,CG-OSINT-20260211-v3.0,2026-02-11
biddaddyswineliquors,Bid Daddy's Wine & Liquors,,,,,25.7357238,-80.2379249,33133,Douglas Road Corridor,food_beverage,retail/alcohol,$$,,,,,,0.55,Moderate,N,,,N,OSM,CG-OSINT-20260211-v3.0,2026-02-11
bioseafood,"Bioseafood, LLC",Mr. Plutarco Cohen,(305) 444-6226,bioseafoodllc.com,,,,,Coral Gables,food_beverage,Distributors  Seafood,$$,,,,,,0.55,Moderate,N,,,Y,CGCC,CG-OSINT-20260211-v3.0,2026-02-11
birdiebistro,Birdie Bistro,Ms. Rita Tennyson,(786) 357-8387,birdiebistro.co,,,,,Coral Gables,food_beverage,Restaurants  American,$$,,,,,,0.55,Moderate,N,,,Y,CGCC,CG-OSINT-20260211-v3.0,2026-02-11
birdiesbistro,Birdie's Bistro,,(305) 567-3100,https://birdiebistro.co/,2001 Granada Boulevard,25.752491,-80.2747527,33134,Coral Gables,food_beverage,restaurant,$$,,,,,,0.55,Moderate,N,,,N,OSM,CG-OSINT-20260211-v3.0,2026-02-11
blueskyfoodbythepound,Blue Sky Food by the Pound,,,,5751 Southwest 40th Street,25.7348816,-80.2877514,33146,Bird Road Corridor,food_beverage,restaurant,$$,,,,,,0.55,Moderate,N,,,N,OSM,CG-OSINT-20260211-v3.0,2026-02-11
bodegataqueriaytequila,Bodega Taqueria y Tequila,,(786) 785-1501,,317 Miracle Mile,25.749757,-80.2611516,33134,Miracle Mile,food_beverage,restaurant,$$,,,,,,0.55,Moderate,N,,,N,OSM,CG-OSINT-20260211-v3.0,2026-02-11
bostonmarket,Boston Market,,,,,25.7496246,-80.2523193,33134,Coral Gables,food_beverage,fast_food,$$,,,,,,0.55,Moderate,N,,,N,OSM,CG-OSINT-20260211-v3.0,2026-02-11
bouchon,Bouchon,Ms. Erin Rouchi,(305) 990-1360,thomaskeller.com/coralgablesflorida/bouchonbistro,,,,,Coral Gables,food_beverage,Restaurants  French Bistro,$$,,,,,,0.55,Moderate,N,,,Y,CGCC,CG-OSINT-20260211-v3.0,2026-02-11
bugattibistro,Bugatti Bistro,,,,2504 Ponce de Leon Boulevard,25.7484324,-80.2588916,33134,Miracle Mile,food_beverage,restaurant,$$,,,,,,0.55,Moderate,N,,,N,OSM,CG-OSINT-20260211-v3.0,2026-02-11
burgerking,Burger King,,(305) 445-3985,https://www.bk.com/store-locator/store/restaurant_1236?gclid=Cj0KCQjw08aYBhDlARIsAA_gb0eNvvF0pepvSGY7OETJA9Hhg5eyK0Xeo6DSWTsoz4C9k9mObrS637gaAkqeEALw_wcB,2801 Southwest 27th Avenue,25.7385129,-80.2374691,33133,Douglas Road Corridor,food_beverage,fast_food,$$,,,,,,0.55,Moderate,N,,,N,OSM+OSM,CG-OSINT-20260211-v3.0,2026-02-11
claudierestaurant,CLAUDIE RESTAURANT,Ms. Melek Simsek,(305) 990-1101,claudierestaurant.com,,,,,Coral Gables,food_beverage,Restaurants  French,$$,,,,,,0.55,Moderate,N,,,Y,CGCC,CG-OSINT-20260211-v3.0,2026-02-11
cafebonjour,Cafe Bonjour,,,https://www.cafebonjourmiamifl.com,,25.6997391,-80.2940591,33143,Sunset / South Gables,food_beverage,cafe,$$,,,,,,0.55,Moderate,N,,,N,OSM,CG-OSINT-20260211-v3.0,2026-02-11
caffevialetto,Caffe Vialetto,,,,4019 Le Jeune Road,25.7343125,-80.2618744,33146,Bird Road Corridor,food_beverage,restaurant,$$,,,,,,0.55,Moderate,N,,,N,OSM,CG-OSINT-20260211-v3.0,2026-02-11
cafdemetrio,Cafe Demetrio,Mr. Demetrio Pina,(305) 448-4949,cafedemetrio.com,,,,,Coral Gables,food_beverage,Restaurants  Coffee House,$$,,,,,,0.55,Moderate,N,,,Y,CGCC,CG-OSINT-20260211-v3.0,2026-02-11
cafgrumpy,Cafe Grumpy,Ms. Caroline Bell,(305) 364-5012,cafegrumpy.com,,,,,Coral Gables,food_beverage,Restaurants  Coffee Shop,$$,,,,,,0.55,Moderate,N,,,Y,CGCC,CG-OSINT-20260211-v3.0,2026-02-11
californiapizzakitchen,California Pizza Kitchen,,,,,25.7491037,-80.2608692,33134,Miracle Mile,food_beverage,restaurant,$$,,,,,,0.55,Moderate,N,,,N,OSM,CG-OSINT-20260211-v3.0,2026-02-11
calistagreekseafoodtaverna,Calista - Greek Seafood Taverna,,(786) 310-7660,https://www.calistataverna.com/,150 Giralda Avenue,25.7512315,-80.2577866,33134,Ponce de Leon Corridor,food_beverage,restaurant,$$,,,,,,0.55,Moderate,N,,,N,OSM,CG-OSINT-20260211-v3.0,2026-02-11
calistataverna,Calista Taverna,Mr. Thomas Fotouras,(786) 310-7660,calistataverna.com,,,,,Coral Gables,food_beverage,Restaurants  Greek,$$,,,,,,0.55,Moderate,N,,,Y,CGCC,CG-OSINT-20260211-v3.0,2026-02-11
calleocho,Calle Ocho,,,,,25.7653869,-80.2358315,33133,Douglas Road Corridor,food_beverage,retail/convenience,$$,,,,,,0.55,Moderate,N,,,N,OSM,CG-OSINT-20260211-v3.0,2026-02-11
cantonroserestaurant,Canton Rose Restaurant,,,,4038 Southwest 67th Avenue,25.7321922,-80.3032021,33146,Bird Road Corridor,food_beverage,restaurant,$$,,,,,,0.55,Moderate,N,,,N,OSM,CG-OSINT-20260211-v3.0,2026-02-11
carolinaalehouse,Carolina Ale House,,(305) 666-3757,https://www.carolinaalehouse.com/our-restaurants/miami/,6810 Southwest 40th Street,25.7327724,-80.304606,33146,Bird Road Corridor,food_beverage,restaurant,$$,,,,,,0.55,Moderate,N,,,N,OSM,CG-OSINT-20260211-v3.0,2026-02-11
casajuancho,Casa Juancho,,,,2436 Southwest 8th Street,25.7649817,-80.2358067,33133,Douglas Road Corridor,food_beverage,restaurant,$$,,,,,,0.55,Moderate,N,,,N,OSM,CG-OSINT-20260211-v3.0,2026-02-11
casaneos,Casa Neos,Ms. Cynthia Legrand,(786) 706-0744,,,,,,Coral Gables,food_beverage,Restaurant/Hospitality Group,$$,,,,,,0.55,Moderate,N,,,Y,CGCC,CG-OSINT-20260211-v3.0,2026-02-11
cascadepoolcafeatthebiltmorehotelmiami,Cascade Pool Cafe at The Biltmore Hotel Miami,,(305) 913-3189,https://www.biltmorehotel.com/dining/cascade/,1200 Anastasia Avenue,25.7405208,-80.2787875,33134,Coral Gables,food_beverage,restaurant,$$$$,,,,,,0.55,Moderate,N,,,N,OSM,CG-OSINT-20260211-v3.0,2026-02-11
catering,Catering,Ms. Lorena Castillo,(786) 475-3166,theboardmiami.com,,,,,Coral Gables,food_beverage,Caterers & Events,$$,,,,,,0.55,Moderate,N,,,Y,CGCC,CG-OSINT-20260211-v3.0,2026-02-11
cateringbyles,Catering by Les,Mr. Les Oppenheim,(305) 669-5221,cateringbyles.com,,,,,Coral Gables,food_beverage,Caterers & Events,$$,,,,,,0.55,Moderate,N,,,Y,CGCC,CG-OSINT-20260211-v3.0,2026-02-11
cateringbylovables,Catering by Lovables,Ms. Elizabeth Silverman,(305) 751-1101,cateringbylovables.com,,,,,Coral Gables,food_beverage,Caterers & Events,$$,,,,,,0.55,Moderate,N,,,Y,CGCC,CG-OSINT-20260211-v3.0,2026-02-11
cava,Cava,,(305) 433-7666,https://cavamia.com/,3850 Southwest 8th Street,25.7644267,-80.258343,33134,Coral Gables,food_beverage,restaurant,$$,,,,,,0.55,Moderate,N,,,N,OSM,CG-OSINT-20260211-v3.0,2026-02-11
chevron,Chevron,,,https://www.chevronwithtechron.com/station/801-SW-42nd-Ave-Miami-FL-33134-id202650,4190 Southwest 8th Street,25.7639911,-80.2627753,33134,Coral Gables,food_beverage,retail/convenience,$$,,,,,,0.55,Moderate,N,,,N,OSM+OSM,CG-OSINT-20260211-v3.0,2026-02-11
chickenkitchen,Chicken Kitchen,,,,400 South Dixie Highway,25.7260509,-80.2618951,33146,Bird Road Corridor,food_beverage,restaurant,$$,,,,,,0.55,Moderate,N,,,N,OSM+OSM,CG-OSINT-20260211-v3.0,2026-02-11
chilln,Chill-N,,,,7316 Southwest 57th Avenue,25.7031644,-80.2856424,33143,Sunset / South Gables,food_beverage,ice_cream,$$,,,,,,0.55,Moderate,N,,,N,OSM,CG-OSINT-20260211-v3.0,2026-02-11
chipotle,Chipotle,,(786) 441-2385,https://locations.chipotle.com/fl/miami/2235-sw-37th-ave,2235 Southwest 37th Avenue,25.7493266,-80.2543748,33134,Sunset / South Gables,food_beverage,fast_food,$$,,,,,,0.55,Moderate,N,,,N,OSM+OSM,CG-OSINT-20260211-v3.0,2026-02-11
cholatefashion,Chocolate Fashion,Ms. Persy Berger,(305) 461-3200,chocolatefashiononline.com,,,,,Coral Gables,food_beverage,Restaurants  Bakery/Cafe,$$,,,,,,0.55,Moderate,N,,,Y,CGCC,CG-OSINT-20260211-v3.0,2026-02-11
circlek,Circle K,,,,,25.7642916,-80.2764443,33134,Coral Gables,food_beverage,retail/convenience,$$,,,,,,0.55,Moderate,N,,,N,OSM,CG-OSINT-20260211-v3.0,2026-02-11
ffeeforthesoul,Coffee for the Soul,Ms. Carolina Mesa,(786) 953-6594,cfscoffee.com,,,,,Coral Gables,food_beverage,Restaurants  Bakery/Cafe,$$,,,,,,0.55,Moderate,N,,,Y,CGCC,CG-OSINT-20260211-v3.0,2026-02-11
nopizza,Cono Pizza,,(305) 639-8492,,1200 Southwest 67th Avenue,25.7593122,-80.3040049,33134,Coral Gables,food_beverage,restaurant,$$,,,,,,0.55,Moderate,N,,,N,OSM,CG-OSINT-20260211-v3.0,2026-02-11
okingenie,CookinGenie,Ms. Laura Madden,(317) 410-0019,cookingenie.com,,,,,Coral Gables,food_beverage,Food & Beverage,$$,,,,,,0.55,Moderate,N,,,Y,CGCC,CG-OSINT-20260211-v3.0,2026-02-11
pper29bar,Copper 29 Bar,Ms. Ana Rivera,(786) 580-4689,copper29bar.com,,,,,Coral Gables,food_beverage,Restaurants  Bar,$$,,,,,,0.55,Moderate,N,,,Y,CGCC,CG-OSINT-20260211-v3.0,2026-02-11
rtaditoffeehouse,Cortadito Coffee House,Ms. Elba Machado,(786) 410-0175,cortaditocoffeehouse.com,200 Miracle Mile,25.7493477,-80.2588426,33134,Miracle Mile,food_beverage,Restaurants  Coffee House,$$,,,,,,0.55,Moderate,N,,,Y,CGCC+OSM,CG-OSINT-20260211-v3.0,2026-02-11
utlerdisunt,Coutler Discount,,,,1800 Ponce de Leon Boulevard,25.7557802,-80.2591387,33134,Ponce de Leon Corridor,food_beverage,retail/convenience,$$,,,,,,0.55,Moderate,N,,,N,OSM,CG-OSINT-20260211-v3.0,2026-02-11
yota,Coyo Taco,Ms. Alicia Smith,(786) 629-7929,,1514 South Dixie Highway,25.7090934,-80.2831643,33146,Sunset / South Gables,food_beverage,Restaurants  Mexican,$$,,,,,,0.55,Moderate,N,,,Y,CGCC+OSM,CG-OSINT-20260211-v3.0,2026-02-11
cremagourmetespressobar,Crema Gourmet Espresso Bar,Mr. Yiannas Sotirpoulos,(786) 360-4026,cremagourmet.com,,,,,Coral Gables,food_beverage,Restaurants  Coffee Shop,$$,,,,,,0.55,Moderate,N,,,Y,CGCC,CG-OSINT-20260211-v3.0,2026-02-11
crown,Crown,,,,5749 Southwest 40th Street,25.7348864,-80.2876683,33146,Bird Road Corridor,food_beverage,retail/wine,$$,,,,,,0.55,Moderate,N,,,N,OSM,CG-OSINT-20260211-v3.0,2026-02-11
cucinafresca,Cucina Fresca,,,,1306 Stanford Drive,25.7197541,-80.2782306,33146,University of Miami Area,food_beverage,restaurant,$$,,,,,,0.55,Moderate,N,,,N,OSM,CG-OSINT-20260211-v3.0,2026-02-11
dairyqueen,Dairy Queen,,(305) 665-1387,https://www.dairyqueen.com/locations/fl/miami/4040-sw-67th-ave/5427,4040 Southwest 67th Avenue,25.7321266,-80.3032006,33146,Bird Road Corridor,food_beverage,fast_food,$$,,,,,,0.55,Moderate,N,,,N,OSM,CG-OSINT-20260211-v3.0,2026-02-11
daybreak,Daybreak,,,,,25.7179475,-80.2773028,33146,University of Miami Area,food_beverage,restaurant,$$,,,,,,0.55,Moderate,N,,,N,OSM,CG-OSINT-20260211-v3.0,2026-02-11
deleiteseventscatering,DeleiteS | Events & Catering,Ms. Shallya Sanchez Llerena,(786) 657-1834,deleitesevents.com,,,,,Coral Gables,food_beverage,Caterers & Events,$$,,,,,,0.55,Moderate,N,,,Y,CGCC,CG-OSINT-20260211-v3.0,2026-02-11
dennys,Denny's,,(305) 666-6250,https://locations.dennys.com/FL/CORAL-GABLES/248698,1150 South Dixie Highway,25.7156959,-80.2750603,33146,University of Miami Area,food_beverage,restaurant,$$,,,,,,0.55,Moderate,N,,,N,OSM+OSM,CG-OSINT-20260211-v3.0,2026-02-11
diced,Diced,,,,2342 Southwest 67th Avenue,25.7487814,-80.3038744,33146,Coral Gables,food_beverage,restaurant,$$,,,,,,0.55,Moderate,N,,,N,OSM,CG-OSINT-20260211-v3.0,2026-02-11
docbsrestaurantbar,Doc B's Restaurant + Bar,,,,301 Miracle Mile,25.7497559,-80.2608803,33134,Miracle Mile,food_beverage,restaurant,$$,,,,,,0.55,Moderate,N,,,N,OSM,CG-OSINT-20260211-v3.0,2026-02-11
dominos,Domino's,,(305) 667-3666,https://pizza.dominos.com/florida/coral-gables/5877-ponce-de-leon-blvd,5877 Ponce de Leon Boulevard,25.7103294,-80.2835074,33146,Douglas Road Corridor,food_beverage,fast_food,$$,,,,,,0.55,Moderate,N,,,N,OSM+OSM,CG-OSINT-20260211-v3.0,2026-02-11
donninternationalbakery,Don Pan International Bakery,,,https://donpan.com/,400 South Dixie Highway,25.7260015,-80.2619412,33146,Coral Gables,food_beverage,restaurant,$$,,,,,,0.55,Moderate,N,,,N,OSM,CG-OSINT-20260211-v3.0,2026-02-11
doordash,Door Dash,Mr. Darrell Davis,,doordash.com,,,,,Coral Gables,food_beverage,Food and Drink Delivery,$$,,,,,,0.55,Moderate,N,,,Y,CGCC,CG-OSINT-20260211-v3.0,2026-02-11
dunkin,Dunkin',,(305) 330-4357,https://locations.dunkindonuts.com/en/fl/miami/8099-s-dixie-hwy/349618,8099 South Dixie Highway,25.6952018,-80.2999657,33143,Sunset / South Gables,food_beverage,fast_food,$$,,,,,,0.55,Moderate,N,,,N,OSM+OSM,CG-OSINT-20260211-v3.0,2026-02-11
einsteinbrosbagels,Einstein Bros. Bagels,,(305) 668-6260,https://locations.einsteinbros.com/us/fl/south-miami/5946-s-dixie-hwy,5946 South Dixie Highway,25.7035335,-80.2900886,33143,Sunset / South Gables,food_beverage,fast_food,$$,,,,,,0.55,Moderate,N,,,N,OSM+OSM,CG-OSINT-20260211-v3.0,2026-02-11
elatlacatl,El Atlacatl,,(305) 649-8000,https://elatlacatlmiami.com/,3199 Southwest 8th Street,25.7650746,-80.2468048,33133,Coral Gables,food_beverage,restaurant,$$,,,,,,0.55,Moderate,N,,,N,OSM,CG-OSINT-20260211-v3.0,2026-02-11
elchurrascasogrillbirdroad,El Churrascaso Grill Bird Road,,,,,25.7339405,-80.3010633,33146,Bird Road Corridor,food_beverage,restaurant,$$,,,,,,0.55,Moderate,N,,,N,OSM,CG-OSINT-20260211-v3.0,2026-02-11
elmagodelasfritas,El Mago de las Fritas,,(305) 266-8486,http://www.elmagodelasfritas.com/,5828 Southwest 8th Street,25.7632789,-80.290811,33134,Coral Gables,food_beverage,restaurant,$$,,,,,,0.55,Moderate,N,,,N,OSM,CG-OSINT-20260211-v3.0,2026-02-11
ellaciodelosjugos,El Palacio de los Jugos,,,,7085 Southwest 24th Street,25.7483384,-80.3094684,33146,Coral Gables,food_beverage,restaurant,$$,,,,,,0.55,Moderate,N,,,N,OSM,CG-OSINT-20260211-v3.0,2026-02-11
elpinero,El Pinero,,,,2440 Southwest 67th Avenue,25.747497,-80.3038513,33146,Coral Gables,food_beverage,retail/convenience,$$,,,,,,0.55,Moderate,N,,,N,OSM,CG-OSINT-20260211-v3.0,2026-02-11
eltaquitos,El Taquitos,,,,,25.7277388,-80.2427881,33134,Douglas Road Corridor,food_beverage,restaurant,$$,,,,,,0.55,Moderate,N,,,N,OSM,CG-OSINT-20260211-v3.0,2026-02-11
eliaatsebastianscaf,Elia At Sebastian's Cafe,,(305) 284-1934,https://newmanalumnicenter.miami.edu/about-2/sebastians-cafe/,6200 San Amaro Drive,25.7112525,-80.2835434,33146,Coral Gables,food_beverage,restaurant,$$,,,,,,0.55,Moderate,N,,,N,OSM,CG-OSINT-20260211-v3.0,2026-02-11
emmysquaredpizza,Emmy Squared Pizza,Ms. Nawal Alawamleh,(786) 607-3669,emmysquaredpizza.com,,,,,Coral Gables,food_beverage,Restaurants  Pizza,$$,,,,,,0.55,Moderate,N,,,Y,CGCC,CG-OSINT-20260211-v3.0,2026-02-11
erba,Erba,Mr. Carmelo Pecoraro,(305) 712-7788,erbamiami.com,,,,,Coral Gables,food_beverage,Restaurants  Italian,$$,,,,,,0.55,Moderate,N,,,Y,CGCC,CG-OSINT-20260211-v3.0,2026-02-11
facultyclub,Faculty Club,,,https://dineoncampus.com/miami/faculty-club,,25.7195742,-80.2786385,33146,University of Miami Area,food_beverage,fast_food,$$,,,,,,0.55,Moderate,N,,,N,OSM,CG-OSINT-20260211-v3.0,2026-02-11
fiolamiami,Fiola Miami,,,,1500 San Ignacio Avenue,25.7051107,-80.282596,33146,Sunset / South Gables,food_beverage,restaurant,$$,,,,,,0.55,Moderate,N,,,N,OSM,CG-OSINT-20260211-v3.0,2026-02-11
fiveguys,Five Guys,,(305) 740-5972,https://restaurants.fiveguys.com/1540-s-dixie-highway-(us-1),1540 South Dixie Highway,25.7087991,-80.2835942,33146,Sunset / South Gables,food_beverage,fast_food,$$,,,,,,0.55,Moderate,N,,,N,OSM,CG-OSINT-20260211-v3.0,2026-02-11
flemingsprimesteakhousewinebarralgables,Fleming's Prime Steakhouse & Wine Bar Coral Gables,Ms. Zoraida Mata,(305) 569-7995,flemingssteakhouse.com,,,,,Coral Gables,food_beverage,Restaurants  Steakhouse,$$,,,,,,0.55,Moderate,N,,,Y,CGCC,CG-OSINT-20260211-v3.0,2026-02-11
focacciabistro,Focaccia Bistro,,,http://www.focacciabistro.com,3111 Grand Avenue,25.7282289,-80.2437628,33133,Douglas Road Corridor,food_beverage,restaurant,$$,,,,,,0.55,Moderate,N,,,N,OSM,CG-OSINT-20260211-v3.0,2026-02-11
fogodechoralgables,Fogo de Chao Coral Gables,Ms. Miranda Johnson,(786) 297-8788,fogo.com,,,,,Coral Gables,food_beverage,Restaurants  Steakhouse,$$,,,,,,0.55,Moderate,N,,,Y,CGCC,CG-OSINT-20260211-v3.0,2026-02-11
fontanaitalianbiltmorehotelmiami,Fontana Italian Biltmore Hotel Miami,,(305) 913-3189,https://www.biltmorehotel.com/dining/fontana/,1200 Anastasia Avenue,25.7405787,-80.278365,33134,Coral Gables,food_beverage,restaurant,$$$$,,,,,,0.55,Moderate,N,,,N,OSM,CG-OSINT-20260211-v3.0,2026-02-11
fontanaristorante,Fontana Ristorante,Mr. Pred Starcevic,(305) 913-3200,biltmorehotel.com/coralgablesdining/fontana,,,,,Coral Gables,food_beverage,Restaurants  Italian,$$,,,,,,0.55,Moderate,N,,,Y,CGCC,CG-OSINT-20260211-v3.0,2026-02-11
fooddrinkstation,Food & Drink Station,,,,,25.7049069,-80.285251,33143,Sunset / South Gables,food_beverage,restaurant,$$,,,,,,0.55,Moderate,N,,,N,OSM,CG-OSINT-20260211-v3.0,2026-02-11
frances,Francesco,Ms. Cynthia Pinto,(305) 797-4039,,,,,,Coral Gables,food_beverage,Restaurants  Peruvian Italian Fusion,$$,,,,,,0.55,Moderate,N,,,Y,CGCC,CG-OSINT-20260211-v3.0,2026-02-11
freddotraditionalgelato,Freddo Traditional Gelato,Mr. Emiliano Deambrosi,(305) 342-9772,freddo.com,176 Giralda Avenue,25.7511908,-80.2582899,33134,Ponce de Leon Corridor,food_beverage,Restaurants  Ice Cream Shop,$$,,,,,,0.55,Moderate,N,,,Y,CGCC+OSM,CG-OSINT-20260211-v3.0,2026-02-11
frenchiesdinner,Frenchies Dinner,,,http://www.frenchiesdiner.com,2618 Galiano Street,25.7475145,-80.2567218,33134,Ponce de Leon Corridor,food_beverage,restaurant,$$,,,,,,0.55,Moderate,N,,,N,OSM,CG-OSINT-20260211-v3.0,2026-02-11
fres,Fresco,,,,948 Southwest 67th Avenue,25.7619481,-80.3052876,33134,Coral Gables,food_beverage,retail/supermarket,$$,,,,,,0.55,Moderate,N,,,N,OSM,CG-OSINT-20260211-v3.0,2026-02-11
fritzfranzbierhaus,Fritz & Franz Bierhaus,,,https://www.bierhaus.cc/,60 Merrick Way,25.7508508,-80.2562045,33134,Miracle Mile,food_beverage,restaurant,$$$$,,,,,,0.55,Moderate,N,,,N,OSM,CG-OSINT-20260211-v3.0,2026-02-11
genuinepizza,Genuine Pizza,,,,2996 McFarlane Road,25.7277948,-80.2422514,33133,Douglas Road Corridor,food_beverage,restaurant,$$,,,,,,0.55,Moderate,N,,,N,OSM,CG-OSINT-20260211-v3.0,2026-02-11
grazianosgourmet,Graziano's Gourmet,Mr. Mario L. Graziano,(305) 460-0001,grazianosgroup.com,,,,,Coral Gables,food_beverage,Restaurants  Argentinian,$$,,,,,,0.55,Moderate,N,,,Y,CGCC,CG-OSINT-20260211-v3.0,2026-02-11
grazianosmarket,Graziano's Market,,,,2301 Galiano Street,25.7512461,-80.2566083,33134,Ponce de Leon Corridor,food_beverage,cafe,$$,,,,,,0.55,Moderate,N,,,N,OSM,CG-OSINT-20260211-v3.0,2026-02-11
grazianosmercadoatthelifetimebuilding,Graziano's Mercado at The Lifetime Building,Ms. Melissa Graziano,(786) 633-3948,grazianosgroup.com,,,,,Coral Gables,food_beverage,Restaurants  Argentinian,$$,,,,,,0.55,Moderate,N,,,Y,CGCC,CG-OSINT-20260211-v3.0,2026-02-11
grazianosinthegables,Graziano's in the Gables,Mr. Leo Graziano,(305) 774-3599,grazianosgroup.com,,,,,Coral Gables,food_beverage,Restaurants  Argentinian,$$,,,,,,0.55,Moderate,N,,,Y,CGCC,CG-OSINT-20260211-v3.0,2026-02-11
greenstreet,GreenStreet,,,,,25.7267352,-80.2439936,33134,Douglas Road Corridor,food_beverage,cafe,$$,,,,,,0.55,Moderate,N,,,N,OSM,CG-OSINT-20260211-v3.0,2026-02-11
groovyspizzagrill,Groovys Pizza & Grill,,(786) 536-6772,https://www.groovyspizzaandgrill.com/,2770 Southwest 27th Avenue,25.740882,-80.2381244,33133,Douglas Road Corridor,food_beverage,restaurant,$$,,,,,,0.55,Moderate,N,,,N,OSM,CG-OSINT-20260211-v3.0,2026-02-11
grovebaygrill,Grove Bay Grill,,,,3381 Pan American Drive,25.728742,-80.2333947,33133,Coral Gables,food_beverage,bar,$$,,,,,,0.55,Moderate,N,,,N,OSM,CG-OSINT-20260211-v3.0,2026-02-11
gustave,Gustave,,,,366 Miracle Mile,25.7490361,-80.262046,33134,Miracle Mile,food_beverage,restaurant,$$,,,,,,0.55,Moderate,N,,,N,OSM,CG-OSINT-20260211-v3.0,2026-02-11
halfmoonemnadas,Half Moon Empanadas,,,,5250 University Drive,25.7201534,-80.2764082,33146,University of Miami Area,food_beverage,restaurant,$$,,,,,,0.55,Moderate,N,,,N,OSM,CG-OSINT-20260211-v3.0,2026-02-11
havanaharrys,Havana Harry's,,,,4612 Southwest 42nd Avenue,25.7291565,-80.2620539,33146,Merrick Park,food_beverage,restaurant,$$,,,,,,0.55,Moderate,N,,,N,OSM,CG-OSINT-20260211-v3.0,2026-02-11
hermanoscantinagrill,Hermanos Cantina Grill,Mr. Fausto Faraldo,(305) 305-5514,hermanoscantinagrill.com,,,,,Coral Gables,food_beverage,Food & Beverage,$$,,,,,,0.55,Moderate,N,,,Y,CGCC,CG-OSINT-20260211-v3.0,2026-02-11
hillstonerestaurant,Hillstone Restaurant,,(305) 529-0141,https://hillstonerestaurant.com/,201 Miracle Mile,25.7497841,-80.2588495,33134,Miracle Mile,food_beverage,restaurant,$$,,,,,,0.55,Moderate,N,,,N,OSM,CG-OSINT-20260211-v3.0,2026-02-11
hurricanefoodurt,Hurricane Food Court,,,,1306 Stanford Drive,25.7194836,-80.2785869,33146,University of Miami Area,food_beverage,food_court,$$,,,,,,0.55,Moderate,N,,,N,OSM,CG-OSINT-20260211-v3.0,2026-02-11
instamarket,Instamarket,,,,1330 Miller Road,25.7192202,-80.279309,33146,University of Miami Area,food_beverage,retail/convenience,$$,,,,,,0.55,Moderate,N,,,N,OSM,CG-OSINT-20260211-v3.0,2026-02-11
jaguarrestaurant,Jaguar Restaurant,,,,3067 Grand Avenue,25.7283417,-80.2428212,33133,Douglas Road Corridor,food_beverage,restaurant,$$,,,,,,0.55,Moderate,N,,,N,OSM,CG-OSINT-20260211-v3.0,2026-02-11
jimmyjohns,Jimmy John's,,(305) 447-9900,https://locations.jimmyjohns.com/fl/coralgables/sandwiches-576.html,125 Miracle Mile,25.7498703,-80.2573107,33134,Miracle Mile,food_beverage,fast_food,$$,,,,,,0.55,Moderate,N,,,N,OSM+OSM,CG-OSINT-20260211-v3.0,2026-02-11
joannasplace,Joanna's Place,,,,,25.6934496,-80.3012428,33143,Sunset / South Gables,food_beverage,fast_food,$$,,,,,,0.55,Moderate,N,,,N,OSM,CG-OSINT-20260211-v3.0,2026-02-11
kfc,KFC,,,https://locations.kfc.com/fl/miami/2375-sw-8th-street,2375 Southwest 8th Street,25.7655249,-80.2343944,33133,Bird Road Corridor,food_beverage,fast_food,$$,,,,,,0.55,Moderate,N,,,N,OSM+OSM,CG-OSINT-20260211-v3.0,2026-02-11
kaosushigrill,Kao Sushi & Grill,,(786) 864-1212,https://www.kaosushigrill.com/location-contact/,127 Miracle Mile,25.7498679,-80.2573676,33134,Miracle Mile,food_beverage,restaurant,$$,,,,,,0.55,Moderate,N,,,N,OSM,CG-OSINT-20260211-v3.0,2026-02-11
keikbakeshop,Keik Bakeshop,Mr. Andres Mendez,(305) 763-1543,keikbakeshop.com,,,,,Coral Gables,food_beverage,Restaurants,$$,,,,,,0.55,Moderate,N,,,Y,CGCC,CG-OSINT-20260211-v3.0,2026-02-11
kitchen57,Kitchen 57,Mr. Michael Altman,(786) 238-7179,kitchen57miami.com,,,,,Coral Gables,food_beverage,Restaurants,$$,,,,,,0.55,Moderate,N,,,Y,CGCC,CG-OSINT-20260211-v3.0,2026-02-11
kojin20,Kojin 2.0,Ms. Katherine Mederos,(786) 747-1404,kojin2.com,,,,,Coral Gables,food_beverage,Restaurants,$$,,,,,,0.55,Moderate,N,,,Y,CGCC,CG-OSINT-20260211-v3.0,2026-02-11
lacarreta,La Carreta,,(305) 444-7501,http://lacarreta.com/locations/,3632 Southwest 8th Street,25.7645278,-80.253849,33133,Coral Gables,food_beverage,restaurant,$$,,,,,,0.55,Moderate,N,,,N,OSM,CG-OSINT-20260211-v3.0,2026-02-11
lacasitarestaurant,La Casita Restaurant,,(305) 448-8224,http://lacasitamiami.com/,3805 Southwest 8th Street,25.7647605,-80.2574504,33134,Coral Gables,food_beverage,restaurant,$$,,,,,,0.55,Moderate,N,,,N,OSM,CG-OSINT-20260211-v3.0,2026-02-11
lalma,La Palma,,(305) 261-1113,,6091 Southwest 8th Street,25.7635162,-80.2947843,33134,Coral Gables,food_beverage,restaurant,$$,,,,,,0.55,Moderate,N,,,N,OSM,CG-OSINT-20260211-v3.0,2026-02-11
latagorda,La Pata Gorda,Mr. Josue Sanchez,(786) 741-4961,lapatagorda.com,,,,,Coral Gables,food_beverage,Restaurants  Seafood,$$,,,,,,0.55,Moderate,N,,,Y,CGCC,CG-OSINT-20260211-v3.0,2026-02-11
larosarestaurant,La Rosa Restaurant,Mr. Henry Zamarripa,(305) 215-7947,larosagastrobar.com,,,,,Coral Gables,food_beverage,Restaurants  International,$$,,,,,,0.55,Moderate,N,,,Y,CGCC,CG-OSINT-20260211-v3.0,2026-02-11
lerccaf,Le Parc Cafe,,(305) 772-8785,https://www.coralgablescountryclub.com/leparc-caf%C3%A9,997 North Greenway Drive,25.7531139,-80.2748029,33134,Coral Gables,food_beverage,cafe,$$,,,,,,0.55,Moderate,N,,,N,OSM,CG-OSINT-20260211-v3.0,2026-02-11
lepetitcaf,Le petit cafe,,,,92 Miracle Mile,25.7494937,-80.256453,33134,Miracle Mile,food_beverage,restaurant,$$,,,,,,0.55,Moderate,N,,,N,OSM,CG-OSINT-20260211-v3.0,2026-02-11
letthemhavecake,"Let Them Have Cake, LLC",Ms. Estefania Peynetti,(305) 987-3428,letthemhavecakemiami.com,,,,,Coral Gables,food_beverage,Restaurants  Bakery,$$,,,,,,0.55,Moderate,N,,,Y,CGCC,CG-OSINT-20260211-v3.0,2026-02-11
liquordreams,Liquor Dreams,,,,248 Giralda Avenue,25.7509971,-80.259922,33134,Miracle Mile,food_beverage,bar,$$,,,,,,0.55,Moderate,N,,,N,OSM,CG-OSINT-20260211-v3.0,2026-02-11
littlecaesars,Little Caesars,,(305) 661-7202,https://littlecaesars.com/en-us/store/494/,4100 Southwest 67th Avenue,25.7313145,-80.3031852,33146,Bird Road Corridor,food_beverage,fast_food,$$,,,,,,0.55,Moderate,N,,,N,OSM,CG-OSINT-20260211-v3.0,2026-02-11
lokalburgersandbeer,Lokal Burgers and Beer,,,https://www.lokalmiami.com/,3190 Commodore Plaza,25.7277588,-80.2450623,33133,Coral Gables,food_beverage,restaurant,$$,,,,,,0.55,Moderate,N,,,N,OSM,CG-OSINT-20260211-v3.0,2026-02-11
losgallegos,Los Gallegos,,,,6549 Bird Road,25.7336891,-80.3018927,33146,Bird Road Corridor,food_beverage,restaurant,$$,,,,,,0.55,Moderate,N,,,N,OSM,CG-OSINT-20260211-v3.0,2026-02-11
losjalapeosralway,Los Jalapenos Coral Way,,,,2090 Ludlam Road,25.7513742,-80.3039508,33146,Coral Gables,food_beverage,restaurant,$$,,,,,,0.55,Moderate,N,,,N,OSM,CG-OSINT-20260211-v3.0,2026-02-11
losranchosralgables,Los Ranchos Coral Gables,Mr. Rafael Wong,(305) 220-5153,losranchossteakhouse.com,,,,,Coral Gables,food_beverage,Restaurants  Steakhouse,$$,,,,,,0.55,Moderate,N,,,Y,CGCC,CG-OSINT-20260211-v3.0,2026-02-11
ludos,Ludo's,,,http://www.ludosristorante.com,,25.727294,-80.2428835,33134,Douglas Road Corridor,food_beverage,restaurant,$$,,,,,,0.55,Moderate,N,,,N,OSM,CG-OSINT-20260211-v3.0,2026-02-11
luisgalindolatinamericarestaurant,Luis Galindo Latin America Restaurant,,,,,25.7629767,-80.2880301,33134,Coral Gables,food_beverage,restaurant,$$,,,,,,0.55,Moderate,N,,,N,OSM,CG-OSINT-20260211-v3.0,2026-02-11
lulu,Lulu,,,,,25.7269414,-80.2437806,33134,Douglas Road Corridor,food_beverage,restaurant,$$,,,,,,0.55,Moderate,N,,,N,OSM,CG-OSINT-20260211-v3.0,2026-02-11
maizyagave,Maiz y Agave,Ms. Maria Vacaflores,(305) 723-9898,maizyagave.com,,,,,Coral Gables,food_beverage,Restaurants  Mexican,$$,,,,,,0.55,Moderate,N,,,Y,CGCC,CG-OSINT-20260211-v3.0,2026-02-11
majorfoodgroupsadellerestaurant,Major Food Group | Sadelle Restaurant,Ms. Chloe Labiner,(917) 817-8770,majorfood.com,,,,,Coral Gables,food_beverage,Restaurants,$$,,,,,,0.55,Moderate,N,,,Y,CGCC,CG-OSINT-20260211-v3.0,2026-02-11
malakorthaiisaan,Malakor Thai Isaan,,(786) 558-4862,https://malakorthaiisaan.com/,90 Miracle Mile,25.7495008,-80.2564058,33134,Miracle Mile,food_beverage,restaurant,$$,,,,,,0.55,Moderate,N,,,N,OSM,CG-OSINT-20260211-v3.0,2026-02-11
mamanffeebakerykitchen,Maman Coffee Bakery Kitchen,,(305) 967-8260,,136 Miracle Mile,25.7493214,-80.2575054,33134,Miracle Mile,food_beverage,fast_food,$$,,,,,,0.55,Moderate,N,,,N,OSM,CG-OSINT-20260211-v3.0,2026-02-11
mameymiami,Mamey Miami,Mr. Massimiliano Giua,(305) 266-2639,mameymiami.com,,,,,Coral Gables,food_beverage,Restaurants  Latin Fusion,$$,,,,,,0.55,Moderate,N,,,Y,CGCC,CG-OSINT-20260211-v3.0,2026-02-11
marathon,Marathon,,,,,25.6984482,-80.296181,33143,Sunset / South Gables,food_beverage,retail/convenience,$$,,,,,,0.55,Moderate,N,,,N,OSM,CG-OSINT-20260211-v3.0,2026-02-11
marketnxt,Market NXT,,,,1306 Stanford Drive,25.7197254,-80.2776007,33146,University of Miami Area,food_beverage,retail/convenience,$$,,,,,,0.55,Moderate,N,,,N,OSM,CG-OSINT-20260211-v3.0,2026-02-11
maryscafeteria,Mary's Cafeteria,,(305) 443-6672,,2542 Southwest 27th Avenue,25.744414,-80.238208,33133,Douglas Road Corridor,food_beverage,cafe,$$,,,,,,0.55,Moderate,N,,,N,OSM,CG-OSINT-20260211-v3.0,2026-02-11
matsuri,Matsuri,,,,,25.7348063,-80.2881216,33146,Bird Road Corridor,food_beverage,restaurant,$$,,,,,,0.55,Moderate,N,,,N,OSM,CG-OSINT-20260211-v3.0,2026-02-11
mayfairgrill,Mayfair Grill,,(305) 441-0000,https://www.mayfair-grill.com,3000 Florida Avenue,25.7287604,-80.2410218,33133,Douglas Road Corridor,food_beverage,restaurant,$$,,,,,,0.55,Moderate,N,,,N,OSM,CG-OSINT-20260211-v3.0,2026-02-11
mcdonalds,McDonald's,,(305) 667-3551,https://www.mcdonalds.com/us/en-us/location/10408.html,6700 Southwest 40th Street,25.7330265,-80.303271,33146,Bird Road Corridor,food_beverage,fast_food,$$,,,,,,0.55,Moderate,N,,,N,OSM+OSM,CG-OSINT-20260211-v3.0,2026-02-11
miamisbestpizza,Miami's Best Pizza,,(305) 666-5931,https://www.miamisbestpizza.com,5833 Ponce de Leon Boulevard,25.7103678,-80.2831932,33146,Coral Gables,food_beverage,restaurant,$$,,,,,,0.55,Moderate,N,,,N,OSM,CG-OSINT-20260211-v3.0,2026-02-11
michyskitchen,Michys Kitchen,Ms. Michelle Arana,(305) 587-4965,michyskitchen.com,,,,,Coral Gables,food_beverage,Food and Drink Delivery,$$,,,,,,0.55,Moderate,N,,,Y,CGCC,CG-OSINT-20260211-v3.0,2026-02-11
milamsmarket,Milam's Market,,(305) 446-4909,https://www.milamsmarkets.com/locations/,5767 Bird Road,25.7348316,-80.2884203,33146,Bird Road Corridor,food_beverage,retail/supermarket,$$,,,,,,0.55,Moderate,N,,,N,OSM+OSM,CG-OSINT-20260211-v3.0,2026-02-11
millersalehouse,Miller's Ale House,,(305) 444-3600,https://millersalehouse.com/locations/coral-gables/,101 Miracle Mile,25.7498774,-80.2568796,33134,Miracle Mile,food_beverage,restaurant,$$,,,,,,0.55,Moderate,N,,,N,OSM,CG-OSINT-20260211-v3.0,2026-02-11
mintleafindianbrasserie,Mint Leaf Indian Brasserie,,,,,25.7517984,-80.2602962,33134,Alhambra Circle,food_beverage,restaurant,$$,,,,,,0.55,Moderate,N,,,N,OSM,CG-OSINT-20260211-v3.0,2026-02-11
mishascupcakes,Misha's Cupcakes,Ms. Misha Kuryla,(786) 200-6153,mishascupcakes.com,,,,,Coral Gables,food_beverage,Restaurants  Bakery,$$,,,,,,0.55,Moderate,N,,,Y,CGCC,CG-OSINT-20260211-v3.0,2026-02-11
misssaigon,Miss Saigon,,,,148 Giralda Avenue,25.7511157,-80.2577165,33134,Ponce de Leon Corridor,food_beverage,restaurant,$$,,,,,,0.55,Moderate,N,,,N,OSM,CG-OSINT-20260211-v3.0,2026-02-11
monalisapizzeriaitalianrestaurant,Monalisa Pizzeria Italian Restaurant,,,https://monalisapizzeria.menufy.com,,25.7643636,-80.2726987,33134,Coral Gables,food_beverage,restaurant,$$,,,,,,0.55,Moderate,N,,,N,OSM,CG-OSINT-20260211-v3.0,2026-02-11
montesdeoca,Montes de Oca,,(305) 567-0306,,5241 Southwest 8th Street,25.7639815,-80.2805817,33134,Coral Gables,food_beverage,restaurant,$$,,,,,,0.55,Moderate,N,,,N,OSM,CG-OSINT-20260211-v3.0,2026-02-11
montys,Monty's,,,,2550 South Bayshore Drive,25.7321159,-80.2324358,33133,Bird Road Corridor,food_beverage,restaurant,$$,,,,,,0.55,Moderate,N,,,N,OSM,CG-OSINT-20260211-v3.0,2026-02-11
mortonsthesteakhouse,Morton's The Steakhouse,,(305) 442-1662,https://mortons.com/,2333 Ponce de Leon Boulevard,25.7498738,-80.2584434,33134,Miracle Mile,food_beverage,restaurant,$$,,,,,,0.55,Moderate,N,,,N,OSM,CG-OSINT-20260211-v3.0,2026-02-11
motekralgables,Motek Coral Gables,Ms. Krizia Calero,(305) 396-8547,motekcafe.com,,,,,Coral Gables,food_beverage,Restaurants  Mediterranean,$$,,,,,,0.55,Moderate,N,,,Y,CGCC,CG-OSINT-20260211-v3.0,2026-02-11
nomabeachatredfish,NOMA Beach at Redfish,Ms. Donatella Arpaia,(786) 668-8788,,,,,,Coral Gables,food_beverage,Restaurants  Italian,$$,,,,,,0.55,Moderate,N,,,Y,CGCC,CG-OSINT-20260211-v3.0,2026-02-11
nakedfarmer,Naked Farmer,Ms. Mary Maness,(305) 487-7327,eatnakedfarmer.com,,,,,Coral Gables,food_beverage,Restaurants  Healthy Food,$$,,,,,,0.55,Moderate,N,,,Y,CGCC,CG-OSINT-20260211-v3.0,2026-02-11
originaluncletomsbarbecue,Original Uncle Tom's Barbecue,,(305) 445-0844,https://originaluncletomsbbq.com/,3988 Southwest 8th Street,25.7643265,-80.2613823,33134,Coral Gables,food_beverage,restaurant,$$,,,,,,0.55,Moderate,N,,,N,OSM,CG-OSINT-20260211-v3.0,2026-02-11
originiitalianmarket,Origini Italian Market,,,,6709 Southwest 40th Street,25.7336458,-80.3033534,33146,Bird Road Corridor,food_beverage,retail/supermarket,$$,,,,,,0.55,Moderate,N,,,N,OSM,CG-OSINT-20260211-v3.0,2026-02-11
orionmart,Orion Mart,,,,,25.7626159,-80.3077582,33134,Coral Gables,food_beverage,retail/convenience,$$,,,,,,0.55,Moderate,N,,,N,OSM,CG-OSINT-20260211-v3.0,2026-02-11
ornomiami,Orno Miami,,(305) 667-6766,https://ornomiami.com/,1350 South Dixie Highway,25.7126655,-80.2787112,33146,Coral Gables,food_beverage,restaurant,$$,,,,,,0.55,Moderate,N,,,N,OSM,CG-OSINT-20260211-v3.0,2026-02-11
ppolepizza,P.Pole Pizza,Mr. Stefano Carniato,(786) 618-5287,ppolepizza.com,279 Miracle Mile,25.7497157,-80.2642979,33134,Coral Gables,food_beverage,Restaurants  Pizza,$$,,,,,,0.55,Moderate,N,,,Y,CGCC+OSM,CG-OSINT-20260211-v3.0,2026-02-11
lmedor,Palme d'Or,Mr. Patrick Calvarese,(305) 445-8066,,,,,,Coral Gables,food_beverage,Restaurants  French,$$,,,,,,0.55,Moderate,N,,,Y,CGCC,CG-OSINT-20260211-v3.0,2026-02-11
ndaexpress,Panda Express,,,,1306 Stanford Drive,25.7198072,-80.2783364,33146,University of Miami Area,food_beverage,fast_food,$$,,,,,,0.55,Moderate,N,,,N,OSM,CG-OSINT-20260211-v3.0,2026-02-11
nerabread,Panera Bread,,(305) 448-0478,https://locations.panerabread.com/fl/coral-gables/137-miracle-mile.html,137 Miracle Mile,25.7498583,-80.2575152,33134,Miracle Mile,food_beverage,fast_food,$$,,,,,,0.55,Moderate,N,,,N,OSM,CG-OSINT-20260211-v3.0,2026-02-11
noramarestaurantskylounge,Panorama Restaurant & Sky Lounge,,,https://www.sonesta.com/CoconutGrove/index.cfm?fa=restaurant1.home,,25.7276463,-80.241296,33134,Douglas Road Corridor,food_beverage,restaurant,$$,,,,,,0.55,Moderate,N,,,N,OSM,CG-OSINT-20260211-v3.0,2026-02-11
johns,Papa John's,,(305) 669-8800,https://locations.papajohns.com/united-states/fl/33155/miami/6701-bird-road,6701 Southwest 40th Street,25.7336497,-80.3030872,33146,Bird Road Corridor,food_beverage,fast_food,$$,,,,,,0.55,Moderate,N,,,N,OSM+OSM,CG-OSINT-20260211-v3.0,2026-02-11
scalsonponce,Pascal's On Ponce,,,,2611 Ponce de Leon Boulevard,25.747594,-80.258262,33134,Ponce de Leon Corridor,food_beverage,restaurant,$$,,,,,,0.55,Moderate,N,,,N,OSM,CG-OSINT-20260211-v3.0,2026-02-11
uloluigi,Pauloluigi,,,https://www.pauloluigicg.com,,25.7356427,-80.2394891,33133,Douglas Road Corridor,food_beverage,restaurant,$$,,,,,,0.55,Moderate,N,,,N,OSM,CG-OSINT-20260211-v3.0,2026-02-11
peackgarden,Peacock Garden,,,https://peacockgardenrestobar.com/,,25.7268921,-80.2405783,33134,Douglas Road Corridor,food_beverage,restaurant,$$,,,,,,0.55,Moderate,N,,,N,OSM,CG-OSINT-20260211-v3.0,2026-02-11
peetsffee,Peet's Coffee,,,,,25.7208893,-80.2787599,33146,University of Miami Area,food_beverage,cafe,$$,,,,,,0.55,Moderate,N,,,N,OSM,CG-OSINT-20260211-v3.0,2026-02-11
peiweiasiankitchen,Pei Wei Asian Kitchen,Ms. Noelcy Amador,(305) 444-1370,peiwei.com,2283 Southwest 37th Avenue,25.7491973,-80.2543701,33134,Coral Gables,food_beverage,Restaurants  Asian,$$,,,,,,0.55,Moderate,N,,,Y,CGCC+OSM,CG-OSINT-20260211-v3.0,2026-02-11
pinecrestbakery,"Pinecrest Bakery, LLC",Ms. Victoria Ellen Valdes,(305) 400-4686,pinecrestbakery.com,,,,,Coral Gables,food_beverage,Restaurants  Bakery/Cafe,$$,,,,,,0.55,Moderate,N,,,Y,CGCC,CG-OSINT-20260211-v3.0,2026-02-11
pisynazcaralgables,Pisco y Nazca Coral Gables,Ms. Melissa Rivera,(786) 810-4519,piscoynazca.com/coralgables,,,,,Coral Gables,food_beverage,Restaurants  Peruvian,$$,,,,,,0.55,Moderate,N,,,Y,CGCC,CG-OSINT-20260211-v3.0,2026-02-11
pizzahut,Pizza Hut,,(305) 663-9988,https://locations.pizzahut.com/fl/miami/6625-s-dixie-hwy,6625 South Dixie Highway,25.6944751,-80.30037,33143,Sunset / South Gables,food_beverage,restaurant,$$,,,,,,0.55,Moderate,N,,,N,OSM+OSM,CG-OSINT-20260211-v3.0,2026-02-11
playabowlsralgables,Playa Bowls Coral Gables,Ms. Roxanne Vogel,(786) 505-3011,playabowls.com,,,,,Coral Gables,food_beverage,Restaurants  Healthy Food,$$,,,,,,0.55,Moderate,N,,,Y,CGCC,CG-OSINT-20260211-v3.0,2026-02-11
poke305grove,Poke 305 Grove,,,https://www.clover.com/,3415 Main Highway,25.7275754,-80.2426464,33133,Douglas Road Corridor,food_beverage,restaurant,$$,,,,,,0.55,Moderate,N,,,N,OSM,CG-OSINT-20260211-v3.0,2026-02-11
pollocampero,Pollo Campero,,(833) 226-7376,https://us.campero.com/locations/calle-ocho,2800 Southwest 8th Street,25.7649174,-80.2404436,33133,Douglas Road Corridor,food_beverage,fast_food,$$,,,,,,0.55,Moderate,N,,,N,OSM,CG-OSINT-20260211-v3.0,2026-02-11
pollotropical,Pollo Tropical,,(786) 329-7650,https://www.pollotropical.com/locations,7021 Southwest 8th Street,25.7632184,-80.3090746,33134,Douglas Road Corridor,food_beverage,fast_food,$$,,,,,,0.55,Moderate,N,,,N,OSM+OSM,CG-OSINT-20260211-v3.0,2026-02-11
pontevecchioristoranteepizzeria,Ponte Vecchio Ristorante e Pizzeria,,(786) 313-3800,http://pontevecchiomiami.com,2250 Southwest 22nd Street,25.7503511,-80.2311659,33133,Coral Gables,food_beverage,restaurant,$$,,,,,,0.55,Moderate,N,,,N,OSM,CG-OSINT-20260211-v3.0,2026-02-11
popeyes,Popeyes,,(786) 783-3470,https://www.popeyes.com/store-locator/store/restaurant_240534,6800 Southwest 57th Avenue,25.7079065,-80.285839,33143,Sunset / South Gables,food_beverage,fast_food,$$,,,,,,0.55,Moderate,N,,,N,OSM+OSM,CG-OSINT-20260211-v3.0,2026-02-11
portosoleitalianrestaurant,Portosole Italian Restaurant,Mr. Ivan De Gennaro,(786) 359-4275,portosolemiami.com,,,,,Coral Gables,food_beverage,Restaurants  Italian,$$,,,,,,0.55,Moderate,N,,,Y,CGCC,CG-OSINT-20260211-v3.0,2026-02-11
publix,Publix,,(305) 445-3221,https://www.publix.com/locations/51,1500 South Douglas Road,25.7576808,-80.2555625,33134,Ponce de Leon Corridor,food_beverage,retail/supermarket,$$,,,,,,0.55,Moderate,N,,,N,OSM+OSM,CG-OSINT-20260211-v3.0,2026-02-11
pummarolaralgable,Pummarola Coral Gable,,,https://www.pummarola.us,141 Aragon Avenue,25.7507269,-80.2575603,33134,Miracle Mile,food_beverage,restaurant,$$,,,,,,0.55,Moderate,N,,,N,OSM,CG-OSINT-20260211-v3.0,2026-02-11
puravidamiami,Pura Vida Miami,Mr. Omer Horev,(305) 204-0602,puravidamiami.com,,,,,Coral Gables,food_beverage,Restaurants  Healthy Food,$$,,,,,,0.55,Moderate,N,,,Y,CGCC,CG-OSINT-20260211-v3.0,2026-02-11
quiznos,Quiznos,,,,,25.7328586,-80.3092021,33143,Bird Road Corridor,food_beverage,fast_food,$$,,,,,,0.55,Moderate,N,,,N,OSM,CG-OSINT-20260211-v3.0,2026-02-11
rccafe,RC Cafe,Ms. Cindy Stewart,(305) 889-8684,rccafe.miami,,,,,Coral Gables,food_beverage,Restaurants  Latin,$$,,,,,,0.55,Moderate,N,,,Y,CGCC,CG-OSINT-20260211-v3.0,2026-02-11
rathskeller,Rathskeller,,,,1330 Miller Road,25.7192231,-80.2796093,33146,University of Miami Area,food_beverage,pub,$$,,,,,,0.55,Moderate,N,,,N,OSM,CG-OSINT-20260211-v3.0,2026-02-11
redcarpetitalianrestaurant,Red Carpet Italian Restaurant,,(305) 529-4220,https://www.redcarpetrestaurant.com/locations,3438 Southwest 8th Street,25.7644406,-80.251373,33133,Coral Gables,food_beverage,restaurant,$$,,,,,,0.55,Moderate,N,,,N,OSM,CG-OSINT-20260211-v3.0,2026-02-11
reyspizza,Rey's Pizza,,(305) 265-2040,,6340 Southwest 8th Street,25.7631152,-80.2986947,33134,Coral Gables,food_beverage,restaurant,$$,,,,,,0.55,Moderate,N,,,N,OSM,CG-OSINT-20260211-v3.0,2026-02-11
ronantioqueo,Rincon Antioqueno,,(305) 262-1515,,6521 Southwest 8th Street,25.7634056,-80.3022363,33134,Coral Gables,food_beverage,restaurant,$$,,,,,,0.55,Moderate,N,,,N,OSM,CG-OSINT-20260211-v3.0,2026-02-11
roncitosuperlatino4,Rinconcito Superlatino 4,,,,,25.7352781,-80.2558705,33134,Bird Road Corridor,food_beverage,restaurant,$$,,,,,,0.55,Moderate,N,,,N,OSM,CG-OSINT-20260211-v3.0,2026-02-11
ristorantellduomodeisapori,Ristorante ll Duomo Dei Sapori,Mr. Gabriel Fleitas,(305) 381-5604,ilduomodeisapori.com,,,,,Coral Gables,food_beverage,Restaurants  Italian,$$,,,,,,0.55,Moderate,N,,,Y,CGCC,CG-OSINT-20260211-v3.0,2026-02-11
ruthschrissteakhouse,Ruth's Chris Steak House,Ms. Mya Martin,(305) 461-8360,ruthschris.com,,,,,Coral Gables,food_beverage,Restaurants  Steakhouse,$$,,,,,,0.55,Moderate,N,,,Y,CGCC,CG-OSINT-20260211-v3.0,2026-02-11
shingo,SHINGO,Ms. Kenzie Motai,(201) 286-3015,shingomiami.com,,,,,Coral Gables,food_beverage,Restaurants  Japanese,$$,,,,,,0.55,Moderate,N,,,Y,CGCC,CG-OSINT-20260211-v3.0,2026-02-11
sndwchsunset,SNDWCH Sunset,Mr. Adrian Patron,(954) 257-4131,sndwchmiami.com,,,,,Coral Gables,food_beverage,Restaurants  Deli,$$,,,,,,0.55,Moderate,N,,,Y,CGCC,CG-OSINT-20260211-v3.0,2026-02-11
saborlatinocubanocriollo,Sabor Latino Cubano Criollo,,(786) 773-2940,,6500 Southwest 40th Street,25.7331646,-80.3011288,33146,Bird Road Corridor,food_beverage,restaurant,$$,,,,,,0.55,Moderate,N,,,N,OSM,CG-OSINT-20260211-v3.0,2026-02-11
sabortropicalsupermarket,Sabor Tropical Supermarket,,,,6190 Southwest 8th Street,25.7629793,-80.2955211,33134,Coral Gables,food_beverage,retail/supermarket,$$,,,,,,0.55,Moderate,N,,,N,OSM,CG-OSINT-20260211-v3.0,2026-02-11
salumeria104,Salumeria 104,Ms. Silvia Cadamuro,(305) 640-5547,salumeria104.com,,,,,Coral Gables,food_beverage,Restaurants  Italian,$$,,,,,,0.55,Moderate,N,,,Y,CGCC,CG-OSINT-20260211-v3.0,2026-02-11
sanlorenzogelatoandstry,San Lorenzo Gelato and Pastry,Ms. Helena Yanalunas,(248) 495-8946,sanlorenzogelato.com,,,,,Coral Gables,food_beverage,Restaurants  Ice Cream Shop,$$,,,,,,0.55,Moderate,N,,,Y,CGCC,CG-OSINT-20260211-v3.0,2026-02-11
sebastianscafe,Sebastian's Cafe,,(305) 284-1934,https://newmanalumnicenter.miami.edu/about-2/sebastians-cafe/,6200 San Amaro Drive,25.7113162,-80.2835278,33146,Coral Gables,food_beverage,cafe,$$,,,,,,0.55,Moderate,N,,,N,OSM,CG-OSINT-20260211-v3.0,2026-02-11
sedanos,Sedano's,,(305) 446-5872,https://sedanos.com/stores/,4803 Southwest 8th Street,25.7645341,-80.274173,33134,Coral Gables,food_beverage,retail/supermarket,$$,,,,,,0.55,Moderate,N,,,N,OSM,CG-OSINT-20260211-v3.0,2026-02-11
sergiosrestaurant,Sergio's Restaurant,Mr. John Gazitua,(305) 529-0047,sergios.com,,25.7497505,-80.2474707,33133,Coral Gables,food_beverage,Restaurants  Cuban,$$,,,,,,0.55,Moderate,N,,,Y,CGCC+OSM,CG-OSINT-20260211-v3.0,2026-02-11
sexyfishmiami,Sexy Fish Miami,Ms. Georgia Zaryckyj,(305) 790-1993,sexyfishmiami.com,,,,,Coral Gables,food_beverage,Restaurants  Asian,$$,,,,,,0.55,Moderate,N,,,Y,CGCC,CG-OSINT-20260211-v3.0,2026-02-11
shadowwagyu,Shadow Wagyu,Mr. Alex B. Prendes,(305) 484-3911,shadowwagyu.com,4702 Southwest 42nd Avenue,25.7286321,-80.2620449,33146,Merrick Park,food_beverage,Restaurants  Gourmet Market,$$,,,,,,0.55,Moderate,N,,,Y,CGCC+OSM,CG-OSINT-20260211-v3.0,2026-02-11
shahofkebab,Shah of Kebab,,,,,25.7048209,-80.2905702,33143,Sunset / South Gables,food_beverage,restaurant,$$,,,,,,0.55,Moderate,N,,,N,OSM,CG-OSINT-20260211-v3.0,2026-02-11
shakeshack,Shake Shack,,,,,25.7100843,-80.2819468,33143,Coral Gables,food_beverage,fast_food,$$,,,,,,0.55,Moderate,N,,,N,OSM,CG-OSINT-20260211-v3.0,2026-02-11
shisomiami,Shiso Miami,Mr. Aldo Narcisi,(412) 760-9370,shisomiami.com,,,,,Coral Gables,food_beverage,Restaurant/Hospitality Group,$$,,,,,,0.55,Moderate,N,,,Y,CGCC,CG-OSINT-20260211-v3.0,2026-02-11
sipsiprumbar,Sipsip Rum Bar,,(305) 441-0000,https://www.mayfairhousemiami.com/dining/sipsip/,3000 Florida Avenue,25.7286771,-80.2410145,33133,Douglas Road Corridor,food_beverage,restaurant,$$,,,,,,0.55,Moderate,N,,,N,OSM,CG-OSINT-20260211-v3.0,2026-02-11
smithwollenskyrestaurant,Smith & Wollensky Restaurant,Ms. Autumn Schmidinger,(305) 673-2800,smithandwollensky.com,,,,,Coral Gables,food_beverage,Restaurants  Steakhouse,$$,,,,,,0.55,Moderate,N,,,Y,CGCC,CG-OSINT-20260211-v3.0,2026-02-11
smoothieking,Smoothie King,,(305) 284-6258,smoothieking.com,6637 South Dixie Highway,25.6942144,-80.3003599,33143,Sunset / South Gables,food_beverage,fast_food,$$,,,,,,0.55,Moderate,N,,,N,OSM+OSM,CG-OSINT-20260211-v3.0,2026-02-11
socalcantina,Socal Cantina,,,https://dineoncampus.com/miami/,1306 Stanford Drive,25.7194885,-80.2776758,33146,University of Miami Area,food_beverage,restaurant,$$,,,,,,0.55,Moderate,N,,,N,OSM,CG-OSINT-20260211-v3.0,2026-02-11
sportsgrill,Sports Grill,,,,,25.7047883,-80.2839071,33143,Sunset / South Gables,food_beverage,fast_food,$$,,,,,,0.55,Moderate,N,,,N,OSM,CG-OSINT-20260211-v3.0,2026-02-11
spritz,Spritz,,,,,25.7511,-80.2584031,33134,Ponce de Leon Corridor,food_beverage,restaurant,$$$$,,,,,,0.55,Moderate,N,,,N,OSM,CG-OSINT-20260211-v3.0,2026-02-11
sproutsfarmersmarket,Sprouts Farmers Market,,(561) 765-2216,https://www.sprouts.com/store/fl/coconut-grove/miami-27th-ave/,2750 Southwest 27th Terrace,25.7400395,-80.2399912,33133,Douglas Road Corridor,food_beverage,retail/supermarket,$$,,,,,,0.55,Moderate,N,,,N,OSM,CG-OSINT-20260211-v3.0,2026-02-11
sramartinez,Sra. Martinez,Mr. David Martinez,(786) 860-5980,sramartinezmiami.com,,,,,Coral Gables,food_beverage,Restaurants,$$,,,,,,0.55,Moderate,N,,,Y,CGCC,CG-OSINT-20260211-v3.0,2026-02-11
starbucks,Starbucks,,(305) 442-4179,https://www.starbucks.com/store-locator/store/1018110/292-miracle-mile-292-miracle-mile-coral-gables-fl-331345908-us,292 Miracle Mile,25.7042208,-80.2872579,33134,Sunset / South Gables,food_beverage,cafe,$$,,,,,,0.55,Moderate,N,,,N,OSM+OSM,CG-OSINT-20260211-v3.0,2026-02-11
stradainthegrove,Strada in the Grove,,,,3176 Commodore Plaza,25.7275532,-80.2450221,33133,Coral Gables,food_beverage,restaurant,$$,,,,,,0.55,Moderate,N,,,N,OSM,CG-OSINT-20260211-v3.0,2026-02-11
subway,Subway,,(786) 558-5195,https://restaurants.subway.com/united-states/fl/miami/4819-sw-8th-street,4819 Southwest 8th Street,25.7646002,-80.2749285,33134,Bird Road Corridor,food_beverage,fast_food,$$,,,,,,0.55,Moderate,N,,,N,OSM+OSM,CG-OSINT-20260211-v3.0,2026-02-11
sushigaragewalk,Sushi Garage Cocowalk,,(786) 946-4222,https://www.sushigarage.com/,3015 Grand Avenue,25.7285113,-80.2418681,33133,Douglas Road Corridor,food_beverage,restaurant,$$,,,,,,0.55,Moderate,N,,,N,OSM,CG-OSINT-20260211-v3.0,2026-02-11
sushikong,Sushi KONG,,(305) 800-5664,https://www.sushikong.com/,3000 Coral Way,25.7495851,-80.2419383,33133,Douglas Road Corridor,food_beverage,restaurant,$$,,,,,,0.55,Moderate,N,,,N,OSM,CG-OSINT-20260211-v3.0,2026-02-11
sushimaki,Sushi Maki,Mr. Abe Ng,(305) 443-1884,sushimaki.com,2334 Ponce de Leon Boulevard,25.7503435,-80.2588731,33134,Miracle Mile,food_beverage,Restaurants  Japanese,$$,,,,,,0.55,Moderate,N,,,Y,CGCC+OSM,CG-OSINT-20260211-v3.0,2026-02-11
sushisake,Sushi Sake,,(786) 636-8125,https://www.sushisakemiami.com/,202 Miracle Mile,25.7492286,-80.2588502,33134,Miracle Mile,food_beverage,fast_food,$$,,,,,,0.55,Moderate,N,,,N,OSM,CG-OSINT-20260211-v3.0,2026-02-11
sushibyscratchrestaurant,Sushi by Scratch Restaurant,,(786) 254-1204,https://www.exploretock.com/sushi-by-scratch-restaurants-miami/,3540 Main Highway,25.7250151,-80.2452677,33133,Coral Gables,food_beverage,restaurant,$$,,,,,,0.55,Moderate,N,,,N,OSM,CG-OSINT-20260211-v3.0,2026-02-11
sweetdogs,Sweet Dogs,,(305) 448-4900,http://www.sweetdogs.net,4749 Southwest 8th Street,25.7643641,-80.2726328,33134,Coral Gables,food_beverage,fast_food,$$,,,,,,0.55,Moderate,N,,,N,OSM,CG-OSINT-20260211-v3.0,2026-02-11
swensens,Swensen's,,,,1586 Dixie Highway,25.7076766,-80.2847788,33146,Sunset / South Gables,food_beverage,ice_cream,$$,,,,,,0.55,Moderate,N,,,N,OSM,CG-OSINT-20260211-v3.0,2026-02-11
tcby,TCBY,,,https://www.tcby.com/find-a-store/,2720 South Dixie Highway,25.739036,-80.2392054,33133,Douglas Road Corridor,food_beverage,ice_cream,$$,,,,,,0.55,Moderate,N,,,N,OSM,CG-OSINT-20260211-v3.0,2026-02-11
tabell,Taco Bell,,(305) 649-6055,https://locations.tacobell.com/fl/miami/2375-sw-8th-street.html,2375 Southwest 8th Street,25.7655217,-80.2342402,33133,Sunset / South Gables,food_beverage,fast_food,$$,,,,,,0.55,Moderate,N,,,N,OSM+OSM,CG-OSINT-20260211-v3.0,2026-02-11
taritexmexcafe,Taco Rico Tex Mex Cafe,,(305) 663-3200,,473 South Dixie Highway,25.7257483,-80.2630266,33146,Coral Gables,food_beverage,restaurant,$$,,,,,,0.55,Moderate,N,,,N,OSM,CG-OSINT-20260211-v3.0,2026-02-11
talaveracinamexicana,Talavera Cocina Mexicana,Mr. Andy Anaya,(305) 444-2955,talaveracocinamexicana.com,2299 Ponce de Leon Boulevard,25.7514077,-80.2584984,33134,Ponce de Leon Corridor,food_beverage,Restaurants  Mexican,$$,,,,,,0.55,Moderate,N,,,Y,CGCC+OSM,CG-OSINT-20260211-v3.0,2026-02-11
tap42craftkitchenbarralgables,Tap 42 Craft Kitchen & Bar - Coral Gables,,(786) 391-1566,https://tap42.com/locations/coral-gables/,301 Giralda Avenue,25.7511979,-80.261002,33134,Alhambra Circle,food_beverage,bar,$$,,,,,,0.55,Moderate,N,,,N,OSM,CG-OSINT-20260211-v3.0,2026-02-11
theasiankitchen,The Asian Kitchen,,,,5796 Bird Road,25.7337474,-80.2884439,33146,Bird Road Corridor,food_beverage,restaurant,$$,,,,,,0.55,Moderate,N,,,N,OSM,CG-OSINT-20260211-v3.0,2026-02-11
thebar,The Bar,,,,172 Giralda Avenue,25.7511359,-80.2581931,33134,Ponce de Leon Corridor,food_beverage,bar,$$,,,,,,0.55,Moderate,N,,,N,OSM,CG-OSINT-20260211-v3.0,2026-02-11
thebigcheese,The Big Cheese,,(305) 662-6855,https://www.bigcheesemiami.com/,8080 Ludlam Road,25.6956876,-80.3014305,33143,Sunset / South Gables,food_beverage,fast_food,$$,,,,,,0.55,Moderate,N,,,N,OSM,CG-OSINT-20260211-v3.0,2026-02-11
thebiltmorebar,The Biltmore Bar,,,,1200 Anastasia Avenue,25.7408087,-80.2783531,33134,Coral Gables,food_beverage,bar,$$$$,,,,,,0.55,Moderate,N,,,N,OSM,CG-OSINT-20260211-v3.0,2026-02-11
theboardmiami,The Board Miami,Ms. Pia Savori,(305) 915-1150,theboardmiami.com,,,,,Coral Gables,food_beverage,Caterers & Events,$$,,,,,,0.55,Moderate,N,,,Y,CGCC,CG-OSINT-20260211-v3.0,2026-02-11
thecheesecakefactory,The Cheesecake Factory,,(305) 529-0703,https://locations.thecheesecakefactory.com/,2418 Ponce de Leon Boulevard,25.7282862,-80.2423982,33134,Douglas Road Corridor,food_beverage,restaurant,$$,,,,,,0.55,Moderate,N,,,N,OSM+OSM,CG-OSINT-20260211-v3.0,2026-02-11
thellab,The Collab,Mr. Massimiliano Giua,(305) 667-6766,thecollabmiami.com,,,,,Coral Gables,food_beverage,Restaurants  American,$$,,,,,,0.55,Moderate,N,,,Y,CGCC,CG-OSINT-20260211-v3.0,2026-02-11
thernerdeli,The Corner Deli,,,,1330 Miller Road,25.7192197,-80.2794547,33146,University of Miami Area,food_beverage,fast_food,$$,,,,,,0.55,Moderate,N,,,N,OSM,CG-OSINT-20260211-v3.0,2026-02-11
thedeckatislandgardens,The Deck At Island Gardens,Ms. Bahar Bayraktar,(786) 627-4949,islandgardens.com/thedeck,,,,,Coral Gables,food_beverage,Restaurants  Eclectic Cuisine,$$,,,,,,0.55,Moderate,N,,,Y,CGCC,CG-OSINT-20260211-v3.0,2026-02-11
thefreshmarket,The Fresh Market,,,https://www.thefreshmarket.com/my-market/store/2640south-bayshore-coconut-grove,2640 South Bayshore Drive,25.7307064,-80.2341661,33133,Bird Road Corridor,food_beverage,retail/supermarket,$$,,,,,,0.55,Moderate,N,,,N,OSM,CG-OSINT-20260211-v3.0,2026-02-11
thegrovespot,The Grove Spot,,,,,25.7293281,-80.2417677,33134,Douglas Road Corridor,food_beverage,bar,$$,,,,,,0.55,Moderate,N,,,N,OSM,CG-OSINT-20260211-v3.0,2026-02-11
thehalalshack,The Halal Shack,,,,1306 Stanford Drive,25.7198361,-80.2782279,33146,University of Miami Area,food_beverage,restaurant,$$,,,,,,0.55,Moderate,N,,,N,OSM,CG-OSINT-20260211-v3.0,2026-02-11
thehollywooddonutfactory,The Hollywood Donut Factory,,,,6601 Southwest 57th Avenue,25.7073624,-80.2852138,33146,Sunset / South Gables,food_beverage,fast_food,$$,,,,,,0.55,Moderate,N,,,N,OSM,CG-OSINT-20260211-v3.0,2026-02-11
themarket,The Market,,,,1306 Stanford Drive,25.7197132,-80.2780973,33146,University of Miami Area,food_beverage,retail/convenience,$$,,,,,,0.55,Moderate,N,,,N,OSM,CG-OSINT-20260211-v3.0,2026-02-11
themarketatvillage,The Market at Village,,,,1531 Albenga Avenue,25.714102,-80.2842995,33146,University of Miami Area,food_beverage,retail/convenience,$$,,,,,,0.55,Moderate,N,,,N,OSM,CG-OSINT-20260211-v3.0,2026-02-11
thorn,Thorn,,,,,25.7318724,-80.3073598,33143,Bird Road Corridor,food_beverage,bar,$$,,,,,,0.55,Moderate,N,,,N,OSM,CG-OSINT-20260211-v3.0,2026-02-11
titanicrestaurantandbrewery,Titanic Restaurant and Brewery,,(305) 667-2537,https://www.titanicbrewery.com/,5813 Ponce de Leon Boulevard,25.7105737,-80.2829845,33146,Coral Gables,food_beverage,restaurant,$$,,,,,,0.55,Moderate,N,,,N,OSM,CG-OSINT-20260211-v3.0,2026-02-11
tomthumb,Tom Thumb,,,https://www.mytomthumb.com/,8047 Southwest 67th Avenue,25.6960563,-80.3007332,33143,Sunset / South Gables,food_beverage,retail/convenience,$$,,,,,,0.55,Moderate,N,,,N,OSM,CG-OSINT-20260211-v3.0,2026-02-11
totalwine,Total Wine,,(786) 772-0710,https://www.totalwine.com/store-info/936,2750 Southwest 27th Terrace,25.7404018,-80.2388278,33133,Douglas Road Corridor,food_beverage,retail/alcohol,$$,,,,,,0.55,Moderate,N,,,N,OSM,CG-OSINT-20260211-v3.0,2026-02-11
traderjoes,Trader Joe's,,(305) 442-5402,https://locations.traderjoes.com/fl/coral-gables/781/,211 South Dixie Highway,25.7293706,-80.2582478,33133,Coral Gables,food_beverage,retail/supermarket,$$,,,,,,0.55,Moderate,N,,,N,OSM,CG-OSINT-20260211-v3.0,2026-02-11
trulucksoceansfinestseafoodandcrab,Truluck's Oceans Finest Seafood and Crab,Ms. Elizabeth Nourse,(786) 275-5730,trulucks.com,,,,,Coral Gables,food_beverage,Restaurants  Seafood,$$,,,,,,0.55,Moderate,N,,,Y,CGCC,CG-OSINT-20260211-v3.0,2026-02-11
twosistersrestaurant,Two Sisters Restaurant,Mr. Joseph Bidwell,(305) 447-6030,hyatt.com,,,,,Coral Gables,food_beverage,Restaurants  Fine Dining,$$,,,,,,0.55,Moderate,N,,,Y,CGCC,CG-OSINT-20260211-v3.0,2026-02-11
versaillesrestaurant,Versailles Restaurant,,(305) 444-0240,https://www.versaillesrestaurant.com/location,3555 Southwest 8th Street,25.7649886,-80.2527677,33133,Coral Gables,food_beverage,restaurant,$$,,,,,,0.55,Moderate,N,,,N,OSM,CG-OSINT-20260211-v3.0,2026-02-11
vinyatable,Vinya Table,Mr. Pedro Pozo,(305) 203-4229,vinyawine.com/coralgables,,,,,Coral Gables,food_beverage,Restaurants  Wine Bar,$$,,,,,,0.55,Moderate,N,,,Y,CGCC,CG-OSINT-20260211-v3.0,2026-02-11
voli305vodka,Voli 305 Vodka,Ms. Priscilla Perez,(305) 564-5464,voli305vodkashop.com,,,,,Coral Gables,food_beverage,BeverageAlcohol,$$,,,,,,0.55,Moderate,N,,,Y,CGCC,CG-OSINT-20260211-v3.0,2026-02-11
wallsoldfashionedicecream,Wall's Old Fashioned Ice Cream,,,,8075 Southwest 67th Avenue,25.6955873,-80.3008815,33143,Sunset / South Gables,food_beverage,cafe,$$,,,,,,0.55,Moderate,N,,,N,OSM,CG-OSINT-20260211-v3.0,2026-02-11
walmartneighborhoodmarket,Walmart Neighborhood Market,,(786) 257-4094,https://www.walmart.com/store/4140-miami-fl,6991 Southwest 8th Street,25.7646677,-80.3090141,33134,Coral Gables,food_beverage,retail/supermarket,$$,,,,,,0.55,Moderate,N,,,N,OSM,CG-OSINT-20260211-v3.0,2026-02-11
wawa,Wawa,,,,6971 Southwest 24th Street,25.7485064,-80.3083855,33146,Coral Gables,food_beverage,retail/convenience,$$,,,,,,0.55,Moderate,N,,,N,OSM,CG-OSINT-20260211-v3.0,2026-02-11
wendys,Wendy's,,(305) 262-8666,https://locations.wendys.com/united-states/fl/miami/6720-sw-8th-street,6720 Southwest 8th Street,25.7626842,-80.3042748,33134,Bird Road Corridor,food_beverage,fast_food,$$,,,,,,0.55,Moderate,N,,,N,OSM+OSM,CG-OSINT-20260211-v3.0,2026-02-11
westarmart,Westar Mart,,,,,25.7634906,-80.3002149,33134,Coral Gables,food_beverage,retail/convenience,$$,,,,,,0.55,Moderate,N,,,N,OSM,CG-OSINT-20260211-v3.0,2026-02-11
wholefoodsmarket,Whole Foods Market,,(305) 421-9421,https://www.wholefoodsmarket.com/stores/coralgables,6701 Red Road,25.7064826,-80.2851631,33143,Sunset / South Gables,food_beverage,retail/supermarket,$$,,,,,,0.55,Moderate,N,,,N,OSM,CG-OSINT-20260211-v3.0,2026-02-11
wildforkfoods,Wild Fork Foods,,,,1180 South Dixie Highway,25.7151958,-80.2755589,33146,University of Miami Area,food_beverage,retail/supermarket,$$,,,,,,0.55,Moderate,N,,,N,OSM,CG-OSINT-20260211-v3.0,2026-02-11
wine41,Wine 41,Mr. Luis Montoto,(786) 429-3957,wine41.com,,,,,Coral Gables,food_beverage,Wine Concierge Service,$$,,,,,,0.55,Moderate,N,,,Y,CGCC,CG-OSINT-20260211-v3.0,2026-02-11
wingstop,Wingstop,,(786) 701-9977,,6714 Bird Road,25.7312791,-80.3036534,33146,Bird Road Corridor,food_beverage,fast_food,$$,,,,,,0.55,Moderate,N,,,N,OSM,CG-OSINT-20260211-v3.0,2026-02-11
winndixie,Winn-Dixie,,(305) 666-5241,https://www.winndixie.com/storedetails/miami/fl?search=249,5850 Southwest 73rd Street,25.702758,-80.2888212,33143,Sunset / South Gables,food_beverage,retail/supermarket,$$,,,,,,0.55,Moderate,N,,,N,OSM+OSM,CG-OSINT-20260211-v3.0,2026-02-11
yardhouseralgables,Yard House Coral Gables,Ms. Katie Harrold,(305) 447-9273,yardhouse.com,,,,,Coral Gables,food_beverage,Restaurants  American,$$,,,,,,0.55,Moderate,N,,,Y,CGCC,CG-OSINT-20260211-v3.0,2026-02-11
zucca,Zucca,Ms. Lorena Manrique,(786) 580-3731,zuccamiami.com,162 Alcazar Avenue,25.752871,-80.258411,33134,Ponce de Leon Corridor,food_beverage,Restaurants  Italian,$$,,,,,,0.55,Moderate,N,,,Y,CGCC+OSM,CG-OSINT-20260211-v3.0,2026-02-11
maman,maman,Ms. Chloe Colbert,(305) 603-9206,mamannyc.com,,,,,Coral Gables,food_beverage,Restaurants  Cafe,$$,,,,,,0.55,Moderate,N,,,Y,CGCC,CG-OSINT-20260211-v3.0,2026-02-11
alianzastrategies,Alianza Strategies,Ms. Myrna Vaca,(786) 897-2680,,,,,,Coral Gables,government,Business Development/Government Affairs,$,,,,,,0.55,Moderate,N,,,Y,CGCC,CG-OSINT-20260211-v3.0,2026-02-11
ntingov,Pantin Gov,Mr. Les Pantin,(305) 215-2162,pantingov.com,,,,,Coral Gables,government,Government Relations/Lobbying,$,,,,,,0.55,Moderate,N,,,Y,CGCC,CG-OSINT-20260211-v3.0,2026-02-11
robertmlevyassociates,Robert M. Levy & Associates,Mr. Jose Diaz,(850) 294-7583,,,,,,Coral Gables,government,Government Relations/Lobbying,$,,,,,,0.55,Moderate,N,,,Y,CGCC,CG-OSINT-20260211-v3.0,2026-02-11
247nursingcare,24/7 Nursing Care Inc.,"Mr. Luis Mejer, Jr.",(786) 518-3622,,,,,,Coral Gables,healthcare,Home Health Care Services,$$$,,,,,,0.55,Moderate,N,,,Y,CGCC,CG-OSINT-20260211-v3.0,2026-02-11
americancancersociety,American Cancer Society,Ms. Betty Newborn,(305) 962-3797,cancer.org,,,,,Coral Gables,healthcare,Non Profit Organizations  Health,$$$,,,,,,0.55,Moderate,N,,,Y,CGCC,CG-OSINT-20260211-v3.0,2026-02-11
americanheartassociation,American Heart Association,Ms. Katherine Nunez,(786) 304-3577,heart.org/FL,,,,,Coral Gables,healthcare,Non Profit Organizations  Health,$$$,,,,,,0.55,Moderate,N,,,Y,CGCC,CG-OSINT-20260211-v3.0,2026-02-11
animalclinifmiamidade,Animal Clinic of Miami-Dade,,,,2134 Southwest 67th Avenue,25.7505745,-80.30383,33146,Coral Gables,healthcare,veterinary,$$$,,,,,,0.55,Moderate,N,,,N,OSM,CG-OSINT-20260211-v3.0,2026-02-11
bgintegrativestudio,BG Integrative Studio,Ms. Ysdaly Thielen,(786) 607-3698,bgmedtattoo.com,,,,,Coral Gables,healthcare,Medical & Cosmetic Tatoo,$$$,,,,,,0.55,Moderate,N,,,Y,CGCC,CG-OSINT-20260211-v3.0,2026-02-11
baptisthealthsouthflorida,Baptist Health South Florida,Ms. Erin M. Dowd,(786) 596-1960,baptisthealth.net,,,,,Coral Gables,healthcare,Hospitals/Health Care Systems,$$$,,,,,,0.55,Moderate,N,,,Y,CGCC,CG-OSINT-20260211-v3.0,2026-02-11
baptistrehabilitationhospital,Baptist Rehabilitation Hospital,,,,6233 Sunset Drive,25.7047486,-80.2940078,33143,Sunset / South Gables,healthcare,hospital,$$$,,,,,,0.55,Moderate,N,,,N,OSM,CG-OSINT-20260211-v3.0,2026-02-11
bellodentalcenter,Bello Dental Center,,,,6567 Southwest 24th Street,25.7482816,-80.302821,33146,Coral Gables,healthcare,dental,$$$,,,,,,0.55,Moderate,N,,,N,OSM,CG-OSINT-20260211-v3.0,2026-02-11
benitezdentalcenter,Benitez Dental Center,Dr. Andrea Benitez,(786) 442-2122,benitezdentalcenter.com,,,,,Coral Gables,healthcare,Dentist,$$$,,,,,,0.55,Moderate,N,,,Y,CGCC,CG-OSINT-20260211-v3.0,2026-02-11
betteraddictioncare,Better Addiction Care,,,,475 Biltmore Way,25.7486588,-80.2643503,33134,Coral Gables,healthcare,counselling,$$$,,,,,,0.55,Moderate,N,,,N,OSM,CG-OSINT-20260211-v3.0,2026-02-11
cvspharmacy,CVS Pharmacy,,(305) 446-4641,https://www.cvs.com/store-locator/coral-gables-fl-pharmacies/1160-s-dixie-hwy-coral-gables-fl-33146/storeid=4059,1160 South Dixie Highway,25.7154589,-80.2751753,33146,University of Miami Area,healthcare,pharmacy,$$$,,,,,,0.55,Moderate,N,,,N,OSM+OSM,CG-OSINT-20260211-v3.0,2026-02-11
choicemd,ChoiceMD,Ms. Vanessa Bedoya,(305) 777-0219,choicemd.com,4000 Ponce de Leon Boulevard,25.7339831,-80.2589483,33146,Bird Road Corridor,healthcare,Health Information Provider,$$$,,,,,,0.55,Moderate,N,,,Y,CGCC+OSM,CG-OSINT-20260211-v3.0,2026-02-11
nutgrovechiropractic,Coconut Grove Chiropractic,,,,3400 Coral Way,25.7496358,-80.2498125,33134,Coral Gables,healthcare,alternative,$$$,,,,,,0.55,Moderate,N,,,N,OSM,CG-OSINT-20260211-v3.0,2026-02-11
ralgablesacupuncture,Coral Gables Acupuncture,,,https://miamiacupuncture.com,2645 Southwest 37th Avenue,25.742333,-80.2540819,33133,Coral Gables,healthcare,hospital,$$$,,,,,,0.55,Moderate,N,,,N,OSM,CG-OSINT-20260211-v3.0,2026-02-11
ralgableshospital,Coral Gables Hospital,,(866) 661-3359,https://www.coralgableshospital.com/,3100 Douglas Road,25.7434547,-80.2551562,33134,Ponce de Leon Corridor,healthcare,hospital,$$$,,,,,,0.55,Moderate,N,,,N,OSM,CG-OSINT-20260211-v3.0,2026-02-11
digitalradiology,Digital Radiology Inc.,Dr. Douglas Hornsby,(305) 759-9293,,,,,,Coral Gables,healthcare,Physicians & Surgeons,$$$,,,,,,0.55,Moderate,N,,,Y,CGCC,CG-OSINT-20260211-v3.0,2026-02-11
doctorshospital,Doctors Hospital,,(786) 308-3000,https://baptisthealth.net/en/facilities/doctors-hospital/,5000 University Drive,25.7243779,-80.2740057,33146,University of Miami Area,healthcare,hospital,$$$,,,,,,0.55,Moderate,N,,,N,OSM,CG-OSINT-20260211-v3.0,2026-02-11
edwardbernier,Edward Bernier,,(786) 216-7850,https://www.edwardbeiner.com/boutiques/coconut-grove/,3015 Grand Avenue,25.7286168,-80.2422208,33133,Douglas Road Corridor,healthcare,optical,$$$,,,,,,0.55,Moderate,N,,,N,OSM,CG-OSINT-20260211-v3.0,2026-02-11
epicsmilesmiami,Epic Smiles Miami,,,,2525 Southwest 8th Street,25.7653853,-80.2374,33133,Douglas Road Corridor,healthcare,dental,$$$,,,,,,0.55,Moderate,N,,,N,OSM,CG-OSINT-20260211-v3.0,2026-02-11
familymedicalgroupgables,Family Medical Group Gables,Ms. Jannelle Ramirez,(305) 306-0233,thefamilymedgroup.com,,,,,Coral Gables,healthcare,Health Care/Primary Care Medicine,$$$,,,,,,0.55,Moderate,N,,,Y,CGCC,CG-OSINT-20260211-v3.0,2026-02-11
floridarestaurantlodgingassociation,Florida Restaurant & Lodging Association,Ms. Lynne M. Hernandez,(305) 598-3752,frla.org,,,,,Coral Gables,healthcare,Hospitality & Tourism,$$$,,,,,,0.55,Moderate,N,,,Y,CGCC,CG-OSINT-20260211-v3.0,2026-02-11
flossysmilesdentalimplantsestheticsdrgio,Flossy Smiles Dental Implants & Esthetics: Dr. Gio,,(786) 384-6455,https://www.flossysmiles.com/,385 Alhambra Circle,25.7522253,-80.2624446,33134,Alhambra Circle,healthcare,dental,$$$,,,,,,0.55,Moderate,N,,,N,OSM,CG-OSINT-20260211-v3.0,2026-02-11
formadental,Forma Dental,,(786) 762-2465,https://formadental.co/,69 Merrick Way,25.7511964,-80.2556895,33134,Ponce de Leon Corridor,healthcare,dental,$$$,,,,,,0.55,Moderate,N,,,N,OSM,CG-OSINT-20260211-v3.0,2026-02-11
fusionmdsmeticsurgery,Fusion MD Cosmetic Surgery,,(305) 686-1122,https://www.fusionmdcosmeticsurgery.com,550 Biltmore Way,25.7478624,-80.2659455,33134,Coral Gables,healthcare,physician,$$$,,,,,,0.55,Moderate,N,,,N,OSM,CG-OSINT-20260211-v3.0,2026-02-11
gablesmedicalbilling,Gables Medical Billing,Mr. Carlos A. Plana,(305) 273-5566,gablesmedicalbilling.com,,,,,Coral Gables,healthcare,Medical Billing Services,$$$,,,,,,0.55,Moderate,N,,,Y,CGCC,CG-OSINT-20260211-v3.0,2026-02-11
globalwellnesshub,Global Wellness Hub,Ms. Karen Minor,(786) 558-8892,,,,,,Coral Gables,healthcare,Health,$$$,,,,,,0.55,Moderate,N,,,Y,CGCC,CG-OSINT-20260211-v3.0,2026-02-11
glowinghealthcare,Glowing Healthcare LLC,,(305) 308-6966,https://glowinghc.com/,"430 S Dixie HWY, Suite 207",25.7254233,-80.2626973,33146,Coral Gables,healthcare,centre,$$$,,,,,,0.55,Moderate,N,,,N,OSM,CG-OSINT-20260211-v3.0,2026-02-11
goodvets,GoodVets,Dr. Emily Abraham,(305) 522-6100,goodvets.com,,,,,Coral Gables,healthcare,Veterinary Animal Hospital,$$$,,,,,,0.55,Moderate,N,,,Y,CGCC,CG-OSINT-20260211-v3.0,2026-02-11
greatermiamithebeacheshotelassociation,Greater Miami & The Beaches Hotel Association,Ms. Wendy Kallergis,(305) 531-3553,gmbha.com,,,,,Coral Gables,healthcare,Hospitality & Tourism,$$$,,,,,,0.55,Moderate,N,,,Y,CGCC,CG-OSINT-20260211-v3.0,2026-02-11
hdesthetique,HD Esthetique,,(305) 668-2853,https://hdesthetique.com,Southwest 57th Avenue,25.7002615,-80.2856619,33143,Sunset / South Gables,healthcare,physician,$$$,,,,,,0.55,Moderate,N,,,N,OSM,CG-OSINT-20260211-v3.0,2026-02-11
harrymayansdmdandmercedesmayansddsdentist,Harry Mayans DMD and Mercedes Mayans DDS Dentist,,,,6517 Southwest 24th Street,25.7482888,-80.3019041,33146,Coral Gables,healthcare,dental,$$$,,,,,,0.55,Moderate,N,,,N,OSM,CG-OSINT-20260211-v3.0,2026-02-11
healthcarecenteroflittlehavana,Health Care Center of Little Havana,Mr. Gustavo Gutierrez,(305) 888-6959,healthcarecenters.info,,,,,Coral Gables,healthcare,Healthcare Services,$$$,,,,,,0.55,Moderate,N,,,Y,CGCC,CG-OSINT-20260211-v3.0,2026-02-11
hearrightusa,Hear Right USA,Ms. Maria Moreno,(786) 261-5190,hearrightusa.com,,,,,Coral Gables,healthcare,Healthcare Services,$$$,,,,,,0.55,Moderate,N,,,Y,CGCC,CG-OSINT-20260211-v3.0,2026-02-11
interfacensultingandpsychologicalservices,Interface Consulting and Psychological Services,Dr. Irma Campos,(786) 983-6965,icpstherapy.com,,,,,Coral Gables,healthcare,Mental Health Care / Psychologists & Psychiatrists,$$$,,,,,,0.55,Moderate,N,,,Y,CGCC,CG-OSINT-20260211-v3.0,2026-02-11
intuitiveunseling,Intuitive Counseling,Ms. Victoria RodriguezHevia,(305) 318-2839,intuitivecounseling.org,,,,,Coral Gables,healthcare,Mental Health Care / Psychologists & Psychiatrists,$$$,,,,,,0.55,Moderate,N,,,Y,CGCC,CG-OSINT-20260211-v3.0,2026-02-11
jacksonhealthfoundation,Jackson Health Foundation,Ms. Alexandra Salcedo,(305) 588-8167,jacksonhealthfoundation.org,,,,,Coral Gables,healthcare,Non Profit Organizations  Health,$$$,,,,,,0.55,Moderate,N,,,Y,CGCC,CG-OSINT-20260211-v3.0,2026-02-11
jacksonhealthsystem,Jackson Health System,Mr. Matthew I. Pinzur,(305) 585-1111,jhsmiami.org,,,,,Coral Gables,healthcare,Hospitals/Health Care Systems,$$$,,,,,,0.55,Moderate,N,,,Y,CGCC,CG-OSINT-20260211-v3.0,2026-02-11
jennycraig,Jenny Craig,,(305) 448-3508,https://locations.jennycraig.com/fl/miami/weight-loss-center-960.html,2720 South Dixie Highway,25.7389079,-80.2395447,33133,Douglas Road Corridor,healthcare,counselling,$$$,,,,,,0.55,Moderate,N,,,N,OSM,CG-OSINT-20260211-v3.0,2026-02-11
jewishmmunityservicesofsouthflorida,Jewish Community Services of South Florida,Ms. Miriam Singer,(305) 576-6550,jcsfl.org,,,,,Coral Gables,healthcare,Non Profit Organizations  Health,$$$,,,,,,0.55,Moderate,N,,,Y,CGCC,CG-OSINT-20260211-v3.0,2026-02-11
joserodriguezfelizmd,"Jose RodriguezFeliz, MD",Dr. Jose RodriguezFeliz,(305) 563-3030,rodriguezfelizmd.com,,,,,Coral Gables,healthcare,Physicians & Surgeons  Plastic Surgery,$$$,,,,,,0.55,Moderate,N,,,Y,CGCC,CG-OSINT-20260211-v3.0,2026-02-11
joserodrguezfelizmd,"Jose Rodriguez-Feliz, MD",,(305) 563-3030,https://rodriguezfelizmd.com/,Southwest 57th Avenue,25.7061216,-80.2853069,33143,Sunset / South Gables,healthcare,physician,$$$,,,,,,0.55,Moderate,N,,,N,OSM,CG-OSINT-20260211-v3.0,2026-02-11
kidzmedicalservices,Kidz Medical Services,Mr. Wayne Brackin,(305) 661-1515,kidzmedical.com,,,,,Coral Gables,healthcare,Physicians  Pediatric Services,$$$,,,,,,0.55,Moderate,N,,,Y,CGCC,CG-OSINT-20260211-v3.0,2026-02-11
kindredhospitalsouthfloridaralgables,Kindred Hospital - South Florida - Coral Gables,,(786) 526-6101,https://www.khcoralgables.com,Southwest 8th Street,25.7637168,-80.2789477,33134,Coral Gables,healthcare,hospital,$$$,,,,,,0.55,Moderate,N,,,N,OSM,CG-OSINT-20260211-v3.0,2026-02-11
larkommunityhospital,Larkin Community Hospital,,(305) 284-7500,http://www.larkinhospital.com/site/,7031 Southwest 62nd Avenue,25.7060157,-80.292982,33143,Sunset / South Gables,healthcare,hospital,$$$,,,,,,0.55,Moderate,N,,,N,OSM,CG-OSINT-20260211-v3.0,2026-02-11
lifeimagingfla,Life Imaging FLA,Ms. Maria Penaloza,(772) 773-6675,lifeimagingfla.com,,,,,Coral Gables,healthcare,Healthcare Services,$$$,,,,,,0.55,Moderate,N,,,Y,CGCC,CG-OSINT-20260211-v3.0,2026-02-11
lifetheory,Life Theory Inc.,Ms. Melissa Escalona,(786) 676-2592,lifetheorymia.com,,,,,Coral Gables,healthcare,Aesthetics/Healthcare,$$$,,,,,,0.55,Moderate,N,,,Y,CGCC,CG-OSINT-20260211-v3.0,2026-02-11
mbravocamddsandleyannesalvadordmddentist,M. Bravo-Campa DDS and Leyanne Salvador DMD Dentist,,,,6507 Southwest 24th Street,25.7483078,-80.3017161,33146,Coral Gables,healthcare,dental,$$$,,,,,,0.55,Moderate,N,,,N,OSM,CG-OSINT-20260211-v3.0,2026-02-11
mdnowurgentcare,MD Now Urgent Care,,,,6605 South Dixie Highway,25.6948841,-80.3003784,33143,Sunset / South Gables,healthcare,clinic,$$$,,,,,,0.55,Moderate,N,,,N,OSM,CG-OSINT-20260211-v3.0,2026-02-11
miamiaccidentclinic,Miami Accident Clinic,,(786) 380-6652,http://www.themiamiaccidentclinic.com,3727 Southwest 8th Street,25.7649181,-80.2559285,33134,Coral Gables,healthcare,clinic,$$$,,,,,,0.55,Moderate,N,,,N,OSM,CG-OSINT-20260211-v3.0,2026-02-11
miamidermannachanmd,"Miami Derm: Anna Chacon, MD, PA",Dr. Anna Chacon,(305) 902-5733,drannachacon.com,,,,,Coral Gables,healthcare,Physicians  Dermatology,$$$,,,,,,0.55,Moderate,N,,,Y,CGCC,CG-OSINT-20260211-v3.0,2026-02-11
miamijewishhealth,Miami Jewish Health,Ms. Alison Grewe,(305) 762-3842,miamijewishhealth.org,,,,,Coral Gables,healthcare,NonProfit Organization  Healthcare Systems,$$$,,,,,,0.55,Moderate,N,,,Y,CGCC,CG-OSINT-20260211-v3.0,2026-02-11
miamiskinvein,Miami Skin & Vein,,(786) 618-5039,https://www.miamiskinandvein.com,6705 Southwest 57th Avenue,25.7060962,-80.2852401,33143,Sunset / South Gables,healthcare,physician,$$$,,,,,,0.55,Moderate,N,,,N,OSM,CG-OSINT-20260211-v3.0,2026-02-11
miamispinepostureclinic,Miami Spine & Posture Clinic,,(305) 448-2600,https://www.miamiposture.com/,3850 Bird Rd.,25.7341594,-80.2568944,33146,Bird Road Corridor,healthcare,clinic,$$$,,,,,,0.55,Moderate,N,,,N,OSM,CG-OSINT-20260211-v3.0,2026-02-11
monsalveintegrativehealth,Monsalve Integrative Health,,(305) 209-4731,https://www.monsalvehealth.com/,6705 Southwest 57th Avenue,25.7061238,-80.2846877,33143,Sunset / South Gables,healthcare,alternative,$$$,,,,,,0.55,Moderate,N,,,N,OSM,CG-OSINT-20260211-v3.0,2026-02-11
mountsinaiprimaryspecialtycareralgables,Mount Sinai Primary & Specialty Care Coral Gables,Mr. Oscar Llorente,(305) 390-0596,msmc.com,,,,,Coral Gables,healthcare,Hospitals/Health Care Systems,$$$,,,,,,0.55,Moderate,N,,,Y,CGCC,CG-OSINT-20260211-v3.0,2026-02-11
nationalheadacheinstitute,National Headache Institute,,(305) 440-5969,https://nationalheadacheinstitute.com/miami,2344 Douglas Road,25.7507149,-80.2547981,33134,Coral Gables,healthcare,yes,$$$,,,,,,0.55,Moderate,N,,,N,OSM,CG-OSINT-20260211-v3.0,2026-02-11
nationalstemcelinic,National Stem Cell Clinic,,(305) 440-5969,https://www.nationalstemcellclinic.com/miami,2344 Douglas Road,25.750734,-80.2547748,33134,Coral Gables,healthcare,hospital,$$$,,,,,,0.55,Moderate,N,,,N,OSM,CG-OSINT-20260211-v3.0,2026-02-11
navarrodisuntpharmacy,Navarro Discount Pharmacy,,,,87 Miracle Mile,25.7499888,-80.2565108,33134,Miracle Mile,healthcare,pharmacy,$$$,,,,,,0.55,Moderate,N,,,N,OSM+OSM,CG-OSINT-20260211-v3.0,2026-02-11
nicklauschildrenshospital,Nicklaus Childrens Hospital,Ms. Arianna Urquia,(305) 663-8435,nicklauschildrens.org,3100 Southwest 62nd Avenue,25.7412351,-80.2944963,33146,Coral Gables,healthcare,Hospitals/Health Care Systems,$$$,,,,,,0.55,Moderate,N,,,Y,CGCC+OSM,CG-OSINT-20260211-v3.0,2026-02-11
orlandooptical,Orlando Optical,,,,,25.7648301,-80.287746,33134,Coral Gables,healthcare,optical,$$$,,,,,,0.55,Moderate,N,,,N,OSM,CG-OSINT-20260211-v3.0,2026-02-11
ncitaspregnancyandultrasound,Pancitas Pregnancy and Ultrasound,,,,Southwest 39th Street,25.7349341,-80.2879513,33146,Bird Road Corridor,healthcare,laboratory,$$$,,,,,,0.55,Moderate,N,,,N,OSM,CG-OSINT-20260211-v3.0,2026-02-11
rajonanimalclinic,Parajon Animal Clinic,,(305) 856-2885,https://www.facebook.com/Parajon-Animal-Clinic-452648924756303/,2751 Southwest 8th Street,25.7653425,-80.2399491,33133,Douglas Road Corridor,healthcare,veterinary,$$$,,,,,,0.55,Moderate,N,,,N,OSM,CG-OSINT-20260211-v3.0,2026-02-11
pharmaplusdrugstore,Pharma Plus Drug Store,,(305) 262-3738,,619 Southwest 57th Avenue,25.7646003,-80.2876372,33134,Coral Gables,healthcare,pharmacy,$$$,,,,,,0.55,Moderate,N,,,N,OSM,CG-OSINT-20260211-v3.0,2026-02-11
pharmagpharmacy,Pharmag Pharmacy,,,,6622 Southwest 24th Street,25.7477893,-80.3030329,33146,Coral Gables,healthcare,pharmacy,$$$,,,,,,0.55,Moderate,N,,,N,OSM,CG-OSINT-20260211-v3.0,2026-02-11
pinkluminousadvocacyproject,Pink Luminous Advocacy Project,Ms. Marylin Dans,(305) 747-8712,luminousadvocacyproject.com,,,,,Coral Gables,healthcare,Non Profit Organizations  Health,$$$,,,,,,0.55,Moderate,N,,,Y,CGCC,CG-OSINT-20260211-v3.0,2026-02-11
plenitudemeds,Plenitude Med Spa,Ms. Mirella Besteiro,(305) 298-9034,plenitudemedspa.com,,,,,Coral Gables,healthcare,Aesthetics/Healthcare,$$$,,,,,,0.55,Moderate,N,,,Y,CGCC,CG-OSINT-20260211-v3.0,2026-02-11
poweringeliteperformers,"Powering Elite Performers, LLC",Mr. Ken Smith,(305) 801-6876,us.shaklee.com/en_US/kensmith,,,,,Coral Gables,healthcare,Health/Anti Aging,$$$,,,,,,0.55,Moderate,N,,,Y,CGCC,CG-OSINT-20260211-v3.0,2026-02-11
premiernad,Premier NAD+,Mr. Patrick Uloth,(786) 340-1538,premieres.com,,,,,Coral Gables,healthcare,Aesthetics/Healthcare,$$$,,,,,,0.55,Moderate,N,,,Y,CGCC,CG-OSINT-20260211-v3.0,2026-02-11
premierpediatricdentistry,Premier Pediatric Dentistry,Dr. Ashley Rosenbaum,(786) 296-1891,premierpediatricdentistry.com,,,,,Coral Gables,healthcare,Dentist  Pediatric,$$$,,,,,,0.55,Moderate,N,,,Y,CGCC,CG-OSINT-20260211-v3.0,2026-02-11
primeinstitute,Prime Institute,Dr. Michelle Pearlman,(786) 866-7804,primeinstitute.us,475 Biltmore Way,25.7487585,-80.2642833,33134,Coral Gables,healthcare,Medical/Health,$$$,,,,,,0.55,Moderate,N,,,Y,CGCC+OSM,CG-OSINT-20260211-v3.0,2026-02-11
privecarerx,PriveCareRx,Dr. Damita Joy Ferguson,(352) 284-4390,privecarerx.com,,,,,Coral Gables,healthcare,Pharmacy,$$$,,,,,,0.55,Moderate,N,,,Y,CGCC,CG-OSINT-20260211-v3.0,2026-02-11
professionalhealthdiagnostics,Professional Health Diagnostics,,,,6527 Southwest 24th Street,25.74831,-80.302088,33146,Coral Gables,healthcare,yes,$$$,,,,,,0.55,Moderate,N,,,N,OSM,CG-OSINT-20260211-v3.0,2026-02-11
providencehealthcareservices,Providence Healthcare Services,Ms. Nercy Radcliffe,(305) 220-1088,providencehhs.com,,,,,Coral Gables,healthcare,Home Health Care Services,$$$,,,,,,0.55,Moderate,N,,,Y,CGCC,CG-OSINT-20260211-v3.0,2026-02-11
questdiagnostics,Quest Diagnostics,,,,Southwest 39th Street,25.7349341,-80.2878547,33146,Bird Road Corridor,healthcare,laboratory,$$$,,,,,,0.55,Moderate,N,,,N,OSM,CG-OSINT-20260211-v3.0,2026-02-11
rainbowpharmacy,Rainbow Pharmacy,Mr. Mazen Karnaby,(305) 749-7000,rainbowpharmacyrx.com,,,,,Coral Gables,healthcare,Pharmacy,$$$,,,,,,0.55,Moderate,N,,,Y,CGCC,CG-OSINT-20260211-v3.0,2026-02-11
redbirdanimalclinic,Red Bird Animal Clinic,,,,5753 Southwest 40th Street,25.7348097,-80.2879352,33146,Bird Road Corridor,healthcare,veterinary,$$$,,,,,,0.55,Moderate,N,,,N,OSM,CG-OSINT-20260211-v3.0,2026-02-11
revitamaxx,Revitamaxx,Mr. Chris Forry,(305) 308-8850,revitamaxx.com,,,,,Coral Gables,healthcare,Medical/Health,$$$,,,,,,0.55,Moderate,N,,,Y,CGCC,CG-OSINT-20260211-v3.0,2026-02-11
smilessonrisas,Smiles & Sonrisas,"Dr. Jose M. Gurevich, DDS",(305) 665-5525,smilesinmiami.com,,,,,Coral Gables,healthcare,Dentists  Cosmetic & General Dentistry,$$$,,,,,,0.55,Moderate,N,,,Y,CGCC,CG-OSINT-20260211-v3.0,2026-02-11
smoothsailingofmiami,Smooth Sailing of Miami,Mr. Kyle Brown,(786) 493-4391,smoothsailingmiami.com,,,,,Coral Gables,healthcare,Hospitality & Tourism,$$$,,,,,,0.55,Moderate,N,,,Y,CGCC,CG-OSINT-20260211-v3.0,2026-02-11
snapcrackchiropracticvitamininfusion,SnapCrack Chiropractic & Vitamin Infusion,Ms. Vanessa Cereceda,(305) 301-8885,snapcrack.com,,,,,Coral Gables,healthcare,Chiropractic Physicians,$$$,,,,,,0.55,Moderate,N,,,Y,CGCC,CG-OSINT-20260211-v3.0,2026-02-11
southgablesdental,South Gables Dental,,(305) 665-1263,https://southgablesdental.com/,4950 South Le Jeune Road,25.724914,-80.2618682,33146,Coral Gables,healthcare,dental,$$$,,,,,,0.55,Moderate,N,,,N,OSM,CG-OSINT-20260211-v3.0,2026-02-11
southmiamifamilydental,South Miami Family Dental,,(305) 666-3824,,7741 Southwest 62nd Avenue,25.698887,-80.2929126,33143,Sunset / South Gables,healthcare,dental,$$$,,,,,,0.55,Moderate,N,,,N,OSM,CG-OSINT-20260211-v3.0,2026-02-11
stephanbakermdfacs,Stephan Baker MD FACS,,(305) 381-8837,https://www.drbaker.com/,3850 Bird Road,25.7343176,-80.256812,33146,Bird Road Corridor,healthcare,physician,$$$,,,,,,0.55,Moderate,N,,,N,OSM,CG-OSINT-20260211-v3.0,2026-02-11
stephanbakermd,"Stephan Baker, MD",Ms. Liliane Leao Aguiar,(305) 381-8837,drbaker.com,,,,,Coral Gables,healthcare,Physicians & Surgeons  Plastic & Cosmetic Surgery,$$$,,,,,,0.55,Moderate,N,,,Y,CGCC,CG-OSINT-20260211-v3.0,2026-02-11
thelennarfoundationmedicalcenter,The Lennar Foundation Medical Center,,(305) 689-5555,https://umiamihealth.org/en/locations/the-lennar-foundation-medical-center,5555 Ponce de Leon Boulevard,25.7135229,-80.2800099,33146,Coral Gables,healthcare,clinic,$$$,,,,,,0.55,Moderate,N,,,N,OSM,CG-OSINT-20260211-v3.0,2026-02-11
themoore,The Moore,Mr. Sinan Bozkurt,(305) 209-2100,mooremiami.com,,,,,Coral Gables,healthcare,Hospitality & Tourism,$$$,,,,,,0.55,Moderate,N,,,Y,CGCC,CG-OSINT-20260211-v3.0,2026-02-11
tijonmiami,Tijon Miami,Ms. Ana Mota,(305) 766-4953,tijonmiami.com,,,,,Coral Gables,healthcare,Hospitality & Tourism,$$$,,,,,,0.55,Moderate,N,,,Y,CGCC,CG-OSINT-20260211-v3.0,2026-02-11
trailanimalhospital,Trail Animal Hospital,,(305) 261-0793,https://www.trailanimalhospital.com/,6464 Southwest 8th Street,25.7629393,-80.3011102,33134,Coral Gables,healthcare,veterinary,$$$,,,,,,0.55,Moderate,N,,,N,OSM,CG-OSINT-20260211-v3.0,2026-02-11
uhealth,UHealth,Ms. Angelica Pardo,(305) 243-3453,uhealthsystem.com,,,,,Coral Gables,healthcare,Hospitals/Health Care Systems,$$$,,,,,,0.55,Moderate,N,,,Y,CGCC,CG-OSINT-20260211-v3.0,2026-02-11
ushealthadvisors,US Health Advisors,Mr. Thomas Jones,(561) 428-5448,ushealthadvisor.net,,,,,Coral Gables,healthcare,Health Care Business Services,$$$,,,,,,0.55,Moderate,N,,,Y,CGCC,CG-OSINT-20260211-v3.0,2026-02-11
ultimatemedicalcenters,"Ultimate Medical Center & Spa, LLC",Ms. Ysmelys Hernandez,(305) 889-9237,ultimatemdcenters.com,,,,,Coral Gables,healthcare,Health Care/Primary Care Medicine,$$$,,,,,,0.55,Moderate,N,,,Y,CGCC,CG-OSINT-20260211-v3.0,2026-02-11
unitedwaymiami,United Way Miami,Ms. Stephanie Louis,(305) 646-7000,unitedwaymiami.org,,,,,Coral Gables,healthcare,Non Profit Organizations  Health,$$$,,,,,,0.55,Moderate,N,,,Y,CGCC,CG-OSINT-20260211-v3.0,2026-02-11
vcaanimalhospital,VCA Animal Hospital,,(305) 261-2374,https://vcahospitals.com/cabrera,6390 Southwest 8th Street,25.7629147,-80.2995471,33134,Coral Gables,healthcare,veterinary,$$$,,,,,,0.55,Moderate,N,,,N,OSM,CG-OSINT-20260211-v3.0,2026-02-11
visionworks,Visionworks,,(305) 443-7276,https://locations.visionworks.com/ll/US/FL/Miami/3301-Coral-Way,3301 Southwest 22nd Street,25.7502456,-80.249025,33134,Coral Gables,healthcare,optical,$$$,,,,,,0.55,Moderate,N,,,N,OSM,CG-OSINT-20260211-v3.0,2026-02-11
visitingangelsmiami,Visiting Angels Miami,Mr. Anthony Acevedo,(305) 728-3153,visitingangels.com,,,,,Coral Gables,healthcare,Home Health Care Services,$$$,,,,,,0.55,Moderate,N,,,Y,CGCC,CG-OSINT-20260211-v3.0,2026-02-11
vitalimagingcenter,Vital Imaging Center,,(305) 596-9992,https://vitalimg.com/contacts-brickell-gables-center-2/,3146 Southwest 22nd Street,25.7497942,-80.2444437,33133,Douglas Road Corridor,healthcare,laboratory,$$$,,,,,,0.55,Moderate,N,,,N,OSM,CG-OSINT-20260211-v3.0,2026-02-11
vivify,Vivify,,,,Southwest 40th Street,25.7328542,-80.3093144,33143,Bird Road Corridor,healthcare,alternative,$$$,,,,,,0.55,Moderate,N,,,N,OSM,CG-OSINT-20260211-v3.0,2026-02-11
walgreens,Walgreens,,,,4230 Southwest 8th Street,25.7639803,-80.2638961,33134,Bird Road Corridor,healthcare,pharmacy,$$$,,,,,,0.55,Moderate,N,,,N,OSM+OSM,CG-OSINT-20260211-v3.0,2026-02-11
youngskin,Young Skin,"Dr. Latanya Benjamin, MD",(954) 242-4275,youngskinmd.com,,,,,Coral Gables,healthcare,Physicians  Dermatology,$$$,,,,,,0.55,Moderate,N,,,Y,CGCC,CG-OSINT-20260211-v3.0,2026-02-11
zambranoorthodontics,Zambrano Orthodontics,,(305) 394-8112,https://miamidadeorthodontist.com/,550 Biltmore Way,25.7477988,-80.2659642,33134,Coral Gables,healthcare,dental,$$$,,,,,,0.55,Moderate,N,,,N,OSM,CG-OSINT-20260211-v3.0,2026-02-11
zuriplasticsurgery,Zuri Plastic Surgery,,(786) 804-1603,https://www.zuriplasticsurgery.com,7540 SW 61st Ave,25.7019527,-80.2948455,33143,Sunset / South Gables,healthcare,physician,$$$,,,,,,0.55,Moderate,N,,,N,OSM,CG-OSINT-20260211-v3.0,2026-02-11
achotelmiamidadeland,AC Hotel Miami Dadeland,Ms. Maria Maloney,(305) 668-4490,marriott.com/miacd,,,,,Coral Gables,hospitality,Hotels & Resorts,$$$,,,,,,0.55,Moderate,N,,,Y,CGCC,CG-OSINT-20260211-v3.0,2026-02-11
blacklane,Blacklane,Mr. Max Truen,(305) 684-2519,blacklane.com,,,,,Coral Gables,hospitality,Travel  Corporate/Incentive,$$$,,,,,,0.55,Moderate,N,,,Y,CGCC,CG-OSINT-20260211-v3.0,2026-02-11
mmodoreinnthegrove,Commodore Inn the Grove,,,,3162 Commodore Plaza,25.727271,-80.2448392,33133,Douglas Road Corridor,hospitality,hotel,$$$,,,,,,0.55,Moderate,N,,,N,OSM,CG-OSINT-20260211-v3.0,2026-02-11
urtyardmarriottmiamiralgables,Courtyard Marriott Miami Coral Gables,Ms. Aida Martinez,(305) 443-2301,marriott.com/miagb,,,,,Coral Gables,hospitality,Hotels & Resorts,$$$,,,,,,0.55,Moderate,N,,,Y,CGCC,CG-OSINT-20260211-v3.0,2026-02-11
urtyardmiaminutgrove,Courtyard Miami Coconut Grove,,(305) 858-2500,https://www.marriott.com/miagv,2649 South Bayshore Drive,25.7314687,-80.2360044,33133,Douglas Road Corridor,hospitality,hotel,$$$,,,,,,0.55,Moderate,N,,,N,OSM,CG-OSINT-20260211-v3.0,2026-02-11
urtyardmiamiralgables,Courtyard Miami Coral Gables,,(305) 443-2301,https://www.marriott.com/miagb,2051 South Le Jeune Road,25.7538494,-80.2624582,33134,Alhambra Circle,hospitality,hotel,$$$,,,,,,0.55,Moderate,N,,,N,OSM,CG-OSINT-20260211-v3.0,2026-02-11
urtyardbymarriottmiamiatdolphinmall,Courtyard by Marriott Miami at Dolphin Mall,Ms. Zuleika Alicea,(305) 994-9343,marriott.com/miadm,,,,,Coral Gables,hospitality,Hotels & Resorts,$$$,,,,,,0.55,Moderate,N,,,Y,CGCC,CG-OSINT-20260211-v3.0,2026-02-11
davidwilliamhotelndoassociation,David William Hotel Condo Association,,,,700 Biltmore Way,25.7476598,-80.2695035,33134,Coral Gables,hospitality,hotel,$$$,,,,,,0.55,Moderate,N,,,N,OSM,CG-OSINT-20260211-v3.0,2026-02-11
elementmiamiinternationalairport,Element Miami International Airport,Ms. Maria Herrera,(305) 636-1600,,,,,,Coral Gables,hospitality,Hotels & Resorts,$$$,,,,,,0.55,Moderate,N,,,Y,CGCC,CG-OSINT-20260211-v3.0,2026-02-11
executivetropicgardenhotel,Executive Tropic Garden Hotel,,,https://www.executivefantasyhotels.com/,6925 Southwest 8th Street,25.7635716,-80.3076244,33134,Coral Gables,hospitality,hotel,$$$,,,,,,0.55,Moderate,N,,,N,OSM,CG-OSINT-20260211-v3.0,2026-02-11
expresstravelagraydawesmny,Express Travel (a Gray Dawes Company),Ms. Olga Ramudo,(305) 341-1200,expresstravelus.com,,,,,Coral Gables,hospitality,Travel Agencies,$$$,,,,,,0.55,Moderate,N,,,Y,CGCC,CG-OSINT-20260211-v3.0,2026-02-11
fourpointsbysheratonralgables,Four Points by Sheraton Coral Gables,Ms. Victoria Caldera,(305) 429-0000,marriott.com/fllfp,,25.7352389,-80.2576062,33134,Bird Road Corridor,hospitality,Hotels & Resorts,$$$,,,,,,0.55,Moderate,N,,,Y,CGCC+OSM,CG-OSINT-20260211-v3.0,2026-02-11
gablesinn,Gables Inn,,,,730 South Dixie Highway,25.7218373,-80.2674353,33146,Coral Gables,hospitality,hotel,$$$,,,,,,0.55,Moderate,N,,,N,OSM,CG-OSINT-20260211-v3.0,2026-02-11
hamptoninnmiamidadeland,Hampton Inn Miami Dadeland,,(305) 269-0072,https://www.hilton.com/en/hotels/miadlhx-hampton-miami-dadeland/,8200 Southwest 70th Avenue,25.6940649,-80.3070424,33143,Sunset / South Gables,hospitality,hotel,$$$,,,,,,0.55,Moderate,N,,,N,OSM,CG-OSINT-20260211-v3.0,2026-02-11
hereyoutravel,Here You Travel,,(786) 387-0000,https://hereyoutravel.com/,814 Ponce de Leon Boulevard,25.7639974,-80.2595194,33134,Coral Gables,hospitality,travel,$$$,,,,,,0.55,Moderate,N,,,N,OSM,CG-OSINT-20260211-v3.0,2026-02-11
hotelaryabwpremierllection,"Hotel Arya, BW Premier Collection",,(305) 529-2828,https://www.hotelaryacg.com/,2889 McFarlane Road,25.7272419,-80.2406523,33133,Douglas Road Corridor,hospitality,hotel,$$$,,,,,,0.55,Moderate,N,,,N,OSM,CG-OSINT-20260211-v3.0,2026-02-11
hotellonnaderalgables,Hotel Colonnade Coral Gables,Ms. Stephanie Kopfstedt,(305) 441-2600,hotelcolonnade.com,180 Aragon Avenue,25.7501438,-80.2576786,33134,Miracle Mile,hospitality,Hotels & Resorts,$$$,,,,,,0.55,Moderate,N,,,Y,CGCC+OSM,CG-OSINT-20260211-v3.0,2026-02-11
hotelstmichel,Hotel St. Michel,Mr. Daniel Nelms,(305) 444-1666,hotelstmichel.com,,,,,Coral Gables,hospitality,Hotels & Resorts,$$$,,,,,,0.55,Moderate,N,,,Y,CGCC,CG-OSINT-20260211-v3.0,2026-02-11
loewsralgableshotel,Loews Coral Gables Hotel,Mr. Felix Llibre,(786) 772-7676,loewshotels.com/coralgables,2950 Coconut Grove Drive,25.7446285,-80.2576888,33134,Ponce de Leon Corridor,hospitality,Hotels & Resorts,$$$,,,,,,0.55,Moderate,N,,,Y,CGCC+OSM,CG-OSINT-20260211-v3.0,2026-02-11
marriottinternationalcaladevelopment,Marriott International  CALA Development,Mr. Laurent De Kousemaeker,(305) 420-4052,marriott.com,,,,,Coral Gables,hospitality,Hotels & Resorts,$$$,,,,,,0.55,Moderate,N,,,Y,CGCC,CG-OSINT-20260211-v3.0,2026-02-11
mayfairhousehotelgarden,Mayfair House Hotel & Garden,Mr. Michael Stephens,(305) 441-0000,mayfairhousemiami.com,,,,,Coral Gables,hospitality,Hotels & Resorts,$$$,,,,,,0.55,Moderate,N,,,Y,CGCC,CG-OSINT-20260211-v3.0,2026-02-11
mrcmiaminutgrove,Mr. C Miami - Coconut Grove,,,,2988 McFarlane Road,25.7273082,-80.2421835,33133,Douglas Road Corridor,hospitality,hotel,$$$,,,,,,0.55,Moderate,N,,,N,OSM,CG-OSINT-20260211-v3.0,2026-02-11
novotelmiamibrickell,Novotel Miami Brickell,Ms. Fabiola Zerega,(786) 725-3215,novotelmiami.com,,,,,Coral Gables,hospitality,Hotels & Resorts,$$$,,,,,,0.55,Moderate,N,,,Y,CGCC,CG-OSINT-20260211-v3.0,2026-02-11
oyohotelralgablesmiamiairport,OYO Hotel Coral Gables - Miami Airport,,,,4700 Southwest 8th Street,25.7638874,-80.2718811,33134,Coral Gables,hospitality,hotel,$$$,,,,,,0.55,Moderate,N,,,N,OSM,CG-OSINT-20260211-v3.0,2026-02-11
overseasnetwork,Overseas Network,Ms. Tricia Menendez,(786) 276-8686,overseasnetwork.com,,,,,Coral Gables,hospitality,Travel Agencies,$$$,,,,,,0.55,Moderate,N,,,Y,CGCC,CG-OSINT-20260211-v3.0,2026-02-11
poncedeleonhotel,Ponce De Leon Hotel,,,,1721 Ponce de Leon Boulevard,25.7562147,-80.2585719,33134,Ponce de Leon Corridor,hospitality,hotel,$$$,,,,,,0.55,Moderate,N,,,N,OSM,CG-OSINT-20260211-v3.0,2026-02-11
residenceinnmiaminutgrove3,Residence Inn Miami Coconut Grove 3,,,,2835 Tigertail Avenue,25.7311416,-80.2386594,33133,Douglas Road Corridor,hospitality,hotel,$$$,,,,,,0.55,Moderate,N,,,N,OSM+OSM,CG-OSINT-20260211-v3.0,2026-02-11
sanjuanmotel,San Juan Motel,,,,2390 Southwest 8th Street,25.7650566,-80.2345524,33133,Coral Gables,hospitality,hotel,$$$,,,,,,0.55,Moderate,N,,,N,OSM,CG-OSINT-20260211-v3.0,2026-02-11
socialbusmny,Social Bus Company,Ms. Daniela Serrano,(786) 658-9760,socialbuscompany.com,,,,,Coral Gables,hospitality,Travel  Corporate/Incentive,$$$,,,,,,0.55,Moderate,N,,,Y,CGCC,CG-OSINT-20260211-v3.0,2026-02-11
solkissescapes,Sol Kiss Escapes,Ms. Sylvia Sulkes,(305) 878-4004,solkissescapes.com,,,,,Coral Gables,hospitality,Travel Agencies,$$$,,,,,,0.55,Moderate,N,,,Y,CGCC,CG-OSINT-20260211-v3.0,2026-02-11
sonestamiamiairport,Sonesta Miami Airport,Ms. Maria Liberos,(786) 294-1035,sonesta.com,,,,,Coral Gables,hospitality,Hotels & Resorts,$$$,,,,,,0.55,Moderate,N,,,Y,CGCC,CG-OSINT-20260211-v3.0,2026-02-11
sunnysidemotel,Sunny Side Motel,,,,,25.7631493,-80.2940536,33134,Coral Gables,hospitality,hotel,$$$,,,,,,0.55,Moderate,N,,,N,OSM,CG-OSINT-20260211-v3.0,2026-02-11
thesishotelmiami,THesis Hotel Miami,Ms. Joanna Halpin,(305) 667-5611,thesishotelmiami.com,1350 South Dixie Highway,25.7129757,-80.2782989,33146,Coral Gables,hospitality,Hotels & Resorts,$$$,,,,,,0.55,Moderate,N,,,Y,CGCC+OSM,CG-OSINT-20260211-v3.0,2026-02-11
themutinyhotel,The Mutiny Hotel,,,,2951 South Bayshore Drive,25.7272542,-80.2399506,33133,Douglas Road Corridor,hospitality,hotel,$$$,,,,,,0.55,Moderate,N,,,N,OSM,CG-OSINT-20260211-v3.0,2026-02-11
theritzcarltonofnutgrovemiami,"The Ritz Carlton of Coconut Grove, Miami",Ms. Marina Theard,(305) 644-4680,,,,,,Coral Gables,hospitality,Hotels & Resorts,$$$$,,,,,,0.55,Moderate,N,,,Y,CGCC,CG-OSINT-20260211-v3.0,2026-02-11
theritzcarltonnutgrovemiami,"The Ritz-Carlton Coconut Grove, Miami",,,,,25.7302841,-80.2382231,33133,Douglas Road Corridor,hospitality,hotel,$$$$,,,,,,0.55,Moderate,N,,,N,OSM,CG-OSINT-20260211-v3.0,2026-02-11
travelbydesign,Travel by Design Inc.,Ms. Lee Lennon,(305) 443-5441,travelsbydesign.net,,,,,Coral Gables,hospitality,Travel Agencies,$$$,,,,,,0.55,Moderate,N,,,Y,CGCC,CG-OSINT-20260211-v3.0,2026-02-11
aaainsurance,AAA Insurance,,,,6643 South Dixie Highway,25.6940371,-80.300392,33143,Sunset / South Gables,insurance,insurance,$$$,,,,,,0.55,Moderate,N,,,N,OSM,CG-OSINT-20260211-v3.0,2026-02-11
aflac,Aflac,Mr. Michael Porter,(786) 606-2811,,,,,,Coral Gables,insurance,Insurance  Employee Benefits,$$$,,,,,,0.55,Moderate,N,,,Y,CGCC,CG-OSINT-20260211-v3.0,2026-02-11
arthurjgallagher,Arthur J. Gallagher,Ms. Claudia Barrio,(786) 547-0816,ajg.com,,,,,Coral Gables,insurance,Insurance  Employee Benefits,$$$,,,,,,0.55,Moderate,N,,,Y,CGCC,CG-OSINT-20260211-v3.0,2026-02-11
avanteinsurancegroup,"Avante Insurance Group, LLC",Mrs. Gabriela Dominguez,(305) 812-7605,,,,,,Coral Gables,insurance,Insurance Agency,$$$,,,,,,0.55,Moderate,N,,,Y,CGCC,CG-OSINT-20260211-v3.0,2026-02-11
bestpracticestitle,"Best Practices Title, LLC",Ms. Giselle Breto,(305) 662-1600,bestpracticestitle.com,,,,,Coral Gables,insurance,Real Estate  Title Insurance Agency,$$$,,,,,,0.55,Moderate,N,,,Y,CGCC,CG-OSINT-20260211-v3.0,2026-02-11
brownbrowninsuranceservices,Brown & Brown Insurance Services Inc.,Ms. Isis Garcia,(305) 714-4400,bbrown.com,,,,,Coral Gables,insurance,Insurance,$$$,,,,,,0.55,Moderate,N,,,Y,CGCC,CG-OSINT-20260211-v3.0,2026-02-11
claimchecknsultants,Claim Check Consultants,,,,6555 Bird Road,25.7336794,-80.3020929,33146,Bird Road Corridor,insurance,insurance,$$$,,,,,,0.55,Moderate,N,,,N,OSM,CG-OSINT-20260211-v3.0,2026-02-11
rdoclaimsgroup,"Cordo Claims Group, LLC",Mr. Jose Luis Cordo,(877) 552-6736,cordoclaims.com,,,,,Coral Gables,insurance,AdjustersPublic/Insurance,$$$,,,,,,0.55,Moderate,N,,,Y,CGCC,CG-OSINT-20260211-v3.0,2026-02-11
deliaizquierdoinsuranceagency,Delia Izquierdo Insurance Agency Inc,,(305) 442-2182,https://deliaizquierdoinsuranceagency.com,300 Aragon Avenue,25.7500952,-80.2610478,33134,Miracle Mile,insurance,insurance,$$$,,,,,,0.55,Moderate,N,,,N,OSM,CG-OSINT-20260211-v3.0,2026-02-11
estrellainsurance,Estrella Insurance,,,,6801 Southwest 40th Street,25.7336144,-80.3051189,33146,Bird Road Corridor,insurance,insurance,$$$,,,,,,0.55,Moderate,N,,,N,OSM,CG-OSINT-20260211-v3.0,2026-02-11
firstsolutioninsurance,First Solution Insurance,,,,6530 Southwest 24th Street,25.7478166,-80.3025992,33146,Coral Gables,insurance,insurance,$$$,,,,,,0.55,Moderate,N,,,N,OSM,CG-OSINT-20260211-v3.0,2026-02-11
floridablue,Florida Blue,Mr. Jorge Martinez,(305) 921-7400,floridablue.com,,,,,Coral Gables,insurance,Health Insurance Plan,$$$,,,,,,0.55,Moderate,N,,,Y,CGCC,CG-OSINT-20260211-v3.0,2026-02-11
keenbattlemeadmny,Keen Battle Mead & Company,Mr. Michael W. Battle,(305) 820-6702,kbmco.com,,,,,Coral Gables,insurance,Insurance,$$$,,,,,,0.55,Moderate,N,,,Y,CGCC,CG-OSINT-20260211-v3.0,2026-02-11
ludlaminsurance,Ludlam Insurance,,,,2504 Southwest 67th Avenue,25.7471127,-80.3037745,33146,Coral Gables,insurance,insurance,$$$,,,,,,0.55,Moderate,N,,,N,OSM,CG-OSINT-20260211-v3.0,2026-02-11
newyorklife,New York Life,Mr. Roger Paz,(305) 537-8116,newyorklife.com/agent/rpaz01,,,,,Coral Gables,insurance,Insurance  Life,$$$,,,,,,0.55,Moderate,N,,,Y,CGCC,CG-OSINT-20260211-v3.0,2026-02-11
nobleinsurancegroup,Noble Insurance Group,Mr. Aldo Colli,(305) 907-7995,,,,,,Coral Gables,insurance,InsuranceCommercial,$$$,,,,,,0.55,Moderate,N,,,Y,CGCC,CG-OSINT-20260211-v3.0,2026-02-11
robertjshaferassociates,Robert J. Shafer & Associates,Mr. Robert Shafer,(305) 775-3578,,,,,,Coral Gables,insurance,Insurance  Employee Benefits,$$$,,,,,,0.55,Moderate,N,,,Y,CGCC,CG-OSINT-20260211-v3.0,2026-02-11
statefarm,State Farm,,(305) 661-4213,https://www.kitsiagaines.com/,6704 Southwest 80th Street,25.6961167,-80.3016341,33143,Sunset / South Gables,insurance,insurance,$$$,,,,,,0.55,Moderate,N,,,N,OSM,CG-OSINT-20260211-v3.0,2026-02-11
superinsurancegroup,Super Insurance Group,,,,2122 Southwest 67th Avenue,25.7509679,-80.3039048,33146,Coral Gables,insurance,insurance,$$$,,,,,,0.55,Moderate,N,,,N,OSM,CG-OSINT-20260211-v3.0,2026-02-11
usiinsuranceservices,USI Insurance Services,Mr. Kurt Cushing,(786) 454-2082,usi.com,,,,,Coral Gables,insurance,Insurance Brokerage Firm,$$$,,,,,,0.55,Moderate,N,,,Y,CGCC,CG-OSINT-20260211-v3.0,2026-02-11
univistainsurance,Univista Insurance,,,,6711 Southwest 40th Street,25.7336447,-80.3034286,33146,Bird Road Corridor,insurance,insurance,$$$,,,,,,0.55,Moderate,N,,,N,OSM,CG-OSINT-20260211-v3.0,2026-02-11
albitelawgroup,Albite Law Group PA,,,,6547 Southwest 24th Street,25.7482899,-80.3024541,33146,Coral Gables,legal,lawyer,$$$,,,,,,0.55,Moderate,N,,,N,OSM,CG-OSINT-20260211-v3.0,2026-02-11
algolawfirm,Algo Law Firm,Ms. Ashley Airaghi,(305) 723-1876,algofirm.com,,,,,Coral Gables,legal,Attorneys & Law Firms,$$$,,,,,,0.55,Moderate,N,,,Y,CGCC,CG-OSINT-20260211-v3.0,2026-02-11
allendyerdoppeltgilchrist,"Allen Dyer Doppelt + Gilchrist, P.A",Mr. Robert H. Thornburg,(305) 374-8303,allendyer.com,,,,,Coral Gables,legal,"Attorneys  Patent, Trademark & Copyright Law",$$$,,,,,,0.55,Moderate,N,,,Y,CGCC,CG-OSINT-20260211-v3.0,2026-02-11
ariasabbassyourattorneys,Arias & Abbass Your Attorneys,,(786) 530-4357,https://talktomyattorneys.com,4531 Ponce de Leon Blvd,25.7295903,-80.2598731,33146,Coral Gables,legal,lawyer,$$$,,,,,,0.55,Moderate,N,,,N,OSM,CG-OSINT-20260211-v3.0,2026-02-11
attractions,Attractions,Ms. Mary Neustein,(305) 667-1651,fairchildgarden.org,,,,,Coral Gables,legal,Attorneys & Law Firms,$$$,,,,,,0.55,Moderate,N,,,Y,CGCC,CG-OSINT-20260211-v3.0,2026-02-11
balljanik,Ball Janik,Ms. Peggy Vivas,(786) 290-1127,balljanik.com,,,,,Coral Gables,legal,Attorneys  Real Estate,$$$,,,,,,0.55,Moderate,N,,,Y,CGCC,CG-OSINT-20260211-v3.0,2026-02-11
beasleydemosbrown,"Beasley, Demos & Brown, LLC",Ms. Stephanie Demos,(305) 669-3131,beasleydemos.com,,,,,Coral Gables,legal,Attorneys  Commercial Litigation,$$$,,,,,,0.55,Moderate,N,,,Y,CGCC,CG-OSINT-20260211-v3.0,2026-02-11
berwradellfernandezlarkinandtanesp,"Bercow Radell Fernandez Larkin and Tapanes, PLLC.",Mr. Paul Savage,(305) 374-5300,brzoninglaw.com,,,,,Coral Gables,legal,Legal Services,$$$,,,,,,0.55,Moderate,N,,,Y,CGCC,CG-OSINT-20260211-v3.0,2026-02-11
bergersingerman,Berger Singerman,Mr. Edward Baker,(305) 714-4347,bergersingerman.com,,,,,Coral Gables,legal,Attorneys & Law Firms,$$$,,,,,,0.55,Moderate,N,,,Y,CGCC,CG-OSINT-20260211-v3.0,2026-02-11
blanlawfirmp,"Blanco Law Firm, PLLC",Mr. Francoise J. Blanco,(305) 962-0944,blancointl.com,,,,,Coral Gables,legal,Attorneys & Law Firms,$$$,,,,,,0.55,Moderate,N,,,Y,CGCC,CG-OSINT-20260211-v3.0,2026-02-11
boundslawoffices,Bounds Law Offices,"Mr. Bruce M. Bounds, Esq.",(305) 728-1350,bounds.law,,,,,Coral Gables,legal,Attorneys & Law Firms,$$$,,,,,,0.55,Moderate,N,,,Y,CGCC,CG-OSINT-20260211-v3.0,2026-02-11
britop,"Brito, PLLC",Mr. Alejandro Brito,(305) 614-4071,britopllc.com,,,,,Coral Gables,legal,Attorneys  Business Law/Litigation,$$$,,,,,,0.55,Moderate,N,,,Y,CGCC,CG-OSINT-20260211-v3.0,2026-02-11
brownlawgroup,"Brown Law Group, P.A.",,,,6739 Southwest 40th Street,25.733666,-80.303618,33146,Bird Road Corridor,legal,lawyer,$$$,,,,,,0.55,Moderate,N,,,N,OSM,CG-OSINT-20260211-v3.0,2026-02-11
brownstonelaw,Brownstone Law,,(786) 753-5721,https://brownstonelaw.com/appellate-lawyer/florida-appeals/appellate-attorneys-in-miami-florida/,2520 Southwest 22nd Street,25.7501153,-80.2367757,33133,Douglas Road Corridor,legal,lawyer,$$$,,,,,,0.55,Moderate,N,,,N,OSM,CG-OSINT-20260211-v3.0,2026-02-11
carlosplanas,Carlos Planas,Mr. Carlos Planas,(305) 266-5500,,,,,,Coral Gables,legal,Legal Solutions,$$$,,,,,,0.55,Moderate,N,,,Y,CGCC,CG-OSINT-20260211-v3.0,2026-02-11
charlottelorberpowell,Charlotte Lorber Powell,Ms. Charlotte Lorber,(305) 444-6000,,,,,,Coral Gables,legal,Legal Solutions,$$$,,,,,,0.55,Moderate,N,,,Y,CGCC,CG-OSINT-20260211-v3.0,2026-02-11
ralgablescaraccidentlawyergroup,Coral Gables Car Accident Lawyer Group,,(786) 504-7131,http://caraccident.the-company-lawyer.com/coral-gables-fl,396 Alhambra Circle,25.7515401,-80.2623432,33134,Alhambra Circle,legal,lawyer,$$$,,,,,,0.55,Moderate,N,,,N,OSM,CG-OSINT-20260211-v3.0,2026-02-11
cuetolawgrouppl,"Cueto Law Group, P.L.",Mr. Santiago Cueto,(305) 777-0377,cuetolawgroup.com,,,,,Coral Gables,legal,Attorneys  Business Law/Litigation,$$$,,,,,,0.55,Moderate,N,,,Y,CGCC,CG-OSINT-20260211-v3.0,2026-02-11
daypitney,Day Pitney,Mr. Joseph A. Ruiz,(305) 373-4000,daypitney.com,,,,,Coral Gables,legal,Attorneys & Law Firms,$$$,,,,,,0.55,Moderate,N,,,Y,CGCC,CG-OSINT-20260211-v3.0,2026-02-11
demaioimmigrationlawp,"De Maio Immigration Law, PLLC",,(786) 232-9120,https://www.demaio-law.com/,2121 Ponce de Leon Boulevard,25.7532188,-80.2585327,33134,Ponce de Leon Corridor,legal,lawyer,$$$,,,,,,0.55,Moderate,N,,,N,OSM,CG-OSINT-20260211-v3.0,2026-02-11
donlevyrosenrosen,"DonlevyRosen & Rosen, P.A.",Ms. Patricia A. DonlevyRosen,(305) 459-3283,protectyou.com,,,,,Coral Gables,legal,"Attorneys  Estate Planning, Trusts & Probate",$$$,,,,,,0.55,Moderate,N,,,Y,CGCC,CG-OSINT-20260211-v3.0,2026-02-11
dreamteamlaw,Dream Team Law,Mr. Carlos Jimenez,(786) 219-9416,dreamteamfightsforyou.com,,,,,Coral Gables,legal,Legal Solutions,$$$,,,,,,0.55,Moderate,N,,,Y,CGCC,CG-OSINT-20260211-v3.0,2026-02-11
dreamteamlawp,"Dream Team Law, PLLC",Ms. Lara C Fernandez,(866) 255-8326,Dreamteamfightsforyou.com,,,,,Coral Gables,legal,Attorneys & Law Firms,$$$,,,,,,0.55,Moderate,N,,,Y,CGCC,CG-OSINT-20260211-v3.0,2026-02-11
drurylawfirm,Drury Law Firm,Mr. Christopher Drury,(305) 723-1100,drurypa.com,,,,,Coral Gables,legal,Attorneys  Personal Injury Litigation,$$$,,,,,,0.55,Moderate,N,,,Y,CGCC,CG-OSINT-20260211-v3.0,2026-02-11
esqtitlerealestatelaw,ESQ.title | Real Estate Law,,(305) 501-2836,https://www.esqtitle.law,121 Alhambra Plaza,25.7525428,-80.2571198,33134,Ponce de Leon Corridor,legal,lawyer,$$$,,,,,,0.55,Moderate,N,,,N,OSM,CG-OSINT-20260211-v3.0,2026-02-11
fleiteslaw,"Fleites Law, P.A.",,(305) 643-0300,https://www.fleiteslaw.com,1800 Southwest 27th Avenue,25.7546805,-80.2386945,33133,Douglas Road Corridor,legal,lawyer,$$$,,,,,,0.55,Moderate,N,,,N,OSM,CG-OSINT-20260211-v3.0,2026-02-11
frankrolfes,Frank Rolfes,Mr. Frank Rolfes,(305) 448-5990,,,,,,Coral Gables,legal,Legal Solutions,$$$,,,,,,0.55,Moderate,N,,,Y,CGCC,CG-OSINT-20260211-v3.0,2026-02-11
georgeadavid,"George A. David, P.A.",Mr. George A. David,(305) 569-9980,,,,,,Coral Gables,legal,Attorneys  Personal Injury Litigation,$$$,,,,,,0.55,Moderate,N,,,Y,CGCC,CG-OSINT-20260211-v3.0,2026-02-11
greenbergtraurig,"Greenberg Traurig, P.A.",Mr. Jorge L. Navarro,(305) 579-0821,gtlaw.com,,,,,Coral Gables,legal,Attorneys & Law Firms,$$$,,,,,,0.55,Moderate,N,,,Y,CGCC,CG-OSINT-20260211-v3.0,2026-02-11
guilfordassociates,Guilford & Associates,Mr. Frank Guilford,(305) 446-8411,,,,,,Coral Gables,legal,Attorneys  Real Estate,$$$,,,,,,0.55,Moderate,N,,,Y,CGCC,CG-OSINT-20260211-v3.0,2026-02-11
haberlaw,Haber Law,Ms. Kim Haber,(305) 379-2400,haber.law,,,,,Coral Gables,legal,Attorneys  Real Estate,$$$,,,,,,0.55,Moderate,N,,,Y,CGCC,CG-OSINT-20260211-v3.0,2026-02-11
hanklangston,Hank Langston,Mr. Hank Langston,(305) 632-3856,,,,,,Coral Gables,legal,Legal Solutions,$$$,,,,,,0.55,Moderate,N,,,Y,CGCC,CG-OSINT-20260211-v3.0,2026-02-11
hemispherelaw,"Hemisphere Law, P.A.",Mr. Daniel Hernandez,(305) 321-0451,hemispherelawpa.com,,,,,Coral Gables,legal,Attorneys  Real Estate,$$$,,,,,,0.55,Moderate,N,,,Y,CGCC,CG-OSINT-20260211-v3.0,2026-02-11
hinshawculbertson,"Hinshaw & Culbertson, LLP",Ms. Karen Fayson,(305) 358-7747,hinshawlaw.com,,,,,Coral Gables,legal,Attorneys  Commercial/Finance/Real Estate,$$$,,,,,,0.55,Moderate,N,,,Y,CGCC,CG-OSINT-20260211-v3.0,2026-02-11
hollandknight,"Holland & Knight, LLP",Mr. Bradley Houser,(305) 374-8500,hklaw.com,,,,,Coral Gables,legal,Attorneys & Law Firms,$$$,,,,,,0.55,Moderate,N,,,Y,CGCC,CG-OSINT-20260211-v3.0,2026-02-11
inmigranhelpmultiservices,"InmigranHelp Multiservices, LLC",Ms. Ana Carolina Molina,(832) 810-7490,inmigranhelp.com,,,,,Coral Gables,legal,Legal Solutions,$$$,,,,,,0.55,Moderate,N,,,Y,CGCC,CG-OSINT-20260211-v3.0,2026-02-11
ivetteodoskinsulting,Ivette ODoski Consulting,Ms. Ivette Arango O'Doski,(305) 632-6452,,,,,,Coral Gables,legal,Attorneys  Government Affairs Consultants,$$$,,,,,,0.55,Moderate,N,,,Y,CGCC,CG-OSINT-20260211-v3.0,2026-02-11
jmuirassociates,"J. Muir & Associates, P.A.",Ms. Jane Muir,(786) 533-1100,miamibusiness.law,,,,,Coral Gables,legal,Attorneys  Business Law/Litigation,$$$,,,,,,0.55,Moderate,N,,,Y,CGCC,CG-OSINT-20260211-v3.0,2026-02-11
jacquelinesalcines,"Jacqueline Salcines, P.A.","Ms. Jacqueline Salcines, Esq.",,salcineslaw.com,,,,,Coral Gables,legal,Attorneys  Real Estate,$$$,,,,,,0.55,Moderate,N,,,Y,CGCC,CG-OSINT-20260211-v3.0,2026-02-11
joanreitsma,Joan Reitsma,Ms. Joan Reitsma,(305) 527-3204,,,,,,Coral Gables,legal,Legal Solutions,$$$,,,,,,0.55,Moderate,N,,,Y,CGCC,CG-OSINT-20260211-v3.0,2026-02-11
kaufmandolowich,Kaufman Dolowich,Ms. Zascha Blanco Abbott,(305) 610-2843,kaufmandolowich.com,,,,,Coral Gables,legal,Attorneys  Labor & Employment Law,$$$,,,,,,0.55,Moderate,N,,,Y,CGCC,CG-OSINT-20260211-v3.0,2026-02-11
kozyaktropinthrockmorton,"Kozyak Tropin & Throckmorton, P.A.","Mrs. Maria Dolores Garcia, Esq.",(305) 372-1800,kttlaw.com,,,,,Coral Gables,legal,Attorneys  Commercial Litigation,$$$,,,,,,0.55,Moderate,N,,,Y,CGCC,CG-OSINT-20260211-v3.0,2026-02-11
kurzbankurzbantetzeliandpratt,Kurzban Kurzban Tetzeli and Pratt,Ms. Helena Tetzeli,(305) 444-0060,kktplaw.com,,,,,Coral Gables,legal,Attorneys  Immigration & Nationality Law,$$$,,,,,,0.55,Moderate,N,,,Y,CGCC,CG-OSINT-20260211-v3.0,2026-02-11
kurzbankurzbanweingertetzeliandpratt,"Kurzban,Kurzban,Weinger,Tetzeli and Pratt",,,https://www.kkwtlaw.com/,2650 Southwest 27th Avenue,25.7424003,-80.2381818,33133,Douglas Road Corridor,legal,lawyer,$$$,,,,,,0.55,Moderate,N,,,N,OSM,CG-OSINT-20260211-v3.0,2026-02-11
lagrealtyinternationalsa,"LAG REALTY INTERNATIONAL, S. A.",Dr. Jorge Lombardi,(507) 340-6444,laglex.com,,,,,Coral Gables,legal,Attorneys  Real Estate,$$$,,,,,,0.55,Moderate,N,,,Y,CGCC,CG-OSINT-20260211-v3.0,2026-02-11
lauralrussoesq,"Laura L. Russo, Esq. LLC","Ms. Laura Russo, Esq.",(305) 476-8300,,,,,,Coral Gables,legal,Attorneys & Law Firms,$$$,,,,,,0.55,Moderate,N,,,Y,CGCC,CG-OSINT-20260211-v3.0,2026-02-11
lavendergreenbergestateplanningprobatelaw,Lavender Greenberg Estate Planning & Probate Law,Ms. Monique Lavender Greenberg,(786) 832-4694,lglawmiami.com,,,,,Coral Gables,legal,"Attorneys  Estate Planning, Trusts & Probate",$$$,,,,,,0.55,Moderate,N,,,Y,CGCC,CG-OSINT-20260211-v3.0,2026-02-11
lawofficeofferdieandloneschartered,Law Office of Ferdie and Lones Chartered,,(305) 445-3557,https://ferdieandlones.com/,717 Ponce de Leon Boulevard,25.7654654,-80.2579119,33134,Coral Gables,legal,lawyer,$$$,,,,,,0.55,Moderate,N,,,N,OSM,CG-OSINT-20260211-v3.0,2026-02-11
lawofficeoffrancisamarty,Law Office of Francisco A. Marty,Mr. Francisco Marty,(305) 545-5282,criminaldefenseattorneys.miami,,,,,Coral Gables,legal,Attorneys  Criminal Defense,$$$,,,,,,0.55,Moderate,N,,,Y,CGCC,CG-OSINT-20260211-v3.0,2026-02-11
lawofficeoffranciscieza,"Law Office of Francisco Cieza, P.A.",Mr. Francisco Cieza,(786) 423-8144,ciezalawfirm.com,,,,,Coral Gables,legal,Attorneys  Personal Injury Litigation,$$$,,,,,,0.55,Moderate,N,,,Y,CGCC,CG-OSINT-20260211-v3.0,2026-02-11
lawofficeofvanessadtorres,Law Office of Vanessa D. Torres P.A.,Ms. Vanessa D. Torres Barcena,(786) 801-0271,vdtlaw.com,,,,,Coral Gables,legal,Attorneys  Aviation Law,$$$,,,,,,0.55,Moderate,N,,,Y,CGCC,CG-OSINT-20260211-v3.0,2026-02-11
lomaxlegalp,Lomax Legal PLLC,Mr. Chris Lomax,(305) 582-6506,lomaxlegal.com,,,,,Coral Gables,legal,Attorneys  Trial & Litigation,$$$,,,,,,0.55,Moderate,N,,,Y,CGCC,CG-OSINT-20260211-v3.0,2026-02-11
marsicanoleyvap,"Marsicano + Leyva, PLLC",Ms. Lauren Marsicano,(305) 721-2917,mlesquire.com,,,,,Coral Gables,legal,Attorneys  Business Law/Litigation,$$$,,,,,,0.55,Moderate,N,,,Y,CGCC,CG-OSINT-20260211-v3.0,2026-02-11
mccarterenglish,"McCarter & English, LLP",Ms. Tania CruzGimenez,(786) 385-7372,mccarter.com,,,,,Coral Gables,legal,Attorneys & Law Firms,$$$,,,,,,0.55,Moderate,N,,,Y,CGCC,CG-OSINT-20260211-v3.0,2026-02-11
mckellarpoursinep,McKellar Poursine PLLC,Ms. Lisa McKellar Poursine,(305) 721-2954,mckellarpoursine.com,,,,,Coral Gables,legal,Attorneys  Labor & Employment Law,$$$,,,,,,0.55,Moderate,N,,,Y,CGCC,CG-OSINT-20260211-v3.0,2026-02-11
morganhortonlaw,Morgan Horton Law,Ms. Laura Morgan Horton,(305) 624-0011,cmorganlaw.net,,,,,Coral Gables,legal,"Attorneys  Estate Planning, Trusts & Probate",$$$,,,,,,0.55,Moderate,N,,,Y,CGCC,CG-OSINT-20260211-v3.0,2026-02-11
neroimmigrationlawpl,"NERO Immigration Law, P.L.","Ms. Deirdre D. Nero, Esq.",(305) 351-1079,neroimmigration.com,,,,,Coral Gables,legal,Attorneys  Immigration & Nationality Law,$$$,,,,,,0.55,Moderate,N,,,Y,CGCC,CG-OSINT-20260211-v3.0,2026-02-11
ogletreedeakins,Ogletree Deakins,Mr. Patrick F. Martin,(305) 374-0506,ogletree.com,,,,,Coral Gables,legal,Attorneys  Labor & Employment Law,$$$,,,,,,0.55,Moderate,N,,,Y,CGCC,CG-OSINT-20260211-v3.0,2026-02-11
penagarciadizp,"Pena Garcia & Diz, PLLC",Mr. Fernando Garcia,(786) 361-4950,pgdlegal.com,,,,,Coral Gables,legal,Attorneys & Law Firms,$$$,,,,,,0.55,Moderate,N,,,Y,CGCC,CG-OSINT-20260211-v3.0,2026-02-11
pitaweberdelprado,Pita Weber Del Prado,Mrs. Rosanna Molinari Weber,(305) 670-2889,pwdlawfirm.com,,,,,Coral Gables,legal,Attorneys  Personal Injury Litigation,$$$,,,,,,0.55,Moderate,N,,,Y,CGCC,CG-OSINT-20260211-v3.0,2026-02-11
quintanalaw,"Quintana Law, P.A.",Ms. Brittany Quintana Marti,(305) 376-0821,quintanalawpa.com,,,,,Coral Gables,legal,Attorneys & Law Firms,$$$,,,,,,0.55,Moderate,N,,,Y,CGCC,CG-OSINT-20260211-v3.0,2026-02-11
ramhofergarcia,Ramhofer Garcia,Ms. Naomi Levi Garcia,(305) 481-9733,ramhofergarcia.com,,,,,Coral Gables,legal,Legal Services,$$$,,,,,,0.55,Moderate,N,,,Y,CGCC,CG-OSINT-20260211-v3.0,2026-02-11
rhondaaanderson,Rhonda A. Anderson  P.A.,Mrs. Rhonda Anderson,(305) 567-3004,,,,,,Coral Gables,legal,Attorneys  Litigation,$$$,,,,,,0.55,Moderate,N,,,Y,CGCC,CG-OSINT-20260211-v3.0,2026-02-11
richardslegalgroup,Richards Legal Group,"Mr. Richard L. Richards, Esq.",(305) 448-2228,richpa.net,,,,,Coral Gables,legal,Attorneys  Aviation Law,$$$,,,,,,0.55,Moderate,N,,,Y,CGCC,CG-OSINT-20260211-v3.0,2026-02-11
roybgonasattorney,"Roy B. Gonas, Attorney",Mr. Roy Gonas Esq.,(786) 420-5598,rgonasarbitration.com,,,,,Coral Gables,legal,Attorneys & Law Firms,$$$,,,,,,0.55,Moderate,N,,,Y,CGCC,CG-OSINT-20260211-v3.0,2026-02-11
smgqlaw,SMGQ Law,Mr. Mitchell Mandler,(305) 377-1000,smgqlaw.com,,,,,Coral Gables,legal,Attorneys & Law Firms,$$$,,,,,,0.55,Moderate,N,,,Y,CGCC,CG-OSINT-20260211-v3.0,2026-02-11
serassociatesp,"Ser & Associates, PLLC","Mrs. Lillian A. Ser, Esq.",(305) 222-7282,serassociates.com,,,,,Coral Gables,legal,Attorneys  Real Estate Closings & Litigation,$$$,,,,,,0.55,Moderate,N,,,Y,CGCC,CG-OSINT-20260211-v3.0,2026-02-11
shuttsbowen,"Shutts & Bowen, LLP",Ms. Victoria Mendez,(305) 347-7348,shutts.com,,,,,Coral Gables,legal,Attorneys & Law Firms,$$$,,,,,,0.55,Moderate,N,,,Y,CGCC,CG-OSINT-20260211-v3.0,2026-02-11
silvasilva,"Silva & Silva, P.A.",,(305) 445-0011,https://silvasilva.com/,236 Valencia Avenue,25.7476774,-80.2595741,33134,Ponce de Leon Corridor,legal,lawyer,$$$,,,,,,0.55,Moderate,N,,,N,OSM,CG-OSINT-20260211-v3.0,2026-02-11
southmiamicaraccidentlawyergroup,South Miami Car Accident Lawyer Group,,(786) 248-1024,http://caraccident.the-company-lawyer.com/south-miami-fl,7000 SW 62nd Avenue,25.7057184,-80.2936613,33143,Sunset / South Gables,legal,lawyer,$$$,,,,,,0.55,Moderate,N,,,N,OSM,CG-OSINT-20260211-v3.0,2026-02-11
theflanaganlawfirm,"The Flanagan Law Firm, P.A.",Mr. Jeffrey Flanagan,(305) 444-1500,,,,,,Coral Gables,legal,Attorneys  Real Estate Closings & Litigation,$$$,,,,,,0.55,Moderate,N,,,Y,CGCC,CG-OSINT-20260211-v3.0,2026-02-11
thehachelawfirm,The Hache Law Firm,"Ms. Karenin Hache, Esq.",(305) 684-3175,thehachelawfirm.com,,,,,Coral Gables,legal,Attorneys & Law Firms,$$$,,,,,,0.55,Moderate,N,,,Y,CGCC,CG-OSINT-20260211-v3.0,2026-02-11
themorganlawgroup,The Morgan Law Group,Ms. Kaitlyn Jacklin,(786) 530-3795,policyadvocate.com,,,,,Coral Gables,legal,Attorneys & Law Firms,$$$,,,,,,0.55,Moderate,N,,,Y,CGCC,CG-OSINT-20260211-v3.0,2026-02-11
thepopokfirm,The Popok Firm,Mr. Michael Popok,(786) 999-4285,thepopokfirm.com,,,,,Coral Gables,legal,Attorneys  Business Law/Litigation,$$$,,,,,,0.55,Moderate,N,,,Y,CGCC,CG-OSINT-20260211-v3.0,2026-02-11
zedikerlawfirm,Zediker Law Firm,Mr. Garrett Zediker,(305) 269-4600,zedikerlaw.com,,,,,Coral Gables,legal,Attorneys & Law Firms,$$$,,,,,,0.55,Moderate,N,,,Y,CGCC,CG-OSINT-20260211-v3.0,2026-02-11
rydersystem,Ryder System Inc.,Ms. Amy Federman,(305) 500-4989,ryder.com,,,,,Coral Gables,logistics,Logistics,$$,,,,,,0.55,Moderate,N,,,Y,CGCC,CG-OSINT-20260211-v3.0,2026-02-11
aidigital,AI Digital,Mr. Daniel Friscia,(347) 782-2545,aidigital.com,,,,,Coral Gables,marketing,Media Advertising,$$$,,,,,,0.55,Moderate,N,,,Y,CGCC,CG-OSINT-20260211-v3.0,2026-02-11
activateswag,Activate Swag,Mr. Patrick Lowenthal,(800) 214-3408,activateswag.com,,,,,Coral Gables,marketing,Advertising / Marketing / Graphic Design,$$$,,,,,,0.55,Moderate,N,,,Y,CGCC,CG-OSINT-20260211-v3.0,2026-02-11
auadvisors,Au Advisors,Ms. Aimee Paraso,(818) 613-8580,strikeau.com,,,,,Coral Gables,marketing,Marketing Communications,$$$,,,,,,0.55,Moderate,N,,,Y,CGCC,CG-OSINT-20260211-v3.0,2026-02-11
brandpoets,Brand Poets,Ms. Tana Llinas,(786) 7327466 ext. 101,brandpoets.com,,,,,Coral Gables,marketing,Marketing / Advertising / Branding,$$$,,,,,,0.55,Moderate,N,,,Y,CGCC,CG-OSINT-20260211-v3.0,2026-02-11
cabanasnsulting,Cabanas Consulting,Ms. Katie Cabanas,(305) 322-9272,,,,,,Coral Gables,marketing,Public Relations & Marketing,$$$,,,,,,0.55,Moderate,N,,,Y,CGCC,CG-OSINT-20260211-v3.0,2026-02-11
cheilteamuno,Cheil/Team Uno,Mr. Xavier Mantilla,(786) 725-8532,cheil.com,,,,,Coral Gables,marketing,Advertising / Marketing / Graphic Design,$$$,,,,,,0.55,Moderate,N,,,Y,CGCC,CG-OSINT-20260211-v3.0,2026-02-11
clearchanneloutdoor,Clear Channel Outdoor,Ms. Carolina Mojena,(305) 803-9191,clearchanneloutdoor.com,,,,,Coral Gables,marketing,Advertising / Marketing / Graphic Design,$$$,,,,,,0.55,Moderate,N,,,Y,CGCC,CG-OSINT-20260211-v3.0,2026-02-11
mcastadvertising,Comcast Advertising,Ms. Yvette Blanco,(954) 261-9267,comcastadvertising.com,,,,,Coral Gables,marketing,Advertising / Marketing / Graphic Design,$$$,,,,,,0.55,Moderate,N,,,Y,CGCC,CG-OSINT-20260211-v3.0,2026-02-11
delgadogarciammunications,Delgado Garcia Communications,Ms. Diana Delgado Garcia,(305) 431-2691,,,,,,Coral Gables,marketing,Public Relations & Marketing,$$$,,,,,,0.55,Moderate,N,,,Y,CGCC,CG-OSINT-20260211-v3.0,2026-02-11
digitalfuturemarketing,Digital Future Marketing,,,,2222 Ponce de Leon Boulevard,25.7514828,-80.259088,33134,Ponce de Leon Corridor,marketing,advertising_agency,$$$,,,,,,0.55,Moderate,N,,,N,OSM,CG-OSINT-20260211-v3.0,2026-02-11
fluentica,Fluentica,Ms. Wendy Betancourt Reyes,(347) 620-0102,fluenticanyc.com,,,,,Coral Gables,marketing,Marketing / Advertising / Branding,$$$,,,,,,0.55,Moderate,N,,,Y,CGCC,CG-OSINT-20260211-v3.0,2026-02-11
fourleafmarketingnsulting,Four Leaf Marketing & Consulting,Mr. Andre Luck,(305) 619-9865,fourleafmc.com,Coconut Grove,25.7280666,-80.2469424,33134,Coral Gables,marketing,Marketing / Advertising / Branding,$$$,,,,,,0.55,Moderate,N,,,Y,CGCC+OSM,CG-OSINT-20260211-v3.0,2026-02-11
golin,Golin,Mr. Ian Abrams,(786) 325-0815,golin.com,,,,,Coral Gables,marketing,Public Relations & Marketing,$$$,,,,,,0.55,Moderate,N,,,Y,CGCC,CG-OSINT-20260211-v3.0,2026-02-11
greengoddesspublicrelations,Green Goddess Public Relations,Ms. Cindi Avila,(646) 279-1531,greengoddesspr.org,,,,,Coral Gables,marketing,Public Relations & Marketing,$$$,,,,,,0.55,Moderate,N,,,Y,CGCC,CG-OSINT-20260211-v3.0,2026-02-11
higgshub,HIGGS HUB,Ms. Rosella Papale,(305) 450-6116,rosellapapale.com,,,,,Coral Gables,marketing,Marketing / Advertising / Branding,$$$,,,,,,0.55,Moderate,N,,,Y,CGCC,CG-OSINT-20260211-v3.0,2026-02-11
jwilxnsulting,J. Wilcox Consulting,Ms. Jessica Wilcox,(305) 962-9313,jwilcoxconsulting.com,,,,,Coral Gables,marketing,Marketing / Advertising / Branding,$$$,,,,,,0.55,Moderate,N,,,Y,CGCC,CG-OSINT-20260211-v3.0,2026-02-11
krepsprmarketing,Kreps PR & Marketing,Mr. Israel Kreps,(305) 663-9802,krepspr.com,,,,,Coral Gables,marketing,Public Relations & Marketing,$$$,,,,,,0.55,Moderate,N,,,Y,CGCC,CG-OSINT-20260211-v3.0,2026-02-11
lighthouseinternetmedia,Lighthouse Internet Media,Mr. Emilio Yeper,(305) 987-2506,lighthousemedia.com,,,,,Coral Gables,marketing,Digital Marketing,$$$,,,,,,0.55,Moderate,N,,,Y,CGCC,CG-OSINT-20260211-v3.0,2026-02-11
longevitypragency,Longevity PR Agency,Ms. Jackie Zayas,(305) 989-4824,,,,,,Coral Gables,marketing,Public Relations & Marketing,$$$,,,,,,0.55,Moderate,N,,,Y,CGCC,CG-OSINT-20260211-v3.0,2026-02-11
markhamyard,Markham Yard,Ms. Sara Cronin,(305) 445-6642,markhamyard.com,,,,,Coral Gables,marketing,Marketing / Advertising / Branding,$$$,,,,,,0.55,Moderate,N,,,Y,CGCC,CG-OSINT-20260211-v3.0,2026-02-11
mazdiomniculturalmarketingagency,Mazdi | Omnicultural Marketing Agency,Mr. Sebastian Gonzalez,(786) 461-8659,mazdi.us,,,,,Coral Gables,marketing,Marketing / Advertising / Branding,$$$,,,,,,0.55,Moderate,N,,,Y,CGCC,CG-OSINT-20260211-v3.0,2026-02-11
miamiherald,Miami Herald,Mr. Raymond Duenas,(800) 843-4372,miamiherald.com,,,,,Coral Gables,marketing,Marketing / Advertising / Branding,$$$,,,,,,0.55,Moderate,N,,,Y,CGCC,CG-OSINT-20260211-v3.0,2026-02-11
pilcreativegroup,PIL Creative Group,Ms. Patricia Linares,(305) 720-3533,pilcreativegroup.com,,,,,Coral Gables,marketing,Advertising / Marketing / Graphic Design,$$$,,,,,,0.55,Moderate,N,,,Y,CGCC,CG-OSINT-20260211-v3.0,2026-02-11
rrotfishstudio,Parrot Fish Studio,Ms. Suzette Lopez,(305) 299-9228,parrotfishstudio.com,,,,,Coral Gables,marketing,Marketing / Advertising / Branding,$$$,,,,,,0.55,Moderate,N,,,Y,CGCC,CG-OSINT-20260211-v3.0,2026-02-11
ronaldjakubisinassociates,Ronald Jakubisin & Associates,Mr. Ronald Jakubisin,(954) 922-5052,jakubisin.net,,,,,Coral Gables,marketing,Advertising / Marketing / Graphic Design,$$$,,,,,,0.55,Moderate,N,,,Y,CGCC,CG-OSINT-20260211-v3.0,2026-02-11
serpguru,SerpGuru,,,https://serpguru.io/,1256 Medina Avenue,25.7601939,-80.2815041,33134,Coral Gables,marketing,advertising_agency,$$$,,,,,,0.55,Moderate,N,,,N,OSM,CG-OSINT-20260211-v3.0,2026-02-11
straight2usolutionservices,Straight 2 U Solution Services,Ms. Winsome Blair Lee,(678) 866-5145,s2usolutionservice.com,,,,,Coral Gables,marketing,Marketing Training/Development Strategies,$$$,,,,,,0.55,Moderate,N,,,Y,CGCC,CG-OSINT-20260211-v3.0,2026-02-11
theclearwaterproject,The Clearwater Project,"Ms. Tara Auclair, MBA",(561) 212-0903,theclearwaterproject.net,,,,,Coral Gables,marketing,Marketing Communications,$$$,,,,,,0.55,Moderate,N,,,Y,CGCC,CG-OSINT-20260211-v3.0,2026-02-11
themiamiguideoceanskymedia,"The Miami Guide  Ocean Sky Media, LLC",Ms. Banna Fakhoury,(786) 481-0622,themiamiguide.com,,,,,Coral Gables,marketing,Advertising / Marketing / Graphic Design,$$$,,,,,,0.55,Moderate,N,,,Y,CGCC,CG-OSINT-20260211-v3.0,2026-02-11
vinemmunications,Vine Communications Inc.,Mrs. Nikki Deas,(305) 447-8678,vinecommunicationsinc.com,,,,,Coral Gables,marketing,Public Relations & Marketing,$$$,,,,,,0.55,Moderate,N,,,Y,CGCC,CG-OSINT-20260211-v3.0,2026-02-11
wowmktg,WOW MKTG,Mr. Jose Dans,(305) 273-8373,wowmktg.com,,,,,Coral Gables,marketing,Marketing / Advertising / Branding,$$$,,,,,,0.55,Moderate,N,,,Y,CGCC,CG-OSINT-20260211-v3.0,2026-02-11
wraggcasasstrategicmmunications,Wragg & Casas Strategic Communications,"Ms. Jeanmarie Ferrara, Esq.",(305) 372-1234,wraggcasas.com,,,,,Coral Gables,marketing,Public Relations & Marketing,$$$,,,,,,0.55,Moderate,N,,,Y,CGCC,CG-OSINT-20260211-v3.0,2026-02-11
xandramarketing,Xandra Marketing,Mrs. Alexandra Silva Labarr,(954) 802-1398,xandramarketing.com,,,,,Coral Gables,marketing,Marketing / Advertising / Branding,$$$,,,,,,0.55,Moderate,N,,,Y,CGCC,CG-OSINT-20260211-v3.0,2026-02-11
zagcreates,ZAG Creates,Ms. Zoe Torres,(786) 468-8595,zagcreates.com,,,,,Coral Gables,marketing,Advertising / Marketing / Graphic Design,$$$,,,,,,0.55,Moderate,N,,,Y,CGCC,CG-OSINT-20260211-v3.0,2026-02-11
305hivemedia,305 Hive(R) Media,Ms. Samantha Murphy,(305) 907-7071,305hive.com,,,,,Coral Gables,media,Publishers & Media,$$,,,,,,0.55,Moderate,N,,,Y,CGCC,CG-OSINT-20260211-v3.0,2026-02-11
ralgablesmagazine,Coral Gables Magazine,Mr. Richard Roffman,(305) 995-0995,coralgablesmagazine.com,,,,,Coral Gables,media,Publishers & Media,$$,,,,,,0.55,Moderate,N,,,Y,CGCC,CG-OSINT-20260211-v3.0,2026-02-11
miaminewtimes,Miami New Times,Ms. Kristi Kinard,(305) 992-1941,voicemediagroup.com,,,,,Coral Gables,media,Media Company,$$,,,,,,0.55,Moderate,N,,,Y,CGCC,CG-OSINT-20260211-v3.0,2026-02-11
miamismmunitynewspers,Miami's Community Newspapers,Mr. Grant Miller,(305) 669-7355,communitynewspapers.com,,,,,Coral Gables,media,Publishers & Media,$$,,,,,,0.55,Moderate,N,,,Y,CGCC,CG-OSINT-20260211-v3.0,2026-02-11
305pinkck,305 Pink Pack,Ms. Rosemary Carrera,(305) 859-1224,305pinkpack.org,,,,,Coral Gables,nonprofit,NonProfit Organization  Human Services,$,,,,,,0.55,Moderate,N,,,Y,CGCC,CG-OSINT-20260211-v3.0,2026-02-11
4kidsofsouthflorida,4KIDS of South Florida,Ms. Martha Gonzalez,(305) 951-1779,4kids.us,,,,,Coral Gables,nonprofit,Non Profit Organizations  Special Needs,$,,,,,,0.55,Moderate,N,,,Y,CGCC,CG-OSINT-20260211-v3.0,2026-02-11
americaredcrosssouthflorida,America Red Cross - South Florida,,,,335 Southwest 27th Avenue,25.7689153,-80.2386006,33133,Douglas Road Corridor,nonprofit,ngo,$,,,,,,0.55,Moderate,N,,,N,OSM,CG-OSINT-20260211-v3.0,2026-02-11
americanlegionpost98,American Legion Post 98,Mr. Juan Gomez,(786) 897-7948,alpost98.org,,,,,Coral Gables,nonprofit,Non Profit Organizations,$,,,,,,0.55,Moderate,N,,,Y,CGCC,CG-OSINT-20260211-v3.0,2026-02-11
americanredcross,American Red Cross,Ms. Deborah Koch,(786) 570-9793,redcross.org/southflorida,,,,,Coral Gables,nonprofit,Non Profit Organizations,$,,,,,,0.55,Moderate,N,,,Y,CGCC,CG-OSINT-20260211-v3.0,2026-02-11
areastagemny,Area Stage Company,Ms. Maria Rodaz,(305) 666-2078,areastage.org,,,,,Coral Gables,nonprofit,Non Profit Organizations,$,,,,,,0.55,Moderate,N,,,Y,CGCC,CG-OSINT-20260211-v3.0,2026-02-11
artsbusinessuncilofmiami,Arts & Business Council of Miami,Ms. Renee Pesci,(305) 326-1011,artsbizmiami.org,,,,,Coral Gables,nonprofit,Non Profit Organizations,$,,,,,,0.55,Moderate,N,,,Y,CGCC,CG-OSINT-20260211-v3.0,2026-02-11
bluemissions,BLUE Missions,Mr. Richard Sixto Jr,(888) 702-2583,bluemissions.org,,,,,Coral Gables,nonprofit,Non Profit Organizations,$,,,,,,0.55,Moderate,N,,,Y,CGCC,CG-OSINT-20260211-v3.0,2026-02-11
bomamiamidade,BOMA MiamiDade,Ms. Jocelynn Serna,(786) 647-2571,bomamiamidade.org,,,,,Coral Gables,nonprofit,Non Profit Business Organization,$,,,,,,0.55,Moderate,N,,,Y,CGCC,CG-OSINT-20260211-v3.0,2026-02-11
betterbusinessbureauservingsefloridathecaribbean,Better Business Bureau Serving SE Florida & the Caribbean,Mr. Nicola De Cesare,(561) 842-9278,bbb.org,,,,,Coral Gables,nonprofit,Non Profit Business Organization,$,,,,,,0.55,Moderate,N,,,Y,CGCC,CG-OSINT-20260211-v3.0,2026-02-11
bigbrothersbigsistersofmiami,Big Brothers Big Sisters of Miami,Ms. Rebeka Lengel,(305) 644-7060,bbbsmiami.org,,,,,Coral Gables,nonprofit,Non Profit Organizations,$,,,,,,0.55,Moderate,N,,,Y,CGCC,CG-OSINT-20260211-v3.0,2026-02-11
breakthrought1d,Breakthrough T1D,Mr. Carlos Perez Ruiz,(786) 741-9223,breakthrought1d.org,,,,,Coral Gables,nonprofit,Non Profit Organizations,$,,,,,,0.55,Moderate,N,,,Y,CGCC,CG-OSINT-20260211-v3.0,2026-02-11
cgablesfraternalorderofpolicelodge7,"C. Gables Fraternal Order of Police, Lodge #7",Mr. Chrisopher Challenger,(305) 446-6703,coralgablesfop.com,,,,,Coral Gables,nonprofit,Non Profit Organizations,$,,,,,,0.55,Moderate,N,,,Y,CGCC,CG-OSINT-20260211-v3.0,2026-02-11
calvarychurch,Calvary Church,,,,,25.7462113,-80.2467163,33134,Coral Gables,nonprofit,religious,$,,,,,,0.55,Moderate,N,,,N,OSM,CG-OSINT-20260211-v3.0,2026-02-11
camillushouse,Camillus House,Ms. Karlah Hernandez,(305) 533-0192,camillus.org,,,,,Coral Gables,nonprofit,Non Profit Organizations,$,,,,,,0.55,Moderate,N,,,Y,CGCC,CG-OSINT-20260211-v3.0,2026-02-11
cathedraldelpueblo,Cathedral del Pueblo,,,,6200 Southwest 73rd Street,25.7031574,-80.2942179,33143,Sunset / South Gables,nonprofit,religious,$,,,,,,0.55,Moderate,N,,,N,OSM,CG-OSINT-20260211-v3.0,2026-02-11
centralchristianchurch,Central Christian Church,,,,,25.7579472,-80.2597612,33134,Ponce de Leon Corridor,nonprofit,religious,$,,,,,,0.55,Moderate,N,,,N,OSM,CG-OSINT-20260211-v3.0,2026-02-11
chapmanrtnership,Chapman Partnership,Ms. Najely Deleon,(305) 329-3000,chapmanpartnership.org,,,,,Coral Gables,nonprofit,Non Profit Organizations,$,,,,,,0.55,Moderate,N,,,Y,CGCC,CG-OSINT-20260211-v3.0,2026-02-11
childrenshomesocietyofflorida,Children's Home Society of Florida,Ms. Gloria Saiz,(305) 254-9759,chsfl.org,,,,,Coral Gables,nonprofit,Non Profit Organizations,$,,,,,,0.55,Moderate,N,,,Y,CGCC,CG-OSINT-20260211-v3.0,2026-02-11
christjourneychurch,Christ Journey Church,Ms. Vannia Enriquez,(305) 448-4425,christjourney.org,,,,,Coral Gables,nonprofit,Non Profit Organizations,$,,,,,,0.55,Moderate,N,,,Y,CGCC,CG-OSINT-20260211-v3.0,2026-02-11
mickids,Comic Kids,Ms. Kat BarrowHorth,(305) 300-2213,comickids.org,,,,,Coral Gables,nonprofit,Non Profit OrganizationArts,$,,,,,,0.55,Moderate,N,,,Y,CGCC,CG-OSINT-20260211-v3.0,2026-02-11
mmunityofchrist,Community of Christ,,,,,25.7239898,-80.2525501,33146,Coral Gables,nonprofit,religious,$,,,,,,0.55,Moderate,N,,,N,OSM,CG-OSINT-20260211-v3.0,2026-02-11
nsulateofaustraliamiami,Consulate of Australia  Miami,Hon. Don Slesnick,(305) 448-5672,,,,,,Coral Gables,nonprofit,Non Profit Organizations,$,,,,,,0.55,Moderate,N,,,Y,CGCC,CG-OSINT-20260211-v3.0,2026-02-11
ralchurch,Coral Church,,,,,25.7409337,-80.2464387,33134,Coral Gables,nonprofit,religious,$,,,,,,0.55,Moderate,N,,,N,OSM,CG-OSINT-20260211-v3.0,2026-02-11
ralgablesartcinema,Coral Gables Art Cinema,Ms. Brenda Moe,(786) 472-2249,gablescinema.com,260 Aragon Avenue,25.7501606,-80.2598416,33134,Miracle Mile,nonprofit,Non Profit OrganizationArts,$,,,,,,0.55,Moderate,N,,,Y,CGCC+OSM,CG-OSINT-20260211-v3.0,2026-02-11
ralgablesmmunityfoundation,Coral Gables Community Foundation,Mr. Mauricio Vivero,(305) 446-9670,gablesfoundation.org,,,,,Coral Gables,nonprofit,Non Profit Organizations,$,,,,,,0.55,Moderate,N,,,Y,CGCC,CG-OSINT-20260211-v3.0,2026-02-11
ralgableslodgeno260,Coral Gables Lodge No. 260,,,,41 Valencia Avenue,25.7482841,-80.255579,33134,Ponce de Leon Corridor,nonprofit,religious,$,,,,,,0.55,Moderate,N,,,N,OSM,CG-OSINT-20260211-v3.0,2026-02-11
ralgableswomansclub,Coral Gables Woman's Club,Ms. Arely Ruiz,(305) 632-5996,coralgableswomansclub.org,,,,,Coral Gables,nonprofit,Non Profit Organizations,$,,,,,,0.55,Moderate,N,,,Y,CGCC,CG-OSINT-20260211-v3.0,2026-02-11
earlylearningalitionofmiamidademonroe,Early Learning Coalition of MiamiDade/Monroe,Mr. Evelio Torres,(305) 646-7220,elcmdm.org,,,,,Coral Gables,nonprofit,Non Profit Organizations,$,,,,,,0.55,Moderate,N,,,Y,CGCC,CG-OSINT-20260211-v3.0,2026-02-11
epislchurchcenter,Episcopal Church Center,,,,1150 Stanford Drive,25.7177694,-80.2748153,33146,University of Miami Area,nonprofit,religious,$,,,,,,0.55,Moderate,N,,,N,OSM,CG-OSINT-20260211-v3.0,2026-02-11
evangelismforchristchurch,Evangelism for Christ Church,,,,,25.7031574,-80.2844955,33143,Sunset / South Gables,nonprofit,religious,$,,,,,,0.55,Moderate,N,,,N,OSM,CG-OSINT-20260211-v3.0,2026-02-11
fccusasoccerforpeacefoundation,FCC USA (Soccer for Peace Foundation),Ms. Danielle Dubuc Wightman,(786) 445-1544,fcc.futbol/usa,,,,,Coral Gables,nonprofit,Non Profit Organizations,$,,,,,,0.55,Moderate,N,,,Y,CGCC,CG-OSINT-20260211-v3.0,2026-02-11
firstbaptistchurchofsouthmiami,First Baptist Church of South Miami,,,,,25.7198233,-80.2525501,33146,Coral Gables,nonprofit,religious,$,,,,,,0.55,Moderate,N,,,N,OSM,CG-OSINT-20260211-v3.0,2026-02-11
firstumcralgableschurch,First UMC Coral Gables  Church,Rev. Dr. Hedy Collver,(305) 445-2578,welovecoralgables.org,,,,,Coral Gables,nonprofit,Churches,$,,,,,,0.55,Moderate,N,,,Y,CGCC,CG-OSINT-20260211-v3.0,2026-02-11
firstunitedmethodistchurchofmiami,First United Methodist Church of Miami,Rev. Dr. Audrey Warren,(305) 371-4706,firstchurchmiami.org,,,,,Coral Gables,nonprofit,Churches,$,,,,,,0.55,Moderate,N,,,Y,CGCC,CG-OSINT-20260211-v3.0,2026-02-11
floridagrandopera,Florida Grand Opera,Ms. Yesenia Randazzo,(305) 403-3324,fgo.org,,,,,Coral Gables,nonprofit,Non Profit OrganizationArts,$,,,,,,0.55,Moderate,N,,,Y,CGCC,CG-OSINT-20260211-v3.0,2026-02-11
friendsofgableshigh,Friends of Gables High,Ms. Jacqueline GrossKellogg,(305) 446-9670,friendsofgableshigh.org,,,,,Coral Gables,nonprofit,Non Profit Organizations,$,,,,,,0.55,Moderate,N,,,Y,CGCC,CG-OSINT-20260211-v3.0,2026-02-11
friendsoftheunderline,Friends of The Underline,Mr. Jake Moskowitz,(306) 603-9896,theunderline.org,,,,,Coral Gables,nonprofit,Non Profit Organizations,$,,,,,,0.55,Moderate,N,,,Y,CGCC,CG-OSINT-20260211-v3.0,2026-02-11
gablesgoodgovernmentmmittee,Gables Good Government Committee,Ms. Susan Davis,(305) 798-1456,gablesgoodgovernment.org,,,,,Coral Gables,nonprofit,Non Profit Organizations,$,,,,,,0.55,Moderate,N,,,Y,CGCC,CG-OSINT-20260211-v3.0,2026-02-11
getreddfoundationnsulting,Get Redd Foundation & Consulting,Ms. Liudmila Esquerdo,(786) 493-3374,getredd.org,,,,,Coral Gables,nonprofit,Non Profit Business Organization,$,,,,,,0.55,Moderate,N,,,Y,CGCC,CG-OSINT-20260211-v3.0,2026-02-11
gibsonbethelmmunitycenter,Gibson-Bethel Community Center,,,,,25.7091989,-80.2882307,33143,Sunset / South Gables,nonprofit,community,$,,,,,,0.55,Moderate,N,,,N,OSM,CG-OSINT-20260211-v3.0,2026-02-11
gloryhouseofmiami,Glory House of Miami,Ms. Georgia Downey,(786) 267-1150,gloryhouseofmiami.org,,,,,Coral Gables,nonprofit,NonProfit Organization  Human Services,$,,,,,,0.55,Moderate,N,,,Y,CGCC,CG-OSINT-20260211-v3.0,2026-02-11
greatermiamichamberofmmerce,Greater Miami Chamber of Commerce,Mr. Alfred Sanchez,(305) 350-7700,miamichamber.com,,,,,Coral Gables,nonprofit,Non Profit Business Organization,$,,,,,,0.55,Moderate,N,,,Y,CGCC,CG-OSINT-20260211-v3.0,2026-02-11
habitatforhumanityofgreatermiami,Habitat for Humanity of Greater Miami,Ms. Maureen Ruggiero,(305) 634-3628,miamihabitat.org,,,,,Coral Gables,nonprofit,Non Profit Organizations,$,,,,,,0.55,Moderate,N,,,Y,CGCC,CG-OSINT-20260211-v3.0,2026-02-11
humanesocietyofgreatermiami,Humane Society of Greater Miami,Ms. Toni Diaz,(305) 749-1816,humanesocietymiami.org,,,,,Coral Gables,nonprofit,Non Profit Organizations,$,,,,,,0.55,Moderate,N,,,Y,CGCC,CG-OSINT-20260211-v3.0,2026-02-11
iglesiabautistadewestchester,Iglesia Bautista de Westchester,,,,,25.7531557,-80.3094958,33146,Coral Gables,nonprofit,religious,$,,,,,,0.55,Moderate,N,,,N,OSM,CG-OSINT-20260211-v3.0,2026-02-11
iglesiavictoria,Iglesia Victoria,,,,,25.7670439,-80.2386605,33133,Douglas Road Corridor,nonprofit,religious,$,,,,,,0.55,Moderate,N,,,N,OSM,CG-OSINT-20260211-v3.0,2026-02-11
jarofhearts,Jar of Hearts Inc.,Ms. Elizabeth Hiciano,(305) 335-5285,jarofheartsfoundation.org,,,,,Coral Gables,nonprofit,Non Profit OrganizationArts,$,,,,,,0.55,Moderate,N,,,Y,CGCC,CG-OSINT-20260211-v3.0,2026-02-11
josemiltonfoundation,Jose Milton Foundation,Ms. Ana VeigaMilton,(305) 450-8222,miltonphilanthropy.org,,,,,Coral Gables,nonprofit,Non Profit Organizations,$,,,,,,0.55,Moderate,N,,,Y,CGCC,CG-OSINT-20260211-v3.0,2026-02-11
juniororangebowl,Junior Orange Bowl,Ms. Lisa AlbizuVazquez,(305) 662-1210,jrorangebowl.org,,,,,Coral Gables,nonprofit,Non Profit Organizations,$,,,,,,0.55,Moderate,N,,,Y,CGCC,CG-OSINT-20260211-v3.0,2026-02-11
kiwaniscluboflittlehavana,Kiwanis Club of Little Havana Inc.,Ms. Lidia Sanchez,(305) 644-8888,carnavalmiami.com,,,,,Coral Gables,nonprofit,Non Profit Organizations,$,,,,,,0.55,Moderate,N,,,Y,CGCC,CG-OSINT-20260211-v3.0,2026-02-11
kristihouse,Kristi House,Ms. Lara Carter,(305) 547-6800,kristihouse.org,,,,,Coral Gables,nonprofit,Non Profit Organizations,$,,,,,,0.55,Moderate,N,,,Y,CGCC,CG-OSINT-20260211-v3.0,2026-02-11
legalservicesofgreatermiami,Legal Services of Greater Miami Inc.,Ms. Andrea Angel,(305) 438-2513,legalservicesmiami.org,,,,,Coral Gables,nonprofit,Non Profit Organizations,$,,,,,,0.55,Moderate,N,,,Y,CGCC,CG-OSINT-20260211-v3.0,2026-02-11
livelikebellachildhoodcancerfoundation,Live Like Bella(R) Childhood Cancer Foundation,Ms. Mayte Vizcaino,(786) 505-3914,livelikebella.org,,,,,Coral Gables,nonprofit,Non Profit Organizations,$,,,,,,0.55,Moderate,N,,,Y,CGCC,CG-OSINT-20260211-v3.0,2026-02-11
miamifriendsmeetingofthereligioussocietyoffriends,Miami Friends Meeting of the Religious Society of Friends,,,,,25.7050676,-80.2766784,33143,Sunset / South Gables,nonprofit,religious,$,,,,,,0.55,Moderate,N,,,N,OSM,CG-OSINT-20260211-v3.0,2026-02-11
miamilearningexperienceschool,Miami Learning Experience School,Mr. Kevin Grace,(305) 275-5900,mleschool.org,,25.7239898,-80.255328,33146,Coral Gables,nonprofit,Non Profit Organizations  Special Needs,$,,,,,,0.55,Moderate,N,,,Y,CGCC+OSM,CG-OSINT-20260211-v3.0,2026-02-11
miamilighthousefortheblindandvisuallyimired,Miami Lighthouse for the Blind and Visually Impaired,Ms. Virginia A. Jacko,(305) 856-4176,miamilighthouse.org,,,,,Coral Gables,nonprofit,Non Profit Organizations,$,,,,,,0.55,Moderate,N,,,Y,CGCC,CG-OSINT-20260211-v3.0,2026-02-11
plymouthchurch,Plymouth Church,,,,,25.7223232,-80.2453277,33146,Coral Gables,nonprofit,religious,$,,,,,,0.55,Moderate,N,,,N,OSM,CG-OSINT-20260211-v3.0,2026-02-11
recapturingthevisioninternational,Recapturing the Vision International Inc,Mr. Alex Del Rosario,(305) 232-6003,rtv.org,,,,,Coral Gables,nonprofit,Non Profit Business Organization,$,,,,,,0.55,Moderate,N,,,Y,CGCC,CG-OSINT-20260211-v3.0,2026-02-11
ronaldmcdonaldhousecharitiesofsouthflorida,Ronald McDonald House Charities of South Florida,Ms. Soraya RiveraMoya,(786) 476-2176,rmhcsouthflorida.org,,,,,Coral Gables,nonprofit,Non Profit Organizations,$,,,,,,0.55,Moderate,N,,,Y,CGCC,CG-OSINT-20260211-v3.0,2026-02-11
saintathanasiosgreekorthodoxchurch,Saint Athanasios Greek Orthodox Church,,,,,25.7420449,-80.2608835,33134,Coral Gables,nonprofit,religious,$,,,,,,0.55,Moderate,N,,,N,OSM,CG-OSINT-20260211-v3.0,2026-02-11
saintaugustinechurch,Saint Augustine Church,,,,1400 Miller Road,25.7186485,-80.2832056,33146,University of Miami Area,nonprofit,religious,$,,,,,,0.55,Moderate,N,,,N,OSM,CG-OSINT-20260211-v3.0,2026-02-11
saintbasilcatholicchurchbyzantinerite,Saint Basil Catholic Church Byzantine Rite,,,,,25.7600997,-80.2344936,33133,Coral Gables,nonprofit,religious,$,,,,,,0.55,Moderate,N,,,N,OSM,CG-OSINT-20260211-v3.0,2026-02-11
saintjameschurch,Saint James Church,,,,,25.7253787,-80.2497722,33146,Coral Gables,nonprofit,religious,$,,,,,,0.55,Moderate,N,,,N,OSM,CG-OSINT-20260211-v3.0,2026-02-11
saintmarkslutheranchurch,Saint Mark's Lutheran Church,,(305) 444-0425,https://www.stmarkslutherancoralgables.org/,3930 Southwest 42nd Avenue,25.7354178,-80.2625339,33134,Bird Road Corridor,nonprofit,religious,$,,,,,,0.55,Moderate,N,,,N,OSM,CG-OSINT-20260211-v3.0,2026-02-11
saintpeterslutheranchurch,Saint Peters Lutheran Church,,,,Southwest 41st Avenue,25.7698216,-80.2622723,33134,Coral Gables,nonprofit,religious,$,,,,,,0.55,Moderate,N,,,N,OSM,CG-OSINT-20260211-v3.0,2026-02-11
saintthomasepislchurch,Saint Thomas Episcopal Church,,,,,25.7333205,-80.2970627,33146,Bird Road Corridor,nonprofit,religious,$,,,,,,0.55,Moderate,N,,,N,OSM,CG-OSINT-20260211-v3.0,2026-02-11
sanctuaryofthearts,Sanctuary of the Arts,Mr. Rafael MaldonadoLopez,(786) 362-5132,sanctuaryofthearts.org,,,,,Coral Gables,nonprofit,Non Profit OrganizationArts,$,,,,,,0.55,Moderate,N,,,Y,CGCC,CG-OSINT-20260211-v3.0,2026-02-11
southdadechristianchurch,South Dade Christian Church,,,,,25.7364896,-80.3053292,33146,Bird Road Corridor,nonprofit,religious,$,,,,,,0.55,Moderate,N,,,N,OSM,CG-OSINT-20260211-v3.0,2026-02-11
southfloridaafterschoolallstars,South Florida AfterSchool AllStars,Ms. Julie Todaro,(305) 348-9870,sfasas.org,,,,,Coral Gables,nonprofit,Non Profit Organizations,$,,,,,,0.55,Moderate,N,,,Y,CGCC,CG-OSINT-20260211-v3.0,2026-02-11
southfloridapbs,South Florida PBS,Ms. Jeneissy Azcuy,(305) 424-4013,southfloridapbs.org,,,,,Coral Gables,nonprofit,Non Profit Organizations,$,,,,,,0.55,Moderate,N,,,Y,CGCC,CG-OSINT-20260211-v3.0,2026-02-11
summerofsuccess,Summer Of Success,Mr. Eddy Martinez,(305) 498-3877,summerofsuccess.org,,,,,Coral Gables,nonprofit,Non Profit Business Organization,$,,,,,,0.55,Moderate,N,,,Y,CGCC,CG-OSINT-20260211-v3.0,2026-02-11
tamiamibaptistchurch,Tamiami Baptist Church,,,,Southwest 9th Street,25.7628652,-80.2914377,33134,Coral Gables,nonprofit,religious,$,,,,,,0.55,Moderate,N,,,N,OSM,CG-OSINT-20260211-v3.0,2026-02-11
templejudea,Temple Judea,,,,5500 Granada Boulevard,25.7184965,-80.2708338,33146,University of Miami Area,nonprofit,religious,$,,,,,,0.55,Moderate,N,,,N,OSM+OSM,CG-OSINT-20260211-v3.0,2026-02-11
theevergladesfoundation,The Everglades Foundation,Ms. Isabella Gukeisen,(914) 659-5906,evergladesfoundation.org,,,,,Coral Gables,nonprofit,Non Profit Organizations,$,,,,,,0.55,Moderate,N,,,Y,CGCC,CG-OSINT-20260211-v3.0,2026-02-11
thegreatmiamilgbtqchamberofmmerce,The Great Miami LGBTQ Chamber of Commerce,Mr. Steve Adkins,(305) 673-4440,gogaymiami.com,,,,,Coral Gables,nonprofit,Non Profit Business Organization,$,,,,,,0.55,Moderate,N,,,Y,CGCC,CG-OSINT-20260211-v3.0,2026-02-11
themiamidadebeanuncil,The MiamiDade Beacon Council,Mr. Rodrick T. Miller,(305) 579-1300,beaconcouncil.com,,,,,Coral Gables,nonprofit,Organizations/Associations,$,,,,,,0.55,Moderate,N,,,Y,CGCC,CG-OSINT-20260211-v3.0,2026-02-11
theoperaatelier,The Opera Atelier,Ms. Jacqueline Solorzano,(786) 560-6845,theoperaatelier.org,,,,,Coral Gables,nonprofit,Non Profit OrganizationArts,$,,,,,,0.55,Moderate,N,,,Y,CGCC,CG-OSINT-20260211-v3.0,2026-02-11
thewowcenter,The WOW Center,Ms. Arlene Peterson,(786) 797-7611,wowcentermiami.org,,,,,Coral Gables,nonprofit,Non Profit Organizations,$,,,,,,0.55,Moderate,N,,,Y,CGCC,CG-OSINT-20260211-v3.0,2026-02-11
thewomensfundmiamidade,The Women's Fund Miami Dade,Ms. Vero Korbenfeld,(305) 441-0506,womensfundmiami.org,,,,,Coral Gables,nonprofit,Non Profit Organizations,$,,,,,,0.55,Moderate,N,,,Y,CGCC,CG-OSINT-20260211-v3.0,2026-02-11
toydrivenevents,Toy Drive 'N Events Inc.,Ms. Ana Zecca,(305) 528-6700,toydriveandevents.com,,,,,Coral Gables,nonprofit,Non Profit Organizations,$,,,,,,0.55,Moderate,N,,,Y,CGCC,CG-OSINT-20260211-v3.0,2026-02-11
unitycenterofpracticalchristianity,Unity Center of Practical Christianity,,,,,25.7053795,-80.2797731,33143,Sunset / South Gables,nonprofit,religious,$,,,,,,0.55,Moderate,N,,,N,OSM,CG-OSINT-20260211-v3.0,2026-02-11
universitybaptistchurch,University Baptist Church,,,,Southwest 50th Terrace,25.72399,-80.29144,33146,Coral Gables,nonprofit,religious,$,,,,,,0.55,Moderate,N,,,N,OSM+OSM,CG-OSINT-20260211-v3.0,2026-02-11
universitychristianchurch,University Christian Church,,,,Southwest 59th Avenue,25.7253788,-80.2900511,33146,Sunset / South Gables,nonprofit,religious,$,,,,,,0.55,Moderate,N,,,N,OSM+OSM,CG-OSINT-20260211-v3.0,2026-02-11
venezuelanamericanchamberofmmerce,VenezuelanAmerican Chamber of Commerce,Mr. Christian Monahan,(305) 307-8393,venezuelanchamber.org,,,,,Coral Gables,nonprofit,Non Profit Organizations,$,,,,,,0.55,Moderate,N,,,Y,CGCC,CG-OSINT-20260211-v3.0,2026-02-11
voicesforchildrenfoundation,Voices for Children Foundation Inc.,Ms. Kadie Black,(305) 324-5678,beavoice.org,,,,,Coral Gables,nonprofit,Non Profit Organizations,$,,,,,,0.55,Moderate,N,,,Y,CGCC,CG-OSINT-20260211-v3.0,2026-02-11
wlrnradioandtelevision,WLRN Radio and Television,Ms. Carolina FallaFlood,(305) 505-6686,wlrn.org,,,,,Coral Gables,nonprofit,NonProfit Public Media Organization,$,,,,,,0.55,Moderate,N,,,Y,CGCC,CG-OSINT-20260211-v3.0,2026-02-11
womenforsuccess,Women for Success Inc.,"Ms. Lauren Marsicano, Esq.",(305) 721-2917,giveforsuccess.org,,,,,Coral Gables,nonprofit,Non Profit Organizations,$,,,,,,0.55,Moderate,N,,,Y,CGCC,CG-OSINT-20260211-v3.0,2026-02-11
wordsoflifefellowshipchurch,Words of Life Fellowship Church,,,,,25.7351008,-80.3053292,33146,Bird Road Corridor,nonprofit,religious,$,,,,,,0.55,Moderate,N,,,N,OSM,CG-OSINT-20260211-v3.0,2026-02-11
worksite,Worksite,Ms. Angie Perez,(786) 427-4015,worksiteemployee.com,,,,,Coral Gables,nonprofit,Professional Employer Organization,$,,,,,,0.55,Moderate,N,,,Y,CGCC,CG-OSINT-20260211-v3.0,2026-02-11
305senior,305 Senior,Ms. Viviana Laboy,(786) 326-0656,,,,,,Coral Gables,other,Senior Care Services,$$,,,,,,0.55,Moderate,N,,,Y,CGCC,CG-OSINT-20260211-v3.0,2026-02-11
adrianahoyos,ADRIANA HOYOS,Mr. Eduardo Perez,(305) 794-5525,adrianahoyos.com,,,,,Coral Gables,other,High End Furnishings / Interior Design,$$,,,,,,0.55,Moderate,N,,,Y,CGCC,CG-OSINT-20260211-v3.0,2026-02-11
apssecuritygroup,APS Security Group Inc.,Mr. Mauricio Figueras,,apsmiami.com,,,,,Coral Gables,other,Security Services/Executive Protection,$$,,,,,,0.55,Moderate,N,,,Y,CGCC,CG-OSINT-20260211-v3.0,2026-02-11
aptiamericanphysicaltherapyinstitute,APTI American Physical Therapy Institute,Ms. Marie Roddam,(305) 323-8653,,,,,,Coral Gables,other,Physical Therapy,$$,,,,,,0.55,Moderate,N,,,Y,CGCC,CG-OSINT-20260211-v3.0,2026-02-11
artecucine,ARTE CUCINE,Ms. Josefina Giordano,(305) 456-1372,,,,,,Coral Gables,other,Home Improvement,$$,,,,,,0.55,Moderate,N,,,Y,CGCC,CG-OSINT-20260211-v3.0,2026-02-11
actuallyorganized,Actually Organized,Ms. Wendy Jacobs Barcelo,(917) 863-7530,actuallyorganized.net,,,,,Coral Gables,other,Home Improvement,$$,,,,,,0.55,Moderate,N,,,Y,CGCC,CG-OSINT-20260211-v3.0,2026-02-11
airports,Airports,Mr. Ralph Cutie,(305) 876-7000,miami-airport.com,,,,,Coral Gables,other,Airlines,$$,,,,,,0.55,Moderate,N,,,Y,CGCC,CG-OSINT-20260211-v3.0,2026-02-11
allatlanticbenefits,All Atlantic Benefits,Mr. TJ North,(305) 978-3051,allatlanticbenefits.com,,,,,Coral Gables,other,Employee Benefits,$$,,,,,,0.55,Moderate,N,,,Y,CGCC,CG-OSINT-20260211-v3.0,2026-02-11
allmysonsmovingstorageofmiami,"All My Sons Moving & Storage of Miami, LLC",Mr. Stephen Staffieri,(305) 787-3335,allmysons.com,,,,,Coral Gables,other,Moving & Storage,$$,,,,,,0.55,Moderate,N,,,Y,CGCC,CG-OSINT-20260211-v3.0,2026-02-11
alphaclaimsnsultants,Alpha Claims Consultants,Mr. Gil Martin,,alpha.claims,,,,,Coral Gables,other,Public Adjusting Firm,$$,,,,,,0.55,Moderate,N,,,Y,CGCC,CG-OSINT-20260211-v3.0,2026-02-11
americanairlines,American Airlines,Ms. Virginia Sanchez,,aa.com,,,,,Coral Gables,other,Airlines,$$,,,,,,0.55,Moderate,N,,,Y,CGCC,CG-OSINT-20260211-v3.0,2026-02-11
americantransportationlimo,American Transportation & Limo,Ms. Valentina Canizales,(754) 715-7756,americanlimofl.com,,,,,Coral Gables,other,Translation Services,$$,,,,,,0.55,Moderate,N,,,Y,CGCC,CG-OSINT-20260211-v3.0,2026-02-11
arthurmurrayralgablesdancestudio,Arthur Murray Coral Gables Dance Studio,Ms. Katia Kanevskaya,(305) 444-6136,,,,,,Coral Gables,other,Dance Instruction,$$,,,,,,0.55,Moderate,N,,,Y,CGCC,CG-OSINT-20260211-v3.0,2026-02-11
arthurmurrayinternational,Arthur Murray International Inc.,Mr. Rodney Rett,(305) 445-9645,arthurmurray.com,,,,,Coral Gables,other,Franchisor of Dance Studios,$$,,,,,,0.55,Moderate,N,,,Y,CGCC,CG-OSINT-20260211-v3.0,2026-02-11
ascendoresources,"Ascendo Resources, LLC",Ms. Maria F. Mora,(305) 709-5324,ascendo.com,,,,,Coral Gables,other,Staffing/Recruiting,$$,,,,,,0.55,Moderate,N,,,Y,CGCC,CG-OSINT-20260211-v3.0,2026-02-11
audiovisualmny,Audio Visual Company,Mr. Joe Louissaint,(305) 986-5012,showtechinc.com,,,,,Coral Gables,other,Auction House/Appraiser,$$,,,,,,0.55,Moderate,N,,,Y,CGCC,CG-OSINT-20260211-v3.0,2026-02-11
amanbarbershop,AMan Barber Shop,Mr. Ayman Al Jawhari,(305) 282-7081,,,,,,Coral Gables,other,Barbershop,$$,,,,,,0.55,Moderate,N,,,Y,CGCC,CG-OSINT-20260211-v3.0,2026-02-11
bacardiusa,Bacardi USA,Mr. Eddie Cutillas,(305) 573-8600,bacardi.com,,,,,Coral Gables,other,LiquorsWholesale,$$,,,,,,0.55,Moderate,N,,,Y,CGCC,CG-OSINT-20260211-v3.0,2026-02-11
bayplumbingmny,Bay Plumbing Company,Mr. Robert Beans,(305) 446-8141,bayplumbingco.com,,,,,Coral Gables,other,Plumbing Services & Plumbing Supplies,$$,,,,,,0.55,Moderate,N,,,Y,CGCC,CG-OSINT-20260211-v3.0,2026-02-11
bevi,Bevi,Mr. Jose Sanchez,(305) 492-9369,bevi.co,,,,,Coral Gables,other,Water Filtration Systems,$$,,,,,,0.55,Moderate,N,,,Y,CGCC,CG-OSINT-20260211-v3.0,2026-02-11
blissimprintsgifts,Bliss Imprints & Gifts,Mr. Eddy Martinez,(305) 661-2030,blissimprints.com,,,,,Coral Gables,other,Stationery/Gifts/Printing,$$,,,,,,0.55,Moderate,N,,,Y,CGCC,CG-OSINT-20260211-v3.0,2026-02-11
bluelumbiaholdings,Blue Columbia Holdings,Ms. Tracy Davies,(986) 221-9584,lexreception.com,,,,,Coral Gables,other,Staffing Services,$$,,,,,,0.55,Moderate,N,,,Y,CGCC,CG-OSINT-20260211-v3.0,2026-02-11
borkatplumbingservices,"Borkat Plumbing Services, LLC",Mr. Boris Inclan,(305) 244-6023,borkatplumbing.com,,,,,Coral Gables,other,Plumbing Services & Plumbing Supplies,$$,,,,,,0.55,Moderate,N,,,Y,CGCC,CG-OSINT-20260211-v3.0,2026-02-11
brownformanbeverages,BrownForman Beverages,Mr. Robinson Brown IV,(954) 218-5040,,,,,,Coral Gables,other,LiquorsWholesale,$$,,,,,,0.55,Moderate,N,,,Y,CGCC,CG-OSINT-20260211-v3.0,2026-02-11
caballeroriverodignitymemorial,Caballero Rivero Dignity Memorial,Mr. Joe Jimenez,(305) 773-0728,dignitymemorial.com/funeralhomes/florida/miami/caballeroriverowestchester/9550,,,,,Coral Gables,other,Funeral Homes & Memorial Parks,$$,,,,,,0.55,Moderate,N,,,Y,CGCC,CG-OSINT-20260211-v3.0,2026-02-11
capsexpressinternational,Capsexpress International,Mr. Estevao Rui Calheirana,(954) 246-0696,capsexpressinternational.com,,,,,Coral Gables,other,Dietary Supplements,$$,,,,,,0.55,Moderate,N,,,Y,CGCC,CG-OSINT-20260211-v3.0,2026-02-11
citypermit,City Permit,Mr. Jesse Tarr,(305) 908-1142,citypermit.us,,,,,Coral Gables,other,Permit Expeditors,$$,,,,,,0.55,Moderate,N,,,Y,CGCC,CG-OSINT-20260211-v3.0,2026-02-11
clubextsferiadesevillaenmiamievent,Club eXpats  Feria de Sevilla en Miami Event,Ms. Rebeca Calvet,(305) 608-3509,clubexpats.com,,,,,Coral Gables,other,Fairs/Festivals,$$,,,,,,0.55,Moderate,N,,,Y,CGCC,CG-OSINT-20260211-v3.0,2026-02-11
blanitaliankitchenstore,Coblan Italian Kitchen Store,Ms. Silvia Blanco,(786) 724-8485,coblanstore.com,,,,,Coral Gables,other,Kitchen Cabinetry,$$,,,,,,0.55,Moderate,N,,,Y,CGCC,CG-OSINT-20260211-v3.0,2026-02-11
nciergemovingservices,Concierge Moving Services,Ms. Konny Nakamura,(786) 295-1816,conciergemovingservices.com,,,,,Coral Gables,other,Moving & Storage,$$,,,,,,0.55,Moderate,N,,,Y,CGCC,CG-OSINT-20260211-v3.0,2026-02-11
ntactlink,"ContactLink, LLC",Ms. Nguyen Castilla Cabanilla,(305) 710-5032,,,,,,Coral Gables,other,Business and Professional Services,$$,,,,,,0.55,Moderate,N,,,Y,CGCC,CG-OSINT-20260211-v3.0,2026-02-11
ralgablesngregationalchurch,Coral Gables Congregational Church,"Mr. Dennis G. Rodrigues, CPA",(305) 448-7421,gablesucc.org,,,,,Coral Gables,other,High End Furnishings / Interior Design,$$,,,,,,0.55,Moderate,N,,,Y,CGCC,CG-OSINT-20260211-v3.0,2026-02-11
ralgableshighschool,Coral Gables High School,Mr. Anthony J. Balboa,(305) 443-4871,cghs.dade.k12.fl.us,,,,,Coral Gables,other,Schools - Public,$$,,,,,,0.55,Moderate,N,,,Y,CGCC,CG-OSINT-20260211-v3.0,2026-02-11
ralgablesphysicaltherapy,Coral Gables Physical Therapy,Mr. Ron Yacoub,(305) 441-5258,coralgablespt.com,,,,,Coral Gables,other,Physical Therapy,$$,,,,,,0.55,Moderate,N,,,Y,CGCC,CG-OSINT-20260211-v3.0,2026-02-11
ralgablesplumbing,Coral Gables Plumbing,Mr. Brandon Swanson,(305) 254-3434,coralgablesplumbing.com,,,,,Coral Gables,other,Plumbing Services & Plumbing Supplies,$$,,,,,,0.55,Moderate,N,,,Y,CGCC,CG-OSINT-20260211-v3.0,2026-02-11
ralgablesprofessionalfirefightersassn,Coral Gables Professional Firefighters Assn.,Mr. Wyatt Chickillo,(305) 469-3416,local1210.com,,,,,Coral Gables,other,NonProfit/Professional Association,$$,,,,,,0.55,Moderate,N,,,Y,CGCC,CG-OSINT-20260211-v3.0,2026-02-11
revents,CorEvents Inc.,Ms. Maribel Cordova Ramirez,(305) 281-7477,,,,,,Coral Gables,other,Event Planners & Management,$$,,,,,,0.55,Moderate,N,,,Y,CGCC,CG-OSINT-20260211-v3.0,2026-02-11
craftwithapurpose,Craft With A Purpose,Ms. Joanne Torres,(305) 753-2777,craftwithapurpose.com,,,,,Coral Gables,other,DecorationRemodeling,$$,,,,,,0.55,Moderate,N,,,Y,CGCC,CG-OSINT-20260211-v3.0,2026-02-11
dadeuntyfederalcreditunion,Dade County Federal Credit Union,Ms. Jennifer Gerson,(786) 845-3211,dcfcu.org,,,,,Coral Gables,other,Credit Unions,$$,,,,,,0.55,Moderate,N,,,Y,CGCC,CG-OSINT-20260211-v3.0,2026-02-11
dadeuntymedicalassociation,Dade County Medical Association,Mr. Angel BoschDeleon,(305) 324-8717,miamimed.com,,,,,Coral Gables,other,NonProfit/Professional Association,$$,,,,,,0.55,Moderate,N,,,Y,CGCC,CG-OSINT-20260211-v3.0,2026-02-11
dedicatedpublicadjusters,Dedicated Public Adjusters,Ms. Wendy Coffee,(305) 607-2870,dedicatedpa.com,,,,,Coral Gables,other,Public Adjusting Firm,$$,,,,,,0.55,Moderate,N,,,Y,CGCC,CG-OSINT-20260211-v3.0,2026-02-11
deltaairlines,Delta Air Lines,Mr. Ignacio Borbolla,(678) 674-7588,delta.com,,,,,Coral Gables,other,Airlines,$$,,,,,,0.55,Moderate,N,,,Y,CGCC,CG-OSINT-20260211-v3.0,2026-02-11
designresourcecenter,Design Resource Center,Mr. Felipe Lerma,(305) 607-4911,designresourcecentersf.com,,,,,Coral Gables,other,Interior Design/Home Furnishings,$$,,,,,,0.55,Moderate,N,,,Y,CGCC,CG-OSINT-20260211-v3.0,2026-02-11
directprocessingnetwork,Direct Processing Network,Mr. Jose Molina,(855) 955-6111,directprocessingnetwork.com,,,,,Coral Gables,other,Merchant Processing,$$,,,,,,0.55,Moderate,N,,,Y,CGCC,CG-OSINT-20260211-v3.0,2026-02-11
evolutionymentsystems,Evolution Payment Systems,Mr. Karl Diaz,(305) 671-3178,evolutionpayments.com,,,,,Coral Gables,other,Merchant Services  Credit Cards,$$,,,,,,0.55,Moderate,N,,,Y,CGCC,CG-OSINT-20260211-v3.0,2026-02-11
explorefostermiami,Explore Foster Miami,Mr. Panos Kourtesis,(786) 624-8661,explorefostermiami.com,,,,,Coral Gables,other,Child Care Services,$$,,,,,,0.55,Moderate,N,,,Y,CGCC,CG-OSINT-20260211-v3.0,2026-02-11
extensishr,Extensis HR,Mr. Jorge Elias,(305) 790-5302,extensishr.com,,,,,Coral Gables,other,Payroll and Human Resources,$$,,,,,,0.55,Moderate,N,,,Y,CGCC,CG-OSINT-20260211-v3.0,2026-02-11
fiallodesign,Fiallo Design,Ms. Marcia Fiallo,(305) 429-0088,fiallodesign.com,,,,,Coral Gables,other,Interior Designers,$$,,,,,,0.55,Moderate,N,,,Y,CGCC,CG-OSINT-20260211-v3.0,2026-02-11
finelinefurnitureandaccessories,Fine Line Furniture and Accessories,Ms. Agatha Creegan,(305) 661-4414,fineline.us,,,,,Coral Gables,other,Interior Design/Home Furnishings,$$,,,,,,0.55,Moderate,N,,,Y,CGCC,CG-OSINT-20260211-v3.0,2026-02-11
floridaretailfederation,Florida Retail Federation,Mr. Jon Stolp,(850) 222-4082,frf.org,,,,,Coral Gables,other,Trade Association,$$,,,,,,0.55,Moderate,N,,,Y,CGCC,CG-OSINT-20260211-v3.0,2026-02-11
floridastatedaycelebrations,Florida State Day Celebrations Inc.,Mr. Iancarlo Arispe,(786) 246-4800,floridastateday.com,,,,,Coral Gables,other,Fairs/Festivals,$$,,,,,,0.55,Moderate,N,,,Y,CGCC,CG-OSINT-20260211-v3.0,2026-02-11
fredastairedancestudiosralgables,Fred Astaire Dance Studios  Coral Gables,Ms. Vera Kosarev,(305) 443-0085,fredastaire.com/coralgables,,,,,Coral Gables,other,Dance Instruction,$$,,,,,,0.55,Moderate,N,,,Y,CGCC,CG-OSINT-20260211-v3.0,2026-02-11
freemanshindman,Freeman's | Hindman,Ms. Elizabeth Rader,(305) 728-0678,hindmanauctions.com,,,,,Coral Gables,other,Auction House/Appraiser,$$,,,,,,0.55,Moderate,N,,,Y,CGCC,CG-OSINT-20260211-v3.0,2026-02-11
freshdelmonteproduce,Fresh Del Monte Produce Inc.,Ms. Claudia Pou,(305) 520-8400,freshdelmonte.com,,,,,Coral Gables,other,Multinationals,$$,,,,,,0.55,Moderate,N,,,Y,CGCC,CG-OSINT-20260211-v3.0,2026-02-11
frostschoolofmusic,Frost School of Music,Ms. Dean Hildee Wilson,(305) 284-2241,music.miami.edu,5501 San Amaro Drive,25.7186828,-80.2808718,33146,University of Miami Area,other,Schools - University/College,$$,,,,,,0.55,Moderate,N,,,Y,CGCC+OSM,CG-OSINT-20260211-v3.0,2026-02-11
futuraoptical,Futura Optical,Ms. Linnett Molina,(305) 643-1010,futuraeyedoctors.com,,,,,Coral Gables,other,Optical,$$,,,,,,0.55,Moderate,N,,,Y,CGCC,CG-OSINT-20260211-v3.0,2026-02-11
georgewashingtoncarvermiddleschool,George Washington Carver Middle School,Ms. Cristina Basso,(305) 444-7388,gwcmiddleschool.net,,25.7255113,-80.2589081,33146,Coral Gables,other,Schools - Public,$$,,,,,,0.55,Moderate,N,,,Y,CGCC+OSM,CG-OSINT-20260211-v3.0,2026-02-11
giraldapreschoolofralgables,Giralda Preschool of Coral Gables,Ms. Marisa Pluchino,(786) 332-3610,giraldapreschool.com,,,,,Coral Gables,other,Schools - Preschool,$$,,,,,,0.55,Moderate,N,,,Y,CGCC,CG-OSINT-20260211-v3.0,2026-02-11
globalbusinessbrokerskwbusiness,Global Business Brokers  KW Business,Ms. Arlene Mahon,(305) 510-2430,globalbusinessbroker.com,,,,,Coral Gables,other,Business Broker,$$,,,,,,0.55,Moderate,N,,,Y,CGCC,CG-OSINT-20260211-v3.0,2026-02-11
greatermiaminventionvisitorsbureau,Greater Miami Convention & Visitors Bureau,Mr. David Whitaker,(305) 539-3000,miamiandbeaches.com,,,,,Coral Gables,other,Convention Bureaus,$$,,,,,,0.55,Moderate,N,,,Y,CGCC,CG-OSINT-20260211-v3.0,2026-02-11
grovegalleryinteriors,Grove Gallery & Interiors,Ms. Sheila Kuhl,(305) 445-7401,grovegalleryinteriors.com,,,,,Coral Gables,other,Interior Design/Home Furnishings,$$,,,,,,0.55,Moderate,N,,,Y,CGCC,CG-OSINT-20260211-v3.0,2026-02-11
gulliverpreratoryschool,Gulliver Preparatory School,Ms. Melissa Perkins,(786) 709-4076,gulliverprep.org,,,,,Coral Gables,other,SchoolsPrivate,$$,,,,,,0.55,Moderate,N,,,Y,CGCC,CG-OSINT-20260211-v3.0,2026-02-11
gustavofernandezphotography,Gustavo Fernandez Photography,Mr. Gustavo Fernandez,(925) 457-0042,gustavofernandez.com,,,,,Coral Gables,other,Photography / Portraits / Studio,$$,,,,,,0.55,Moderate,N,,,Y,CGCC,CG-OSINT-20260211-v3.0,2026-02-11
historicalsites,Historical Sites,Mr. Peter Iglesias,(305) 446-6800,coralgables.com,,,,,Coral Gables,other,High End Furnishings / Interior Design,$$,,,,,,0.55,Moderate,N,,,Y,CGCC,CG-OSINT-20260211-v3.0,2026-02-11
homeinsteadseniorcare,Home Instead Senior Care,Mr. Gabriel De Armas Jr.,(786) 845-0888,homeinstead.com/364,,,,,Coral Gables,other,Senior Homecare Services,$$,,,,,,0.55,Moderate,N,,,Y,CGCC,CG-OSINT-20260211-v3.0,2026-02-11
immaculatalasallehighschool,Immaculata  La Salle High School,Ms. Barbara Branas,(305) 854-2334,ilsroyals.com,,,,,Coral Gables,other,SchoolsPrivate,$$,,,,,,0.55,Moderate,N,,,Y,CGCC,CG-OSINT-20260211-v3.0,2026-02-11
inspyreyments,Inspyre Payments,Mr. Jorge Sarria,(407) 377-6343,inspyrepay.com,,,,,Coral Gables,other,Credit Card Processing,$$,,,,,,0.55,Moderate,N,,,Y,CGCC,CG-OSINT-20260211-v3.0,2026-02-11
internationalstudiespreratoryacademyis,International Studies Preparatory Academy (ISPA),Ms. Alina DiazBlanco,(305) 663-7200,internationalstudiesprep.net,,,,,Coral Gables,other,Schools - Language,$$,,,,,,0.55,Moderate,N,,,Y,CGCC,CG-OSINT-20260211-v3.0,2026-02-11
ivettearangointeriors,Ivette Arango Interiors,Ms. Ivette Arango,(305) 576-6243,ivettearango.com,,,,,Coral Gables,other,Interior Designers,$$,,,,,,0.55,Moderate,N,,,Y,CGCC,CG-OSINT-20260211-v3.0,2026-02-11
kelloggschoolofmanagementnorthwesternuniversity,"Kellogg School of Management, Northwestern University",Mr. Rolando Masferrer,(305) 442-7780,kellogg.northwestern.edu,,,,,Coral Gables,other,Schools - Graduate Business,$$,,,,,,0.55,Moderate,N,,,Y,CGCC,CG-OSINT-20260211-v3.0,2026-02-11
lmengravingtrophymny,L & M Engraving & Trophy Company,Mr. Sandy Liebowitz,(305) 273-7607,,,,,,Coral Gables,other,Trophies & Plaques,$$,,,,,,0.55,Moderate,N,,,Y,CGCC,CG-OSINT-20260211-v3.0,2026-02-11
lissetgaleyevphotography,Lisset Galeyev Photography,Mr. Edgar Galeyev,(786) 768-5104,lissetgaleyevphotography.com,,,,,Coral Gables,other,Photography / Portraits / Studio,$$,,,,,,0.55,Moderate,N,,,Y,CGCC,CG-OSINT-20260211-v3.0,2026-02-11
mdseniorplacement,MD Senior Placement,Ms. Maria Diaz,(786) 326-3933,mdseniorplacement.org,,,,,Coral Gables,other,Senior Care Services,$$,,,,,,0.55,Moderate,N,,,Y,CGCC,CG-OSINT-20260211-v3.0,2026-02-11
mdcpsofficeofmmunityengagement,MDCPS Office of Community Engagement,Ms. Shaquellia M. Holmes,(305) 995-2594,engagemiamidade.net,,,,,Coral Gables,other,Schools - Public,$$,,,,,,0.55,Moderate,N,,,Y,CGCC,CG-OSINT-20260211-v3.0,2026-02-11
marbellaperfumes,Marbella Perfumes,Ms. Helida Dodd,(305) 720-7157,marbellaperfumes.com,,,,,Coral Gables,other,Leadership Development,$$,,,,,,0.55,Moderate,N,,,Y,CGCC,CG-OSINT-20260211-v3.0,2026-02-11
maritzacapirointeriordesigns,Maritza Capiro Interior Designs Corp.,Ms. Maritza Capiro,(305) 528-2332,maritzacapiro.com,,,,,Coral Gables,other,Interior Designers,$$$$,,,,,,0.55,Moderate,N,,,Y,CGCC,CG-OSINT-20260211-v3.0,2026-02-11
meraphotography,Mera Photography,Ms. Merari Biancucci,(310) 926-9704,portraitsbymera.com,,,,,Coral Gables,other,Photography / Portraits / Studio,$$,,,,,,0.55,Moderate,N,,,Y,CGCC,CG-OSINT-20260211-v3.0,2026-02-11
miamidadellegeeduardojdroncampus,Miami Dade College  Eduardo J. Padron Campus,Mr. Oscar Loynaz,(305) 237-6186,mdc.edu/padron/,,,,,Coral Gables,other,Schools - University/College,$$,,,,,,0.55,Moderate,N,,,Y,CGCC,CG-OSINT-20260211-v3.0,2026-02-11
miamidadeuntytransportationtrust,MiamiDade County | Transportation Trust,Mr. Javier Betancourt,(305) 375-1357,miamidade.gov/citt,,,,,Coral Gables,other,MiamiDade County,$$,,,,,,0.55,Moderate,N,,,Y,CGCC,CG-OSINT-20260211-v3.0,2026-02-11
michelsonstrophies,Michelson's Trophies,Mr. Efraim Lapscher,(305) 687-9898,goawards.com,,,,,Coral Gables,other,Trophies & Plaques,$$,,,,,,0.55,Moderate,N,,,Y,CGCC,CG-OSINT-20260211-v3.0,2026-02-11
minutemanpress,Minuteman Press,Mr. Bradford Smith,(305) 762-4147,coralgables.minutemanpress.com,,,,,Coral Gables,other,"Printers, Typesetters & Graphics",$$,,,,,,0.55,Moderate,N,,,Y,CGCC,CG-OSINT-20260211-v3.0,2026-02-11
newedgeassociates,New Edge Associates,Mr. Norman Isaza,(786) 447-9323,newedgeassociates.com,,,,,Coral Gables,other,Staffing/Recruiting,$$,,,,,,0.55,Moderate,N,,,Y,CGCC,CG-OSINT-20260211-v3.0,2026-02-11
novasoutheasternuniversity,Nova Southeastern University,Ms. Christine Nunez,(305) 275-2601,nova.edu,,,,,Coral Gables,other,Schools - University/College,$$,,,,,,0.55,Moderate,N,,,Y,CGCC,CG-OSINT-20260211-v3.0,2026-02-11
officeofthesupervisorofelections,Office of the Supervisor of Elections,Dr. Claudia UribeOrrett,(305) 499-8332,,,,,,Coral Gables,other,MiamiDade County,$$,,,,,,0.55,Moderate,N,,,Y,CGCC,CG-OSINT-20260211-v3.0,2026-02-11
onewhiteorchid,One White Orchid Inc.,Mr. Louis Payne,(305) 851-5626,onewhiteorchid.com,,,,,Coral Gables,other,Estate Liquidation Services,$$,,,,,,0.55,Moderate,N,,,Y,CGCC,CG-OSINT-20260211-v3.0,2026-02-11
onyxink,Onyx Ink,Mr. Sergio Andres Reyes,(305) 394-8500,,,,,,Coral Gables,other,Stationery/Gifts/Printing,$$,,,,,,0.55,Moderate,N,,,Y,CGCC,CG-OSINT-20260211-v3.0,2026-02-11
outdoorlightingperspectivesmiami,Outdoor Lighting Perspectives Miami,Mr. Nadim Jamid,(305) 593-5533,outdoorlights.com/miami,,,,,Coral Gables,other,Lighting,$$,,,,,,0.55,Moderate,N,,,Y,CGCC,CG-OSINT-20260211-v3.0,2026-02-11
promeximexistradeinvestmentmmmiami,PROMEXICO / Mexico's Trade & Investment Comm.Miami,Ms. Lucia Aguilar,(305) 415-9360,gob.mx,,,,,Coral Gables,other,Trade Services,$$,,,,,,0.55,Moderate,N,,,Y,CGCC,CG-OSINT-20260211-v3.0,2026-02-11
proworkusmultinationaltalentacquisitionmny,PROWORK US  Multinational Talent Acquisition Company,Ms. Diana Rendon,(305) 531-0838,prowork.us,,,,,Coral Gables,other,Staffing/Recruiting,$$,,,,,,0.55,Moderate,N,,,Y,CGCC,CG-OSINT-20260211-v3.0,2026-02-11
ym,Paycom,Mr. Alex Salazar,(619) 609-3731,paycomonline.com,,,,,Coral Gables,other,Payroll and Human Resources,$$,,,,,,0.55,Moderate,N,,,Y,CGCC,CG-OSINT-20260211-v3.0,2026-02-11
perronmny,Perron & Company,Mr. Daniel Perron,(305) 509-6171,perronandcompany.com,,,,,Coral Gables,other,Employment Agencies,$$,,,,,,0.55,Moderate,N,,,Y,CGCC,CG-OSINT-20260211-v3.0,2026-02-11
petalcartel,Petal Cartel,Ms. Jacqueline Ceballos,(305) 794-4712,petalcartel.com,,,,,Coral Gables,other,Florist,$$,,,,,,0.55,Moderate,N,,,Y,CGCC,CG-OSINT-20260211-v3.0,2026-02-11
photooffset,Photo Offset Inc.,Ms. Anne Knowles,(305) 666-1067,photooffset.com,,,,,Coral Gables,other,"Printers, Typesetters & Graphics",$$,,,,,,0.55,Moderate,N,,,Y,CGCC,CG-OSINT-20260211-v3.0,2026-02-11
physicaltherapyformentalsharpness,"Physical Therapy for Mental Sharpness, LLC",Mrs. Joyce Gomes Osman,(786) 376-6844,ptformentalsharpness.com,,,,,Coral Gables,other,Physical Therapy,$$,,,,,,0.55,Moderate,N,,,Y,CGCC,CG-OSINT-20260211-v3.0,2026-02-11
pleaseholdadvertising,Please Hold Advertising,Mr. Carlos Garcia,(305) 388-3088,pleasehold.com,,,,,Coral Gables,other,Telephone On Hold & Voice Mail Messages,$$,,,,,,0.55,Moderate,N,,,Y,CGCC,CG-OSINT-20260211-v3.0,2026-02-11
poncedeleonmiddleschool,Ponce de Leon Middle School,Ms. Angela C. Gonzalez,(305) 661-1611,poncedeleonmiddle.net,,25.7162947,-80.2716639,33146,University of Miami Area,other,Schools - Public,$$,,,,,,0.55,Moderate,N,,,Y,CGCC+OSM,CG-OSINT-20260211-v3.0,2026-02-11
powerfinancialcreditunion,Power Financial Credit Union,Ms. Melvys De la Morena,(305) 219-9066,powerfi.org,,,,,Coral Gables,other,Credit Unions,$$,,,,,,0.55,Moderate,N,,,Y,CGCC,CG-OSINT-20260211-v3.0,2026-02-11
purewaterfactory,"Pure Water Factory, LLC",Mr. Elliot Durant,(213) 810-2513,purewaterfactorymiami.com,,,,,Coral Gables,other,Water Purification,$$,,,,,,0.55,Moderate,N,,,Y,CGCC,CG-OSINT-20260211-v3.0,2026-02-11
regisremoteofficesolutions,Regis Remote Office Solutions,Mr. Julian Valiente,(786) 875-8511,regisro.com,,,,,Coral Gables,other,Staffing/Recruiting,$$,,,,,,0.55,Moderate,N,,,Y,CGCC,CG-OSINT-20260211-v3.0,2026-02-11
ringbyname,RingByName,Mr. Kooi Lim,(786) 567-3040,ringbyname.com,,,,,Coral Gables,other,Phone/Data Service,$$,,,,,,0.55,Moderate,N,,,Y,CGCC,CG-OSINT-20260211-v3.0,2026-02-11
royalballetmiamioration,Royal Ballet Miami Corporation,Ms. Maia Duschatzky,(305) 728-9587,miamiroyalballet.com,,,,,Coral Gables,other,Dance Studio,$$,,,,,,0.55,Moderate,N,,,Y,CGCC,CG-OSINT-20260211-v3.0,2026-02-11
schoolofrock,School of Rock,,(786) 843-9230,https://www.schoolofrock.com/locations/coralgables,5701 Sunset Drive,25.7058351,-80.2858373,33143,Sunset / South Gables,other,music_school,$$,,,,,,0.55,Moderate,N,,,N,OSM,CG-OSINT-20260211-v3.0,2026-02-11
seniorliving,Senior Living,Ms. Marisol Sierra,(305) 422-1397,belmontvillage.com,,,,,Coral Gables,other,Senior Homecare Services,$$,,,,,,0.55,Moderate,N,,,Y,CGCC,CG-OSINT-20260211-v3.0,2026-02-11
servicekeepers,Service Keepers,Mr. Diego Gonzalez,(786) 750-0287,servicekeepers.com,,,,,Coral Gables,other,Janitorial Commercial Services,$$,,,,,,0.55,Moderate,N,,,Y,CGCC,CG-OSINT-20260211-v3.0,2026-02-11
shoppingmalls,Shopping Malls,Mr. Carlos Limontes,(305) 529-1215,shopsatmerrickpark.com,,,,,Coral Gables,other,Septic Tanks/Grease Trap Services,$$,,,,,,0.55,Moderate,N,,,Y,CGCC,CG-OSINT-20260211-v3.0,2026-02-11
sirspeedy,Sir Speedy,Mr. Raul Ley,(305) 446-7628,sirspeedy.com,,,,,Coral Gables,other,"Printers, Typesetters & Graphics",$$,,,,,,0.55,Moderate,N,,,Y,CGCC,CG-OSINT-20260211-v3.0,2026-02-11
skillednursingrehabilitationcenter,Skilled Nursing & Rehabilitation Center,Mr. Richard Stacey,(786) 517-6999,rivierahealthresort.com,,,,,Coral Gables,other,Septic Tanks/Grease Trap Services,$$,,,,,,0.55,Moderate,N,,,Y,CGCC,CG-OSINT-20260211-v3.0,2026-02-11
smashpixelstudio,Smash Pixel Studio,Mr. Martin Morcillo,(786) 873-0114,smashpixelstudio.com,,,,,Coral Gables,other,Photography / Portraits / Studio,$$,,,,,,0.55,Moderate,N,,,Y,CGCC,CG-OSINT-20260211-v3.0,2026-02-11
soccer,Soccer,Mr. Thomas Abraham,(305) 665-2222,abrahamfoundation.com,,,,,Coral Gables,other,Septic Tanks/Grease Trap Services,$$,,,,,,0.55,Moderate,N,,,Y,CGCC,CG-OSINT-20260211-v3.0,2026-02-11
solvoglobal,Solvo Global,Mr. Chris Daley,(305) 318-8541,solvoglobal.com,,,,,Coral Gables,other,Employment Agencies,$$,,,,,,0.55,Moderate,N,,,Y,CGCC,CG-OSINT-20260211-v3.0,2026-02-11
southfloridapumpkinporches,South Florida Pumpkin Porches,Ms. Isabelle Duran,,southfloridapumpkinporches.com,,,,,Coral Gables,other,DecorationRemodeling,$$,,,,,,0.55,Moderate,N,,,Y,CGCC,CG-OSINT-20260211-v3.0,2026-02-11
sceastcreditunion,Space Coast Credit Union,Mr. Allan Montero,(786) 932-2419,sccu.com,5785 Southwest 40th Street,25.7341781,-80.2886828,33146,Bird Road Corridor,other,Credit Unions,$$,,,,,,0.55,Moderate,N,,,Y,CGCC+OSM,CG-OSINT-20260211-v3.0,2026-02-11
speechandswallowingntinuum,Speech and Swallowing Continuum,Ms. Samantha Hernandez,(786) 210-5344,,,,,,Coral Gables,other,SpeechLanguage Pathology,$$,,,,,,0.55,Moderate,N,,,Y,CGCC,CG-OSINT-20260211-v3.0,2026-02-11
sportsnlmauriceouderland,SportsNL / Maurice Ouderland,Mr. Maurice Ouderland,(786) 614-9889,,,,,,Coral Gables,other,International Sports Business,$$,,,,,,0.55,Moderate,N,,,Y,CGCC,CG-OSINT-20260211-v3.0,2026-02-11
spoton,SpotOn,Mr. Horaczeo Crawford,(612) 251-5709,spoton.com,,,,,Coral Gables,other,Point of Sale/Merchant Service,$$,,,,,,0.55,Moderate,N,,,Y,CGCC,CG-OSINT-20260211-v3.0,2026-02-11
stphilipsepislchurchschool,St. Philip's Episcopal Church & School,Rev. Mary E. Conroy,(305) 444-6366,saintphilips.net,,,,,Coral Gables,other,Riviera Day SchoolRiviera Preparatory School,$$,,,,,,0.55,Moderate,N,,,Y,CGCC,CG-OSINT-20260211-v3.0,2026-02-11
sunriseseniorliving,Sunrise Senior Living,Ms. Virginia Del Pino,(305) 564-1400,sunriseseniorliving.com,,,,,Coral Gables,other,Senior Homecare Services,$$,,,,,,0.55,Moderate,N,,,Y,CGCC,CG-OSINT-20260211-v3.0,2026-02-11
suraiatriciainteriors,Suraia Patricia Interiors,Ms. Suraia Rosario,(786) 835-0633,suraiapatriciainteriors.com,,,,,Coral Gables,other,Interior Designers,$$,,,,,,0.55,Moderate,N,,,Y,CGCC,CG-OSINT-20260211-v3.0,2026-02-11
sykesprinting,Sykes Printing,Mr. Brian Piper,(305) 444-6505,sykesprinting.com,,,,,Coral Gables,other,"Printers, Typesetters & Graphics",$$,,,,,,0.55,Moderate,N,,,Y,CGCC,CG-OSINT-20260211-v3.0,2026-02-11
tbmediagroup,TB Media Group,Ms. Tamika Bickham,(786) 350-8395,tbmediagroup.com,,,,,Coral Gables,other,Video Production,$$,,,,,,0.55,Moderate,N,,,Y,CGCC,CG-OSINT-20260211-v3.0,2026-02-11
terrazzogranitechusa,Terrazzo Granitech USA,Mr. Nick Poly,(917) 848-3439,,,,,,Coral Gables,other,Interior Design/Home Furnishings,$$,,,,,,0.55,Moderate,N,,,Y,CGCC,CG-OSINT-20260211-v3.0,2026-02-11
thailandtradeofficemiami,Thailand Trade Office Miami,Ms. Kanya Amorntheerakul,(786) 388-7888,thaitrade.com,,,,,Coral Gables,other,Trade Services,$$,,,,,,0.55,Moderate,N,,,Y,CGCC,CG-OSINT-20260211-v3.0,2026-02-11
thebiltmorehotel,The Biltmore Hotel,Mr. Matthias Kammerer,(855) 421-4192,biltmorehotel.com,,,,,Coral Gables,other,High End Furnishings / Interior Design,$$$$,,,,,,0.55,Moderate,N,,,Y,CGCC,CG-OSINT-20260211-v3.0,2026-02-11
thelaceralgables,The Palace Coral Gables,Mr. Adam Rosenblum,(305) 445-7444,palacecoralgables.com,,,,,Coral Gables,other,Senior Homecare Services,$$,,,,,,0.55,Moderate,N,,,Y,CGCC,CG-OSINT-20260211-v3.0,2026-02-11
thewaroration,The Pawar Corporation,Mr. Keran Pawar,(323) 463-2204,,,,,,Coral Gables,other,Business and Professional Services,$$,,,,,,0.55,Moderate,N,,,Y,CGCC,CG-OSINT-20260211-v3.0,2026-02-11
therosetreettage,The Rose Tree Cottage,Mrs. Josie R Esquijarosa,(305) 448-9688,rosetreecottage.com,,,,,Coral Gables,other,DecorationRemodeling,$$,,,,,,0.55,Moderate,N,,,Y,CGCC,CG-OSINT-20260211-v3.0,2026-02-11
themeit,ThemeIT Inc.,Ms. Khia C. Joseph,(888) 484-3637,themeitevents.com,,,,,Coral Gables,other,Event Planning & Design,$$,,,,,,0.55,Moderate,N,,,Y,CGCC,CG-OSINT-20260211-v3.0,2026-02-11
transformatranslationservices,TransForma Translation Services,Ms. Carmen Hiers,(305) 722-3827,transformaonline.com,,,,,Coral Gables,other,Language Services,$$,,,,,,0.55,Moderate,N,,,Y,CGCC,CG-OSINT-20260211-v3.0,2026-02-11
trugmanvaluationassociates,Trugman Valuation Associates Inc.,Mr. William Harris,(954) 607-6677,trugmanvaluation.com,,,,,Coral Gables,other,Business Valuation,$$,,,,,,0.55,Moderate,N,,,Y,CGCC,CG-OSINT-20260211-v3.0,2026-02-11
turboworkface,Turbo Workface,Ms. Ida Garcia,(786) 624-8963,turboworkforce.com,,,,,Coral Gables,other,Business Solutions and Electronic Document Management,$$,,,,,,0.55,Moderate,N,,,Y,CGCC,CG-OSINT-20260211-v3.0,2026-02-11
universityofflorida,University of Florida,Ms. Alexa Butler,(352) 392-1667,ufl.edu,,,,,Coral Gables,other,Schools - University/College,$$,,,,,,0.55,Moderate,N,,,Y,CGCC,CG-OSINT-20260211-v3.0,2026-02-11
universityofmiami,University of Miami,Ms. Abdias Rodriguez,(305) 284-5478,miami.edu,5807 Ponce de Leon Boulevard,25.7106963,-80.2828385,33146,University of Miami Area,other,Schools - University/College,$$,,,,,,0.55,Moderate,N,,,Y,CGCC+OSM,CG-OSINT-20260211-v3.0,2026-02-11
universityofstaugustineforhealthsciences,University of St. Augustine for Health Sciences,Ms. Vivian Sanchez,(786) 725-4010,usa.edu,,,,,Coral Gables,other,Schools - University/College,$$,,,,,,0.55,Moderate,N,,,Y,CGCC,CG-OSINT-20260211-v3.0,2026-02-11
univisionfoundation,Univision Foundation,Ms. Irisaida Mendez,(305) 998-8410,univision.org,,,,,Coral Gables,other,NonProfit/Professional Association,$$,,,,,,0.55,Moderate,N,,,Y,CGCC,CG-OSINT-20260211-v3.0,2026-02-11
vanorsdelfuneralcremationservicesralgables,Van Orsdel Funeral & Cremation Services  Coral Gables,Mr. Donald Van Orsdel,(305) 446-4412,vanorsdel.com,,,,,Coral Gables,other,Funeral Homes & Memorial Parks,$$,,,,,,0.55,Moderate,N,,,Y,CGCC,CG-OSINT-20260211-v3.0,2026-02-11
vestransultants,Vestra Consultants,Mr. Ivan Ubierna,(305) 340-2003,vestraconsultants.com,,,,,Coral Gables,other,Staffing Events and Promotions,$$,,,,,,0.55,Moderate,N,,,Y,CGCC,CG-OSINT-20260211-v3.0,2026-02-11
videoworks,Videoworks LLC,Mr. Neto Almanza,(956) 639-2910,videoworks.miami,,,,,Coral Gables,other,Video Production,$$,,,,,,0.55,Moderate,N,,,Y,CGCC,CG-OSINT-20260211-v3.0,2026-02-11
wrklab,WRK LAB,Mr. Danny Garcia,(305) 801-2356,wrklab.com,,,,,Coral Gables,other,Office Furniture & Design,$$,,,,,,0.55,Moderate,N,,,Y,CGCC,CG-OSINT-20260211-v3.0,2026-02-11
wastemanagement,Waste Management,Mr. Jason Neal,(305) 986-6107,wm.com,,,,,Coral Gables,other,Trash Hauling/Recycling,$$,,,,,,0.55,Moderate,N,,,Y,CGCC,CG-OSINT-20260211-v3.0,2026-02-11
yulybarbershondmensgrooming,Yuly Barbershop and Men's Grooming,Ms. Yuly Martinez,(786) 449-0340,,,,,,Coral Gables,other,Barbershop,$$,,,,,,0.55,Moderate,N,,,Y,CGCC,CG-OSINT-20260211-v3.0,2026-02-11
iheartmedia,iHeartMedia,Ms. Liz Atlas,(786) 512-6353,iheartmedia.com,,,,,Coral Gables,other,Radio Stations,$$,,,,,,0.55,Moderate,N,,,Y,CGCC,CG-OSINT-20260211-v3.0,2026-02-11
ttgtalentsolutions,ttg.Talent Solutions,Mr. Luis Guardamiro,(786) 796-2795,usattg.com,,,,,Coral Gables,other,Staffing/Recruiting,$$,,,,,,0.55,Moderate,N,,,Y,CGCC,CG-OSINT-20260211-v3.0,2026-02-11
avantgardesalons,AvantGarde Salon & Spa,Ms. Zasil Zepeda,(305) 442-8136,avantgardesalonandspa.com,,,,,Coral Gables,personal_services,Beauty Salon & Spa,$$,,,,,,0.55,Moderate,N,,,Y,CGCC,CG-OSINT-20260211-v3.0,2026-02-11
barbershopgodislove,Barbershop God is Love,,(786) 560-6692,https://god-is-love-1995.square.site/,2263 Southwest 37th Avenue,25.74855,-80.2541904,33134,Coral Gables,personal_services,hair,$$,,,,,,0.55,Moderate,N,,,N,OSM,CG-OSINT-20260211-v3.0,2026-02-11
blancafragrancefactory,Blanca Fragrance Factory,Mrs. Jackie Jackson,(401) 954-7670,blancafragrancefactory.com,,,,,Coral Gables,personal_services,Beauty Products,$$,,,,,,0.55,Moderate,N,,,Y,CGCC,CG-OSINT-20260211-v3.0,2026-02-11
blissbeautique,Bliss Beautique,Ms. Rosario Veras,(786) 679-3057,blissbeautique.com,,,,,Coral Gables,personal_services,Beauty Salon & Spa,$$,,,,,,0.55,Moderate,N,,,Y,CGCC,CG-OSINT-20260211-v3.0,2026-02-11
bossshairsalon,Bosss Hair Salon,,,,,25.704779,-80.2852346,33143,Sunset / South Gables,personal_services,hair,$$,,,,,,0.55,Moderate,N,,,N,OSM,CG-OSINT-20260211-v3.0,2026-02-11
ciciskare,Cici Skincare,Ms. Cecilia Moron,(240) 394-5733,ciciskincare.com,,,,,Coral Gables,personal_services,Beauty Salon & Spa,$$,,,,,,0.55,Moderate,N,,,Y,CGCC,CG-OSINT-20260211-v3.0,2026-02-11
dundunsbarbershopralgables,DUNDUNs - Barbershop Coral Gables,,(786) 689-5516,,2263 Southwest 37th Avenue,25.7485296,-80.2542771,33134,Coral Gables,personal_services,hair,$$,,,,,,0.55,Moderate,N,,,N,OSM,CG-OSINT-20260211-v3.0,2026-02-11
doodycallsofmiami,DoodyCalls of Miami,"Mr. Francisco Reyes, Esq.",(305) 520-7904,doodycalls.com/miami,,,,,Coral Gables,personal_services,Pet Waste Management,$$,,,,,,0.55,Moderate,N,,,Y,CGCC,CG-OSINT-20260211-v3.0,2026-02-11
dripnbodied,Drip N Bodied,Ms. Ashley Peters,(305) 908-9282,dripnbodied.com,,,,,Coral Gables,personal_services,Health & Beauty,$$,,,,,,0.55,Moderate,N,,,Y,CGCC,CG-OSINT-20260211-v3.0,2026-02-11
elshaddaiskaredays,El Shaddai Skincare Day Spa,,,http://www.elshaddaiskincaredayspa.com/,5545 Southwest 8th Street,25.7639185,-80.2854811,33134,Coral Gables,personal_services,beauty,$$,,,,,,0.55,Moderate,N,,,N,OSM,CG-OSINT-20260211-v3.0,2026-02-11
equiwspetservices,Equipaws Pet Services,Ms. Flavia Berti,(305) 794-3733,equipawspetservices.com,,,,,Coral Gables,personal_services,Pet Care,$$,,,,,,0.55,Moderate,N,,,Y,CGCC,CG-OSINT-20260211-v3.0,2026-02-11
estheticsbysalima,Esthetics by Salima,,,,,25.704702,-80.2852336,33143,Sunset / South Gables,personal_services,beauty,$$,,,,,,0.55,Moderate,N,,,N,OSM,CG-OSINT-20260211-v3.0,2026-02-11
esthetiques,Esthetique Spa,,,,5751 Southwest 40th Street,25.7348145,-80.2878292,33146,Bird Road Corridor,personal_services,beauty,$$,,,,,,0.55,Moderate,N,,,N,OSM,CG-OSINT-20260211-v3.0,2026-02-11
glosslabralgables,GLOSSLAB Coral Gables,Ms. Kristen Dominkovics,(786) 281-3119,glosslab.com,,,,,Coral Gables,personal_services,Nail Salon,$$,,,,,,0.55,Moderate,N,,,Y,CGCC,CG-OSINT-20260211-v3.0,2026-02-11
gablesnails,Gables Nails,,(305) 529-5800,https://gablesnailsonponce.com/,1940 Ponce de Leon Boulevard,25.7545932,-80.2589992,33134,Ponce de Leon Corridor,personal_services,beauty,$$,,,,,,0.55,Moderate,N,,,N,OSM,CG-OSINT-20260211-v3.0,2026-02-11
generaldrycleaners,General Dry Cleaners,,,,6705 Southwest 40th Street,25.7336473,-80.3032548,33146,Bird Road Corridor,personal_services,dry_cleaning,$$,,,,,,0.55,Moderate,N,,,N,OSM,CG-OSINT-20260211-v3.0,2026-02-11
goldentouchbarbershopsalon,Golden Touch Barbershop & Salon,,(305) 348-0191,,1211 Walsh Avenue,25.7180614,-80.2772497,33146,University of Miami Area,personal_services,hair,$$,,,,,,0.55,Moderate,N,,,N,OSM,CG-OSINT-20260211-v3.0,2026-02-11
haircuttery,Hair Cuttery,,,,6794 Southwest 40th Street,25.7323566,-80.3046017,33146,Bird Road Corridor,personal_services,hair,$$,,,,,,0.55,Moderate,N,,,N,OSM,CG-OSINT-20260211-v3.0,2026-02-11
jcnails,JC Nails,,,,,25.764493,-80.287636,33134,Coral Gables,personal_services,beauty,$$,,,,,,0.55,Moderate,N,,,N,OSM,CG-OSINT-20260211-v3.0,2026-02-11
kazmalaje,Kazmalaje,Ms. Latoya Stirrup,(305) 833-9968,kazmaleje.com,,,,,Coral Gables,personal_services,Hair Care,$$,,,,,,0.55,Moderate,N,,,Y,CGCC,CG-OSINT-20260211-v3.0,2026-02-11
loccitaneenprovence,L'Occitane En Provence,Ms. Katy Vasallo,(305) 445-1040,loccitane.com,,,,,Coral Gables,personal_services,Beauty Products,$$,,,,,,0.55,Moderate,N,,,Y,CGCC,CG-OSINT-20260211-v3.0,2026-02-11
littlelocal,Little Local,Ms. Kylie Wang,(305) 439-6641,littlelocal.co,,,,,Coral Gables,personal_services,Beauty Products,$$,,,,,,0.55,Moderate,N,,,Y,CGCC,CG-OSINT-20260211-v3.0,2026-02-11
m2skin,M2Skin,Mr. Michael Mendez,(407) 600-1656,m2skin.com,,,,,Coral Gables,personal_services,Health & Beauty,$$,,,,,,0.55,Moderate,N,,,Y,CGCC,CG-OSINT-20260211-v3.0,2026-02-11
maidelingc,MaidelinGC,,(786) 899-1385,https://maidelingc.com/,3825 Southwest 8th Street,25.7649095,-80.2579749,33134,Coral Gables,personal_services,hair,$$,,,,,,0.55,Moderate,N,,,N,OSM,CG-OSINT-20260211-v3.0,2026-02-11
newmnybeautyshop,New Company Beauty Shop,,,,5747 Southwest 40th Street,25.7348973,-80.287388,33146,Bird Road Corridor,personal_services,beauty,$$,,,,,,0.55,Moderate,N,,,N,OSM,CG-OSINT-20260211-v3.0,2026-02-11
orionmerchantsolutionspetrosolutions,Orion Merchant Solutions / Petro Solutions,Mr. Marwan Shihadeh,(305) 883-8687,omsps.com,,,,,Coral Gables,personal_services,Merchant / Petroleum Solutions,$$,,,,,,0.55,Moderate,N,,,Y,CGCC,CG-OSINT-20260211-v3.0,2026-02-11
perezneurology,Perez Neurology,Dr. Gabriela Perez,(305) 403-7197,perezneurology.com,,,,,Coral Gables,personal_services,Health & Beauty,$$,,,,,,0.55,Moderate,N,,,Y,CGCC,CG-OSINT-20260211-v3.0,2026-02-11
razzledazzlebarbershop,RazzleDazzle BarberShop,,(305) 774-0074,https://www.razzledazzlebarbershop.com/,241 Miracle Mile,25.749702,-80.2595431,33134,Miracle Mile,personal_services,hair,$$,,,,,,0.55,Moderate,N,,,N,OSM,CG-OSINT-20260211-v3.0,2026-02-11
semper,Semper,,,,,25.7042008,-80.2860013,33143,Sunset / South Gables,personal_services,beauty,$$,,,,,,0.55,Moderate,N,,,N,OSM,CG-OSINT-20260211-v3.0,2026-02-11
silvermirrorfacialbar,Silver Mirror Facial Bar,Mr. Matt Maroone,(786) 899-0600,silvermirror.com/locations/coralgables,,,,,Coral Gables,personal_services,Beauty Salon & Spa,$$,,,,,,0.55,Moderate,N,,,Y,CGCC,CG-OSINT-20260211-v3.0,2026-02-11
skinstudiobydoctorsdaughter,Skin Studio By Doctor's Daughter,Ms. Danielle Fox,(786) 942-4704,skinstudiodd.com,,,,,Coral Gables,personal_services,Beauty Salon & Spa,$$,,,,,,0.55,Moderate,N,,,Y,CGCC,CG-OSINT-20260211-v3.0,2026-02-11
supercuts,Supercuts,,(305) 441-6406,https://www.supercuts.com/locations/fl/coconut-grove/dixie-highway-shopping-haircuts-82780.html,2720 South Dixie Highway,25.7389458,-80.2394332,33133,Douglas Road Corridor,personal_services,hair,$$,,,,,,0.55,Moderate,N,,,N,OSM,CG-OSINT-20260211-v3.0,2026-02-11
theblowandglowbarbymlo,The Blow And Glow Bar By Mlo,,(305) 661-5240,https://blow-and-glow-bar.square.site/,5966 South Dixie Highway,25.7026483,-80.2908614,33143,Sunset / South Gables,personal_services,hair,$$,,,,,,0.55,Moderate,N,,,N,OSM,CG-OSINT-20260211-v3.0,2026-02-11
thedripbar,The Drip Bar,,,,,25.7041883,-80.2859235,33143,Sunset / South Gables,personal_services,beauty,$$,,,,,,0.55,Moderate,N,,,N,OSM,CG-OSINT-20260211-v3.0,2026-02-11
unikwaxofralgables,Uni K Wax of Coral Gables,Mr. Hector Morales,(305) 450-0885,unikwax.com/coralgables,,,,,Coral Gables,personal_services,Hair Removal,$$,,,,,,0.55,Moderate,N,,,Y,CGCC,CG-OSINT-20260211-v3.0,2026-02-11
ilashandskare,iLash and Skincare,,,,430 South Dixie Highway,25.7254117,-80.2626961,33146,Coral Gables,personal_services,beauty,$$,,,,,,0.55,Moderate,N,,,N,OSM,CG-OSINT-20260211-v3.0,2026-02-11
canescentral,'Canes Central,,,,1307 Stanford Drive,25.720032,-80.2756652,33146,University of Miami Area,professional_services,university,$$$,,,,,,0.55,Moderate,N,,,N,OSM,CG-OSINT-20260211-v3.0,2026-02-11
advancedautomationprogramming,Advanced Automation Programming,Mr. Leonardo Hernandez,(305) 902-1651,aapmiami.com,,,,,Coral Gables,professional_services,Construction  Engineering & Design,$$$,,,,,,0.55,Moderate,N,,,Y,CGCC,CG-OSINT-20260211-v3.0,2026-02-11
alicebravoassoc,"Alice Bravo & Assoc., LLC",Ms. Alice Bravo,(305) 458-7541,alicebravo.com,,,,,Coral Gables,professional_services,Engineering & Consulting,$$$,,,,,,0.55,Moderate,N,,,Y,CGCC,CG-OSINT-20260211-v3.0,2026-02-11
annerezacdesign,Anne Rezac Design,Ms. Anne Rezac,(224) 334-7411,annerezac.com,,,,,Coral Gables,professional_services,Architecture / Engineering / Planning / Interior Design,$$$,,,,,,0.55,Moderate,N,,,Y,CGCC,CG-OSINT-20260211-v3.0,2026-02-11
arxcreative,ArX Creative,Ms. Maria Eugenia Lanao,(305) 302-0111,arxcreative.com,,,,,Coral Gables,professional_services,Architecture / Engineering / Planning / Interior Design,$$$,,,,,,0.55,Moderate,N,,,Y,CGCC,CG-OSINT-20260211-v3.0,2026-02-11
architecturaldesignllaborative,Architectural Design Collaborative Inc.,Mr. Raymundo Feito,(305) 442-1188,adcinternational.net,,,,,Coral Gables,professional_services,Architecture / Engineering / Planning / Interior Design,$$$,,,,,,0.55,Moderate,N,,,Y,CGCC,CG-OSINT-20260211-v3.0,2026-02-11
bermelloajamilrtners,"Bermello, Ajamil & Partners, Inc.",Ms. Tere Garcia,(305) 859-2050,bermelloajamil.com,,,,,Coral Gables,professional_services,Architecture / Engineering / Planning / Interior Design,$$$,,,,,,0.55,Moderate,N,,,Y,CGCC,CG-OSINT-20260211-v3.0,2026-02-11
brasfieldgorrie,"Brasfield & Gorrie, LLC",Mr. Mike Peters,(305) 938-9800,brasfieldgorrie.com,,,,,Coral Gables,professional_services,Construction  Engineering & Design,$$$,,,,,,0.55,Moderate,N,,,Y,CGCC,CG-OSINT-20260211-v3.0,2026-02-11
camnercenterforresources,Camner Center for Resources,,,,1307 Stanford Drive,25.7199956,-80.2757068,33146,University of Miami Area,professional_services,university,$$$,,,,,,0.55,Moderate,N,,,N,OSM,CG-OSINT-20260211-v3.0,2026-02-11
cashier,Cashier,,,,1307 Stanford Drive,25.7200125,-80.2756443,33146,University of Miami Area,professional_services,university,$$$,,,,,,0.55,Moderate,N,,,N,OSM,CG-OSINT-20260211-v3.0,2026-02-11
ciaomovingstorage,Ciao Moving & Storage,,(305) 531-4222,https://ciaomoving.com/,3000 Coral Way,25.7498545,-80.2424634,33133,Douglas Road Corridor,professional_services,moving_company,$$$,,,,,,0.55,Moderate,N,,,N,OSM,CG-OSINT-20260211-v3.0,2026-02-11
nsulategeneralofsin,Consulate General of Spain,,(305) 446-5511,http://www.exteriores.gob.es/Consulados/MIAMI/en/Pages/inicio.aspx,2655 Southwest 42nd Avenue,25.7475321,-80.2615072,33134,Ponce de Leon Corridor,professional_services,diplomatic,$$$,,,,,,0.55,Moderate,N,,,N,OSM+OSM,CG-OSINT-20260211-v3.0,2026-02-11
nsulateofhungary,Consulate of Hungary,,,https://washington.mfa.gov.hu/page/consulates,2121 Ponce de Leon Boulevard,25.7532979,-80.2584844,33134,Ponce de Leon Corridor,professional_services,diplomatic,$$$,,,,,,0.55,Moderate,N,,,N,OSM,CG-OSINT-20260211-v3.0,2026-02-11
ralgablesdevelopmentservices,Coral Gables Development Services,,,,427 Biltmore Way,25.748782,-80.2640039,33134,Coral Gables,professional_services,government,$$$,,,,,,0.55,Moderate,N,,,N,OSM,CG-OSINT-20260211-v3.0,2026-02-11
ralgablestagagency,Coral Gables Tag Agency,,,,1418 Ponce de Leon Boulevard,25.7585232,-80.259215,33134,Ponce de Leon Corridor,professional_services,government,$$$,,,,,,0.55,Moderate,N,,,N,OSM,CG-OSINT-20260211-v3.0,2026-02-11
unselingcenter,Counseling Center,,,,1307 Stanford Drive,25.7199632,-80.2757509,33146,University of Miami Area,professional_services,university,$$$,,,,,,0.55,Moderate,N,,,N,OSM,CG-OSINT-20260211-v3.0,2026-02-11
deanofstudentsoffice,Dean of Students Office,,,,1306 Stanford Drive,25.7202425,-80.2781276,33146,University of Miami Area,professional_services,university,$$$,,,,,,0.55,Moderate,N,,,N,OSM,CG-OSINT-20260211-v3.0,2026-02-11
debowskydesigngroup,Debowsky Design Group,Mr. Stuart Debowsky,(305) 495-2751,debowsky.com,,,,,Coral Gables,professional_services,Architecture / Engineering / Planning / Interior Design,$$$,,,,,,0.55,Moderate,N,,,,final-osint,,
