business_name,phone,website,address,lat,lon,postcode,rating,review_count,category_raw,price,source
IM Tax Advisors,(305) 631-6666,http://www.imtaxadvisors.com/,"5975 Sunset Dr #504, South Miami, FL 33143",25.7047296,-80.2906223,33143,5,122,Tax preparation service,None,apify
"My CPA, PA",(954) 894-2003,https://www.my.cpa/?utm_campaign=gmbmiami,"1430 S Dixie Hwy Ste 315, Miami, FL 33146",25.7097758,-80.2819587,33146,5,80,Certified public accountant,None,apify
PBC Accounting and Tax Services Corp,(786) 536-7659,https://www.pbctaxes.com/,"9700 S Dixie Hwy #930, Miami, FL 33156",25.6805328,-80.3168592,33156,5,151,Tax preparation,None,apify
CPA Miami,(305) 567-3152,http://www.cpamiami.com/,"4000 Ponce de Leon Blvd Ste 470, Coral Gables, FL 33146",25.7339951,-80.258992,33146,4.7,47,Accounting firm,None,apify
CFLG Accountants|Advisors,(305) 662-7272,http://www.cflgcpa.com/,"8950 SW 74th Ct Ste 1210, Miami, FL 33156",25.687051,-80.3158267,33156,5,78,Certified public accountant,None,apify
RC CPAs & Business Advisors,(305) 615-2655,http://www.rc.cpa/,"9350 S Dixie Hwy #1250, Miami, FL 33156",25.6835327,-80.3145898,33156,4.9,37,Certified public accountant,None,apify
Sori Accounting Services,(201) 757-9660,,"9100 S Dadeland Blvd Apt 1500, Miami, FL 33156",25.6864842,-80.3148017,33156,5,25,Accounting firm,None,apify
Doeren Mayhew,(305) 670-0400,https://www.doeren.com/locations/south-miami-fl,"5975 Sunset Dr #802, South Miami, FL 33143",25.7045776,-80.2906724,33143,5,2,Certified public accountant,None,apify
KSDT Accountants & Advisors,(305) 670-3370,http://www.ksdt.com/,"9300 S Dadeland Blvd #600, Miami, FL 33156",25.6837242,-80.3170358,33156,4.9,63,Accounting firm,None,apify
"Hernandez Professional Accounting & Tax Preparer ""A name you can trust since 1991""",(305) 400-8649,http://www.hernandezprofessional.com/,"9380 SW 72nd St B-214, Miami, FL 33173",25.7005791,-80.3457662,33173,4.9,71,Accountant,None,apify
Accountants in Miami,(786) 250-4450,http://accountantsinmiami.com/,"8950 SW 74th Ct Ste 2201, Miami, FL 33156",25.687051,-80.3158857,33156,3.2,13,Accountant,None,apify
Cardinal Accounting Solutions,(305) 419-3001,https://www.cardinalslt.com/,"7700 N Kendall Dr #504, Miami, FL 33156",25.6871854,-80.3198424,33156,5,44,Bookkeeping service,None,apify
"Parlade Schaefer Schortz, CPAs PA",(305) 670-0400,http://www.psscpas.com/,"5975 Sunset Dr #802, South Miami, FL 33143",25.7045776,-80.2906724,33143,4,12,Certified public accountant,None,apify
Accountze LLC,(786) 519-3123,,"8603 S Dixie Hwy Ste 406 A, Miami, FL 33156",25.6902702,-80.306004,33156,5,30,Accountant,None,apify
Executive Tax & Accounting Services Inc.,(305) 800-1040,https://www.exectaxservices.com/,"8585 Sunset Dr Ste 105, Miami, FL 33143",25.702835,-80.3328866,33143,4.4,13,Tax preparation service,None,apify
Digital Tax Group,(305) 441-2105,https://www.digitaltaxgroup.com/,"6701 Sunset Dr Ste 100, South Miami, FL 33143",25.7040932,-80.301932,33143,5,34,Tax consultant,None,apify
"Accounting & Tax Services of South Florida, Corp.",(305) 669-5115,http://www.accountingtaxfl.com/,"6080 Bird Rd, Miami, FL 33155",25.7335472,-80.2928641,33155,3.9,7,Tax preparation service,None,apify
Michael A. Blanco CPA,(305) 615-2725,https://blancollp.com/,"7301 SW 57th Ct Ste 525, South Miami, FL 33143",25.7034236,-80.2861947,33143,4,2,Certified public accountant,None,apify
"Karen E. Lee, CPA",(305) 815-1462,https://cpakaren.com/,"6501 Leonardo St, Coral Gables, FL 33146",25.7090296,-80.2720988,33146,4.8,10,Tax preparation,None,apify
"Gonzalez & Company, C.P.A., P.A.",(305) 900-3333,https://www.yourcpaaccountant.com/,"2655 S Le Jeune Rd Suite 576, Coral Gables, FL 33134",25.7475539,-80.2619213,33134,5,9,Certified public accountant,None,apify
South Miami Animal Clinic,(305) 667-7238,https://petpaws.net/,"6100 S Dixie Hwy, South Miami, FL 33143",25.7020165,-80.291876,33143,4.8,236,Veterinarian,None,apify
Miami Veterinary Specialists,(305) 665-2820,http://mvshospital.com/,"8601 Sunset Dr, Miami, FL 33143",25.7026274,-80.3333915,33143,3.5,983,Veterinarian,None,apify
South Miami Vets and Pets,(305) 255-7838,https://southmiamivetsandpets.com/,"12035 S Dixie Hwy #200, Pinecrest, FL 33156",25.6585114,-80.3269289,33156,4.9,142,Veterinarian,None,apify
Miami Veterinary Specialists: Emergency Room,(305) 665-2820,http://mvshospital.com/,"8601 Sunset Dr, Miami, FL 33143",25.7025384,-80.3333713,33143,4.3,405,Emergency room,None,apify
Dadeland Animal Hospital,(305) 671-3647,https://www.dadelandanimalhospital.com/,"9495 Old Dixie Hwy, Miami, FL 33156",25.6823525,-80.3159687,33156,4.8,421,Veterinarian,None,apify
VCA South Dade Animal Hospital,(305) 661-2573,https://vcahospitals.com/south-dade?utm_source=maps&utm_medium=organic&utm_campaign=AU_1058,"7230 N Kendall Dr, Kendall, FL 33156",25.6876121,-80.3116247,33156,4.5,327,Veterinarian,None,apify
Animal Clinic of Miami Dade,(305) 262-8888,https://animalclinicofmiadade.com/,"2134 Ludlam Rd, Miami, FL 33155",25.750568,-80.3038125,33155,4.5,432,Veterinarian,None,apify
Southwest Animal Hospital,(305) 661-7765,https://southwestanimalmiami.vetsfirstchoice.com/,"6448 Bird Rd, Miami, FL 33155",25.7332963,-80.3002506,33155,4.8,159,Veterinarian,None,apify
Animal Health & Rehab Center,(305) 665-3526,http://www.animalhealthrehab.com/,"7535 SW 62nd Ave, South Miami, FL 33143",25.7007948,-80.2930386,33143,4.9,97,Animal hospital,None,apify
Miami Veterinary Dermatology,(305) 740-3376,https://miamivetderm.com/,"6448 S Dixie Hwy Unit E, South Miami, FL 33143",25.6969906,-80.297375,33143,4.6,131,Veterinarian,None,apify
South Kendall Animal Hospital,(305) 238-2030,http://www.southkendall.com/,"14201 S Dixie Hwy, Palmetto Bay, FL 33176",25.6381476,-80.3362384,33176,4.7,405,Veterinarian,None,apify
Thrive Pet Healthcare Specialists Miami,(305) 666-4142,https://www.thrivepetcare.com/locations/florida/miami/miami-specialty-emergency/?utm_source=gmb&utm_medium=web,"6394 S Dixie Hwy, Miami, FL 33143",25.6978667,-80.29705,33143,3.9,588,Emergency veterinarian service,None,apify
Miami Animal Clinic,(786) 542-6070,https://www.miamianimalclinic.net/,"7345 SW 8th St, Miami, FL 33144",25.7631378,-80.3148799,33144,4.8,1139,Veterinarian,None,apify
Royal Vet - Animal Hospital in Pinecrest,(305) 590-5008,https://royalvet.com/locations/miami/pinecrest/,"12303 S Dixie Hwy, Pinecrest, FL 33156",25.6560314,-80.3279056,33156,5,429,Veterinarian,None,apify
VCA Knowles Snapper Creek Animal Hospital,(305) 279-2323,https://vcahospitals.com/knowles-snapper-creek?utm_source=maps&utm_medium=organic&utm_campaign=AU_4071,"9933 Sunset Dr, Miami, FL 33173",25.7018209,-80.3543645,33173,4.1,456,Veterinarian,None,apify
Ludlam Dixie Animal Clinic,(305) 662-4202,,"8271 S Dixie Hwy, Miami, FL 33143",25.69333,-80.3015616,33143,4.8,47,Animal hospital,None,apify
The Pet Emergency Room,(305) 666-4142,http://www.svrcflorida.com/,"6394 S Dixie Hwy, South Miami, FL 33143",25.6977763,-80.2969453,33143,3.5,359,Animal hospital,None,apify
Sunset Animal Clinic | Miami FL,(786) 821-0607,http://sunsetvets.com/,"8776 SW 72nd St, Miami, FL 33173",25.7014534,-80.3355971,33173,4.6,225,Veterinarian,None,apify
Red Bird Animal Clinic,(305) 661-6466,http://www.redbirdanimalclinic.com/,"5753 Bird Rd, Miami, FL 33155",25.7347692,-80.2878848,33155,4.8,229,Veterinarian,None,apify
Banfield Pet Hospital,(305) 669-4982,https://www.banfield.com/locations/veterinarians/fl/miami/dad?utm_source=yext&utm_medium=yext&utm_campaign=yext&cid=yext_local,"8302 S Dixie Hwy, Miami, FL 33143",25.6933898,-80.3060862,33143,3.7,197,Veterinarian,None,apify
Alexander At The Park Veterinary Hospital,(919) 484-9900,https://alexanderattheparkvethospital.com/,"2945 S Miami Blvd #125, Durham, NC 27703",35.9247803,-78.8441764,27703,4.7,74,Veterinarian,None,apify
GoDog Research Triangle Park (RTP),(919) 373-3013,https://godoghq.com/research-triangle-park-intro-offer/,"2612 S Miami Blvd Units 101-106, Durham, NC 27703",35.9315001,-78.8440002,27703,4.5,122,Dog day care center,None,apify
Avant-Garde Salon & Spa,(305) 442-8136,https://avantgardesalonandspa.com/,"155 Miracle Mile, Miami, FL 33134",25.7499675,-80.2578541,33134,4.9,1538,Beauty salon,None,apify
Madison Reed Hair Color Bar Coral Gables,(305) 487-8812,https://www.madison-reed.com/colorbar/locations/coralgables,"320 San Lorenzo Ave Spc 1235, Coral Gables, FL 33146",25.7319284,-80.2595853,33146,4.7,345,Hair salon,None,apify
Highlight Salon and Spa,(305) 448-0707,http://highlightcoralgables.com/,"2100 Ponce de Leon Blvd STE 111, Coral Gables, FL 33134",25.753575,-80.259006,33134,5,639,Hair salon,None,apify
Danny Jelaca Salon,(305) 604-9696,https://dannyjelaca.com/,"301 Altara Ave Ste 103, Coral Gables, FL 33146",25.7341354,-80.2619074,33146,4.8,324,Beauty salon,None,apify
MG Hair Studios in Coral Gables. Best Hair Color Salon,(305) 774-7151,https://mghair.miami/,"506 Biltmore Way, Coral Gables, FL 33134",25.748055,-80.265025,33134,5,325,Beauty salon,None,apify
J•Nat Hair Studio,(786) 315-8809,http://jnathairstudio.booksy.com/,"1340 S Dixie Hwy Ste 150, Coral Gables, FL 33146",25.7128702,-80.2783641,33146,5,69,Hair salon,None,apify
Sol & Style Hair and Beauty Salon,(786) 767-1324,http://www.solandstyle.com/,"1731 Ponce de Leon Blvd, Coral Gables, FL 33134",25.756158,-80.2586124,33134,4.8,192,Hair salon,None,apify
La Bella Salon,(305) 444-1412,https://www.labellasalons.com/,"1 Andalusia Ave, Coral Gables, FL 33134",25.7490929,-80.2553932,33134,4.8,238,Beauty salon,None,apify
Conde Hair Salon,(786) 789-2232,https://condehairsalon.com/,"2600 Douglas Rd #104, Coral Gables, FL 33134",25.747722,-80.2547399,33134,4.9,1136,Hair salon,None,apify
A&D Hair Salon,(305) 582-4184,https://www.anthonydavidsalon.com/,"1735 Coral Wy, Coral Gables, FL 33145",25.7510846,-80.2227856,33145,5,102,Hair salon,None,apify
Emiliano Breit Salon & Spa,(786) 899-0923,https://www.emilianobreitsalon.com/,"2603 Ponce de Leon Blvd, Coral Gables, FL 33134",25.7477958,-80.2584063,33134,4.9,377,Hair salon,None,apify
THE MANE GROUP SALON,(305) 284-1095,http://www.tmgsalons.com/,"1430 S Dixie Hwy Ste 106, Coral Gables, FL 33146",25.7096289,-80.2817499,33146,4.9,141,Beauty salon,None,apify
Sola Salons,(786) 858-5764,https://www.solasalonstudios.com/locations/merrick-park?utm_source=gmb&utm_medium=organic,"358 San Lorenzo Ave Unit 3225, Coral Gables, FL 33146",25.7314728,-80.2594438,33146,4.6,30,Beauty salon,None,apify
Bliss Beautique,(786) 254-7844,https://blissbeautique.com/?y_source=1_MTA2NTQxMDY1NC03MTUtbG9jYXRpb24ud2Vic2l0ZQ%3D%3D,"2255 Ponce de Leon Blvd, Coral Gables, FL 33134",25.7515681,-80.2584608,33134,4.9,264,Beauty salon,None,apify
Cosa bella beauty salon and spa,(305) 444-0063,,"928 S Le Jeune Rd, Coral Gables, FL 33134",25.7631463,-80.2634833,33134,4.9,137,Beauty salon,None,apify
Salons by JC Coral Gables on Miracle Mile,(305) 209-9384,https://salonsbyjc.com/location/florida-coral-gables/,"2 Aragon Ave, Coral Gables, FL 33134",25.750482,-80.2557972,33134,4.8,76,Beauty salon,None,apify
88 Salon,(786) 547-3784,,"1430 Madruga Ave Ste 8, Coral Gables, FL 33146",25.7092556,-80.2816531,33146,4.8,26,Beauty salon,None,apify
Muse In the Gables,(305) 446-9696,,"1420 Ponce de Leon Blvd, Coral Gables, FL 33134",25.7584661,-80.2592975,33134,4.8,54,Beauty salon,None,apify
Avalon Salon,(305) 445-2631,http://avalonmiami.com/,"2431 Galiano St, Coral Gables, FL 33134",25.7489563,-80.2564954,33134,4.9,326,Beauty salon,None,apify
Dominican Hair Salon,(786) 973-7755,https://maria-de-oleo.square.site/,"358 San Lorenzo av 3225 coral gables, suite #3, Miami, FL 33146",25.7312138,-80.2603584,33146,4.8,159,Hair salon,None,apify
GreatFlorida Insurance: Mike Carcas,(305) 461-3232,https://coralgables.greatflorida.com/?utm_source=google&utm_medium=organic&utm_campaign=gbp-listing&utm_content=20,"717 Ponce de Leon Blvd Ste 211, Coral Gables, FL 33134",25.7653633,-80.2578323,33134,5,148,Insurance agency,None,apify
Gables Elite Insurance Inc,(305) 448-2887,http://www.gableseliteinsurance.com/,"124 Madeira Ave, Coral Gables, FL 33134",25.755836,-80.2573984,33134,5,80,Home insurance agency,None,apify
Leticia Insurance Agency,(305) 631-2094,http://www.leticiainsuranceagency.com/,"5538 SW 8th St, Coral Gables, FL 33134",25.7634208,-80.2846463,33134,4.8,50,Insurance broker,None,apify
GreatFlorida Insurance: Ana Patricia Arguello,(786) 409-2211,https://miami.greatflorida.com/?utm_source=google&utm_medium=organic&utm_campaign=gbp-listing&utm_content=139,"1390 S Dixie Hwy Suite 2202, Coral Gables, FL 33146",25.7113982,-80.279535,33146,5,37,Insurance agency,None,apify
Del Toro Insurance,(305) 698-0899,https://www.deltoroinsurance.com/florida-insurance-agency-coral-gables/,"1418 Ponce de Leon Blvd, Coral Gables, FL 33134",25.7585234,-80.2592042,33134,4.6,34,Insurance agency,None,apify
We Insure Coral Gables - Rick Leal,(305) 921-4057,https://weinsuregroup.com/agent/coral-gables-rick-leal,"2600 Douglas Rd #905, Coral Gables, FL 33134",25.747899,-80.254725,33134,4.7,23,Insurance agency,None,apify
"Sunstate Insurance Group, Inc.",(305) 446-2112,,"3075 SW 38th Ct Ste a, Coral Gables, FL 33146",25.7336197,-80.2567465,33146,5,6,Insurance agency,None,apify
Elite Insurance Connection,(305) 733-4047,https://www.eliteinsuranceconnection.com/,"5545 SW 8th St #204, Coral Gables, FL 33134",25.763902,-80.285029,33134,5,8,Insurance agency,None,apify
Alex Blanco: Allstate Insurance,(305) 895-2333,https://agents.allstate.com/alex-blanco-coral-gables-fl.html?utm_source=GMB&utm_medium=Website,"708 S Dixie Hwy, Coral Gables, FL 33146",25.7221745,-80.2670078,33146,4.8,31,Insurance agency,None,apify
Golden Gables Insurance,(305) 442-2187,https://www.goldengablesinsuranceagency.com/,"7171 Coral Wy #104, Miami, FL 33155",25.748296,-80.3106066,33155,,,Insurance agency,None,apify
Carlos Martinez - State Farm Insurance Agent,(305) 663-4921,https://www.carmartinez.com/?cmpid=JRLE_blm_0001,"1430 S Dixie Hwy Ste 316a, Coral Gables, FL 33146",25.7098795,-80.2814663,33146,5,100,Insurance agency,None,apify
Sunset Insurance Corporation,(305) 661-2377,https://www.sunsetins.net/,"106 Madeira Ave, Coral Gables, FL 33134",25.7558146,-80.2570265,33134,5,5,Insurance agency,None,apify
Complete Insurance Agency,(305) 667-7717,https://www.completeinsagency.com/,"717 Ponce de Leon Blvd Ste 327, Coral Gables, FL 33134",25.7655856,-80.2578432,33134,5,7,Insurance agency,None,apify
"Brightway Insurance, The Debs Agency",(305) 668-7070,https://www.brightway.com/agencies/FL/Coral-Gables/0044,"6915 Red Rd #209, Coral Gables, FL 33143",25.7049382,-80.2852062,33143,4.9,13,Insurance agency,None,apify
We Insure Miami - Randy Marzullo,(786) 801-3514,http://weinsuregroupmiami.com/,"1550 Madruga Ave #330, Coral Gables, FL 33146",25.7077085,-80.2832772,33146,4.6,34,Insurance agency,None,apify
wyn insurance,(305) 521-9082,https://wyninsurance.com/,"2332 Galiano St 2nd floor, Coral Gables, FL 33134",25.7503404,-80.2570322,33134,4.7,12,Insurance agency,None,apify
WeDo Insurance & Taxes,(305) 432-3966,https://www.wedoinsuranceandtaxes.com/,"801 Madrid St #201, Coral Gables, FL 33134",25.7635841,-80.282013,33134,5,254,Insurance agency,None,apify
RRJ Insurance Services of Florida,(305) 614-0055,https://www.rrj-insurance.com/,"2355 Salzedo St Ste 306, Coral Gables, FL 33134",25.7498081,-80.2605636,33134,,,Insurance agency,None,apify
DFI INSURANCE COMPANY,(305) 665-1903,http://getmydfi.com/,"1430 S Dixie Hwy Ste 307, Coral Gables, FL 33146",25.7097105,-80.2819801,33146,4.8,367,Home insurance agency,None,apify
Perez Family Insurance,(786) 981-3730,https://perezfamilyinsurance.com/,"95 Merrick Wy Fl 3, Coral Gables, FL 33134",25.7516099,-80.256572,33134,,,Health insurance agency,None,apify
Paramount Tax & Accounting Coral Gables,(786) 788-7877,https://paramount.tax/coral-gables,"150 Alhambra Cir Office 1034, Coral Gables, FL 33134",25.7518796,-80.25805,33134,5,5,Tax preparation,None,apify
"A&G - CPA Firm Coral Gables, FL",(786) 838-7062,http://www.agcpafirm.com/,"1200 Anastasia Ave #412, Coral Gables, FL 33134",25.7410259,-80.2772445,33134,4.9,38,Certified public accountant,None,apify
Monahan Mijares CPA,(305) 407-1440,https://monahanmijares.com/,"75 Valencia Ave Ste 703, Coral Gables, FL 33134",25.7481417,-80.2559424,33134,5,56,Certified public accountant,None,apify
E. Gomez CPA LLC,(305) 497-0552,https://www.egomezcpa.com/,"4000 Ponce de Leon Blvd Ste 470, Coral Gables, FL 33146",25.7340275,-80.2590105,33146,4.7,38,Certified public accountant,None,apify
Accountor CPA Accounting Bookkeeping and Tax Experts,(888) 437-9540,https://accountor.cpa/near-me/florida-fl/accounting-and-bookkeeping-in-coral-gables/?utm_source=google&utm_medium=organic&utm_campaign=google_my_business_usa_coral_gables,"3081 Salzedo St Ste 202-J3, Coral Gables, FL 33134",25.7441852,-80.2602817,33134,5,46,Bookkeeping service,None,apify
Heyer Accounting & Tax,(786) 693-9358,https://heyerinc.com/,"3150 SW 38th Ave #1301, Coral Gables, FL 33146",25.732505,-80.256129,33146,4.9,148,Accounting firm,None,apify
RSC CPA Solutions,(305) 330-6141,https://www.rsccpasolutions.com/,"2525 Ponce de Leon Blvd 7th floor, Coral Gables, FL 33134",25.7484691,-80.2581627,33134,5,2,Certified public accountant,None,apify
BPA Accounting Services Inc,(305) 448-0542,http://bpaaccounting.com/,"2030 Douglas Rd Ste 119, Coral Gables, FL 33134",25.7536847,-80.2552493,33134,5,46,Accountant,None,apify
Miyares Group,(305) 640-8521,https://miyaresgroup.com/,"2100 Ponce de Leon Blvd #940, Coral Gables, FL 33134",25.7533226,-80.2590953,33134,4.9,50,Certified public accountant,None,apify
"Antonio Perez CPA, P.A.",(786) 478-7715,https://www.antoniocpa.com/,"2332 Galiano St 2nd floor, Coral Gables, FL 33134",25.7503404,-80.2570322,33134,5,10,Certified public accountant,None,apify
"George, Cintron & Co. CPA",(305) 394-6799,https://gctaxcpa.com/?utm_source=omg-gbp&utm_medium=webclick,"2525 Ponce de Leon Blvd Suit 300, Coral Gables, FL 33134",25.7484691,-80.2581627,33134,5,26,Accounting firm,None,apify
"Gables Tax Planning Group, LLC",(888) 477-0108,https://www.gablestaxplanninggroup.com/?utm_source=google&utm_medium=google_business_profile&utm_campaign=website_click,"1825 Ponce de Leon Blvd #526, Coral Gables, FL 33134",25.755435,-80.258605,33134,5,33,Accounting firm,None,apify
HS ACCOUNTING,(786) 334-4209,https://hs-accounting.com/,"2100 Coral Wy Ste 200-5, Coral Gables, FL 33145",25.7503946,-80.2284612,33145,5,7,Accountant,None,apify
"OTERO CPA, LLC",(786) 557-2342,http://www.oterocpa.com/,"1607 Ponce de Leon Blvd Ste 109, Coral Gables, FL 33134",25.7569256,-80.2586812,33134,5,46,Accounting firm,None,apify
"De La Hoz, Pérez & Barbeito, PLLC",(305) 448-5585,http://www.dpbcpa.com/,"2800 Ponce de Leon Blvd Ste 1020, Coral Gables, FL 33134",25.7459109,-80.259103,33134,4.8,16,Certified public accountant,None,apify
ACBOTAX CORP,(786) 376-8353,http://www.acbotax.com/,"1550 Madruga Ave Ste 210, Coral Gables, FL 33146",25.7077475,-80.2833632,33146,5,6,Accounting firm,None,apify
LensCrafters,(786) 526-5053,https://local.lenscrafters.com/fl/coral-gables/358-san-lorenzo-avenue.html?cid=yext_E896&y_source=1_MTc0MzI4MzYtNzE1LWxvY2F0aW9uLndlYnNpdGU%3D,"Second Floor, 358 San Lorenzo Ave Spc 2305, Coral Gables, FL 33146",25.7313365,-80.2601406,33146,4.9,1537,Optometrist,None,apify
Coral Gables Eye Care Center,(305) 444-8331,https://clarineyecare.com/coral-gables-eye-doctor/,"58 Miracle Mile, Coral Gables, FL 33134",25.749479,-80.2558784,33134,4.8,88,Optometrist,None,apify
Blinking Owl Eyecare,(786) 526-5054,https://local.lenscrafters.com/eyedoctors/fl/coral-gables/358-san-lorenzo-avenue.html?cid=yext_odLCODE896-110000910&y_source=1_Mjc5NDc5NzEtNzE1LWxvY2F0aW9uLndlYnNpdGU%3D,"Second Floor, 358 San Lorenzo Ave Spc 2305, Coral Gables, FL 33146",25.7313365,-80.2601406,33146,4.8,554,Optometrist,None,apify
Envision Optique,(305) 444-9600,https://www.envisionoptique.com/,"2726 Ponce de Leon Blvd, Coral Gables, FL 33134",25.746673,-80.258879,33134,4.8,369,Optometrist,None,apify
Vision Unlimited at Sunset,(305) 662-2990,https://www.visionunlimited.com/,"1555 Sunset Dr, Coral Gables, FL 33143",25.7047482,-80.2844848,33143,3.9,133,Optometrist,None,apify
Eyeglass Place Inc,(305) 669-3890,,"430 S Dixie Hwy, Coral Gables, FL 33146",25.7253574,-80.2627232,33146,5,7,Optician,None,apify
Visionworks Miracle Marketplace,(305) 443-7276,https://locations.visionworks.com/ll/US/FL/Miami/3301-Coral-Way?utm_medium=organic&utm_source=gbp&utm_campaign=website&utm_content=sl&utm_term=340,"3301 Coral Wy suite 102-A, Miami, FL 33145",25.7504,-80.249026,33145,4.6,355,Optometrist,None,apify
For Eyes,(305) 441-1717,https://locations.foreyes.com/fl/miami/3542-coral-way.html?y_source=1_NjM2NzY5MDktNzE1LWxvY2F0aW9uLndlYnNpdGU%3D,"3542 Coral Wy Ste 44, Miami, FL 33145",25.7497348,-80.2516691,33145,4.7,479,Optometrist,None,apify
Chrycy Eye Group,(305) 443-3783,https://www.chrycyeyecare.com/,"1661 SW 37th Ave Ste 102, Miami, FL 33145",25.7555902,-80.2545433,33145,4,63,Optometrist,None,apify
Bascom Palmer Eye Institute The Lennar Foundation Medical Center,(305) 689-5555,http://bascompalmer.org/,"The Lennar Foundation, Medical Center, 5555 Ponce de Leon Blvd 3rd floor, Coral Gables, FL 33146",25.7135474,-80.279942,33146,2.6,55,Optometrist,None,apify
Dr. Jorge R Garcia OD PA,(305) 443-6660,http://www.jorgergarciaodpa.com/,"3301 Coral Wy suite 102-A, Miami, FL 33145",25.75019,-80.2490555,33145,5,1226,Optometrist,None,apify
"Maria Gonzalez, OD",(305) 854-0736,,"2256 Coral Wy, Coral Gables, FL 33145",25.7503225,-80.2314085,33145,5,9,Optometrist,None,apify
Coral Eyes,(305) 854-2388,http://coral-eyes.com/,"1353 Coral Wy, Miami, FL 33145",25.7511894,-80.2175224,33145,4.8,473,Optometrist,None,apify
Venus Optical Boutique,(305) 961-1060,http://www.venuseyewear.com/,"147 Alhambra Cir Ste 222, Coral Gables, FL 33134",25.7526398,-80.2581721,33134,5,71,Eye care center,None,apify
Maria Martinez,,,"2550 Douglas Rd, Coral Gables, FL 33134",25.7482825,-80.2547877,33134,4.8,29,Optometrist,None,apify
Loly's Optical,(305) 446-8220,http://www.lolysoptical.com/,"3727 SW 8th St #103, Coral Gables, FL 33134",25.7648792,-80.2559349,33134,3.9,47,Optometrist,None,apify
The Eye Project,(305) 910-6892,https://theeyeproject.com/,"2030 Douglas Rd Ste 120, Coral Gables, FL 33134",25.7539404,-80.255384,33134,5,22,Optician,None,apify
Aran Eye Associates - Miami,(305) 442-2020,https://www.araneye.com/,"2550 Douglas Rd Ste 200, Coral Gables, FL 33134",25.7482825,-80.2547877,33134,4.7,383,Eye care center,None,apify
"Yaritza Flores, OD",(305) 443-7070,http://www.beraja.com/,"2550 Douglas Rd, Coral Gables, FL 33134",25.7482825,-80.2547877,33134,4.9,15,Optometrist,None,apify
Schneider Eye Center,(305) 662-9300,http://www.schneidereyecenter.com/,"7450 SW 57th Ave, Miami, FL 33143",25.7018127,-80.2855949,33143,5,963,Optometrist,None,apify
Flowers At The Gables,(305) 713-5669,https://shopflowersatthegables.com/,"3737 Peacock Ave, Coral Gables, FL 33146",25.7343341,-80.2545344,33146,4.6,22,Florist,None,apify
Flower Dream Miami,(714) 732-2273,https://www.flowerdreammiami.com/,"1700 Galiano St, Coral Gables, FL 33134",25.7564876,-80.2571024,33134,5,37,Flower designer,None,apify
Belle Fleur,(305) 444-0883,http://www.bfleur.com/,"333 Alcazar Ave, Coral Gables, FL 33134",25.7530329,-80.261569,33134,4.6,42,Florist,None,apify
Mercy's Flowers,(305) 264-5053,https://www.mercysflowers.net/,"5500 W Flagler St, Coral Gables, FL 33134",25.7707032,-80.284135,33134,4.3,136,Florist,None,apify
Coral Gables Florist Designed by Rick,(305) 663-0272,https://www.coralgablesflorist.com/,None,25.7631506,-80.254069,None,4.9,34,Florist,None,apify
Chateau Bloom,(786) 224-4845,https://www.chateau-bloom.com/,"3011 Ponce de Leon Blvd, Miami, FL 33134",25.7444008,-80.2582527,33134,4.9,53,Florist,None,apify
Trias Flowers & Gifts,(305) 749-0316,https://www.triasflowers.com/?utm_source=google&utm_medium=organic&utm_campaign=gmb,"6520 SW 40th St, Miami, FL 33155",25.7331657,-80.3014529,33155,4.7,1401,Florist,None,apify
MR Fresh Orchids,(786) 356-9377,https://mrfreshorchids.com/,"227 Aragon Ave, Coral Gables, FL 33134",25.7506053,-80.2593458,33134,4.9,130,Florist,None,apify
Fleur Estivale Design Studio,,https://www.instagram.com/fleurestivale.studio?igsh=NDkzczZ1YTk5NHBz,None,25.960485,-80.2072559,None,5,12,Florist,None,apify
Dream Toy Flowers,(305) 842-0150,https://dreamtoyflowers.com/,None,25.910958,-80.2687279,None,5,4,Florist,None,apify
Bloom 7,(305) 697-1335,https://bloom7studio.com/,None,26.1915505,-80.1750965,None,5,23,Florist,None,apify
Floralinea,(786) 534-8661,https://floralinea.com/,"3705 Grand Ave, Miami, FL 33133",25.7279203,-80.2538271,33133,4.7,47,Florist,None,apify
Primavera Florist Pedro,(305) 447-4660,,"5510 W Flagler St, Coral Gables, FL 33134",25.7707602,-80.2847228,33134,4.4,7,Florist,None,apify
love and memory florist,(305) 315-6505,https://loveandmemoryflorist.com/,None,25.782414,-80.2253934,None,5,8,Flower designer,None,apify
Cerezos Flowers,(786) 326-4412,https://flowerdeliverymiami.com/,"1721 SW 32nd Ave, Miami, FL 33145",25.7551529,-80.2465503,33145,4.7,189,Florist,None,apify
Garden Gate Orchid Arrangements,(305) 930-5761,https://gardengateorchids.co/,"2032 Red Rd, Miami, FL 33155",25.7516128,-80.2875679,33155,5,86,Florist,None,apify
Gather & Bloom | Floral Design House,(305) 640-8657,https://yourbouquetdealer.com/,None,25.7311845,-80.2702059,None,4.8,78,Florist,None,apify
More Than Flowers,(786) 587-6195,https://morethanflowersmiami.com/,"1741 Coral Wy, Miami, FL 33145",25.7510623,-80.2229147,33145,4.4,124,Florist,None,apify
JJ Orchids,(786) 294-8210,https://www.instagram.com/jjorchids/,"3140 McDonald St, Miami, FL 33133",25.7328838,-80.24605,33133,4.9,99,Florist,None,apify
Florana Flowers,(305) 666-5600,http://www.floranaflowers.com/,"4355 SW 72nd Ave, Miami, FL 33155",25.7297107,-80.3105285,33155,4.7,37,Florist,None,apify
Miami Furniture Outlet - Furniture Stores in Miami,(305) 400-2016,http://miamifurnitureoutlet.com/,"1430 S Dixie Hwy #105-1066, Coral Gables, FL 33146",25.7096451,-80.2820015,33146,5,3,Furniture store,None,apify
Decor House Furniture,(305) 448-6200,https://www.decorhousefurniture.com/,"4119 Ponce de Leon Blvd 3rd floor, Coral Gables, FL 33146",25.7334125,-80.2581835,33146,4.5,21,Furniture store,None,apify
Modo Furniture,(305) 567-2970,https://www.modo-furniture.com/,"4214 Ponce de Leon Blvd, Coral Gables, FL 33146",25.7326295,-80.2587956,33146,4.9,28,Furniture store,None,apify
Fine-Line Furniture & Accessories,(305) 661-4414,https://finelinefurnitureandaccessories.com/,"4217 Ponce de Leon Blvd, Coral Gables, FL 33146",25.7325089,-80.25816,33146,5,51,Furniture store,None,apify
Artefacto Coral Gables,(305) 774-0004,https://www.artefacto.com/,"101 S Dixie Hwy, Coral Gables, FL 33146",25.7302835,-80.2572795,33146,3.9,65,Furniture store,None,apify
Rooms To Go,(919) 785-2222,https://www.roomstogo.com/stores/north-carolina/raleigh-furniture-store-1604?utm_source=listings&utm_medium=localsearch&utm_campaign=listings_showroom,"5900 Glenwood Ave Ste A, Raleigh, NC 27612",35.8540775,-78.6982699,27612,4.7,7731,Furniture store,None,apify
Arhaus,(786) 228-7067,https://www.arhaus.com/pages/coral-gables-fl,"4400 Ponce de Leon Blvd #1600, Coral Gables, FL 33146",25.7310939,-80.2584683,33146,3.8,61,Furniture store,None,apify
Crate & Barrel,(305) 460-3560,https://www.crateandbarrel.com/stores/coral-gables/str814?utm_source=gmb&utm_medium=organic_search,"358 San Lorenzo Ave, Coral Gables, FL 33146",25.7314688,-80.2601038,33146,3.8,205,Furniture store,None,apify
Sierra Furniture,(305) 469-7858,https://sierrafurnituremiami.com/,"301 Altara Ave Ste 122, Coral Gables, FL 33146",25.7336441,-80.2617956,33146,4.7,15,Furniture store,None,apify
Bob's Discount Furniture and Mattress Store,(984) 306-0469,https://www.mybobs.com/store/north-carolina/cary/?utm_medium=local&utm_source=maps&utm_campaign=Yext&utm_term=&utm_content=,"405 Crossroads Blvd, Cary, NC 27518",35.7620201,-78.7356645,27518,4.8,416,Furniture store,None,apify
Havertys Furniture,(919) 783-6115,https://www.havertys.com/store-locations/all-store-locations/north-carolina/raleigh,"6701 Glenwood Ave #121, Raleigh, NC 27612",35.8601839,-78.710615,27612,4.7,1068,Furniture store,None,apify
Victoria's Armoire,(305) 445-3848,https://www.victoriasarmoire.net/,"4077 Ponce de Leon Blvd, Coral Gables, FL 33146",25.7338931,-80.2582109,33146,3.7,40,Furniture store,None,apify
Bello Hogar Furniture,(828) 384-8758,https://www.facebook.com/bellohogar8700,"5920 N Tryon St A, Charlotte, NC 28213",35.2666058,-80.7678328,28213,4.8,116,Furniture store,None,apify
Floridian Furniture Co,(305) 448-2639,http://floridianfurniture.com/,"4795 SW 8th St, Coral Gables, FL 33134",25.7643966,-80.2733612,33134,4.5,23,Furniture store,None,apify
Bob's Discount Furniture and Mattress Store,(980) 369-4144,https://www.mybobs.com/store/north-carolina/charlotte/?utm_medium=local&utm_source=maps&utm_campaign=Yext&utm_term=&utm_content=,"8215 University City Blvd Ste E, Charlotte, NC 28213",35.2974383,-80.7467901,28213,4.9,25,Furniture store,None,apify
Country French Inc,(305) 661-0159,http://www.countryfrenchinc.com/,"7259 SW 57th Ave, South Miami, FL 33143",25.7038778,-80.2850711,33143,4.5,8,Furniture store,None,apify
Luminaire Flagship,(305) 448-7367,https://www.luminaire.com/,"2331 Ponce de Leon Blvd, Coral Gables, FL 33134",25.7507095,-80.2583656,33134,4.4,16,Furniture store,None,apify
Lavish Furniture of Southern Pines,(910) 725-2513,https://lavishfurnitureus.com/,"1650 US-1, Southern Pines, NC 28387",35.1594455,-79.4123269,28387,4.9,56,Furniture store,None,apify
Bhoom Shanti,(305) 668-8881,http://www.bhoomshanti.com/,"5830 Sunset Dr, Miami, FL 33143",25.7040914,-80.287923,33143,4.9,80,Furniture store,None,apify
Ornate Home Charlotte,(980) 309-0717,https://ornatehome.com/?utm_source=google&utm_medium=GBP&utm_campaign=charlottelocal,"8620 Monroe Rd, Charlotte, NC 28212",35.1519194,-80.746448,28212,4.7,158,Furniture store,None,apify
Essence Boutique,(305) 448-6777,https://www.essencemiami.com/collections/whats-new,"78 Miracle Mile, Coral Gables, FL 33134",25.7494399,-80.2561974,33134,4.9,17,Boutique,None,apify
Bloom Boutique,(305) 476-0300,http://www.shopbloomboutique.com/,"256 Andalusia Ave, Coral Gables, FL 33134",25.7483791,-80.2599833,33134,4.9,11,Boutique,None,apify
Ohm Boutique,(305) 284-8455,http://www.ohmboutique.com/,"1561 Sunset Dr, Coral Gables, FL 33143",25.7046821,-80.2846862,33143,4.3,36,Boutique,None,apify
Blue Serenity Boutique,(786) 564-2674,http://www.blueserenityboutique.com/,"258 Andalusia Ave, Coral Gables, FL 33134",25.7484392,-80.2599664,33134,4.7,14,Women's clothing store,None,apify
Filomena Fernandez,(305) 661-4448,http://filomenafernandez.com/,"4217 Ponce de Leon Blvd, Coral Gables, FL 33146",25.732509,-80.258161,33146,4.7,15,Boutique,None,apify
If So Boutique,(786) 942-2626,http://www.ifsoboutiques.com/,"2606 Ponce de Leon Blvd, Coral Gables, FL 33134",25.7476939,-80.2587449,33134,4.7,25,Boutique,None,apify
Little Cottage Boutique,(786) 876-7667,https://www.theguesthousemiami.com/,"6917 S Red Rd, Coral Gables, FL 33146",25.7077612,-80.2854397,33146,5,3,Store,None,apify
Altar'd State Shops at Merrick Park,(786) 671-8796,https://www.altardstate.com/?utm_source=google&utm_medium=organic&utm_campaign=website-link,"342 San Lorenzo Ave Ste 1088, Coral Gables, FL 33146",25.7315449,-80.2596523,33146,4.7,43,Women's clothing store,None,apify
Miro's Boutique,(305) 667-0084,,"5616 Sunset Dr, Miami, FL 33143",25.704092,-80.2848534,33143,4.3,25,Women's clothing store,None,apify
Shops at Merrick Park,(305) 529-1215,https://www.shopsatmerrickpark.com/en.html,"4310 Ponce de Leon Blvd, Coral Gables, FL 33146",25.7316577,-80.2587905,33146,4.6,5600,Shopping mall,None,apify
Danittza Zimic Label,(305) 520-0167,http://www.danittzazimic.com/,"1430 Madruga Ave Ste 7, Coral Gables, FL 33146",25.7092556,-80.2816531,33146,5,21,Boutique,None,apify
CAMILLA Merrick Park Boutique,(786) 206-1298,https://www.camilla.com/,"320 San Lorenzo Ave Ste Number #1223, Coral Gables, FL 33146",25.7322959,-80.2607765,33146,4.2,5,Fashion designer,None,apify
Boy Meets Girl,(305) 445-9668,http://www.bmgkids.com/,"330 San Lorenzo Ave Ste 2310, Coral Gables, FL 33146",25.7319377,-80.2597319,33146,4.9,108,Children's clothing store,None,apify
Silvia Tcherassi Miami,(305) 444-0084,http://www.silviatcherassi.com/,"207 San Lorenzo Ave, Coral Gables, FL 33146",25.7322939,-80.2587159,33146,4.4,36,Women's clothing store,None,apify
Artigiano Men's Clothing,(305) 569-9970,https://www.artigianomiami.com/,"4212 Laguna St, Coral Gables, FL 33146",25.7325592,-80.2612451,33146,4.9,77,Men's clothing store,None,apify
Ann Taylor,(305) 567-8959,https://www.anntaylor.com/store/fl/coral-gables/358-san-lorenzo-avenue?y_source=1_MTY1NzM5OS03MTUtbG9jYXRpb24ud2Vic2l0ZQ%3D%3D,"358 San Lorenzo Ave, Coral Gables, FL 33146",25.732146,-80.259625,33146,4,45,Women's clothing store,None,apify
120% Lino,(305) 774-1212,http://120percento.com/,"Visit the boutique on the garden level by Nordstrom, Shops at Merrick Park, 342 San Lorenzo Ave Ste 1100, Coral Gables, FL 33134",25.7315429,-80.2594655,33134,4.4,17,Boutique,None,apify
Nordstrom,(786) 999-1313,https://www.nordstrom.com/store-details/nordstrom-shops-at-merrick-park?utm_source=google&utm_medium=organic&utm_campaign=fls&utm_content=763&utm_channel=low_nd_seo_local&sp_source=google&sp_campaign=fls,"4310 Ponce de Leon Blvd, Coral Gables, FL 33146",25.7318745,-80.258925,33146,4.5,1774,Clothing store,None,apify
Eberjey Coral Gables at Shops at Merrick Park,(305) 763-8455,http://www.eberjey.com/,"360 San Lorenzo Ave #1530, Coral Gables, FL 33146",25.7318649,-80.260987,33146,4.7,11,Clothing store,None,apify
Miracle Mile & Downtown Coral Gables,(305) 569-0311,http://experiencecoralgables.com/,"130 Miracle Mile #200, Coral Gables, FL 33134",25.7494437,-80.2574053,33134,4.6,4716,Shopping mall,None,apify
Pottery Barn,(919) 234-2111,https://www.potterybarn.com/stores/us-nc-cary-fenton/,"20 Fenton Main St Ste 120, Cary, NC 27511",35.781469,-78.7585227,27511,3.5,62,Furniture store,None,apify
Havertys Furniture,(919) 536-4530,https://www.havertys.com/store-locations/all-store-locations/north-carolina/durham,"8160 Renaissance Pkwy, Durham, NC 27713",35.9043924,-78.9513626,27713,4.9,216,Furniture store,None,apify
Havertys Furniture Outlet,(804) 451-2262,https://www.havertys.com/store-locations/all-store-locations/virginia/colonial-heights,"1899 Southpark Blvd, Colonial Heights, VA 23834",37.2542434,-77.3883915,23834,4.8,99,Furniture store,None,apify
At Home,(919) 334-4260,https://www.athome.com/store/north-carolina-raleigh/,"4700 Green Rd, Raleigh, NC 27604",35.848172,-78.585344,27604,4.3,1420,Furniture store,None,apify
Rooms To Go,(919) 489-8719,https://www.roomstogo.com/stores/north-carolina/durham-furniture-store-1605?utm_source=listings&utm_medium=localsearch&utm_campaign=listings_showroom,"4144 Durham-Chapel Hill Blvd a, Durham, NC 27707",35.9696885,-78.9612513,27707,4.6,2545,Furniture store,None,apify
Bob's Discount Furniture and Mattress Store,(980) 470-6822,https://www.mybobs.com/store/north-carolina/charlotte-pineville/?utm_medium=local&utm_source=maps&utm_campaign=Yext&utm_term=&utm_content=,"9575 South Blvd, Charlotte, NC 28273",35.1035961,-80.8772986,28273,4.8,39,Furniture store,None,apify
Havertys Furniture,(704) 596-2125,https://www.havertys.com/store-locations/all-store-locations/north-carolina/smith-corners,"7101 Smith Corners Blvd, Charlotte, NC 28269",35.3501744,-80.8452217,28269,4.6,520,Furniture store,None,apify
IKEA,(888) 888-4532,https://www.ikea.com/us/en/stores/charlotte/?utm_source=google&utm_medium=organic&utm_campaign=map&utm_content=charlotte,"8300 Ikea Blvd, Charlotte, NC 28262",35.2935168,-80.7647415,28262,4.3,12025,Furniture store,None,apify
Havertys Furniture,(704) 542-9886,https://www.havertys.com/store-locations/all-store-locations/north-carolina/carolina-place,"11500 Carolina Pl Pkwy, Pineville, NC 28134",35.0768454,-80.8795403,28134,4.7,862,Furniture store,None,apify
Rooms To Go,(704) 563-3350,https://www.roomstogo.com/stores/north-carolina/charlotte-independence-furniture-store-1603?utm_source=listings&utm_medium=localsearch&utm_campaign=listings_showroom,"4315 E Independence Blvd Ste A, Charlotte, NC 28205",35.1976761,-80.7679051,28205,4.7,2507,Furniture store,None,apify
Crate & Barrel,(984) 250-6600,https://www.crateandbarrel.com/stores/the-streets-at-southpoint/str860?utm_source=gmb&utm_medium=organic_search,"8030 Renaissance Pkwy, Durham, NC 27713",35.9043598,-78.9457902,27713,3.9,204,Furniture store,None,apify
The Dump Luxe Furniture Outlet,(757) 466-0166,https://www.thedump.com/norfolk-va,"801 N Military Hwy, Norfolk, VA 23502",36.8514675,-76.2119357,23502,4.3,1638,Furniture store,None,apify
At Home,(704) 341-9994,https://www.athome.com/store/north-carolina-pineville/,"11415 Carolina Pl Pkwy, Pineville, NC 28134",35.076935,-80.87652,28134,4.3,1230,Furniture store,None,apify
Havertys Furniture,(803) 862-4074,https://www.havertys.com/store-locations/all-store-locations/south-carolina/columbiana,"234 Harbison Blvd, Columbia, SC 29212",34.0711499,-81.1606042,29212,4.6,431,Furniture store,None,apify
At Home,(919) 973-6494,https://www.athome.com/store/north-carolina-durham/,"4215 University Dr, Durham, NC 27707",35.9618891,-78.9587313,27707,4.3,967,Furniture store,None,apify
At Home,(704) 972-2222,https://www.athome.com/store/north-carolina-charlotte-mecklenburg/,"900 Metropolitan Ave, Charlotte, NC 28204",35.2148358,-80.8344376,28204,4.2,266,Furniture store,None,apify
Rooms To Go,(704) 593-0444,https://www.roomstogo.com/stores/north-carolina/concord-furniture-store-1611?utm_source=listings&utm_medium=localsearch&utm_campaign=listings_showroom,"8520 Quay Rd Ste A, Concord, NC 28027",35.3648524,-80.7187749,28027,4.9,3657,Furniture store,None,apify
Havertys Furniture,(843) 665-0411,https://www.havertys.com/store-locations/all-store-locations/south-carolina/florence,"220 S Cashua Dr, Florence, SC 29501",34.19073,-79.8033525,29501,4.8,191,Furniture store,None,apify
Rooms To Go,(910) 292-3503,https://www.roomstogo.com/stores/north-carolina/dunn-furniture-store-1610?utm_source=listings&utm_medium=localsearch&utm_campaign=listings_showroom,"901 Rooms To Go Wy Ste A, Dunn, NC 28334",35.3073864,-78.5838291,28334,4.6,4025,Furniture store,None,apify
Havertys Furniture,(336) 293-1094,https://www.havertys.com/store-locations/all-store-locations/north-carolina/winston-salem,"1935 Hampton Inn Ct, Winston-Salem, NC 27103",36.0640609,-80.3063809,27103,4.6,460,Furniture store,None,apify
Rooms To Go,(803) 781-2711,https://www.roomstogo.com/stores/south-carolina/columbia-harbison-furniture-store-1904?utm_source=listings&utm_medium=localsearch&utm_campaign=listings_showroom,"275 Harbison Blvd A, Columbia, SC 29212",34.0730391,-81.1604231,29212,4.7,2210,Furniture store,None,apify
Rooms To Go,(757) 355-5720,https://www.roomstogo.com/stores/virginia/virginia-beach-furniture-store-1303?utm_source=listings&utm_medium=localsearch&utm_campaign=listings_showroom,"5441 Virginia Beach Blvd Ste A, Virginia Beach, VA 23462",36.8500967,-76.1693041,23462,4.8,3967,Furniture store,None,apify
Ashley Store,(336) 395-0040,https://stores.ashleyfurniture.com/store/us/north-carolina/burlington/1439-university-dr/?cmpid=ls-&utm_source=Local&utm_medium=LocalSEO&utm_campaign=LocalSearch,"1439 University Dr, Burlington, NC 27215",36.069618,-79.523019,27215,4.7,1325,Furniture store,None,apify
Pottery Barn,(919) 484-1836,https://www.potterybarn.com/stores/us-nc-durham-the-streets-at-southpoint/,"8030 Renaissance Pkwy Spc 810, Durham, NC 27713",35.9046768,-78.9430992,27713,3.5,102,Furniture store,None,apify
Havertys Furniture,(910) 867-1535,https://www.havertys.com/store-locations/all-store-locations/north-carolina/glensford,"191 Glensford Dr, Fayetteville, NC 28303",35.0666023,-78.9579019,28303,4.7,339,Furniture store,None,apify
At Home,(757) 549-6747,https://www.athome.com/store/virginia-chesapeake/,"1517 Sam's Cir, Chesapeake, VA 23320",36.7715417,-76.2485176,23320,4.2,1847,Furniture store,None,apify
Bob's Discount Furniture and Mattress Store,(757) 573-9201,https://www.mybobs.com/store/virginia/Chesapeake?utm_medium=local&utm_source=maps&utm_campaign=Yext&utm_term=virginia&utm_content=chesapeake,"1324 Greenbrier Pkwy, Chesapeake, VA 23320",36.7725821,-76.2327941,23320,4.8,647,Furniture store,None,apify
Havertys Furniture,(704) 706-6476,https://www.havertys.com/store-locations/all-store-locations/north-carolina/concord,"6060 Bayfield Pkwy, Concord, NC 28027",35.4195641,-80.6769921,28027,4.7,85,Furniture store,None,apify
At Home,(704) 307-2896,https://www.athome.com/store/north-carolina-concord/,"7965 Lyles Ln NW, Concord, NC 28027",35.363536,-80.716059,28027,4.3,1305,Furniture store,None,apify
Havertys Furniture,(757) 497-9500,https://www.havertys.com/store-locations/all-store-locations/virginia/virginia-beach,"5169 Virginia Beach Blvd, Virginia Beach, VA 23462",36.8464601,-76.160291,23462,4.7,679,Furniture store,None,apify
Bob's Discount Furniture and Mattress Store,(743) 270-0301,https://www.mybobs.com/store/north-carolina/Winston-Salem?utm_medium=local&utm_source=maps&utm_campaign=Yext&utm_term=&utm_content=,"1020 Hanes Mall Blvd, Winston-Salem, NC 27103",36.0688792,-80.3184382,27103,4.8,643,Furniture store,None,apify
Ashley Outlet,(757) 998-2474,https://stores.ashleyfurniture.com/store/us/virginia/newport-news/11969-a-jefferson-ave/?utm_source=G&utm_medium=localSEO&utm_campaign=google,"11969-A Jefferson Ave, Newport News, VA 23606",37.094233,-76.489157,23606,4.8,175,Furniture store,None,apify
At Home,(757) 751-6261,https://www.athome.com/store/virginia-hampton/,"1072 W Mercury Blvd, Hampton, VA 23666",37.0444637,-76.3859302,23666,4.3,1164,Furniture store,None,apify
Ashley Store,(336) 397-0300,https://stores.ashleyfurniture.com/store/us/north-carolina/winston-salem/1150-hanes-mall-blvd/?cmpid=ls-&utm_source=Local&utm_medium=LocalSEO&utm_campaign=LocalSearch,"1150 Hanes Mall Blvd, Winston-Salem, NC 27103",36.069045,-80.323791,27103,4.6,2173,Furniture store,None,apify
Ashley Store,(839) 213-5235,https://stores.ashleyfurniture.com/store/us/south-carolina/rock-hill/2197-dave-lyle-blvd/?utm_source=G&utm_medium=localSEO&utm_campaign=google,"2197 Dave Lyle Blvd, Rock Hill, SC 29730",34.942527,-80.967938,29730,4.9,1110,Furniture store,None,apify
Rooms To Go,(803) 788-5660,https://www.roomstogo.com/stores/south-carolina/columbia-sand-hill-furniture-store-1905?utm_source=listings&utm_medium=localsearch&utm_campaign=listings_showroom,"220 Forum Dr Ste A, Columbia, SC 29229",34.1291567,-80.8762664,29229,4.7,2068,Furniture store,None,apify
Bob's Discount Furniture and Mattress Store,(984) 312-8700,https://www.mybobs.com/store/north-carolina/durham/?utm_medium=local&utm_source=maps&utm_campaign=Yext&utm_term=&utm_content=,"3616 Witherspoon Blvd #103, Durham, NC 27707",35.9501955,-78.9899972,27707,4.8,195,Furniture store,None,apify
Rooms To Go,(336) 315-7501,https://www.roomstogo.com/stores/north-carolina/greensboro-furniture-store-1606?utm_source=listings&utm_medium=localsearch&utm_campaign=listings_showroom,"4206 W Wendover Ave Ste A, Greensboro, NC 27407",36.0591387,-79.8865568,27407,4.8,7591,Furniture store,None,apify
Ashley Outlet,(336) 553-5000,https://stores.ashleyfurniture.com/store/us/north-carolina/greensboro/3503-w-gate-city-blvd/?utm_source=G&utm_medium=localSEO&utm_campaign=google,"3503 W Gate City Blvd, Greensboro, NC 27407",36.03858,-79.847925,27407,4.6,1001,Furniture store,None,apify
IKEA,(888) 888-4532,https://www.ikea.com/us/en/stores/norfolk/?utm_source=google&utm_medium=organic&utm_campaign=map&utm_content=norfolk,"1500 Ikea Way, Norfolk, VA 23502",36.8764973,-76.2011348,23502,4.4,6462,Furniture store,None,apify
Havertys Furniture,(910) 256-0242,https://www.havertys.com/store-locations/all-store-locations/north-carolina/land-fall,"1319 Military Cutoff Rd, Wilmington, NC 28405",34.2287258,-77.8275687,28405,4.6,463,Furniture store,None,apify
Ashley Store,(540) 605-7979,https://stores.ashleyfurniture.com/store/us/virginia/blacksburg/1540-s-main-st/?utm_source=G&utm_medium=localSEO&utm_campaign=google,"1540 S Main St #120, Blacksburg, VA 24060",37.212507,-80.401185,24060,4.6,300,Furniture store,None,apify
Ashley Store,(843) 656-0780,https://stores.ashleyfurniture.com/store/us/south-carolina/florence/2361-david-h-mcleod-blvd/?cmpid=ls-&utm_source=Local&utm_medium=LocalSEO&utm_campaign=LocalSearch,"2361 David H McLeod Blvd, Florence, SC 29501",34.189551,-79.82249,29501,4.7,1151,Furniture store,None,apify
Rooms To Go,(910) 799-7213,https://www.roomstogo.com/stores/north-carolina/wilmington-furniture-store-1607?utm_source=listings&utm_medium=localsearch&utm_campaign=listings_showroom,"460 College Rd Ste A, Wilmington, NC 28403",34.231483,-77.8775789,28403,4.9,6104,Furniture store,None,apify
Rooms To Go,(757) 527-3850,https://www.roomstogo.com/stores/virginia/newport-news-furniture-store-1302?utm_source=listings&utm_medium=localsearch&utm_campaign=listings_showroom,"12550 Jefferson Ave Ste A, Newport News, VA 23602",37.1301089,-76.5125014,23602,4.7,3621,Furniture store,None,apify
Ashley Store,(757) 512-6100,https://stores.ashleyfurniture.com/store/us/virginia/williamsburg/118-waller-mill-rd/?utm_source=G&utm_medium=localSEO&utm_campaign=google,"118 Waller Mill Rd C, Williamsburg, VA 23185",37.2884546,-76.7185339,23185,4.8,1169,Furniture store,None,apify
Bob's Discount Furniture and Mattress Store,(472) 210-5401,https://www.mybobs.com/store/north-carolina/Fayetteville?utm_medium=local&utm_source=maps&utm_campaign=Yext&utm_term=&utm_content=,"5075 Morganton Rd Ste A, Fayetteville, NC 28314",35.0686948,-78.9621309,28314,4.8,497,Furniture store,None,apify
Rooms To Go,(910) 778-7079,https://www.roomstogo.com/stores/north-carolina/fayetteville-furniture-store-1609?utm_source=listings&utm_medium=localsearch&utm_campaign=listings_showroom,"510 Cross Creek Mall Ste A, Fayetteville, NC 28303",35.073678,-78.9627354,28303,4.7,3932,Furniture store,None,apify
Ashley Store,(276) 322-7676,https://stores.ashleyfurniture.com/store/us/virginia/bluefield/560-commerce-dr/?utm_source=G&utm_medium=localSEO&utm_campaign=google,"560 Commerce Dr, Bluefield, VA 24605",37.240095,-81.253119,24605,4.3,296,Furniture store,None,apify
Ashley Store,(540) 265-4545,https://stores.ashleyfurniture.com/store/us/virginia/roanoke/5004-valley-view-blvd-nw/?cmpid=ls-&utm_source=Local&utm_medium=LocalSEO&utm_campaign=LocalSearch,"5004 Valley View Blvd NW, Roanoke, VA 24012",37.3067105,-79.970389,24012,4.8,3286,Furniture store,None,apify
Ashley Store,(336) 369-0600,https://stores.ashleyfurniture.com/store/us/north-carolina/greensboro/1705-s-40-dr/?cmpid=ls-&utm_source=Local&utm_medium=LocalSEO&utm_campaign=LocalSearch,"1705 S 40 Dr, Greensboro, NC 27407",36.052452,-79.887519,27407,4.8,3449,Furniture store,None,apify
Lowder's Furniture & Mattress | Patio Furniture | Coastal Interior Furnishings,(910) 388-8005,https://lowdersfurniture.com/,"896 NC-210, Holly Ridge, NC 28445",34.5516863,-77.4387102,28445,4.9,96,Furniture store,None,apify
Ashley Store,(276) 625-0066,https://stores.ashleyfurniture.com/store/us/virginia/wytheville/270-e-main-st/?utm_source=G&utm_medium=localSEO&utm_campaign=google,"270 E Main St, Wytheville, VA 24382",36.9513,-81.08245,24382,4.7,256,Furniture store,None,apify
Downs Law Group,(305) 444-8226,https://www.downslawgroup.com/,"3250 Mary St #307, Miami, FL 33133",25.7302388,-80.2398564,33133,4.9,186,Personal injury attorney,None,apify
De la Rosa Law,(305) 787-3175,https://dlr.law/,"2937 SW 27th Ave #101A, Miami, FL 33133",25.7369154,-80.2371257,33133,4.5,362,Law firm,None,apify
Florida DUI Lawyer,(800) 625-5232,https://www.floridaduilawyer.net/locations/miami-dui-lawyer/,"2298 S Dixie Hwy Suite B, Miami, FL 33133",25.7419457,-80.2316168,33133,5,180,Law firm,None,apify
Hentschel x Lanza PLLC,(305) 440-4015,https://www.hxl-law.com/,"2665 S Bayshore Dr STE 220, Miami, FL 33133",25.730645,-80.236253,33133,5,142,Law firm,None,apify
Miami Family Law Group,(305) 909-6112,https://miafamilylaw.com/?utm_campaign=gmb,"2665 S Bayshore Dr Ste 100, Miami, FL 33133",25.7310331,-80.2366553,33133,4.9,127,Family law attorney,None,apify
The G Law Firm,(305) 422-4529,https://thegfirm.com/,"2601 S Bayshore Dr 18th Floor, Coconut Grove, FL 33133",25.7325731,-80.2342631,33133,5,107,Law firm,None,apify
Levin Law P.A.,(305) 402-9050,https://www.levinlawpa.com/?utm_source=google&utm_medium=organic&utm_campaign=gmb-link&utm_content=miami,"2665 S Bayshore Dr Ste PH2B, Miami, FL 33133",25.7312315,-80.2367929,33133,4.8,40,Attorney,None,apify
"Law Firm of Joseph R. Lackey, LLC",(305) 492-4300,http://www.josephlackey.com/,"2801 Florida Ave #18, Coconut Grove, FL 33133",25.7294526,-80.2402781,33133,4.9,261,Law firm,None,apify
The Law Offices of Sean M. Cleary,(305) 416-9805,https://www.seanclearypa.com/,"2850 Tigertail Ave Ste 400, Coconut Grove, FL 33133",25.7300968,-80.2389712,33133,4.8,26,Personal injury attorney,None,apify
"Freidin Brown, P.A.",(786) 882-7258,https://www.yourfloridatrialteam.com/miami/?utm_source=google&utm_medium=organic&utm_campaign=gbp-listing-miami,"3044 SW 28th Ln, Miami, FL 33133",25.7387865,-80.242648,33133,5,115,Medical lawyer,None,apify
Ratzan & Faccidomo LLC - Miami Criminal Lawyer,(305) 600-3519,https://www.rflawgroup.com/,"2850 Tigertail Ave Ste 400, Miami, FL 33133",25.7300968,-80.2389712,33133,4.9,49,Criminal justice attorney,None,apify
Mesa Law Firm,(305) 831-4533,http://www.personalinjuryattorneysmiamifl.com/,"2665 S Bayshore Dr #1103, Coconut Grove, FL 33133",25.7312335,-80.236791,33133,5,363,Personal injury attorney,None,apify
Ayala Law PA,(305) 570-2208,http://lawayala.com/,"2490 Coral Wy Ste 401, Miami, FL 33145",25.7500733,-80.235952,33145,4.9,97,Law firm,None,apify
Law Offices of M J Louis,(305) 377-9646,http://mjlouislaw.com/,"75 Valencia Ave #400, Coral Gables, FL 33134",25.748271,-80.256048,33134,5,103,Law firm,None,apify
"Kandell, Kandell & Petrie, P.A.",(305) 376-7390,https://www.kkpfirm.com/?utm_campaign=gmb,"2665 S Bayshore Dr STE 500, Miami, FL 33133",25.730645,-80.236253,33133,4.8,75,Insurance attorney,None,apify
Law Office of Alexis Gonzalez,(305) 223-9999,http://www.aglawpa.com/,"3162 Commodore Plaza, Miami, FL 33133",25.727219,-80.244828,33133,4,18,Real estate attorney,None,apify
"The Kirlew Law Firm, PLLC",(305) 521-0484,http://www.kirlewlawfirm.com/?utm_source=gmb&utm_medium=organic&utm_content=listing&utm_campaign=local,"2103 Coral Wy #401, Miami, FL 33145",25.7509093,-80.2287232,33145,5,120,Criminal justice attorney,None,apify
"Schwartz & Schreiber, PLLC",(305) 209-0110,http://www.schwartzschreiber.com/,"2829 Bird Ave #12, Miami, FL 33133",25.7358232,-80.2390478,33133,5,27,Law firm,None,apify
"Albert Quirantes, Esq. Criminal DUI & Ticket Lawyers",(305) 644-1800,https://www.criminaldefendant.com/,"1815 NW 7th St, Miami, FL 33125",25.7800571,-80.2249698,33125,4.9,1415,Criminal justice attorney,None,apify
"Bland Law, PA.",(305) 819-7066,https://www.blandlaw.legal/,"3191 Coral Wy #1005, Miami, FL 33145",25.7503952,-80.2459051,33145,4.9,195,Family law attorney,None,apify
Havertys Furniture,(757) 881-9500,https://www.havertys.com/store-locations/all-store-locations/virginia/newport-news,"11871 Jefferson Ave, Newport News, VA 23606",37.0889624,-76.4852638,23606,4.5,393,Furniture store,None,apify
Ashley Store,(757) 995-1005,https://stores.ashleyfurniture.com/store/us/virginia/newport-news/11971-jefferson-ave/?cmpid=ls-&utm_source=Local&utm_medium=LocalSEO&utm_campaign=LocalSearch,"11971 Jefferson Ave, Newport News, VA 23606",37.094804,-76.489473,23606,4.7,1991,Furniture store,None,apify
Ashley Store,(252) 240-3105,https://stores.ashleyfurniture.com/store/us/north-carolina/morehead-city/5160-hwy-70-w/?cmpid=ls-&utm_source=Local&utm_medium=LocalSEO&utm_campaign=LocalSearch,"5160 Hwy 70 W, Morehead City, NC 28557",34.738751,-76.80702,28557,4.5,450,Furniture store,None,apify
Bob's Discount Furniture and Mattress Store,(910) 800-3401,https://www.mybobs.com/store/north-carolina/Wilmington-NC?utm_medium=local&utm_source=maps&utm_campaign=Yext&utm_term=&utm_content=,"352 College Rd #10b, Wilmington, NC 28403",34.2360031,-77.8761172,28403,4.9,369,Furniture store,None,apify
Ashley Store,(434) 793-2347,https://stores.ashleyfurniture.com/store/us/virginia/danville/135-collins-dr/?cmpid=ls-&utm_source=Local&utm_medium=LocalSEO&utm_campaign=LocalSearch,"135 Collins Dr, Danville, VA 24540",36.5976626,-79.4223817,24540,4.6,503,Furniture store,None,apify
At Home,(336) 292-6770,https://www.athome.com/store/north-carolina-greensboro/,"6103 Landmark Center Blvd, Greensboro, NC 27407",36.052792,-79.897361,27407,4.3,1770,Furniture store,None,apify
Havertys Furniture,(336) 690-6985,https://www.havertys.com/store-locations/all-store-locations/north-carolina/greensboro,"4528 W Wendover Ave, Greensboro, NC 27409",36.0535834,-79.910787,27409,4.6,414,Furniture store,None,apify
Saatva,(704) 336-9767,https://www.saatva.com/locations/charlotte/southpark?utm_source=local&utm_medium=organic&utm_campaign=yext-main&utm_content=Char-4425-Sharon,"4425 Sharon Rd Suite 150, Charlotte, NC 28211",35.1517664,-80.8271407,28211,4.9,194,Mattress store,None,apify
Bob's Discount Furniture and Mattress Store,(948) 216-0001,https://www.mybobs.com/store/virginia/Newport-News?utm_medium=local&utm_source=maps&utm_campaign=Yext&utm_term=virginia&utm_content=newport_news,"12132A Jefferson Ave Suite A, Newport News, VA 23602",37.108208,-76.4921711,23602,4.8,659,Furniture store,None,apify
Ashley Store,(910) 347-9366,https://stores.ashleyfurniture.com/store/us/north-carolina/jacksonville/1250-western-blvd/?cmpid=ls-&utm_source=Local&utm_medium=LocalSEO&utm_campaign=LocalSearch,"1250 Western Blvd, Jacksonville, NC 28546",34.786648,-77.398201,28546,4.7,1412,Furniture store,None,apify
Ashley Store,(252) 637-7333,https://stores.ashleyfurniture.com/store/us/north-carolina/new-bern/2011-s-glenburnie-rd/?utm_source=G&utm_medium=localSEO&utm_campaign=google,"2011 S Glenburnie Rd, New Bern, NC 28562",35.10128,-77.09812,28562,4.8,117,Furniture store,None,apify
Bob's Discount Furniture and Mattress Store,(472) 216-2101,https://www.mybobs.com/store/north-carolina/jacksonville?utm_medium=local&utm_source=maps&utm_campaign=Yext&utm_term=&utm_content=,"1305 Western Blvd, Jacksonville, NC 28546",34.78391,-77.402865,28546,4.8,383,Furniture store,None,apify
Ashley Store,(804) 622-6634,https://stores.ashleyfurniture.com/store/us/virginia/midlothian/10921-hull-street-rd/?cmpid=ls-&utm_source=Local&utm_medium=LocalSEO&utm_campaign=LocalSearch,"10921 Hull St, Midlothian, VA 23112",37.437079,-77.595342,23112,4.6,4597,Furniture store,None,apify
Ashley Store,(919) 587-5800,https://stores.ashleyfurniture.com/store/us/north-carolina/goldsboro/201-n-berkeley-blvd/?utm_source=G&utm_medium=localSEO&utm_campaign=google,"201 N Berkeley Blvd 211 A, Goldsboro, NC 27534",35.3733246,-77.9516097,27534,4.4,313,Furniture store,None,apify
Ashley Store,(252) 317-2777,https://stores.ashleyfurniture.com/store/us/north-carolina/greenville/600-f-greenville-blvd-se/?cmpid=ls-&utm_source=Local&utm_medium=LocalSEO&utm_campaign=LocalSearch,"Greenville Blvd SE 600 F, Greenville, NC 27858",35.5831236,-77.370754,27858,4.7,1370,Furniture store,None,apify
Baby Furniture Plus Kids,(803) 788-5880,http://www.babyfurnitureplus.net/,"116 Decker Park Rd, Columbia, SC 29206",34.056343,-80.9477233,29206,4.8,95,Furniture store,None,apify
Walmart Supercenter,(803) 802-6666,https://www.walmart.com/store/4237-indian-land-sc/?veh=seo_loc,"10048 Charlotte Hwy, Indian Land, SC 29707",35.0112118,-80.8495402,29707,3.9,4662,Furniture store,None,apify
Walmart Supercenter,(434) 200-9132,https://www.walmart.com/store/4697-lynchburg-va/?veh=seo_loc,"3227 Old Forest Rd, Lynchburg, VA 24501",37.4106745,-79.2098128,24501,4,3176,Furniture store,None,apify
Walmart Supercenter,(252) 535-3151,https://www.walmart.com/store/1502-roanoke-rapids-nc/?veh=seo_loc,"251 Premier Blvd, Roanoke Rapids, NC 27870",36.4284283,-77.6341234,27870,3.9,3709,Furniture store,None,apify
Walmart Supercenter,(540) 772-3892,https://www.walmart.com/store/1301-roanoke-va/?veh=seo_loc,"5350 Clearbrook Village Ln, Roanoke, VA 24014",37.2062046,-79.9509032,24014,4,4140,Furniture store,None,apify
Walmart Supercenter,(252) 975-2083,https://www.walmart.com/store/1354-washington-nc/?veh=seo_loc,"570 Pamlico Plaza, Washington, NC 27889",35.5598109,-77.063466,27889,3.9,3036,Furniture store,None,apify
ELA Salon,(305) 445-4000,http://elasalon.com/,"2901 Florida Ave #805, Coconut Grove, FL 33133",25.7291479,-80.2405732,33133,4.9,45,Beauty salon,None,apify
LUX HAIR SALON & SPA,(786) 945-5354,https://www.fresha.com/book-now/lux-hair-salon-and-spa-pynxbhmy/all-offer?share&pId=2548075,"3872 Grand Ave, Miami, FL 33133",25.7273214,-80.2559755,33133,5,42,Beauty salon,None,apify
SelA Beauty Studio,(786) 877-1842,http://www.selabeautystudio.com/,"2829 Bird Ave Ste 8, Miami, FL 33133",25.7358782,-80.2391568,33133,5,93,Hair salon,None,apify
Regias by Yaser Hair Salon,(645) 229-9868,https://book.squareup.com/appointments/0rnj7mu5ywg43s/location/LZA5F47KJ39MJ/services,"3727 Grand Ave, Miami, FL 33133",25.7278238,-80.2540296,33133,5,25,Hair salon,None,apify
Ugo di Roma Salon & Day Spa,(305) 444-4661,http://www.ugodiroma.com/,"2801 Florida Ave, Miami, FL 33133",25.7292103,-80.2399865,33133,4.9,433,Beauty salon,None,apify
Alida Beauty Salon,(786) 315-7710,,"2707 SW 37th Ave, Miami, FL 33133",25.7408794,-80.253988,33133,5,24,Beauty salon,None,apify
Serge Renard Beauty Salon,(305) 447-0265,,"3141 Commodore Plaza, Miami, FL 33133",25.7274887,-80.244309,33133,4.6,34,Beauty salon,None,apify
Hair Resurrection,(786) 269-3023,,"3378 Douglas Rd, Miami, FL 33133",25.7280724,-80.2537561,33133,5,2,Beauty salon,None,apify
Ling Chow Salon,(305) 444-1444,http://hairstylistsmiami.com/,"3399 Virginia St #604, Coconut Grove, FL 33133",25.7285306,-80.2413366,33133,4.6,20,Hair salon,None,apify
The Hair Agency,(833) 354-9278,https://thehairagency.godaddysites.com/,"3811 Grand Ave, Miami, FL 33133",25.7277302,-80.2552346,33133,4.9,27,Hair salon,None,apify
detlev - A davines Salon,(305) 448-5750,http://www.detlev.com/,"3015 Grand Ave Ste 208, Coconut Grove, FL 33133",25.7286839,-80.2424562,33133,4.9,474,Beauty salon,None,apify
Michelle Antinarella Salon,(786) 302-5150,http://hairextensionsinmiami.com/,"3339 Virginia St, Coconut Grove, FL 33133",25.7292912,-80.24128,33133,5,20,Beauty salon,None,apify
Avance International Salon,(305) 448-4835,,"3444 Main Hwy #8, Coconut Grove, FL 33133",25.7273756,-80.2436512,33133,5,8,Hair salon,None,apify
Christophe's Chair (fmr. Elégance),(786) 609-7195,https://www.elegancemiami.com/,"ELA Salon, 2901 Florida Ave, Coconut Grove, FL 33133",25.7291479,-80.2405732,33133,4.6,108,Hairdresser,None,apify
Garden Room Russian Manicure,(786) 232-3080,https://www.instagram.com/gardenroom_miami,"3160 Florida Ave, Miami, FL 33133",25.7287145,-80.2446125,33133,5,22,Nail salon,None,apify
The Beauty Space Miami,(305) 461-0020,https://thebeautyspacemiami.com/,"2 Aragon Ave Ste 7, Miami, FL 33134",25.7505715,-80.2558848,33134,4.7,153,Hair salon,None,apify
Rave Beauty Studios,(305) 796-5509,https://rbsbookings.as.me/,"2140 S Dixie Hwy Ste 205, Miami, FL 33133",25.7431275,-80.2285013,33133,5,95,Beautician,None,apify
Portfolio Salon,(305) 443-0101,http://www.instagram.com/portfoliosalon,"281 Miracle Mile, Coral Gables, FL 33134",25.7497813,-80.2603616,33134,4.9,284,Beauty salon,None,apify
Cachet Beauty Salon by Ana Vigil,(786) 237-9149,http://cachetbeautysalon.com/,"4237 W Flagler st Coral Gables, Miami, FL 33134",25.7717755,-80.2644043,33134,4.9,105,Beauty salon,None,apify
Henrrystylesalon,(305) 447-8628,http://henrrystylesalon.booksy.com/a/,"5552 SW 8th St, Coral Gables, FL 33134",25.7632191,-80.2848817,33134,4.8,103,Hair salon,None,apify
Artisan Beauty Studio and Art Gallery,(305) 444-0988,http://artisangallery.us/,"1607 Ponce de Leon Blvd Ste 111, Coral Gables, FL 33134",25.7567902,-80.2586777,33134,4.9,58,Beauty salon,None,apify
Ramona Reyes Salon,(786) 237-8804,,"2030 Douglas Rd Ste 114, Coral Gables, FL 33134",25.7535141,-80.2552949,33134,4.9,112,Beauty salon,None,apify
Joncoiffure Hair Studio,(305) 607-8942,,"2518 Ponce de Leon Blvd, Coral Gables, FL 33134",25.7481912,-80.258845,33134,4.6,171,Hair salon,None,apify
TD Bank,(845) 357-0548,https://locations.td.com/us/61-route-59-suffern?y_source=1_MzE0NzE0NS03MTUtbG9jYXRpb24ud2Vic2l0ZQ%3D%3D,"61 NY-59, Suffern, NY 10901",41.1121557,-74.1292016,10901,2.4,96,Bank,None,apify
Chase Bank,(845) 357-4300,https://www.chase.com/locator/banking/us/ny/suffern/67-lafayette-ave?jp_cmp=rb%2FLocalListings%2Faff%2Fbranch%2Fna&y_source=1_MjA0MjY4NC03MTUtbG9jYXRpb24ud2Vic2l0ZQ%3D%3D,"67 Lafayette Ave, Suffern, NY 10901",41.1152147,-74.1514459,10901,3,34,Bank,None,apify
Blue Foundry Bank,(888) 931-2583,https://locations.bluefoundrybank.com/blue-foundry-bank-8a558df4fc28?utm_source=google&utm_medium=Yext,"4 E Ramapo Ave, Mahwah, NJ 07430",41.0937739,-74.1453119,07430,5,24,Bank,None,apify
PNC Bank,(201) 529-6280,https://locator.pnc.com/en/details/nj/mahwah/branch/141-franklin-tpke?lnksrc=branch-listing-google,"141 Franklin Turnpike, Mahwah, NJ 07430",41.09823,-74.14622,07430,2.8,22,Bank,None,apify
KeyBank,(845) 369-5160,https://www.key.com/locations/NY/Suffern/BRCH32900460/59-Route-59?ppc=cmpgmb,"59 NY-59, Suffern, NY 10901",41.1122089,-74.1298695,10901,3.3,20,Bank,None,apify
Citi,(845) 547-0670,https://www.citi.com/?utm_source=gmb&utm_medium=yext&y_source=1_Mjg5MTY2ODEtNzE1LWxvY2F0aW9uLndlYnNpdGU%3D,"250 NY-59, Suffern, NY 10901",41.1127161,-74.1060743,10901,3.2,29,Bank,None,apify
Wells Fargo Bank,(201) 712-3090,https://locations.wellsfargo.com/nj/mahwah/177-franklin-tpke?utm_campaign=Local_Listings&utm_source=Google&group=Community_Bank&loc=AC26538,"177 Franklin Turnpike, Mahwah, NJ 07430",41.0956129,-74.1452748,07430,4.1,22,Bank,None,apify
TD Bank,(201) 828-5970,https://locations.td.com/us/375-route-17-mahwah-route-17?y_source=1_MzE0NzIwMC03MTUtbG9jYXRpb24ud2Vic2l0ZQ%3D%3D,"375 NJ-17, Mahwah, NJ 07430",41.0838766,-74.1506023,07430,2.8,49,Bank,None,apify
Chase Bank,(201) 934-1053,https://www.chase.com/locator/banking/us/nj/ramsey/555-n-franklin-tpke?jp_cmp=rb%2FLocalListings%2Faff%2Fbranch%2Fna&y_source=1_MjAzODE0Ny03MTUtbG9jYXRpb24ud2Vic2l0ZQ%3D%3D,"555 N Franklin Tpke, Ramsey, NJ 07446",41.075896,-74.138923,07446,3.3,26,Bank,None,apify
Chase Bank,(845) 357-1014,https://www.chase.com/locator/banking/us/ny/tallman/1-s-airmont-rd?jp_cmp=rb%2FLocalListings%2Faff%2Fbranch%2Fna&y_source=1_MjA0MjY4My03MTUtbG9jYXRpb24ud2Vic2l0ZQ%3D%3D,"1 S Airmont Rd, Tallman, NY 10982",41.1120072,-74.1148658,10982,3.9,34,Bank,None,apify
Columbia Bank,(201) 236-6400,https://www.columbiabankonline.com/branch-locations/ramsey?utm_source=gmb&utm_medium=yext,"161 E Main St, Ramsey, NJ 07446",41.0579315,-74.1374496,07446,4,4,Bank,None,apify
TD Bank,(201) 934-1267,https://locations.td.com/us/1-interstate-shopping-center-interstate?y_source=1_MzE0Nzk2Ni03MTUtbG9jYXRpb24ud2Vic2l0ZQ%3D%3D,"1 Interstate Shop Center, Ramsey, NJ 07446",41.0669721,-74.135557,07446,2.6,29,Bank,None,apify
Trustco Bank,(845) 357-2435,https://www.trustcobank.com/places/airmont/,"327 NY-59, Airmont, NY 10952",41.1102842,-74.0965417,10952,4.4,25,Bank,None,apify
Apple Bank,(845) 425-0189,https://www.applebank.com/contact/locations/75-route-59,"75 NY-59, Monsey, NY 10952",41.107251,-74.066577,10952,3.9,34,Bank,None,apify
Chase Bank,(845) 352-7967,https://www.chase.com/locator/banking/us/ny/monsey/410-route-59?jp_cmp=rb%2FLocalListings%2Faff%2Fbranch%2Fna&y_source=1_MjA0MjY3NS03MTUtbG9jYXRpb24ud2Vic2l0ZQ%3D%3D,"410 NY-59, Monsey, NY 10952",41.1103565,-74.0892213,10952,3.8,58,Bank,None,apify
Santander Bank ATM,(877) 768-2265,https://locations.santanderbank.com/nj/mahwah/45-franklin-turnpike-196951.html?utm_medium=local&utm_source=google&utm_campaign=google,"45 Franklin Turnpike, Mahwah, NJ 07430",41.1047533,-74.1475305,07430,5,1,ATM,None,apify
KeyBank,(845) 573-5401,https://www.key.com/locations/NY/Monsey/BRCH32900442/87-Route-59?ppc=cmpgmb,"87 NY-59, Monsey, NY 10952",41.1071578,-74.067826,10952,3.2,39,Bank,None,apify
Wells Fargo Bank,(845) 352-3300,https://locations.wellsfargo.com/ny/monsey/154-route-59?utm_campaign=Local_Listings&utm_source=Google&group=Community_Bank&loc=AC27156,"154 NY-59, Monsey, NY 10952",41.1094758,-74.07864,10952,3.7,28,Bank,None,apify
Chase Bank,(845) 356-5150,https://www.chase.com/locator/banking/us/ny/monsey/405-w-route-59?jp_cmp=rb%2FLocalListings%2Faff%2Fbranch%2Fna&y_source=1_MjA0MjY4Mi03MTUtbG9jYXRpb24ud2Vic2l0ZQ%3D%3D,"405 W Rte 59, Monsey, NY 10952",41.1077882,-74.0613245,10952,2.7,60,Bank,None,apify
Blue Foundry Bank ATM,(888) 931-2583,https://bluefoundrybank.com/,"4 E Ramapo Ave, Mahwah, NJ 07430",41.0937787,-74.1453345,07430,5,1,ATM,None,apify
Fidelity Payment Services,(877) 627-8472,http://www.fidelitypayment.com/,"25 Robert Pitt Dr #207, Monsey, NY 10952",41.1105621,-74.0661429,10952,4.8,16,Financial institution,None,apify
Cardtronics,,http://www.cardtronics.com/,"5 Indian Rock, Suffern, NY 10901",41.1137493,-74.1296915,10901,,,ATM,None,apify
Santander Bank ATM,(877) 768-2265,https://locations.santanderbank.com/nj/ramsey/35-interstate-shop-center-136338.html?utm_medium=local&utm_source=google&utm_campaign=google,"295 N Franklin Tpke, Ramsey, NJ 07446",41.0668676,-74.1376805,07446,2,3,ATM,None,apify
Bank of America ATM (Drive-thru),(844) 401-8500,https://locators.bankofamerica.com/nj/mahwah/financial-centers-mahwah-14671.html?utm_source=GMBlisting&utm_medium=organic,"210 NJ-17, Mahwah, NJ 07430",41.0948742,-74.1569801,07430,3,2,ATM,None,apify
Citi ATM,(800) 627-3999,https://www.citi.com/?utm_source=gmb&utm_medium=yext&y_source=1_NDE4NzE5ODgtNzE1LWxvY2F0aW9uLndlYnNpdGU%3D,"250 NY-59, Suffern, NY 10901",41.1127128,-74.1060882,10901,2.3,3,ATM,None,apify
Chase ATM,(800) 935-9935,https://chase.com/locator/?jp_cmp=rb%2FLocalListings%2Faff%2Fatm%2Fna&y_source=1_MTIyOTc4NTEtNzE1LWxvY2F0aW9uLndlYnNpdGU%3D,"1 S Airmont Rd, Suffern, NY 10901",41.1120016,-74.114868,10901,,,ATM,None,apify
M&T Bank ATM,(201) 512-1491,https://locations.mtb.com/nj/mahwah/bank-branches-and-atms-mahwah-nj-3331.html?utm_source=GMB&utm_medium=GoogleMaps&utm_campaign=OwnedOrganic&y_source=1_MjUwODMxMDgtNzE1LWxvY2F0aW9uLndlYnNpdGU%3D,"115 Franklin Turnpike, Mahwah, NJ 07430",41.0999804,-74.1460652,07430,,,ATM,None,apify
ATM,,,"150 Orange Ave, Suffern, NY 10901",41.1130594,-74.152678,10901,5,1,ATM,None,apify
ATM,,,"104 Lafayette Ave, Suffern, NY 10901",41.11529,-74.1505279,10901,,,ATM,None,apify
PNC ATM,(888) 762-2265,https://locator.pnc.com/en/details/nj/mahwah/branch/141-franklin-tpke?lnksrc=atm-listing-google,"141 Franklin Turnpike, Mahwah, NJ 07430",41.0983154,-74.1461894,07430,3,2,ATM,None,apify
Bank of America ATM (Drive-thru),(844) 401-8500,https://locators.bankofamerica.com/nj/ramsey/financial-centers-ramsey-14964.html?utm_source=GMBlisting&utm_medium=organic,"76 E Main St, Ramsey, NJ 07446",41.057288,-74.1398236,07446,,,ATM,None,apify
ATM,,,"261 NY-59, Suffern, NY 10901",41.1113187,-74.1068397,10901,5,1,ATM,None,apify
NorthEast Community Bank ATM,(845) 356-5538,https://www.necb.com/About-Us/Locations/Monsey-NY,"166 NY-59, Monsey, NY 10952",41.1093933,-74.0802654,10952,1,1,ATM,None,apify
ATM,,,"3 Executive Blvd, Suffern, NY 10901",41.1181302,-74.1146544,10901,,,ATM,None,apify
Citibank ATM,(800) 627-3999,https://online.citi.com/,"563 Franklin Turnpike, Ramsey, NJ 07446",41.076295,-74.1389407,07446,1,1,ATM,None,apify
M&T Bank ATM,(845) 354-6009,https://locations.mtb.com/ny/wesleyhills/bank-branches-and-atms-wesley-hills-ny-3843.html?utm_source=GMB&utm_medium=GoogleMaps&utm_campaign=OwnedOrganic&y_source=1_MjUwODI3MzYtNzE1LWxvY2F0aW9uLndlYnNpdGU%3D,"455 NY-306, Monsey, NY 10952",41.1567898,-74.0709816,10952,3,2,ATM,None,apify
Citibank ATM,(800) 627-3999,https://online.citi.com/,"209 NY-59, Airmont, NY 10901",41.1115026,-74.1137812,10901,5,1,ATM,None,apify
Coinlinx,(848) 863-9243,,"275 NJ-17, Mahwah, NJ 07430",41.0910798,-74.1538045,07430,,,ATM,None,apify
USAA,(800) 531-8722,,"280 NJ-17, Mahwah, NJ 07495",41.0901079,-74.1546903,07495,,,ATM,None,apify
ATM (Valero),,,"193 NJ-17, Mahwah, NJ 07430",41.0966999,-74.1571311,07430,,,ATM,None,apify
Cardtronics ATM,,,"48 Franklin Turnpike, Mahwah, NJ 07430",41.103963,-74.148482,07430,5,1,ATM,None,apify
ATM,,,"19 New York State Twy Ext, Suffern, NY 10901",41.1183496,-74.1570908,10901,,,ATM,None,apify
PNC ATM,(888) 762-2265,https://locator.pnc.com/en/nj/mahwah/atm/280-state-rt-17?lnksrc=atm-listing-google,"280 NJ-17, Mahwah, NJ 07430",41.0903023,-74.1549808,07430,,,ATM,None,apify
Wells Fargo ATM,(800) 869-3557,https://locations.wellsfargo.com/nj/mahwah/177-franklin-tpke?utm_campaign=Local_Listings&utm_source=Google&group=ATM&loc=OS142088,"177 Franklin Turnpike, Mahwah, NJ 07430",41.0956091,-74.145299,07430,,,ATM,None,apify
PNC ATM,(888) 762-2265,https://locator.pnc.com/en/nj/ramsey/atm/966-route-17-n?lnksrc=atm-listing-google,"966 NJ-17, Ramsey, NJ 07446",41.0659089,-74.1307934,07446,,,ATM,None,apify
ATM (Bolla Market),,,"130 NJ-17, Mahwah, NJ 07430",41.1004139,-74.1653972,07430,,,ATM,None,apify
ATM,,,"10 S Franklin Turnpike, Ramsey, NJ 07446",41.0580075,-74.1315977,07446,,,ATM,None,apify
QuickChek,(201) 312-6410,http://quickchek.com/,"280 NJ-17, Mahwah, NJ 07430",41.0901433,-74.1547185,07430,3,127,ATM,$3.60/Regular,apify
ATM,,,"75 Franklin Turnpike, Mahwah, NJ 07430",41.1026637,-74.1474906,07430,,,ATM,None,apify
M&T Bank ATM,(845) 352-9300,https://locations.mtb.com/ny/monsey/bank-branches-and-atms-monsey-ny-429.html?utm_source=GMB&utm_medium=GoogleMaps&utm_campaign=OwnedOrganic&y_source=1_MjUwODIxOTYtNzE1LWxvY2F0aW9uLndlYnNpdGU%3D,"66 NY-59, Monsey, NY 10952",41.108025,-74.0657728,10952,1,1,ATM,None,apify
Citibank ATM,(800) 627-3999,https://online.citi.com/,"14 College Rd, Monsey, NY 10952",41.1106913,-74.0894948,10952,2.6,5,ATM,None,apify
Apple Bank ATM,(914) 902-2775,https://www.applebank.com/about/get-in-touch/locations-directions/branch-closures?utm_source=G&utm_medium=local&utm_campaign=G-local,"75 NY-59, Monsey, NY 10952",41.107251,-74.066577,10952,1,1,ATM,None,apify
ATM,,,"946 NJ-17, Ramsey, NJ 07446",41.0654329,-74.1293546,07446,,,ATM,None,apify
ATM,,,"24-27 Orchard St, Monsey, NY 10952",41.1105524,-74.0672815,10952,5,1,ATM,None,apify
Citibank ATM,(800) 627-3999,https://online.citi.com/,"25 N Spruce St, Ramsey, NJ 07446",41.0585997,-74.1412236,07446,,,ATM,None,apify
TD Bank ATM,(888) 751-9000,https://www.tdbank.com/net/absearch/?mps=mps:tdb:p:chq:y-w:d:543,"505 Ramapo Valley Rd, Mahwah, NJ 07430",41.0807854,-74.1738594,07430,,,ATM,None,apify
LibertyX Bitcoin ATM,(800) 511-8940,https://libertyx.com/a/locations/NY/suffern/5-indian-rock,"5 Indian Rock CVS, Suffern, NY 10901",41.1137416,-74.1296299,10901,,,ATM,None,apify
Chase ATM,(800) 935-9935,https://chase.com/locator/?jp_cmp=rb%2FLocalListings%2Faff%2Fatm%2Fna&y_source=1_MTg2MTI5OTgtNzE1LWxvY2F0aW9uLndlYnNpdGU%3D,"405 W Rte 59, Monsey, NY 10952",41.1077838,-74.0613231,10952,5,1,ATM,None,apify
Atm - Hyosung (Inside Shannon Rose),,,"1200 NJ-17, Ramsey, NJ 07446",41.0689033,-74.1343867,07446,4,1,ATM,None,apify
ATM (Right Service Station),,,"275 NJ-17, Mahwah, NJ 07430",41.0910794,-74.1538049,07430,,,ATM,None,apify
Unbank Bitcoin ATM - BP Gas Station (Mahwah),(561) 396-2359,https://unbank.com/?y_source=1_MjYyODM3MjgtNzE1LWxvY2F0aW9uLndlYnNpdGU%3D,"144 NJ-17, Mahwah, NJ 07430",41.0979307,-74.1609213,07430,,,ATM,None,apify
ATM Machine at Monsey Glatt,(888) 959-2269,https://www.atmdepot.com/,"190 NY-59, Monsey, NY 10952",41.1093026,-74.0837099,10952,,,ATM,None,apify
Wells Fargo ATM,(800) 869-3557,https://locations.wellsfargo.com/ny/monsey/154-route-59?utm_campaign=Local_Listings&utm_source=Google&group=ATM&loc=OS141516,"154 NY-59, Monsey, NY 10952",41.1094188,-74.0785878,10952,,,ATM,None,apify
ATM Machine at Satmar Bhmd,(888) 959-2269,https://www.atmdepot.com/,"1 Monsey Blvd, Monsey, NY 10952",41.1161628,-74.0616313,10952,,,ATM,None,apify
Coinstar Kiosk - Bitcoin ATM,(800) 928-2274,https://www.coinstar.com/kiosk-info?KioskId=462?utm_source=gmb&utm_medium=gmblocationlisting&utm_campaign=webbutton,"125 Franklin Turnpike, Mahwah, NJ 07430",41.0992549,-74.1447322,07430,,,Crypto ATM,None,apify
Cardtronics ATM,(800) 786-9666,http://www.cardtronics.com/about/,"25 N Spruce St, Ramsey, NJ 07446",41.0586151,-74.1413845,07446,,,ATM,None,apify
Cardtronics ATM,(800) 786-9666,http://www.cardtronics.com/,"Ramsey, NJ 07446",41.0762966,-74.1390772,None,,,ATM,None,apify
ATM,,,"62 Orange Turnpike, Sloatsburg, NY 10974",41.1553872,-74.1929306,10974,,,ATM,None,apify
Coinsource Bitcoin ATM,(805) 500-2646,https://coinsource.net/?utm_source=gmb&utm_medium=organic&utm_campaign=listing,"140 Franklin Turnpike, Mahwah, NJ 07430",41.0985702,-74.1470947,07430,,,ATM,None,apify
Cardtronics ATM,(800) 786-9666,,"1275 NJ-17, Ramsey, NJ 07446",41.0711041,-74.1397819,07446,,,ATM,None,apify
Coinsource Bitcoin ATM,(805) 500-2646,https://coinsource.net/?utm_source=gmb&utm_medium=organic&utm_campaign=listing,"193 NJ-17, Mahwah, NJ 07430",41.0966818,-74.1571407,07430,,,ATM,None,apify
Cardtronics,,,"360 Ridge Rd, Mahwah, NJ 07430",41.0786463,-74.1644823,07430,,,ATM,None,apify
ATM Machine at All Fresh Supermarket,(888) 959-2269,https://www.atmdepot.com/,"19 NY-59, Monsey, NY 10952",41.1076038,-74.0619507,10952,,,ATM,None,apify
Coinsource Bitcoin ATM,(805) 500-2646,https://coinsource.net/?utm_source=gmb&utm_medium=organic&utm_campaign=listing,"130 NJ-17, Mahwah, NJ 07430",41.1004139,-74.1653972,07430,,,ATM,None,apify
ATM Machine at Redelicious Supermarket,(888) 959-2269,https://www.atmdepot.com/,"100 NY-59, Monsey, NY 10952",41.1076813,-74.0677267,10952,,,ATM,None,apify
LibertyX Bitcoin ATM,(800) 511-8940,https://libertyx.com/a/locations/NJ/ramsey/563-franklin-turnpike,"563 Franklin Turnpike Walgreens, Ramsey, NJ 07446",41.0762969,-74.1389978,07446,,,ATM,None,apify
LibertyX Bitcoin ATM,(800) 511-8940,https://libertyx.com/,"885 NJ-17, Ramsey, NJ 07446",41.0635157,-74.1280269,07446,,,ATM,None,apify
LibertyX Bitcoin ATM,(800) 511-8940,https://libertyx.com/a/locations/NJ/ramsey/25-n-spruce-st,"25 N Spruce St Walgreens, Ramsey, NJ 07446",41.0585665,-74.1414518,07446,,,ATM,None,apify
LibertyX Bitcoin ATM,(800) 511-8940,https://libertyx.com/a/locations/NJ/mahwah/45-franklin-turnpike,"45 Franklin Turnpike, Mahwah, NJ 07430",41.1047824,-74.1475168,07430,,,ATM,None,apify
LibertyX Bitcoin ATM,(800) 511-8940,https://libertyx.com/,"Walgreens, 209 NY-59, Airmont, NY 10901",41.111524,-74.113749,10901,,,ATM,None,apify
Gables Animal Clinic,(305) 381-5694,https://gablesanimalclinic.com/?utm_source=google&utm_medium=organic&utm_campaign=gmbwebsite,"1607 Ponce de Leon Blvd Ste 105, Coral Gables, FL 33134",25.7570819,-80.2585682,33134,4.7,127,Veterinarian,None,apify
Coral Gables Animal Hospital,(305) 590-5011,https://coralgablesanimalhospital.com/,"4569 Ponce de Leon Blvd, Coral Gables, FL 33146",25.728868,-80.2607207,33146,4.7,163,Veterinarian,None,apify
GoodVets Coral Gables,(305) 522-6100,https://goodvets.com/locations/miami/coral-gables,"315 Miracle Mile, Coral Gables, FL 33134",25.749712,-80.2610754,33134,4.8,128,Veterinarian,None,apify
Ponce De León Animal Clinic,(305) 666-6813,http://poncedeleonanimalclinic.com/,"4561 Ponce de Leon Blvd, Coral Gables, FL 33146",25.7289542,-80.2603991,33146,4.8,228,Animal hospital,None,apify
PetSmart Veterinary Services - Coral Gables,(786) 981-7155,https://pvshospitals.com/fl/coral-gables/coral-gables-1411/?utm_source=google&utm_medium=organic&utm_campaign=google-my-business,"3301 SW 22nd St, Coral Gables, FL 33145",25.750417,-80.2496863,33145,5,38,Veterinarian,None,apify
Coral Way Animal Clinic,(305) 381-0561,https://www.coralwayanimalclinic.us/,"1801 SW 27th Ave, Miami, FL 33145",25.7548729,-80.2382087,33145,4.5,367,Veterinarian,None,apify
Animal Clinic 8 & 43,(305) 442-0776,,"4300 SW 8th St, Coral Gables, FL 33134",25.764098,-80.265571,33134,4.7,159,Veterinarian,None,apify
Silver Bluff Animal Clinic,(305) 859-7979,http://www.silverbluffanimalclinic.com/,"2515 SW 27th Ave, Miami, FL 33133",25.7451908,-80.2378596,33133,4.6,296,Veterinarian,None,apify
Coconut Grove Animal Clinic,(305) 448-2123,http://www.coconutgroveanimalclinic.com/,"3200 Grand Ave, Miami, FL 33133",25.7278011,-80.245287,33133,4.6,341,Veterinarian,None,apify
GoodVets Coconut Grove,(305) 463-1201,https://www.good-vets.com/locations/miami/coconut-grove,"2840 Oak Ave, Coconut Grove, FL 33133",25.7298863,-80.240082,33133,4.7,222,Veterinarian,None,apify
TLC Animal Clinic I,(305) 637-6699,,"2200 SW 16th St Ste 222, Miami, FL 33145",25.7578211,-80.2308231,33145,4.9,173,Animal hospital,None,apify
Banfield Pet Hospital,(786) 796-2241,https://www.banfield.com/locations/veterinarians/fl/coral-gables/crg?utm_source=yext&utm_medium=yext&utm_campaign=yext&cid=yext_local,"3176 SW 22nd St, Miami, FL 33145",25.7497874,-80.2453558,33145,3.7,326,Veterinarian,None,apify
Viamonte Veterinary Clinic,(305) 857-0096,https://viamontevetclinic.com/,"1835 SW 27th Ave, Miami, FL 33145",25.754276,-80.2382257,33145,4.4,248,Veterinarian,None,apify
Manzano Animal Clinic,(305) 442-0776,,"4300 SW 8th St, Miami, FL 33134",25.7640489,-80.2655057,33134,3.9,7,Animal hospital,None,apify
Flagler Animal Clinic,(305) 266-8320,,"5582 W Flagler St, Coral Gables, FL 33134",25.7706604,-80.2856782,33134,4.4,162,Veterinarian,None,apify
Coral Gables Counseling Center,(305) 445-0477,https://www.coralgablescounseling.com/,"2600 Douglas Rd #1003, Coral Gables, FL 33134",25.7477553,-80.2547271,33134,4.7,38,Mental health service,None,apify
Miami Counseling & Resource Center,(305) 448-8325,https://miamicounseling.com/,"111 Majorca Ave B, Coral Gables, FL 33134",25.7554067,-80.2571361,33134,4.5,74,Counselor,None,apify
Ocean Psychology Group,(305) 200-3921,https://www.oceanpsychologygroup.com/,"3735 SW 8th St #201, Coral Gables, FL 33134",25.7649678,-80.25636,33134,4.9,37,Counselor,None,apify
Harvesting Joy Counseling,(321) 405-2805,http://harvestingjoypsychologicalservices.com/,"250 Catalonia Ave Ste 702, Coral Gables, FL 33134",25.7444821,-80.2596311,33134,4.9,53,Counselor,None,apify
Love Discovery Institute,(786) 373-0935,https://www.lovediscovery.org/?utm_campaign=gmb,"999 Ponce de Leon Blvd PH Suite 1120, Coral Gables, FL 33134",25.7624935,-80.2587034,33134,4.8,96,Psychotherapist,None,apify
Uptown Psychology,(786) 977-3242,https://uptownpsychologyny.com/locations/florida/,"3081 Salzedo St Ste 202, Coral Gables, FL 33134",25.7441509,-80.2602461,33134,5,8,Psychologist,None,apify
Anasa Counseling,(786) 505-2236,https://www.anasacounseling.com/,"SS, 3081 Salzedo St Ste 202, Coral Gables, FL 33134",25.7441509,-80.2602461,33134,5,16,Counselor,None,apify
Natal Counseling,(305) 204-8292,http://www.natalcounseling.com/,"3081 Salzedo St Ste 202-R, Coral Gables, FL 33134",25.744151,-80.260246,33134,5,20,Psychologist,None,apify
"Dr. Cecilia M. Marin, Psy.D.",(305) 764-2333,http://www.drceciliamarin.com/,"340 Minorca Ave #3, Coral Gables, FL 33134",25.7533103,-80.2617509,33134,5,12,Psychologist,None,apify
Integrated Mind - Mental Health Therapy & Clinical Hypnotherapy,(786) 835-9886,https://myintegratedmind.com/,"475 Biltmore Way Ste 101, Coral Gables, FL 33134",25.748646,-80.2644087,33134,5,11,Mental health service,None,apify
Skyy Counseling,(954) 687-1091,http://skyycounseling.com/,"3081 Salzedo St Suite 202 7520, NW 5th St #200, Coral Gables, FL 33134",25.7442185,-80.2602765,33134,5,18,Marriage or relationship counselor,None,apify
Mindful Therapy LLC,(786) 344-8757,https://www.mindfultherapyfl.com/,"770 Ponce de Leon Blvd #307, Coral Gables, FL 33134",25.7650265,-80.2590683,33134,4.2,9,Mental health clinic,None,apify
Rebeca Melendez- Psychotherapy and Assessments,(305) 908-7118,http://psychicounseling.wixsite.com/psychicounseling,"3081 Salzedo St, Coral Gables, FL 33134",25.744151,-80.260246,33134,5,4,Mental health service,None,apify
Mindful Psychiatry,(786) 664-7757,https://squareup.com/appointments/book/CMMCVRWMEBKPA/mindful-psychiatry-coral-gables-fl,"121 Alhambra Plz #1000, Coral Gables, FL 33134",25.752672,-80.2572992,33134,4.6,20,Mental health service,None,apify
Succeed with Love - Loves Hidden Policy - Coral Gables,(561) 437-2286,https://loveshiddenpolicy.com/couples-therapy-coral-gables/,"3081 Salzedo St Ste 202-T, Coral Gables, FL 33134",25.7441509,-80.2602461,33134,4.9,57,Marriage or relationship counselor,None,apify
"Dr. Stephanie May, Psy.D.",(954) 288-2414,https://www.drstephaniemay.com/,"220 Miracle Mile B-218, Coral Gables, FL 33134",25.7491913,-80.2592734,33134,5,11,Mental health service,None,apify
"Psychology & Beyond, Inc.",(305) 917-5414,https://www.psychologytoday.com/profile/210683,"2020 Ponce de Leon Blvd Ste 1201, Coral Gables, FL 33134",25.7539126,-80.2597051,33134,4.4,7,Counselor,None,apify
"Steps Therapy Center, Corp",(954) 368-4786,https://stepstherapycenter.com/,"4800 W Flagler St #215, Coral Gables, FL 33134",25.7710737,-80.2738638,33134,5,48,Mental health service,None,apify
Casa Sol Psychology,(786) 708-1532,https://www.casasolpsychology.com/,"3081 Salzedo St Ste 202, Coral Gables, FL 33134",25.7441509,-80.2602461,33134,5,7,Counselor,None,apify
MM Counseling Miami Inc,(305) 440-7915,https://www.mmcounselingmiami.com/,"95 Merrick Wy, Coral Gables, FL 33134",25.7516883,-80.2564741,33134,5,2,Psychotherapist,None,apify
Block Advisors,(305) 774-6822,https://www.blockadvisors.com/tax-office-near-me/florida/coral-gables/8470/?otppartnerid=9308&campaignid=pw_mcm_9308_9762&utm_medium=local,"2417 Ponce de Leon Blvd, Coral Gables, FL 33134",25.7488759,-80.2582836,33134,4.9,247,Tax preparation service,None,apify
Magda Accounting,(844) 764-7474,http://www.magdafinance.com/,"300 Aragon Ave #375, Coral Gables, FL 33134",25.7500593,-80.2609246,33134,4.5,4,Accountant,None,apify
"Marie Torossian, CPA",(866) 812-2910,https://marietorossiancpa.com/,"2332 Galiano St 2nd Floor, Coral Gables, FL 33134",25.7503608,-80.2569431,33134,5,18,Accountant,None,apify
LibertyX Bitcoin ATM,(800) 511-8940,https://libertyx.com/a/locations/NJ/ramsey/20-w-main-st,"20 W Main St, Ramsey, NJ 07446",41.0569457,-74.1428513,07446,,,ATM,None,apify
LibertyX Bitcoin ATM,(800) 511-8940,https://libertyx.com/a/locations/NJ/mahwah/225-ramapo-valley-rd,"225 Ramapo Valley Rd, Mahwah, NJ 07430",41.0966906,-74.1633175,07430,,,ATM,None,apify
LibertyX Bitcoin ATM,(800) 511-8940,https://libertyx.com/a/locations/NJ/ramsey/295-n-franklin-tpke,"295 N Franklin Tpke CVS, Ramsey, NJ 07446",41.0683599,-74.1359722,07446,,,ATM,None,apify
LibertyX Bitcoin ATM,(800) 511-8940,https://libertyx.com/a/locations/NJ/mahwah/2-island-rd,"2 Island Rd, Mahwah, NJ 07430",41.1022872,-74.1526529,07430,,,ATM,None,apify
ATM,,,"144 NJ-17, Mahwah, NJ 07430",41.0979318,-74.1609135,07430,,,ATM,None,apify
Bitcoin Depot - Bitcoin ATM,(678) 435-9604,https://branches.bitcoindepot.com/nj/ramsey/bitcoin-atm/9000753197?utm_source=google&utm_medium=local&utm_campaign=google-local,"160 E Main St, Ramsey, NJ 07446",41.0573105,-74.1372546,07446,1,1,Crypto ATM,None,apify
Miami Pet Clinic,(305) 541-2208,http://miamipetclinic.com/,"2485 W Flagler St #3, Miami, FL 33135",25.772601,-80.2368801,33135,4.5,726,Veterinarian,None,apify
Parajon Animal Clinic,(305) 856-2885,https://rymaps.xyz/business/parajon-animal-clinic-523uik,"2751 SW 8th St, Miami, FL 33135",25.7653445,-80.2399747,33135,4,322,Animal hospital,None,apify
AWS Animal Hospital - Animal Welfare Society of South Florida,(305) 858-3501,https://stmaps.top/business/aws-animal-hospital---animal-welfare-society-of-so-42ddkb,"2601 SW 27th Ave, Miami, FL 33133",25.7431475,-80.2377389,33133,3.9,813,Veterinarian,None,apify
Four Paws Angels Animal Clinic,(786) 963-9014,http://www.fourpawsangelsanimalclinic.com/,"4878 NW 7th St, Miami, FL 33126",25.7779742,-80.2756223,33126,4.9,169,Veterinarian,None,apify
West Miami Animal Hospital,(305) 266-1825,https://www.westmiamianimalhospital.com/,"7443 Coral Wy, Miami, FL 33155",25.74855,-80.3163889,33155,4.3,419,Animal hospital,None,apify
VCA Knowles Central Animal Hospital,(305) 649-1234,https://vcahospitals.com/knowles-central?utm_source=maps&utm_medium=organic&utm_campaign=AU_4070,"1000 NW 27th Ave, Miami, FL 33125",25.78231,-80.23969,33125,3.5,587,Veterinarian,None,apify
Pet Lovers Animal Clinic @NW 7th St,(305) 529-4942,http://www.petloversus.com/,"4140 NW 7th St, Miami, FL 33126",25.778581,-80.2626477,33126,4.6,599,Animal hospital,None,apify
Grove Animal Hospital,(786) 332-3659,https://animalhospitalcoconutgrove.com/,"2803 SW 27th Ave, Miami, FL 33133",25.7384897,-80.2374858,33133,4.8,157,Veterinarian,None,apify
Clinica bajos recurdos animal,(305) 858-3501,,"2601 SW 27th Ave, Miami, FL 33133",25.7431231,-80.2377638,33133,3.6,45,Veterinary care,None,apify
Carballo Animal Clinic,(305) 552-9121,https://carballoac.com/,"8468 SW 8th St, Miami, FL 33144",25.7609462,-80.3332508,33144,4.8,269,Veterinarian,None,apify
Animal Sterilization and Immunization Services,(305) 461-2600,,"3240 NW 7th St, Miami, FL 33125",25.7788873,-80.2484526,33125,4.3,93,Veterinarian,None,apify
Marmesh Kathleen DVM,(305) 448-2123,https://www.coconutgroveanimalclinic.com/meet-the-staff.html,"3200 Grand Ave, Miami, FL 33133",25.7278283,-80.2452888,33133,4.8,34,Veterinarian,None,apify
Trail Animal Hospital,(305) 261-0793,https://trailanimalhospital.com/,"6464 SW 8th St, West Miami, FL 33144",25.7629079,-80.3011014,33144,4.8,238,Veterinarian,None,apify
Country Club Animal Hospital,(305) 663-3300,https://www.ccahweb.com/?utm_source=google&utm_medium=organic&utm_campaign=gmb&utm_term=website,"4115 SW 72nd Ave, Miami, FL 33155",25.7320617,-80.3106807,33155,4.3,221,Veterinarian,None,apify
Miami Vet Group,(786) 713-0863,http://www.miamivetgroup.com/,"12521 S Dixie Hwy, Pinecrest, FL 33156",25.6534176,-80.3289033,33156,5,306,Veterinarian,None,apify
VCA Cabrera Animal Hospital,(305) 261-2374,https://vcahospitals.com/cabrera?utm_source=maps&utm_medium=organic&utm_campaign=AU_593,"6390 SW 8th St, West Miami, FL 33144",25.762846,-80.299495,33144,4.5,199,Veterinarian,None,apify
Brickell Bay Animal Hospital,(786) 231-1111,http://www.bbah.com/,"940 Brickell Bay Dr, Miami, FL 33131",25.7651709,-80.1898836,33131,4.5,391,Animal hospital,None,apify
"Annette Thomas, VMD",(305) 667-5821,http://coralgablesanimalhospital.com/,"Animal Hospital, 4569 Ponce de Leon Blvd, Coral Gables, FL 33146",25.72881,-80.2606518,33146,5,1,Veterinarian,None,apify
Mascota of coral gables,,,"3301 Coral Wy, Miami, FL 33145",25.750451,-80.2497308,33145,5,2,Veterinarian,None,apify
Pinecrest Veterinary Hospital,(305) 278-1300,https://www.pinecrestvets.com/?utm_source=gmb&utm_medium=organic&y_source=1_MTQ1NDM0NTYtNzE1LWxvY2F0aW9uLndlYnNpdGU%3D,"12125 S Dixie Hwy, Pinecrest, FL 33156",25.6578535,-80.3267116,33156,4.8,743,Veterinarian,None,apify
Randy Dominguez DVM (Practice Limited to Surgery and Endoscopy),(305) 221-1224,http://www.westchesteranimalhospital.com/,"2730 SW 87th Ave, Miami, FL 33165",25.7447686,-80.3360179,33165,4.9,72,Veterinarian,None,apify
Pereira Jacqueline DVM,(305) 649-1234,,"1000 NW 27th Ave, Miami, FL 33125",25.7825647,-80.2397213,33125,4.1,95,Veterinarian,None,apify
Westchester Animal Hospital,(305) 221-1224,https://westchesteranimalhospital.com/,"2730 SW 87th Ave, Miami, FL 33165",25.744774,-80.336019,33165,4.8,269,Veterinarian,None,apify
"Victor Soler-Baillo, DVM",(305) 443-4777,https://miamianimalhospital.com/about-us/team/dr-victor-soler/?utm_medium=organic&utm_source=gmb&utm_campaign=ldvm_site&utm_content=miami_soler-baillo_victor,"4701 W Flagler St, Coral Gables, FL 33134",25.7716643,-80.2718881,33134,,,Veterinarian,None,apify
Mueller Animal Hospital,(305) 688-0561,http://www.muelleranimalcare.com/,"4148 E 8th Ave, Hialeah, FL 33013",25.8603802,-80.2669106,33013,4.3,486,Veterinarian,None,apify
Gables PET Imaging,(305) 261-0555,http://www.gablesraddoral.com/,"815 NW 57th Ave #100, Miami, FL 33126",25.7799784,-80.2878235,33126,4.6,10,Medical diagnostic imaging center,None,apify
Panda Animal Clinic,(305) 887-1018,https://pandaanimalclinic.us/,"329 E 9th St #101, Hialeah, FL 33010",25.8303536,-80.2748482,33010,4.2,570,Veterinarian,None,apify
Snuggly Tails Dental,(305) 323-0551,http://snugglytails.com/,"2030 Douglas Rd, Coral Gables, FL 33134",25.7536494,-80.2549114,33134,5,533,Pet store,None,apify
Links of Love Veterinary Clinic,(305) 338-3620,https://www.linksoflovepetcare.com/,"13033 SW 112th St, Miami, FL 33186",25.6646808,-80.407475,33186,4.9,91,Veterinarian,None,apify
Doral Centre Animal Hospital,(305) 598-1234,https://doralvet.com/?utm_source=google&utm_medium=organic&utm_campaign=google_business_profile,"2801 NW 87th Ave, Doral, FL 33172",25.8004525,-80.3364364,33172,4,1328,Emergency veterinarian service,None,apify
Greenleaf Animal Hospital,(305) 535-4695,https://greenleafanimalhospital.com/,"3111 NE 1st Ave, Miami, FL 33137",25.8060173,-80.1928745,33137,4.2,122,Animal hospital,None,apify
Vet Wellcare Vaccinations Clinic at Pet Supermarket,(305) 529-1800,https://www.petsupermarket.com/,"Grove Station Shops, 2720 S Dixie Hwy Ste A, Miami, FL 33133",25.7389988,-80.2390109,33133,4.5,2,Veterinarian,None,apify
It's Paw Natural,(305) 987-8684,https://www.itspawnatural.com/find-a-veterinarian/location/usa/fl/miami/dr-josies-5-element-animal-wellness/,"3109 Grand Ave, Miami, FL 33133",25.7282089,-80.2437698,33133,,,Veterinarian,None,apify
Nala.vet,(213) 833-8007,https://nala.vet/,None,26.0541816,-80.430269,None,,,Veterinarian,None,apify
The Home Depot,(919) 661-1393,https://www.homedepot.com/l/Garner/NC/Garner/27529/3631?emt=MSGoogleMaps,"2540 Timber Dr, Garner, NC 27529",35.7129734,-78.6379911,27529,4.1,1723,Hardware store,None,apify
Shell Lumber and Hardware,(305) 856-6401,https://www.shelllumber.com/,"2733 SW 27th Ave, Miami, FL 33133",25.7412656,-80.2376642,33133,4.6,1067,Hardware store,None,apify
Blackhawk Hardware and Garden Center,(704) 525-2682,https://www.blackhawkhardware.com/,"4225 Park Rd, Charlotte, NC 28209",35.174597,-80.8481135,28209,4.7,1077,Hardware store,None,apify
Taylor's Do it Center,(757) 484-4545,https://doitbest.com/taylors-do-it-centers/?utm_source=google&utm_medium=organic&utm_campaign=gmb_suffolk,"3235 Bridge Rd, Suffolk, VA 23435",36.8627845,-76.4826751,23435,4.5,280,Hardware store,None,apify
Pleasants Hardware,(804) 768-9464,https://www.doitbest.com/pleasants-hardware/?utm_source=google&utm_medium=organic&utm_campaign=gmb_chesterfield,"6439 Centralia Rd, Chesterfield, VA 23832",37.3718487,-77.4992352,23832,4.4,435,Hardware store,None,apify
"Colonial Hardware Co (Traeger Dealer, Cheapest Transponder Keys in Town!)",(336) 226-3754,https://www.colonialhardwaregraham.com/,"104 E Elm St, Graham, NC 27253",36.069462,-79.399478,27253,4.7,344,Hardware store,None,apify
Westlake Ace Hardware,(704) 319-7217,http://www.acehardware.com/store-details/18643?utm_source=google&utm_medium=local&utm_campaign=localmaps&utm_content=18643,"2924 Mt Holly-Huntersville Rd, Charlotte, NC 28214",35.318998,-80.951442,28214,4.7,53,Hardware store,None,apify
"Craft American Hardware, Inc.",(910) 256-4782,https://www.doitbest.com/crafthardware/,"7002 Wrightsville Ave, Wilmington, NC 28403",34.2198805,-77.8223951,28403,4.7,134,Hardware store,None,apify
Angle Hardware,(540) 483-5270,http://www.acehardware.com/store-details/04776?utm_source=google&utm_medium=local&utm_campaign=localmaps&utm_content=04776,"330 Franklin St, Rocky Mount, VA 24151",36.9982945,-79.8926153,24151,4.8,182,Hardware store,None,apify
Taylor's Do it Center,(757) 868-8635,https://doitbest.com/taylors-do-it-centers/?utm_source=google&utm_medium=organic&utm_campaign=gmb_poquoson,"475 Wythe Creek Rd, Poquoson, VA 23662",37.1252457,-76.3929712,23662,4.3,209,Hardware store,None,apify
The Home Depot,(919) 851-5554,https://www.homedepot.com/l/Cary/NC/Cary/27518/3615?emt=MSGoogleMaps,"2031 Walnut St, Cary, NC 27518",35.7564254,-78.7383574,27518,4.2,1709,Hardware store,None,apify
Lanier Ace Hardware,(336) 248-5935,http://www.lanierhardware.com/?utm_source=google&utm_medium=local&utm_campaign=localmaps&utm_content=16863,"218 S Main St, Lexington, NC 27292",35.8226497,-80.2551193,27292,4.7,846,Hardware store,None,apify
Overstreet Hardware and Home,(434) 616-2989,http://www.overstreethardware.com/?utm_source=google&utm_medium=local&utm_campaign=localmaps&utm_content=17086,"15097 Forest Rd, Forest, VA 24551",37.3643697,-79.2932759,24551,4.6,258,Hardware store,None,apify
Oxford's Ace Hardware,(336) 299-8411,http://www.acehardware.com/store-details/18850?utm_source=google&utm_medium=local&utm_campaign=localmaps&utm_content=18850,"5105 W Market St, Greensboro, NC 27409",36.068442,-79.8784685,27409,4.4,242,Hardware store,None,apify
Northwest Ace Hardware,(540) 394-3311,http://www.acehardware.com/store-details/16995?utm_source=google&utm_medium=local&utm_campaign=localmaps&utm_content=16995,"520 Roanoke St, Christiansburg, VA 24073",37.1310174,-80.3959725,24073,4.5,367,Hardware store,None,apify
Northwest Ace Hardware,(540) 989-5245,http://www.acehardware.com/store-details/16998?utm_source=google&utm_medium=local&utm_campaign=localmaps&utm_content=16998,"3647 Brambleton Ave SW, Roanoke, VA 24018",37.2363889,-80.0038889,24018,4.6,751,Hardware store,None,apify
Northwest Ace Hardware,(336) 595-2241,http://www.northwesthardware.com/?utm_source=google&utm_medium=local&utm_campaign=localmaps&utm_content=18572,"2700 Old Hollow Rd, Walkertown, NC 27051",36.1696039,-80.1581216,27051,4.5,148,Hardware store,None,apify
Westlake Hardware,(336) 905-6510,https://www.acehardware.com/store-details/18532?utm_source=google&utm_medium=local&utm_campaign=localmaps&utm_content=18532,"1589 Skeet Club Rd Suite 105, High Point, NC 27265",36.03292,-79.96987,27265,4.5,66,Hardware store,None,apify
Elder's Ace Hardware-Florence,(843) 669-6393,https://www.eldershardware.com/locations/florence?utm_source=google&utm_medium=local&utm_campaign=localmaps&utm_content=18941,"155 S Cashua Dr, Florence, SC 29501",34.1931867,-79.8035596,29501,4.5,594,Hardware store,None,apify
Zebulon Hardware,(919) 375-4886,http://zebulonhardware.com/,"412 W Gannon Ave, Zebulon, NC 27597",35.8217168,-78.3227891,27597,4.6,55,Hardware store,None,apify
Taylor's Do it Center,(757) 425-6120,https://doitbest.com/taylors-do-it-centers/?utm_source=google&utm_medium=organic&utm_campaign=gmb_va_beach_hilltop,"1609 Laskin Rd, Virginia Beach, VA 23451",36.850715,-76.017418,23451,4.5,360,Hardware store,None,apify
Taylor's Do it Center,(252) 435-1521,https://doitbest.com/taylors-do-it-centers/?utm_source=google&utm_medium=organic&utm_campaign=gmb_moyock,"100 Lark Dr, Moyock, NC 27958",36.5189252,-76.1725267,27958,4.3,252,Hardware store,None,apify
Taylor’s Do it Center,(757) 222-0013,https://doitbest.com/taylors-do-it-centers/?utm_source=google&utm_medium=organic&utm_campaign=gmb_va_beach_marina_shores,"2865 Lynnhaven Dr, Virginia Beach, VA 23451",36.9068888,-76.0684712,23451,4.4,167,Hardware store,None,apify
Northwest Hardware Company,(828) 294-1022,http://www.northwesthardware.com/?utm_source=google&utm_medium=local&utm_campaign=localmaps&utm_content=18300,"3347 South NC 127 Highway, Hickory, NC 28602",35.68001,-81.379166,28602,4.4,409,Hardware store,None,apify
Henderson Supply Co. Inc.,(843) 383-5131,http://www.acehardware.com/store-details/06198?utm_source=google&utm_medium=local&utm_campaign=localmaps&utm_content=06198,"935 S Fourth St, Hartsville, SC 29550",34.363163,-80.0626209,29550,4.5,262,Hardware store,None,apify
Garcia Art Gallery,(929) 462-2133,https://www.fidelgarciagallery.com/,"102 Giralda Ave, Coral Gables, FL 33134",25.7512881,-80.2569423,33134,5,2,Art gallery,None,apify
Cernuda Arte,(305) 461-1050,http://www.cernudaarte.com/,"3155 Ponce de Leon Blvd, Coral Gables, FL 33134",25.7429384,-80.2580958,33134,4.6,66,Art gallery,None,apify
The Americas Collection Art Gallery & Frame Shop,(305) 446-5578,https://americascollection.com/,"4213 Ponce de Leon Blvd, Coral Gables, FL 33146",25.7326449,-80.2581589,33146,4.9,48,Art gallery,None,apify
HBenitez Fine Art Gallery,(786) 877-1045,http://www.humbertobenitez.com/,"233 Aragon Ave, Coral Gables, FL 33134",25.7505331,-80.259413,33134,4.5,8,Art gallery,None,apify
Pedrido Arte Gallery,(786) 287-2771,https://www.pedridoarte.com/,"290 Miracle Mile, Coral Gables, FL 33134",25.7491944,-80.2604891,33134,5,10,Art gallery,None,apify
Virginia Miller Galleries Inc,(305) 444-4493,http://www.virginiamiller.com/,"169 Madeira Ave, Coral Gables, FL 33134",25.756127,-80.258348,33134,5,7,Art gallery,None,apify
Lowe Art Museum,(305) 284-3535,https://www.lowe.miami.edu/,"1301 Stanford Dr, Miami, FL 33146",25.719375,-80.2756722,33146,4.6,369,Art museum,None,apify
Ninoska Huerta Gallery,(305) 588-1231,http://www.ninoskahuertagallery.com/,"290 Miracle Mile, Coral Gables, FL 33134",25.7491944,-80.2604891,33134,,,Art gallery,None,apify
RDZ Fine Art LLC,(305) 720-5172,,"147 Giralda Ave, Coral Gables, FL 33134",25.7515446,-80.2578604,33134,5,1,Art gallery,None,apify
ArtLabbé Coral Gables,,http://www.artlabbe.org/,"2522 Ponce de Leon Blvd, Coral Gables, FL 33134",25.7481353,-80.2588457,33134,4.3,6,Art gallery,None,apify
Torna Prado Fine Art Collect,(305) 476-8444,,"3306 Ponce de Leon Blvd, Coral Gables, FL 33134",25.7409068,-80.2586819,33134,5,1,Art gallery,None,apify
Coral Gables Museum,(305) 603-8067,http://coralgablesmuseum.org/,"285 Aragon Ave, Coral Gables, FL 33134",25.7505276,-80.2603508,33134,4.4,379,Tourist attraction,None,apify
white art collector,(786) 352-1777,https://www.whiteartcollector.art/,"815 Ponce de Leon Blvd, Miami, FL 33134",25.7639226,-80.2588465,33134,5,1,Art gallery,None,apify
NOBLHAUS MIAMI,(786) 953-2027,,"223 Miracle Mile, Coral Gables, FL 33134",25.7497345,-80.2593762,33134,5,7,Art gallery,None,apify
Artrageous Gallery,(305) 733-6066,,"320 San Lorenzo Ave #1315, Coral Gables, FL 33146",25.7318311,-80.2598469,33146,5,1,Art gallery,None,apify
Chromatic Art Gallery,(863) 266-7613,,"75 Valencia Ave, Coral Gables, FL 33134",25.7482732,-80.2561336,33134,,,Art gallery,None,apify
Ophira Art,(786) 728-4452,https://www.ricardocasadoartist.com/,"401 Coral Wy #102, Coral Gables, FL 33134",25.7497899,-80.2630482,33134,,,Art gallery,None,apify
Zapata Art Gallery,(786) 505-8715,http://zapatagallery.com/,"1333 SW 22nd St, Miami, FL 33145",25.7512321,-80.2172618,33145,5,15,Art gallery,None,apify
Love Art,(301) 814-0899,,"2753 SW 27th Ave, Miami, FL 33133",25.7406272,-80.23771,33133,5,3,Art gallery,None,apify
LnS Gallery,(305) 781-6164,http://www.lnsgallery.com/,"2610 SW 28th Ln, Miami, FL 33133",25.7410293,-80.2362059,33133,4.8,52,Art gallery,None,apify
Grainger Industrial Supply,(800) 472-4643,https://www.grainger.com/branch/Norfolk-Branch-552,"1401 Sewells Point Rd, Norfolk, VA 23502",36.8663058,-76.229716,23502,4.4,66,Tool store,None,apify
Citizens Building Supply,(304) 327-6118,https://citizensbuildingsupply.com/?utm_source=google&utm_medium=local&utm_campaign=localmaps&utm_content=18036,"600 Bluefield Ave, Bluefield, WV 24701",37.2666694,-81.2321778,24701,4.8,93,Hardware store,None,apify
McCaffety Ace Hardware of Gastonia,(980) 238-2830,http://www.acehardware.com/store-details/18739?utm_source=google&utm_medium=local&utm_campaign=localmaps&utm_content=18739,"1761 Neal Hawkins Rd, Gastonia, NC 28056",35.2153869,-81.1684646,28056,4.2,261,Hardware store,None,apify
Curt's Ace Hardware,(276) 265-6000,http://www.acehardware.com/store-details/18711?utm_source=google&utm_medium=local&utm_campaign=localmaps&utm_content=18711,"795 N Main St, Marion, VA 24354",36.840383,-81.508244,24354,4.3,58,Hardware store,None,apify
Steelman's Ace Hardware,(336) 998-1987,http://www.steelmanhardware.com/,"5431 US-158, Advance, NC 27006",36.006484,-80.432991,27006,4.6,168,Hardware store,None,apify
Northwest Hardware Company,(336) 768-3886,http://www.northwesthardware.com/?utm_source=google&utm_medium=local&utm_campaign=localmaps&utm_content=17486,"3450 Robinhood Rd, Winston-Salem, NC 27106",36.1167052,-80.3162378,27106,4.4,454,Hardware store,None,apify
Oxford's Ace Hardware,(336) 861-4128,http://www.acehardware.com/store-details/18853?utm_source=google&utm_medium=local&utm_campaign=localmaps&utm_content=18853,"2937 S Main St, High Point, NC 27263",35.9198886,-79.9764505,27263,4.5,388,Hardware store,None,apify
Moneta Farm & Home Center,(540) 297-5558,http://www.monetafhc.com/?utm_source=google&utm_medium=local&utm_campaign=localmaps&utm_content=18482,"11739 Moneta Rd, Moneta, VA 24121",37.19609,-79.6000571,24121,4.6,315,Hardware store,None,apify
Heritage Home Center,(276) 629-2595,http://www.acehardware.com/store-details/07787?utm_source=google&utm_medium=local&utm_campaign=localmaps&utm_content=07787,"1558 Fairystone Park Hwy, Stanleytown, VA 24168",36.7444679,-79.9618081,24168,4.5,197,Hardware store,None,apify
Helpful Hardware Ace of Bethlehem,(828) 495-8351,http://www.helpfulhardwareco.com/?utm_source=google&utm_medium=local&utm_campaign=localmaps&utm_content=18658,"9433 NC-127, Hickory, NC 28601",35.8174018,-81.3034439,28601,4.6,311,Hardware store,None,apify
Ace Hardware Mint Hill,(704) 248-8296,http://www.acehardware.com/store-details/18832?utm_source=google&utm_medium=local&utm_campaign=localmaps&utm_content=18832,"6912 Matthews-Mint Hill Rd, Mint Hill, NC 28227",35.171466,-80.656509,28227,4.1,91,Hardware store,None,apify
Elgin Hardware and Paint,(803) 438-2001,https://www.doitbest.com/elgin-hardware-and-paint/,"2495 Main St, Elgin, SC 29045",34.1691603,-80.7939151,29045,5,10,Hardware store,None,apify
Windsor Hardware,(757) 242-6123,http://www.acehardware.com/store-details/19255?utm_source=google&utm_medium=local&utm_campaign=localmaps&utm_content=19255,"5 Joyner Ave, Windsor, VA 23487",36.8076667,-76.743576,23487,4.6,189,Hardware store,None,apify
Steelman's Ace Arcadia,(336) 775-2775,http://www.acehardware.com/store-details/19339?utm_source=google&utm_medium=local&utm_campaign=localmaps&utm_content=19339,"8201 North Carolina Hwy 150, Clemmons, NC 27012",35.9495443,-80.3064054,27012,4.4,299,Hardware store,None,apify
Northwest ACE Hardware,(540) 362-1868,http://www.northwesthardware.com/,"2303 Williamson Rd NE, Roanoke, VA 24012",37.2934579,-79.9352411,24012,4.5,234,Hardware store,None,apify
The Home Depot,(919) 878-8771,https://www.homedepot.com/l/Raleigh/NC/Raleigh/27616/3616?emt=MSGoogleMaps,"4901 Capital Blvd, Raleigh, NC 27616",35.8530575,-78.5836187,27616,4.3,1654,Hardware store,None,apify
Northwest Ace Hardware,(540) 674-5100,http://www.acehardware.com/store-details/16997?utm_source=google&utm_medium=local&utm_campaign=localmaps&utm_content=16997,"4697 Cleburne Blvd, Dublin, VA 24084",37.0859085,-80.6901285,24084,4.4,456,Hardware store,None,apify
Hampstead Hardware,(910) 270-3237,http://www.acehardware.com/store-details/11056?utm_source=google&utm_medium=local&utm_campaign=localmaps&utm_content=11056,"15597 US-17, Hampstead, NC 28443",34.377139,-77.701034,28443,4.5,367,Hardware store,None,apify
Rockingham Cooperative ACE Hardware - Troutville,(540) 992-1001,https://www.rockinghamcoop.com/troutville-ag-ace-hardware,"8649 Cloverdale Rd, Troutville, VA 24175",37.377079,-79.890025,24175,4.4,180,Hardware store,None,apify
Provision Ace Hardware,(910) 684-8817,https://www.acehardware.com/store-details/16322,"445 Capital Dr, Carthage, NC 28327",35.2245302,-79.4035687,28327,4.6,716,Hardware store,None,apify
Lowe's Home Improvement,(336) 427-1400,https://www.lowes.com/store/NC-Mayodan/2996?cm_mmc=lod-_-c-_-lcl-_-awr-_-yxt-_-go-_-2996-_-na-_-0-_-0&y_source=1_MTE4MzE3MC03MTUtbG9jYXRpb24ud2Vic2l0ZQ%3D%3D,"6844 NC-135, Mayodan, NC 27027",36.41492,-79.939266,27027,4.3,1191,Hardware store,None,apify
Northwest Ace Hardware,(540) 777-1230,http://www.acehardware.com/store-details/16993?utm_source=google&utm_medium=local&utm_campaign=localmaps&utm_content=16993,"7650 Williamson Rd, Roanoke, VA 24019",37.3498322,-79.9471426,24019,4.6,487,Hardware store,None,apify
Farmers Produce Co,(757) 562-3560,http://www.acehardware.com/store-details/02479?utm_source=google&utm_medium=local&utm_campaign=localmaps&utm_content=02479,"1100 Armory Dr Ste 101, Franklin, VA 23851",36.6732342,-76.940096,23851,4.4,150,Hardware store,None,apify
Nighthawk Ace Hardware,(336) 900-5200,http://www.acehardware.com/store-details/18577?utm_source=google&utm_medium=local&utm_campaign=localmaps&utm_content=18577,"3100 North Carolina Hwy 150, Greensboro, NC 27455",36.218116,-79.786841,27455,4.7,57,Hardware store,None,apify
Oxford Ace Hardware,(919) 693-1126,http://www.acehardware.com/store-details/00497?utm_source=google&utm_medium=local&utm_campaign=localmaps&utm_content=00497,"119 Hillsboro St, Oxford, NC 27565",36.3112751,-78.5891056,27565,4.7,239,Hardware store,None,apify
H W Little & Co Inc,(704) 694-2214,https://www.doitbest.com/h-w-little-hardware,"109 S Greene St, Wadesboro, NC 28170",34.9659506,-80.0766975,28170,4.7,94,Hardware store,None,apify
Reece's Building Supply,(540) 726-3562,https://www.doitbest.com/reeces,"2683 Virginia Ave, Narrows, VA 24124",37.334905,-80.802576,24124,4.7,131,Building materials supplier,None,apify
H & B Stoneville,(336) 585-7985,http://www.acehardware.com/store-details/19199?utm_source=google&utm_medium=local&utm_campaign=localmaps&utm_content=19199,"506 E Main St, Stoneville, NC 27048",36.46443,-79.898621,27048,4.6,10,Hardware store,None,apify
Hardware General True Value,(919) 642-3688,http://www.myhardwaregeneral.com/,"386 East St, Pittsboro, NC 27312",35.7193603,-79.170578,27312,4.6,80,Hardware store,None,apify
Community Hardware True Value,(919) 936-5161,https://www.truevalue.com/community-princeton/?utm_source=gbp&utm_medium=organic,"102 S Center St, Princeton, NC 27569",35.465357,-78.1598105,27569,4.6,99,Hardware store,None,apify
Stoney Creek Ace Hardware,(336) 447-4504,http://www.acehardware.com/store-details/17940?utm_source=google&utm_medium=local&utm_campaign=localmaps&utm_content=17940,"941 Centercrest Dr, Whitsett, NC 27377",36.0621982,-79.6021442,27377,4.8,164,Hardware store,None,apify
Taylorsville Ace Hardware,(828) 632-5143,http://www.acehardware.com/store-details/19179?utm_source=google&utm_medium=local&utm_campaign=localmaps&utm_content=19179,"1351 NC-16, Taylorsville, NC 28681",35.9028799,-81.1771646,28681,4.7,162,Hardware store,None,apify
Sound Ace Hardware,(252) 354-4640,https://soundacehardware.com/,"300 Emerald Plantation Rd, Emerald Isle, NC 28594",34.6622534,-77.0486284,28594,4.7,399,Hardware store,None,apify
Coltrain Garden & Hardware,(252) 304-2153,https://www.coltrainhardware.com/,"524 Third St, Ayden, NC 28513",35.4710058,-77.4185646,28513,4.9,50,Hardware store,None,apify
Ace Hardware Princeton,(304) 220-4855,http://www.acehardware.com/store-details/18693?utm_source=google&utm_medium=local&utm_campaign=localmaps&utm_content=18693,"1055 Stafford Dr, Princeton, WV 24740",37.3625367,-81.0941773,24740,4.6,37,Hardware store,None,apify
Mobile Home Parts At National Hardware,(843) 665-1915,https://nationalhardware.doitbest.com/,"1607 E Palmetto St, Florence, SC 29506",34.1971087,-79.7443647,29506,4.5,71,Mobile home supply store,None,apify
The Home Depot,(336) 659-1181,https://www.homedepot.com/l/Winston-Salem/NC/Winston-Salem/27103/3610?emt=MSGoogleMaps,"1000 Hanes Mall Blvd, Winston-Salem, NC 27103",36.0677337,-80.3155433,27103,4.3,2171,Hardware store,None,apify
Doc B's Restaurant,(786) 864-1220,https://docbsrestaurant.com/locations/coral-gables,"301 Miracle Mile, Coral Gables, FL 33134",25.7496233,-80.2608567,33134,4.7,2093,American restaurant,$20–30,apify
Bulla Gastrobar Coral Gables,(786) 810-6215,https://bullagastrobar.com/locations/coral-gables/,"2500 Ponce de Leon Blvd, Coral Gables, FL 33134",25.7485084,-80.2589087,33134,4.9,14851,Spanish restaurant,$30–90,apify
The Collab,(305) 667-6766,https://thecollabmiami.com/,"1350 S Dixie Hwy, Coral Gables, FL 33146",25.7126417,-80.2788127,33146,4.5,71,Restaurant,None,apify
La Rosa Gastrobar,(786) 870-5466,https://www.larosagastrobar.com/?y_source=1_MjAxNTc0NDk5Mi03MTUtbG9jYXRpb24ud2Vic2l0ZQ%3D%3D,"382 Miracle Mile, Coral Gables, FL 33134",25.7490594,-80.2622985,33134,4.9,1321,Restaurant,$30–90,apify
CVI.CHE 105 - Coral Gables,(786) 527-3939,https://www.ceviche105.com/,"111 Palermo Ave #108, Coral Gables, FL 33134",25.7458695,-80.2571171,33134,4.9,6776,Peruvian restaurant,$50–100,apify
MIKA Coral Gables,(305) 404-2200,http://mikacoralgables.com/,"3007 Ponce de Leon Blvd, Coral Gables, FL 33134",25.7443133,-80.2581085,33134,4.7,489,Restaurant,$100+,apify
The Halal Shack,,https://www.thehalalshack.com/,"1350 Miller Dr, Coral Gables, FL 33146",25.71976,-80.2780359,33146,4.9,193,Halal restaurant,$10–20,apify
Mamey Miami,(305) 266-2639,http://mameymiami.com/,"1350 S Dixie Hwy, Coral Gables, FL 33146",25.7121987,-80.2782746,33146,4.3,732,Restaurant,$50–100,apify
CRAFT Coral Gables,(786) 772-6932,https://www.craftmiami.us/,"127 Giralda Ave, Coral Gables, FL 33134",25.7515153,-80.2574189,33134,4.9,6822,Restaurant,$20–30,apify
Graziano's Restaurant Coral Gables,(305) 774-3599,https://www.grazianosgroup.com/,"394 Giralda Ave, Coral Gables, FL 33134",25.7508067,-80.262584,33134,4.6,2018,Argentinian restaurant,$50–100,apify
Taipa Peruvian Restaurant- (Coral Gables-57 Ave),(305) 661-1462,http://www.taiparestaurants.com/,"5751 Bird Rd, Miami, FL 33155",25.7348653,-80.2877886,33155,4.8,692,Peruvian restaurant,$20–70,apify
Seasons 52,(305) 442-8552,https://www.seasons52.com/locations/fl/coral-gables/coral-gables/4509?cmpid=br:s52_ag:ie_ch:loc_ca:S52GMB_sn:gmb_gt:coral-gables-fl-4509_pl:locurl_rd:1008,"321 Miracle Mile, Coral Gables, FL 33134",25.74963,-80.2614,33134,4.6,2250,New American restaurant,$20–70,apify
Ventanas Restaurant Bar & Lounge,(786) 353-9460,,"3861 SW 40th St, Miami, FL 33146",25.7351729,-80.2575623,33146,4.9,15,Bar & grill,None,apify
Tullio,(786) 707-8978,http://www.tulliomiami.com/,"160 Andalusia Ave, Coral Gables, FL 33134",25.7485939,-80.2579148,33134,4.7,340,Italian restaurant,$100+,apify
Bistro Café,(305) 530-8193,https://instagram.com/bistrocaferest,"4155 Laguna St, Coral Gables, FL 33146",25.7333663,-80.2610329,33146,5,14098,Brunch restaurant,$20–40,apify
Motek Coral Gables,(305) 396-8547,http://www.motekcafe.com/,"45 Miracle Mile, Miami, FL 33134",25.7500425,-80.2558088,33134,4.9,7889,Restaurant,$50–100,apify
Beauty & The Butcher,(305) 665-9661,https://www.beautyandthebutchermiami.com/,"6915 Southwest 57th Avenue, S Red Rd, Coral Gables, FL 33143",25.7050306,-80.2851878,33143,4.9,3048,American restaurant,$100+,apify
Salumeria 104 - Coral Gables,(786) 947-5342,https://www.salumeria104.com/,"117 Miracle Mile, Coral Gables, FL 33134",25.7498307,-80.2572384,33134,4.8,2654,Italian restaurant,$20–80,apify
Kojin,(786) 747-1404,https://www.kojin2.com/,"804 Ponce de Leon Blvd, Coral Gables, FL 33134",25.764203,-80.2594733,33134,4.6,156,Fine dining restaurant,$50–100,apify
Mister O1 Extraordinary Pizza - Coral Gables,(786) 613-4159,https://www.mistero1.com/,"110 Alhambra Cir, Coral Gables, FL 33134",25.7533618,-80.2565523,33134,5,147,Pizza restaurant,$20–30,apify
The Home Depot,(919) 217-3093,https://www.homedepot.com/l/Knightdale/NC/Knightdale/27545/3663?emt=MSGoogleMaps,"1020 Shoppes At Midway Dr, Knightdale, NC 27545",35.7993037,-78.5045223,27545,4.2,1419,Hardware store,None,apify
Lowe's Home Improvement,(336) 784-3460,https://www.lowes.com/store/NC-Winston-Salem/2653?cm_mmc=lod-_-c-_-lcl-_-awr-_-yxt-_-go-_-2653-_-na-_-0-_-0&y_source=1_MTE4MzE3Ni03MTUtbG9jYXRpb24ud2Vic2l0ZQ%3D%3D,"1450 Lumber Ln, Winston-Salem, NC 27127",36.0313938,-80.2639092,27127,4.2,2181,Hardware store,None,apify
The Home Depot,(919) 552-2881,https://www.homedepot.com/l/Fuquay-Varina/NC/Fuquay-Varina/27526/3652?emt=MSGoogleMaps,"901 E Broad St, Fuquay-Varina, NC 27526",35.5939281,-78.7843309,27526,4.1,1756,Hardware store,None,apify
H & B Hardware,(336) 623-3194,http://www.acehardware.com/store-details/17788?utm_source=google&utm_medium=local&utm_campaign=localmaps&utm_content=17788,"137 Cox St, Eden, NC 27288",36.5115125,-79.742986,27288,4.7,102,Hardware store,None,apify
The Home Depot,(704) 365-1291,https://www.homedepot.com/l/Wendover/NC/Charlotte/28211/3608?emt=MSGoogleMaps,"1220 N Wendover Rd, Charlotte, NC 28211",35.1938299,-80.7918709,28211,4.1,1893,Hardware store,None,apify
Tightsqueeze Hardware Do It Best,(434) 432-2512,https://www.doitbest.com/tightsqueeze,"220 Tight Squeeze Rd, Chatham, VA 24531",36.788731,-79.396284,24531,4.4,83,Hardware store,None,apify
Burney True Value Hardware Of Seven Lakes,(910) 944-1516,https://www.burneyhardware.com/,"270 N Trade St, Seven Lakes, NC 27376",35.2678107,-79.5877785,27376,4.8,125,Hardware store,None,apify
Kenbridge Supply Co Inc,(434) 676-3555,http://www.acehardware.com/store-details/08793?utm_source=google&utm_medium=local&utm_campaign=localmaps&utm_content=08793,"311 S Broad St #846, Kenbridge, VA 23944",36.9604218,-78.12604,23944,4.7,131,Hardware store,None,apify
Mitchell Hardware,(252) 638-4261,http://mitchellhardwarenewbern.com/,"215 Craven St, New Bern, NC 28560",35.105415,-77.0388181,28560,4.9,699,Hardware store,None,apify
The Home Depot,(704) 535-6982,https://www.homedepot.com/l/East-Charlotte/NC/Charlotte/28227/3639?emt=MSGoogleMaps,"9501 Albemarle Rd, Charlotte, NC 28227",35.2125268,-80.6816447,28227,4.1,1400,Hardware store,None,apify
Ace Hardware,(252) 745-4111,http://www.acehardware.com/store-details/18918?utm_source=google&utm_medium=local&utm_campaign=localmaps&utm_content=18918,"13646 NC-55, Alliance, NC 28509",35.143801,-76.793892,28509,4.8,4,Hardware store,None,apify
Lanier Hardware & Rental,(910) 259-4825,http://doitbest.com/lanier-hardware-and-rental,"307 W Wilmington St, Burgaw, NC 28425",34.5498149,-77.9310984,28425,4.6,94,Hardware store,None,apify
Blanton Building Supplies,(843) 756-6201,https://blantonsupplies.com/,"5001 Broad St, Loris, SC 29569",34.0614575,-78.8850264,29569,4.3,81,Hardware store,None,apify
Tractor Supply Co.,(336) 445-9900,https://www.tractorsupply.com/tsc/store_Madison-NC-27025_2063,"124 New Market, Madison, NC 27025",36.397483,-79.967545,27025,4.4,371,Hardware store,None,apify
Down East Ace,(252) 631-2720,https://www.acehardware.com/store-details/18010,"4109 Dr. M.L.K. Jr Blvd, New Bern, NC 28562",35.0941227,-77.1193026,28562,4.4,192,Hardware store,None,apify
Lowe's Home Improvement,(540) 265-6440,https://www.lowes.com/store/VA-Roanoke/1764?cm_mmc=lod-_-c-_-lcl-_-awr-_-yxt-_-go-_-1764-_-na-_-0-_-0&y_source=1_MTE4MzUzMC03MTUtbG9jYXRpb24ud2Vic2l0ZQ%3D%3D,"4520 Challenger Ave NE, Roanoke, VA 24012",37.3240275,-79.874157,24012,4.1,1368,Hardware store,None,apify
M L Lanier & Smith Ace,(910) 285-3413,http://www.acehardware.com/store-details/03468?utm_source=google&utm_medium=local&utm_campaign=localmaps&utm_content=03468,"4646 S North Carolina 50 Hwy, Chinquapin, NC 28521",34.7941963,-77.776283,28521,4.8,91,Hardware store,None,apify
"The Padron Law Group, PLLC",(305) 377-9666,http://www.padronlaw.com/,"135 San Lorenzo Ave Ste 650, Coral Gables, FL 33146",25.7319712,-80.2575257,33146,5,6,Family law attorney,None,apify
Law Office of Jason M. Sullivan-Immigration Lawyer,(305) 394-6273,https://lojms.com/,"4000 Ponce de Leon Blvd Ste 470, Coral Gables, FL 33146",25.7340018,-80.2590085,33146,5,10,Immigration attorney,None,apify
"Robert N. Pelier, P. A.",(305) 529-9199,http://www.pelierlaw.com/,"4649 Ponce de Leon Blvd Ste 301, Coral Gables, FL 33146",25.726529,-80.263444,33146,4.9,96,Attorney,None,apify
"Bello & Martinez, PLLC.",(305) 967-8594,http://www.bmrlawgroup.com/,"1450 Madruga Ave Ste 409-A, Coral Gables, FL 33146",25.708783,-80.2821069,33146,4.9,56,Attorney,None,apify
Sardina Law Corporate/Immigration Lawyers,(305) 468-9262,https://www.sardinalawoffices.com/,"135 San Lorenzo Ave Ste 680, Coral Gables, FL 33146",25.7318905,-80.256965,33146,4.9,78,Immigration attorney,None,apify
Law Offices of Andre A. Rouviere,(305) 774-7000,https://rouvierelawfirm.com/,"4070 Laguna St, Coral Gables, FL 33146",25.733913,-80.261437,33146,4.8,86,Attorney,None,apify
Martha Mendez of Feinstein & Mendez,(786) 404-1024,https://fmpalawfirm.com/?utm_source=organic&utm_medium=gbp&utm_campaign=nsa-seo,"2600 Douglas Rd Ste 506, Coral Gables, FL 33134",25.7477553,-80.2547272,33134,5,201,Estate planning attorney,None,apify
"CAVA Law, LLC",(786) 675-6830,https://www.cava.law/?utm_source=google&utm_medium=organic&utm_campaign=gbp,"1390 S Dixie Hwy Ste 1110, Coral Gables, FL 33146",25.7113982,-80.279476,33146,4.9,61,Bankruptcy attorney,None,apify
"Salva Hale Law, P.A.",(305) 432-3443,https://www.salvalawfirm.com/,"4000 Ponce de Leon Blvd Ste 470, Coral Gables, FL 33146",25.7335523,-80.2587697,33146,5,70,Law firm,None,apify
"Scott Merl, P.A.",(305) 444-1575,https://www.merllaw.com/,"4070 Laguna St 1st Floor, Coral Gables, FL 33146",25.733913,-80.261437,33146,4.4,23,Personal injury attorney,None,apify
"Veliz & Associates P.A., an Estate & Legacy Planning Firm",(786) 839-3840,https://velizlaw.com/?utm_source=GBP&utm_medium=GBP&utm_campaign=GBP_Coral%20Gables&utm_id=GBP_Coral%20Gables,"2600 Douglas Rd Ste 710, Coral Gables, FL 33134",25.7477571,-80.2552625,33134,5,91,Estate planning attorney,None,apify
"Thomas-McDonald Law Firm, P.A.",(305) 928-6999,http://thomasmcdonaldlaw.com/,"1430 S Dixie Hwy Ste 322, Coral Gables, FL 33146",25.7096364,-80.2820192,33146,5,40,Family law attorney,None,apify
Shirazi & D'Escoubet Law Group,(786) 518-3668,https://shirazidescoubet.com/,"999 Ponce de Leon Blvd #515, Coral Gables, FL 33134",25.7624935,-80.2587034,33134,5,161,Personal injury attorney,None,apify
"The Law Offices of Walter A. Reynoso, P.A.",(305) 441-8881,https://lawreynoso.com/,"2030 Douglas Rd Ste 214, Coral Gables, FL 33134",25.7536847,-80.2552493,33134,4.8,51,Trial attorney,None,apify
The Law Office of Matthew E. Ladd,(305) 665-3978,https://www.mllawmiami.com/,"4649 Ponce de Leon Blvd Ste 301, Coral Gables, FL 33146",25.7265248,-80.2634506,33146,5,123,Criminal justice attorney,None,apify
G&R Law,(305) 461-4880,http://www.grpllaw.com/,"1550 Madruga Ave #110, Coral Gables, FL 33146",25.7077232,-80.2832859,33146,5,4,Attorney,None,apify
"South Florida Law, PLLC",(954) 900-8885,http://www.southfloridalawpllc.com/,"2600 Douglas Rd #1007, Coral Gables, FL 33134",25.7476969,-80.2547889,33134,5,46,Law firm,None,apify
"The Gilchrist Law Firm, P.A.",(786) 408-6815,https://jpgilchristlaw.com/,"2525 Ponce de Leon Blvd Suit 300, Coral Gables, FL 33134",25.7484691,-80.2581627,33134,4.8,61,Legal services,None,apify
HADEED LEGAL,(954) 738-9757,https://www.hadeedlegal.com/,"4000 Ponce de Leon Blvd Ste 470, Coral Gables, FL 33146",25.7340018,-80.2590085,33146,5,71,Estate planning attorney,None,apify
Curt's Ace Hardware,(276) 293-6008,http://www.acehardware.com/store-details/18892?utm_source=google&utm_medium=local&utm_campaign=localmaps&utm_content=18892,"425 E Stuart Dr, Galax, VA 24333",36.670321,-80.919128,24333,4.6,40,Hardware store,None,apify
Lowe's Home Improvement,(336) 629-6100,https://www.lowes.com/store/NC-Asheboro/0449?cm_mmc=lod-_-c-_-lcl-_-awr-_-yxt-_-go-_-449-_-na-_-0-_-0&y_source=1_MTE4MzE3NC03MTUtbG9jYXRpb24ud2Vic2l0ZQ%3D%3D,"1120 E Dixie Dr, Asheboro, NC 27203",35.6929745,-79.7935976,27203,4.2,2265,Hardware store,None,apify
Locust Ace Hardware,(704) 888-0093,http://www.acehardware.com/mystore/index.jsp?store=11978&cid=localstore11978,"217 Town Centre Dr, Locust, NC 28097",35.2592468,-80.4318618,28097,4.7,160,Hardware store,None,apify
Tractor Supply Co.,(336) 667-1025,https://www.tractorsupply.com/tsc/store_Wilkesboro-NC-28697_1458,"1826 NC Hwy 16, US-421, Wilkesboro, NC 28697",36.1519696,-81.194201,28697,4.4,347,Hardware store,None,apify
Lowe's Home Improvement,(276) 326-4560,https://www.lowes.com/store/VA-Bluefield/1959?cm_mmc=lod-_-c-_-lcl-_-awr-_-yxt-_-go-_-1959-_-na-_-0-_-0&y_source=1_MTE4Mjk4OS03MTUtbG9jYXRpb24ud2Vic2l0ZQ%3D%3D,"515 Commerce Dr, Bluefield, VA 24605",37.2380434,-81.2511146,24605,4,905,Hardware store,None,apify
Blanton Supplies Do it Center,(843) 423-9102,https://blantonsupplies.com/,"2229 US-76, Marion, SC 29571",34.1814822,-79.3724785,29571,4.2,73,Hardware store,None,apify
The Home Depot,(704) 504-9836,https://www.homedepot.com/l/Steele-Creek/NC/Charlotte/28273/3662?emt=MSGoogleMaps,"14310 Rivergate Pkwy, Charlotte, NC 28273",35.1010339,-80.9840409,28273,4.1,1256,Hardware store,None,apify
Tractor Supply Co.,(704) 658-1157,https://www.tractorsupply.com/tsc/store_Mooresville-NC-28115_2077,"219 E Plaza Dr A, Mooresville, NC 28115",35.589624,-80.829416,28115,4.6,778,Hardware store,None,apify
Bladen Builders Supply,(910) 862-3177,https://www.doitbest.com/bladen-builders-supply,"1206 Swanzy St, Elizabethtown, NC 28337",34.6286315,-78.6194305,28337,4.6,92,Hardware store,None,apify
Lowe's Home Improvement,(540) 482-4520,https://www.lowes.com/store/VA-Rocky-Mount/2217?cm_mmc=lod-_-c-_-lcl-_-awr-_-yxt-_-go-_-2217-_-na-_-0-_-0&y_source=1_MTE4MzU0Mi03MTUtbG9jYXRpb24ud2Vic2l0ZQ%3D%3D,"800 Old Franklin Turnpike, Rocky Mount, VA 24151",37.017628,-79.858579,24151,4.1,1139,Hardware store,None,apify
The Home Depot,(336) 691-0613,https://www.homedepot.com/l/E-Greensboro/NC/Greensboro/27406/3651?emt=MSGoogleMaps,"2912 S Elm-Eugene St, Greensboro, NC 27406",36.0331914,-79.794683,27406,4.2,1435,Hardware store,None,apify
Lowe's Home Improvement,(276) 656-1665,https://www.lowes.com/store/VA-Martinsville/0707?cm_mmc=lod-_-c-_-lcl-_-awr-_-yxt-_-go-_-707-_-na-_-0-_-0&y_source=1_MTE4Mjk5My03MTUtbG9jYXRpb24ud2Vic2l0ZQ%3D%3D,"1059 Commonwealth Blvd, Martinsville, VA 24112",36.691585,-79.904408,24112,4.1,1430,Hardware store,None,apify
Tractor Supply Co.,(276) 781-0880,https://www.tractorsupply.com/tsc/store_Marion-VA-24354_555,"1591 N Main St, Marion, VA 24354",36.8475005,-81.4936277,24354,4.4,336,Hardware store,None,apify
The Home Depot,(803) 736-1666,https://www.homedepot.com/l/East-Columbia/SC/Columbia/29223/1110?emt=MSGoogleMaps,"7701 Two Notch Rd, Columbia, SC 29223",34.0792159,-80.9454133,29223,4.3,1346,Hardware store,None,apify
Emporia Building Center,(434) 637-8099,https://www.doitbest.com/emporia-building-center/,"306a W Atlantic St, Emporia, VA 23847",36.6985807,-77.5420652,23847,4.8,32,Building materials supplier,None,apify
The Home Depot,(704) 544-2877,https://www.homedepot.com/l/Pineville/NC/Pineville/28134/3601?emt=MSGoogleMaps,"10210 Centrum Pkwy, Pineville, NC 28134",35.09343,-80.8775907,28134,4.2,1272,Hardware store,None,apify
Lowe's Home Improvement,(336) 541-1890,https://www.lowes.com/store/NC-Greensboro/2771?cm_mmc=lod-_-c-_-lcl-_-awr-_-yxt-_-go-_-2771-_-na-_-0-_-0&y_source=1_MTE4MzE3Mi03MTUtbG9jYXRpb24ud2Vic2l0ZQ%3D%3D,"2005 E Cone Blvd, Greensboro, NC 27405",36.113495,-79.754639,27405,4.2,1962,Hardware store,None,apify
The Home Depot,(336) 513-2218,https://www.homedepot.com/l/Burlington/NC/Burlington/27215/3627?emt=MSGoogleMaps,"2771-T Kirkwood Dr, Burlington, NC 27215",36.0659711,-79.4651008,27215,4.2,1598,Hardware store,None,apify
Tractor Supply Co.,(276) 694-3797,https://www.tractorsupply.com/tsc/store_Stuart-VA-24171_2310,"20442 Jeb Stuart Hwy, Stuart, VA 24171",36.6402816,-80.2268462,24171,4.6,199,Hardware store,None,apify
Lowe's Home Improvement,(276) 238-3000,https://www.lowes.com/store/VA-Galax/1072?cm_mmc=lod-_-c-_-lcl-_-awr-_-yxt-_-go-_-1072-_-na-_-0-_-0&y_source=1_MTE4Mjk4OC03MTUtbG9jYXRpb24ud2Vic2l0ZQ%3D%3D,"8417 Carrollton Pike, Galax, VA 24333",36.692529,-80.874565,24333,4.2,1217,Hardware store,None,apify
Southern Law Group,(704) 247-8325,http://southernlawgrp.com/,"7239 Pineville-Matthews Rd #100, Charlotte, NC 28226",35.0863631,-80.8403377,28226,4.3,119,Real estate attorney,None,apify
Haggard Law,(252) 751-1118,http://www.hagglaw.net/,"105 Commerce St, Greenville, NC 27858",35.5893598,-77.3774146,27858,4.9,321,Law firm,None,apify
Tractor Supply Co.,(276) 956-5610,https://www.tractorsupply.com/tsc/store_Ridgeway-VA-24148_1788,"4920 Greensboro Rd, Ridgeway, VA 24148",36.6265657,-79.8612824,24148,4.3,438,Hardware store,None,apify
Courtyard by Marriott Miami Coconut Grove,(305) 858-2500,https://www.marriott.com/en-us/hotels/miagv-courtyard-miami-coconut-grove/overview/?scid=f2ae0541-1279-4f24-b197-a979c79310b0,"2649 S Bayshore Dr, Miami, FL 33133",25.7313686,-80.2359074,33133,3.9,865,Hotel,$155,apify
"Arya Hotel and Suites Coconut Grove, WorldHotels Distinctive",(305) 529-2828,https://www.aryahotel.us/,"2889 McFarlane Rd, Miami, FL 33133",25.7271588,-80.2408869,33133,4.1,1669,Hotel,$143,apify
Hampton Inn Miami-Coconut Grove/Coral Gables,(305) 448-2800,https://www.hilton.com/en/hotels/miacghx-hampton-miami-coconut-grove-coral-gables/?SEO_id=GMB-AMER-HX-MIACGHX&y_source=1_MjA4MzQ0OC03MTUtbG9jYXRpb24ud2Vic2l0ZQ%3D%3D,"2800 SW 28th Terrace, Coconut Grove, FL 33133",25.738502,-80.2393448,33133,4.3,1289,Hotel,$112,apify
Mayfair House Hotel & Garden,(305) 441-0000,https://www.mayfairhousemiami.com/?utm_source=google-gbp&utm_medium=organic&utm_campaign=gbp,"3000 Florida Ave, Miami, FL 33133",25.7289547,-80.2413687,33133,4.6,1903,Hotel,$200,apify
The Mutiny Hotel by Provident Hotels & Resorts,(866) 610-1814,https://www.providentresorts.com/the-mutiny-hotel-coconut-grove-miami/?utm_source=local&utm_campaign=gmb&utm_medium=organic,"2951 S Bayshore Dr, Miami, FL 33133",25.727172,-80.239808,33133,4.2,874,Hotel,$165,apify
Four Points by Sheraton Coral Gables,(305) 567-0534,https://www.marriott.com/en-us/hotels/fllfp-four-points-coral-gables/overview/?scid=f2ae0541-1279-4f24-b197-a979c79310b0,"3861 SW 40th St, Coral Gables, FL 33146",25.7352462,-80.2576016,33146,4.2,843,Hotel,$112,apify
Extended Stay America Premier Suites- Miami - Coral Gables,(305) 443-7444,https://www.extendedstayamerica.com/hotels/fl/miami/coral-gables?channel=gmb-listing&utm_source=google&utm_medium=organic&utm_campaign=gmb_listing,"3640 SW 22nd St, Miami, FL 33145",25.7496551,-80.2532464,33145,3.9,781,Extended stay hotel,$87,apify
Gables Inn,(305) 661-7999,https://www.thegablesinn.net/,"730 S Dixie Hwy, Coral Gables, FL 33146",25.7217254,-80.2675765,33146,3.5,437,Hotel,$53,apify
Private Oasis at Arya,(305) 798-8811,https://www.miamivacationrentals.com/web/apartments/listing,"Private Oasis at Arya, 2889 McFarlane Rd, Miami, FL 33133",25.7272737,-80.2405395,33133,4.5,88,Hotel,$81,apify
Aloft by Marriott Coral Gables,(305) 442-0372,https://www.marriott.com/en-us/hotels/miacl-aloft-coral-gables/overview/?scid=f2ae0541-1279-4f24-b197-a979c79310b0,"2524 S Le Jeune Rd, Coral Gables, FL 33134",25.747643,-80.2631022,33134,3.9,823,Hotel,$110,apify
"The Ritz-Carlton Coconut Grove, Miami",(305) 644-4680,https://www.ritzcarlton.com/en/hotels/miarz-the-ritz-carlton-coconut-grove-miami/overview/?scid=f2ae0541-1279-4f24-b197-a979c79310b0,"3300 SW 27th Ave, Miami, FL 33133",25.7304471,-80.2380563,33133,4.5,1283,Hotel,$374,apify
Mr. C Miami Coconut Grove,(305) 800-6672,http://www.mrccoconutgrove.com/,"2988 McFarlane Rd, Coconut Grove, FL 33133",25.7275563,-80.2419389,33133,4.6,583,Hotel,$317,apify
Courtyard by Marriott Miami Coral Gables,(305) 443-2301,https://www.marriott.com/en-us/hotels/miagb-courtyard-miami-coral-gables/overview/?scid=f2ae0541-1279-4f24-b197-a979c79310b0,"2051 S Le Jeune Rd, Coral Gables, FL 33134",25.7538239,-80.2624606,33134,4,1345,Hotel,$113,apify
Miami Vacation Rentals-Coconut Grove,(305) 606-3421,http://www.miamivacationrentals.com/,"2889 McFarlane Rd, Miami, FL 33133",25.7272737,-80.2405395,33133,4.4,31,Hotel,$227,apify
Hilton Garden Inn Miami Brickell South,(305) 854-2070,https://www.hilton.com/en/hotels/miakbgi-hilton-garden-inn-miami-brickell-south/?SEO_id=GMB-AMER-GI-MIAKBGI&y_source=1_MTExNjM0ODgtNzE1LWxvY2F0aW9uLndlYnNpdGU%3D,"2500 Brickell Ave, Miami, FL 33129",25.7509858,-80.2034722,33129,3.9,1563,Hotel,$86,apify
Best Western Plus Miami Intl Airport Hotel & Suites Coral Gables,(305) 774-6100,https://www.bestwestern.com/en_US/book/hotel-rooms.10384.html?iata=00171880&ssob=BLBWI0004G&cid=BLBWI0004G:google:gmb:10384,"4100 W Flagler St, Miami, FL 33134",25.771277,-80.262816,33134,4,2890,Hotel,$77,apify
ChateauBleau Hotel,(305) 448-2634,http://hotelchateaubleau.com/,"1111 Ponce de Leon Blvd, Coral Gables, FL 33134",25.7607816,-80.2586978,33134,2.9,1037,Hotel,$76,apify
Hyatt Regency Coral Gables,(305) 441-1234,https://www.hyatt.com/hyatt-regency/en-US/coral-hyatt-regency-coral-gables?src=corp_lclb_google_seo_coral&utm_source=google&utm_medium=organic&utm_campaign=lmr,"50 Alhambra Plz, Coral Gables, FL 33134",25.7518784,-80.2558201,33134,4.5,1898,Hotel,$215,apify
Jefferson Hotel,(305) 497-7553,https://www.atminehospitality.com/,"528 SW 9th Ave, Miami, FL 33130",25.7682829,-80.2094272,33130,4.5,226,Hotel,$40,apify
Private Residences at Hotel Arya by SoFLA,(786) 545-2204,https://soflavacations.com/book-now-hotel-arya/,"2889 McFarlane Rd Private units, Coconut Grove, FL 33133",25.7272737,-80.2405395,33133,,,Hotel,$79,apify
Bank of America Financial Center,(305) 446-2343,https://locators.bankofamerica.com/fl/coconutgrove/financial-centers-coconut-grove-13027.html?utm_source=GMBlisting&utm_medium=organic,"3211 Grand Ave, Coconut Grove, FL 33133",25.7281987,-80.2457887,33133,3.3,32,Bank,None,apify
Grove Bank & Trust,(305) 858-6666,https://www.grovebankandtrust.com/,"2701 S Bayshore Dr, Miami, FL 33133",25.7287511,-80.2380127,33133,4.3,45,Bank,None,apify
Wells Fargo Bank,(305) 351-4237,https://locations.wellsfargo.com/fl/miami/3353-pan-american-dr?utm_campaign=Local_Listings&utm_source=Google&group=Community_Bank&loc=AC15847,"3353 Pan American Dr, Miami, FL 33133",25.7298126,-80.2357912,33133,3.2,24,Bank,None,apify
Chase Bank,(786) 450-5500,https://www.chase.com/locator/banking/us/fl/miami/3015-grand-ave?jp_cmp=rb%2FLocalListings%2Faff%2Fbranch%2Fna&y_source=1_Mjc2OTEyMy03MTUtbG9jYXRpb24ud2Vic2l0ZQ%3D%3D,"3015 Grand Ave, Miami, FL 33133",25.7282,-80.2426,33133,4.4,37,Bank,None,apify
Regions Bank,(786) 637-6120,https://www.regions.com/locator/fl/coconut-grove/full-service-branch-3516-main-hwy?cid=localListing_google,"3516 Main Hwy, Coconut Grove, FL 33133",25.7255091,-80.2449454,33133,4.7,29,Bank,None,apify
Biscayne Bank,(305) 447-5050,,"2601 S Bayshore Dr #600, Coconut Grove, FL 33133",25.7327143,-80.2342866,33133,4.5,23,Bank,None,apify
Truist,(305) 702-4901,https://www.truist.com/branch/fl/miami/33133/3058-grand-ave,"3058 Grand Ave, Miami, FL 33133",25.7279209,-80.242843,33133,3.9,7,Bank,None,apify
Fidelity Bank,(919) 662-5173,https://www.fidelitybanknc.com/about-fidelity/locations/garner-nc/,"919 US-70, Garner, NC 27529",35.7142671,-78.6310806,27529,4.7,76,Bank,None,apify
Latino Community Credit Union,(919) 595-1800,http://www.latinoccu.org/,"4418 Fayetteville Rd, Raleigh, NC 27603",35.719875,-78.65654,27603,4,111,Credit union,None,apify
First Citizens Bank,(305) 929-2800,https://locations.firstcitizens.com/fl/coconut-grove/2601-south-bayshore-drive,"2601 S Bayshore Dr Ste 101, Coconut Grove, FL 33133",25.7324906,-80.2341633,33133,3.3,7,Bank,None,apify
Woodforest National Bank,(919) 662-0180,http://www.woodforest.com/,"4500 Fayetteville Rd, Raleigh, NC 27603",35.7193386,-78.6591054,27603,4.8,235,Bank,None,apify
Chase Bank,(984) 275-6830,https://www.chase.com/locator/banking/us/nc/garner/52-eagle-wing-way?jp_cmp=rb%2FLocalListings%2Faff%2Fbranch%2Fna&y_source=1_MTk0OTU5NTgtNzE1LWxvY2F0aW9uLndlYnNpdGU%3D,"52 Eagle Wing Way, Garner, NC 27529",35.6973553,-78.5854448,27529,3,61,Bank,None,apify
PNC Bank,(919) 661-3320,https://locator.pnc.com/en/details/nc/garner/branch/1027-us-70-hwy-w?lnksrc=branch-listing-google,"1027 US-70, Garner, NC 27529",35.7158816,-78.6338764,27529,3,26,Bank,None,apify
Navy Federal Credit Union,(888) 842-6328,https://www.navyfederal.org/branches-atms/locations/usa/nc/garner/gnr.html,"21 Eagle Wing Way, Garner, NC 27529",35.6983631,-78.5885589,27529,3.9,66,Bank,None,apify
First National Bank,(919) 662-7330,https://locations.fnb-online.com/nc/garner/945-vandora-springs-rd.?utm_source=GBP&utm_medium=organic,"945 Vandora Springs Rd, Garner, NC 27529",35.7088684,-78.6240072,27529,2.9,7,Bank,None,apify
Wells Fargo Bank,(919) 772-7400,https://locations.wellsfargo.com/nc/garner/1225-us-hwy-70-w?utm_campaign=Local_Listings&utm_source=Google&group=Community_Bank&loc=AC23146,"1225 US-70, Garner, NC 27529",35.7175994,-78.6372705,27529,3,67,Bank,None,apify
Fifth Third Bank & ATM,(919) 793-2580,https://locations.53.com/nc/garner/1145-us-highway-70-west.html,"1145 US-70, Garner, NC 27529",35.7167638,-78.6354496,27529,2.6,38,Bank,None,apify
Truist - ATM,(919) 779-6705,https://www.truist.com/atm/nc/garner/27529/301-vandora-spgs-rd,"301 Vandora Springs Rd, Garner, NC 27529",35.7094968,-78.6235485,27529,2,2,ATM,None,apify
Chase Bank,(919) 327-2932,https://www.chase.com/,"7911 Fayetteville Rd, Raleigh, NC 27603",35.6664,-78.6971,27603,4.2,14,Bank,None,apify
K Webb's,(919) 772-0923,,"900 Poole Dr, Garner, NC 27529",35.6954831,-78.6168656,27529,3.6,7,Bank,None,apify
Chase Bank,(984) 301-7040,https://www.chase.com/locator/banking/us/nc/garner/1480-us-70-hwy-w,"1480 US-70, Garner, NC 27529",35.722312,-78.643892,27529,4,4,Bank,None,apify
Fifth Third Bank & ATM,(919) 325-2837,https://locations.53.com/nc/raleigh/7720-fayetteville-rd.html,"7720 Fayetteville Rd, Raleigh, NC 27603",35.66821,-78.69647,27603,3.7,6,Bank,None,apify
Wells Fargo ATM,(800) 869-3557,https://locations.wellsfargo.com/nc/garner/791-timber-dr-ad64155?utm_campaign=Local_Listings&utm_source=Google&group=ATM&loc=AD64155,"791 Timber Dr, Garner, NC 27529",35.6859281,-78.6165102,27529,5,3,ATM,None,apify
First National Bank ATM,(800) 555-5455,https://www.fnb-online.com/,"945 Vandora Springs Rd, Garner, NC 27529",35.7087382,-78.6241039,27529,5,2,ATM,None,apify
Bank of America ATM (Drive-thru),(844) 401-8500,https://locators.bankofamerica.com/nc/garner/financial-centers-garner-8886.html?utm_source=GMBlisting&utm_medium=organic,"547 Benson Rd, Garner, NC 27529",35.7037957,-78.6123351,27529,3,2,ATM,None,apify
ATM (K Webb's),,,"900 Poole Dr, Garner, NC 27529",35.695663,-78.6170264,27529,,,ATM,None,apify
ATM (First Citizens Bank),,https://locations.firstcitizens.com/,"2520 Timber Dr, Garner, NC 27529",35.7138776,-78.6398311,27529,3.7,3,ATM,None,apify
Coinstar Kiosk,(800) 928-2274,https://www.coinstar.com/kiosk-info?KioskId=10698&?utm_source=locationlisting&utm_medium=gmb&utm_campaign=webbutton,"1845 Aversboro Rd, Garner, NC 27529",35.6855451,-78.6154759,27529,,,ATM,None,apify
Williamsburg Therapy Group Miami,(305) 363-1221,https://www.williamsburgtherapygroup.com/miami-fl,"3390 Mary St #116, Coconut Grove, FL 33133",25.72923,-80.239604,33133,5,10,Counselor,None,apify
Grove Therapy | Carolyn Wheeler-Garcia Licensed Psychotherapist,(305) 904-8813,https://coconutgrovetherapy.com/,"2000 S Dixie Hwy Ste 104, Miami, FL 33133",25.7436879,-80.2266634,33133,5,13,Counselor,None,apify
"Dr. Lisa Reiss, Ph.D., LMHC, ACS",(305) 469-4760,https://www.drlisareiss.com/,"2000 S Dixie Hwy #113, Miami, FL 33133",25.7436675,-80.2267929,33133,5,25,Counselor,None,apify
"Miami Mental Wellness | Therapy with Felipe Regueira, LMHC",(786) 390-2939,http://www.miamimentalwellness.com/,"2000 S Dixie Hwy Ste 104, Miami, FL 33133",25.7435636,-80.2264254,33133,5,9,Counselor,None,apify
Miami Teen Counseling,(786) 664-7426,http://miamiteencounseling.com/,"2000 S Dixie Hwy Ste 104, Coconut Grove, FL 33133",25.7436879,-80.2266634,33133,5,4,Mental health service,None,apify
Terra Counseling Center,(786) 393-4677,https://www.terracounselingcenter.com/,"1450 Coral Wy Ste 6, Miami, FL 33145",25.7507952,-80.2191325,33145,5,15,Counselor,None,apify
Center for Counseling at Coconut Grove,,http://centerforcounselingatcoconutgrove.com/,"2000 S Dixie Hwy Ste 104, Miami, FL 33133",25.7436879,-80.2266634,33133,5,1,Office space rental agency,None,apify
Triumph Steps ®,(305) 306-2779,https://triumphsteps.com/,"2780 SW 37th Ave Ste 206, Miami, FL 33133",25.7394279,-80.2544342,33133,5,211,Coaching center,None,apify
University of Consciousness,+57 310 8262509,https://theuniversityofconsciousness.com/,"2000 S Dixie Hwy Ste 200, Miami, FL 33133",25.7436879,-80.2266634,33133,4.9,58,Marriage or relationship counselor,None,apify
Therapin Health - Mental Health Services,(305) 331-2239,http://www.therapinhealth.com/,None,25.5584269,-80.468195,None,5,4,Counselor,None,apify
Amber Weiss Licensed Psychotherapist I Transformative Mindset PLLC,(516) 455-5303,https://www.transformativemindset.com/,"2000 S Dixie Hwy, Miami, FL 33133",25.743688,-80.2266634,33133,5,4,Psychotherapist,None,apify
Beraja Counseling Center,(786) 262-5618,http://www.berajacounseling.com/,"3350 Virginia St 2nd Floor, Miami, FL 33133",25.7286097,-80.241633,33133,5,3,Counselor,None,apify
Mosaic Therapy Services - Miami,(904) 945-0781,https://www.mosaictherapymiami.com/,"2000 S Dixie Hwy Ste 104, Miami, FL 33133",25.7436552,-80.2267281,33133,4.6,12,Counselor,None,apify
"Helen Molinares, PT, DPT, CIDN, CPT",,,"2150 S Dixie Hwy, Miami, FL 33133",25.7428374,-80.2292339,33133,5,25,Physical therapist,None,apify
"Well Counseling Group, LLC",(786) 383-4877,https://www.getwellcounseling.com/,None,33.641543,-80.68597,None,5,2,Psychotherapist,None,apify
Sport Psychology Movement Institute,(786) 350-1554,http://www.gospmi.com/,"3390 Mary St Ste 116, Miami, FL 33133",25.7286579,-80.2399673,33133,5,4,Psychologist,None,apify
Guerrero Jeanethe,(305) 858-5204,http://www.myfamilytherapist.com/,"2000 S Dixie Hwy, Miami, FL 33133",25.7436708,-80.2269538,33133,5,3,Marriage or relationship counselor,None,apify
ATM,(800) 550-5087,,"3310 Olympia Dr, Raleigh, NC 27603",35.7349395,-78.6514205,27603,4,1,ATM,None,apify
Woodforest National Bank ATM,(919) 662-0180,https://www.woodforest.com/,"4500 Fayetteville Rd, Raleigh, NC 27603",35.719098,-78.6594765,27603,3,4,ATM,None,apify
Chase ATM,(800) 935-9935,https://chase.com/locator/?jp_cmp=rb%2FLocalListings%2Faff%2Fatm%2Fna&y_source=1_MTk1NTc3NjItNzE1LWxvY2F0aW9uLndlYnNpdGU%3D,"52 Eagle Wing Way, Garner, NC 27529",35.6973577,-78.5854496,27529,5,2,ATM,None,apify
Cardtronics ATM,(800) 786-9666,http://www.cardtronics.com/,"825 Timber Dr Walgreens, Garner, NC 27529",35.68549,-78.618698,27529,,,ATM,None,apify
ATM,(800) 550-5087,,"401 Benson Rd, Garner, NC 27529",35.7051981,-78.6126528,27529,,,ATM,None,apify
Wells Fargo ATM,(800) 869-3557,https://locations.wellsfargo.com/nc/garner/1225-us-hwy-70-w?utm_campaign=Local_Listings&utm_source=Google&group=ATM&loc=OS141279,"1225 US-70, Garner, NC 27529",35.7176189,-78.6372664,27529,3.7,3,ATM,None,apify
ATM,,,"214 Forest Hills Dr, Garner, NC 27529",35.7075567,-78.6228527,27529,,,ATM,None,apify
CoinFlip Bitcoin ATM - Han-Dee Hugo's (Garner),(877) 757-2646,https://locations.coinflip.tech/us/nc/garner/401-benson-road,"401 Benson Rd, Garner, NC 27529",35.705194,-78.6127326,27529,1,1,Bank,None,apify
ATM (Rock Quarry BP),,,"1920 Rock Quarry Rd, Raleigh, NC 27610",35.7540373,-78.6130518,27610,5,1,ATM,None,apify
ATM (Resco Mart),,,"7200 Old Stage Rd, Raleigh, NC 27603",35.67822,-78.658109,27603,,,ATM,None,apify
ecoATM,(858) 324-4111,http://locations.ecoatm.com/nc/raleigh/sell-my-phone-raleigh-nc-2293?utm_source=google&utm_medium=local&utm_campaign=google-local,"4500 Fayetteville Rd, Raleigh, NC 27603",35.7191937,-78.6591694,27603,3,2,ATM,None,apify
ATM (South Wilmington Street Gulf),,,"2570 S Wilmington St, Raleigh, NC 27603",35.7487269,-78.6441069,27603,,,ATM,None,apify
PNC ATM,(888) 762-2265,https://locator.pnc.com/en/nc/garner/atm/40-cabela-dr?lnksrc=atm-listing-google,"40 Cabela Dr, Garner, NC 27529",35.6981314,-78.5854244,27529,5,1,ATM,None,apify
CashPoints® ATM,(888) 732-8562,http://www.ncsecu.org/,"1473 Benson Rd, Garner, NC 27529",35.6871778,-78.6036536,27529,5,1,ATM,None,apify
CashPoints® ATM,(888) 732-8562,http://www.ncsecu.org/,"3210 S Wilmington St, Raleigh, NC 27603",35.7370623,-78.6518885,27603,5,2,ATM,None,apify
CoinFlip Bitcoin ATM - Han-Dee Hugo's (Raleigh),(877) 757-2646,https://locations.coinflip.tech/us/nc/raleigh/3525-south-wilmington-street,"3525 S Wilmington St, Raleigh, NC 27603",35.7316487,-78.6506891,27603,,,Bank,None,apify
ATM USA,(800) 550-5087,http://atmusa.com/,"2516 S Saunders St, Raleigh, NC 27603",35.7492228,-78.6495955,27603,,,ATM,None,apify
ATM (Garner Mini-Mart),,,"807 W Garner Rd, Garner, NC 27529",35.7108044,-78.6135839,27529,1,1,ATM,None,apify
ATM (Han-Dee Hugo's),(919) 662-1825,,"3400 Benson Rd, Garner, NC 27529",35.6355959,-78.613909,27529,4,1,ATM,None,apify
ATM (Cyber City),,,"421 Chapanoke Rd, Raleigh, NC 27603",35.7342057,-78.6536926,27603,1,6,ATM,None,apify
PNC ATM,(888) 762-2265,https://locator.pnc.com/en/nc/raleigh/atm/7900-fayetteville-rd?lnksrc=atm-listing-google,"7900 Fayetteville Rd, Raleigh, NC 27603",35.6666309,-78.6985646,27603,,,ATM,None,apify
ATM,,,"4020 Jones Sausage Rd, Garner, NC 27529",35.7257286,-78.5811739,27529,,,ATM,None,apify
Athena Bitcoin ATM,(312) 690-4466,https://www.athenabitcoin.com/,"900 Poole Dr, Garner, NC 27529",35.6956992,-78.616943,27529,,,Crypto ATM,None,apify
PNC ATM,(888) 762-2265,https://locator.pnc.com/en/details/nc/garner/branch/1027-us-70-hwy-w?lnksrc=atm-listing-google,"1027 US-70, Garner, NC 27529",35.7158808,-78.6338593,27529,,,ATM,None,apify
Byte Federal Bitcoin ATM (5th Ave Tobacco and Vapor),(786) 686-2983,https://www.bytefederal.com/bitcoin-atm-near-me/north-carolina/garner/1362,"1350 5th Ave, Garner, NC 27529",35.7095931,-78.6223651,27529,5,3,Crypto ATM,None,apify
ATM USA,(919) 469-5856,http://atmusa.com/,"3400 Benson Rd, Garner, NC 27529",35.6356203,-78.6138506,27529,,,ATM,None,apify
PNC ATM,(888) 762-2265,https://locator.pnc.com/en/nc/garner/atm/4005-jones-sausage-rd?lnksrc=atm-listing-google,"4005 Jones Sausage Rd, Garner, NC 27529",35.725266,-78.5796359,27529,,,ATM,None,apify
LibertyX Bitcoin ATM,(800) 511-8940,https://libertyx.com/,"825 Timber Dr Walgreens, Garner, NC 27529",35.6853898,-78.6186994,27529,,,ATM,None,apify
CashPoints® ATM,(888) 732-8562,http://www.ncsecu.org/,"1000 Vandora Springs Rd, Garner, NC 27529",35.7077076,-78.6258748,27529,,,ATM,None,apify
ecoATM,(858) 324-4111,http://locations.ecoatm.com/nc/raleigh/sell-my-phone-raleigh-nc-13503?utm_source=google&utm_medium=local&utm_campaign=google-local,"3625 S Wilmington St, Raleigh, NC 27603",35.729823,-78.650025,27603,,,ATM,None,apify
CoinFlip Bitcoin ATM - Han-Dee Hugo's (Raleigh),(877) 757-2646,https://locations.coinflip.tech/us/nc/raleigh/2516-south-saunders-street,"2516 S Saunders St, Raleigh, NC 27603",35.749029,-78.6492708,27603,,,Bank,None,apify
ATM (C-Mini Mart),,,"5420 Fayetteville Rd, Raleigh, NC 27603",35.7052298,-78.6629659,27603,,,ATM,None,apify
Circle K,(919) 779-3568,https://www.circlek.com/store-locator/US/raleigh/5009-fayetteville-rd/2704270?utm_source=google&utm_medium=local&utm_campaign=google-local,"5009 Fayetteville Rd, Raleigh, NC 27603",35.7115359,-78.6576003,27603,2.6,58,ATM,$3.30/Regular,apify
CashPoints® ATM,(888) 732-8562,http://www.ncsecu.org/,"1311 US-70, Garner, NC 27529",35.7200698,-78.6412348,27529,,,ATM,None,apify
Coinstar Kiosk - Bitcoin ATM,(800) 928-2274,https://www.coinstar.com/kiosk-info?KioskId=10418?utm_source=gmb&utm_medium=gmblocationlisting&utm_campaign=webbutton,"217 Timber Dr, Garner, NC 27529",35.6861,-78.6063,27529,,,Crypto ATM,None,apify
ATM (Han-Dee Hugo's),,,"2516 S Saunders St, Raleigh, NC 27603",35.7491873,-78.6495355,27603,,,ATM,None,apify
CoinFlip Bitcoin ATM - Han-Dee Hugo's (Raleigh),(877) 757-2646,https://locations.coinflip.tech/us/nc/raleigh/1920-rock-quarry-road,"1920 Rock Quarry Rd, Raleigh, NC 27610",35.7540273,-78.6130565,27610,,,Bank,None,apify
ATM (BP Station Family Sale),,,"1535 US-70, Garner, NC 27529",35.7232576,-78.6469595,27529,,,ATM,None,apify
Coinstar Kiosk - Bitcoin ATM,(800) 928-2274,https://www.coinstar.com/kiosk-info?KioskId=10372?utm_source=gmb&utm_medium=gmblocationlisting&utm_campaign=webbutton,"Food Lion, 1317 5th Ave, Garner, NC 27529",35.7082639,-78.6223455,27529,,,Crypto ATM,None,apify
CashPoints® ATM,(888) 732-8562,http://www.ncsecu.org/,"3300 Hammond Rd, Raleigh, NC 27603",35.7353048,-78.6410272,27603,,,ATM,None,apify
ATM,,,"2708 S Saunders St, Raleigh, NC 27603",35.7444843,-78.6495146,27603,,,ATM,None,apify
CashPoints® ATM,(888) 732-8562,http://www.ncsecu.org/,"3301 Hammond Rd, Raleigh, NC 27603",35.7337963,-78.638798,27603,,,ATM,None,apify
ATM,,,"1305 US-70 W, Garner, NC 27529",35.7199696,-78.6410897,27529,,,ATM,None,apify
Cardtronics ATM,,,"2700 Timber Dr Target, Garner, NC 27529",35.7155847,-78.6388834,27529,,,ATM,None,apify
ATM,,,"1436 Garner Station Blvd, Raleigh, NC 27603",35.7252966,-78.6527501,27603,,,ATM,None,apify
Bitstop Bitcoin ATM,(855) 524-8786,https://bitstop.co/locations/nc/raleigh-nc/2570-s-wilmington-st-raleigh-bitcoin-atm,"2570 S Wilmington St, Raleigh, NC 27603",35.7486962,-78.6440236,27603,,,Crypto ATM,None,apify
CashPoints® ATM,(888) 732-8562,http://www.ncsecu.org/,"1825 US-70, Garner, NC 27529",35.6884036,-78.5512939,27529,2.3,3,ATM,None,apify
Athena Bitcoin ATM,(312) 690-4466,http://www.athenabitcoin.com/,"1305 US-70, Garner, NC 27529",35.7198088,-78.6411056,27529,,,Crypto ATM,None,apify
Coinstar Kiosk - Bitcoin ATM,,,"Food Lion, 7971 Fayetteville Rd, Raleigh, NC 27603",35.6648676,-78.6972175,27603,,,ATM,None,apify
ATM,,,"3608 Benson Rd, Garner, NC 27529",35.630439,-78.6110947,27529,,,ATM,None,apify
Cardtronics ATM,,http://www.cardtronics.com/,"1040 Timber Drive East #225, Garner, NC 27529",35.6868832,-78.5795508,27529,,,ATM,None,apify
Circle K,(919) 743-0128,https://www.circlek.com/store-locator/US/raleigh/2506-s-saunders-i-40/2723303?utm_source=google&utm_medium=local&utm_campaign=google-local,"2506 S Saunders St & I-40, Raleigh, NC 27603",35.7494837,-78.6493657,27603,2.8,80,ATM,$3.30/Regular,apify
Coinstar Kiosk - Bitcoin ATM,(800) 928-2274,https://www.coinstar.com/kiosk-info?KioskId=12709?utm_source=gmb&utm_medium=gmblocationlisting&utm_campaign=webbutton,"1601 Cross Link Rd, Raleigh, NC 27610",35.7545733,-78.6155792,27610,,,Crypto ATM,None,apify
Cardtronics ATM,,,"8801 Old Stage Rd Mart, Garner, NC 27529",35.6548726,-78.6660571,27529,,,ATM,None,apify
ATM,,,"1969 Rock Quarry Rd, Raleigh, NC 27610",35.754025,-78.61208,27610,,,ATM,None,apify
Circle K,(919) 662-0336,https://www.circlek.com/store-locator/US/garner/1900-us-70-hwy-70-lh/2723479?utm_source=google&utm_medium=local&utm_campaign=google-local,"1900 US-70, Garner, NC 27529",35.6866399,-78.5495751,27529,3.1,105,ATM,$3.40/Regular,apify
LibertyX Bitcoin ATM,(800) 511-8940,https://libertyx.com/,"Walgreens, 1116 US-70, Garner, NC 27529",35.7176926,-78.6346066,27529,,,ATM,None,apify
LibertyX Bitcoin ATM,(800) 511-8940,https://libertyx.com/,"7800 Fayetteville Rd, Raleigh, NC 27603",35.6686509,-78.698902,27603,,,ATM,None,apify
LibertyX Bitcoin ATM,(800) 511-8940,https://libertyx.com/,"Speedway, 1470 US-70, Garner, NC 27529",35.722204,-78.6432648,27529,,,ATM,None,apify
LibertyX Bitcoin ATM,(800) 511-8940,https://libertyx.com/,"2604 S Saunders St Speedway, Raleigh, NC 27603",35.7481113,-78.6493594,27603,,,ATM,None,apify
AHF Pharmacy - Coconut Grove,(305) 860-5509,https://ahfpharmacy.org/,"3661 S Miami Ave Suite 806, Miami, FL 33133",25.7406718,-80.2128676,33133,4.1,14,Pharmacy,None,apify
Coconut Grove Pharmacy,(305) 442-0211,https://coconutpharmacy.com/,"3001 SW 27th Ave #102, Miami, FL 33133",25.7351508,-80.2374652,33133,4.3,67,Pharmacy,None,apify
CVS Pharmacy,(305) 341-3854,https://www.cvs.com/store-locator/miami-fl-pharmacies/3349-pan-american-drive-miami-fl-33133/storeid=11413?WT.mc_id=LS_GOOGLE_RX_11413,"3349 Pan American Dr, Miami, FL 33133",25.7300237,-80.2357737,33133,3.1,25,Pharmacy,None,apify
CVS,(305) 341-3854,https://www.cvs.com/store-locator/miami-fl-pharmacies/3349-pan-american-drive-miami-fl-33133/storeid=11413?WT.mc_id=LS_GOOGLE_FS_11413,"3349 Pan American Dr, Miami, FL 33133",25.7300237,-80.2357737,33133,3,92,Drug store,None,apify
CVS Pharmacy,(305) 569-1162,https://www.cvs.com/store-locator/coconut-grove-fl-pharmacies/3215-grand-ave-coconut-grove-fl-33133/storeid=4994?WT.mc_id=LS_GOOGLE_RX_4994,"3215 Grand Ave, Coconut Grove, FL 33133",25.7281625,-80.2463299,33133,3.8,45,Pharmacy,None,apify
"Taruj, Inc. Bird Avenue Pharmacy",(305) 456-9542,https://www.tarujskincare.com/,"2829 Bird Ave Unit 4, Miami, FL 33133",25.7358782,-80.2391568,33133,4.9,18,Pharmacy,None,apify
University Pharmacy,(305) 448-6116,http://www.university-pharmacy.com/,"217 Valencia Ave, Coral Gables, FL 33134",25.7480492,-80.2591407,33134,4.5,88,Pharmacy,None,apify
CVS,(305) 569-1162,https://www.cvs.com/store-locator/coconut-grove-fl-pharmacies/3215-grand-ave-coconut-grove-fl-33133/storeid=4994?WT.mc_id=LS_GOOGLE_FS_4994,"3215 Grand Ave, Coconut Grove, FL 33133",25.7281625,-80.2463299,33133,3.1,172,Drug store,None,apify
CVS Pharmacy,(786) 861-2199,https://www.cvs.com/store-locator/miami-fl-pharmacies/2750-sw-27th-ter-ste-101-miami-fl-33133/storeid=17765?WT.mc_id=LS_GOOGLE_RX_17765,"2750 SW 27th Terrace Ste 101, Miami, FL 33133",25.7398189,-80.2396974,33133,4.7,7,Pharmacy,None,apify
Walgreens Pharmacy,(305) 446-5037,https://www.walgreens.com/locator/walgreens-3490+bird+rd-miami-fl-33133/id=10900,"3490 Bird Rd, Miami, FL 33133",25.7348741,-80.2500356,33133,2.7,38,Pharmacy,None,apify
1Family 1Health Pharmacy,(877) 203-7099,http://www.1family1health.com/,"2803 SW 27th Ave, Miami, FL 33133",25.7385148,-80.2375247,33133,4.6,54,Pharmacy,None,apify
Mercy Professional Pharmacy,(305) 285-2762,https://www.hcafloridahealthcare.com/locations/mercy-hospital/for-patients/retail-pharmacy,"3661 S Miami Ave #110, Miami, FL 33133",25.7406256,-80.2130297,33133,3.5,21,Pharmacy,None,apify
Regions Pharmacy,(305) 603-9924,http://www.regionspharmacy.net/,"1065 SW 27th Ave, Miami, FL 33135",25.7625352,-80.2385734,33135,4.6,26,Pharmacy,None,apify
Med-Source Pharmacy,(305) 854-7377,https://www.medsourcepharmacyrx.com/,"515 SW 17th Ave Ste 1, Miami, FL 33135",25.7681184,-80.2223063,33135,4.9,82,Pharmacy,None,apify
Farmacia Julia Discount #2,(305) 448-6523,http://farmaciajuliadiscount.com/,"3197 SW 18th St, Miami, FL 33145",25.7548843,-80.2464566,33145,4.4,103,Pharmacy,None,apify
Jorge's Pharmacy,(305) 856-1252,,"1701 Coral Wy, Miami, FL 33145",25.7510514,-80.2221338,33145,4.6,287,Pharmacy,None,apify
PriveCareRx,(305) 901-5747,https://privecarerx.com/,"2020 Ponce de Leon Blvd STE 105, Coral Gables, FL 33134",25.7539587,-80.2592953,33134,5,639,Pharmacy,None,apify
Rainbow Pharmacy 2,(305) 749-7000,http://rainbowpharmacyrx.com/,"257 Giralda Ave, Coral Gables, FL 33134",25.7512824,-80.2595245,33134,5,34,Pharmacy,None,apify
Walgreens Pharmacy,(305) 444-4366,https://www.walgreens.com/locator/walgreens-3655+s+dixie+hwy-miami-fl-33133/id=3784,"3655 S Dixie Hwy, Miami, FL 33133",25.7336866,-80.2532333,33133,3.4,16,Pharmacy,None,apify
CVS Pharmacy,(305) 459-7202,https://www.cvs.com/store-locator/coral-gables-fl-pharmacies/1906-ponce-de-leon-blvd-coral-gables-fl-33134/storeid=17786?WT.mc_id=LS_GOOGLE_RX_17786,"1906 Ponce de Leon Blvd, Coral Gables, FL 33134",25.7548092,-80.2590089,33134,4.1,75,Pharmacy,None,apify
LibertyX Bitcoin ATM,(800) 511-8940,https://libertyx.com/,"1601 Cross Link Rd Walgreens, Raleigh, NC 27610",35.7545733,-78.6155792,27610,,,ATM,None,apify
Crook & Crook Mar Suppliers True Value,(305) 854-1686,https://stores.truevalue.com/fl/miami/4017,"2795 SW 27th Ave, Miami, FL 33133",25.7395655,-80.2374814,33133,4.6,32,Hardware store,None,apify
The Home Depot,(305) 443-3534,https://www.homedepot.com/l/Coconut-Grove/FL/Miami/33133/6856?emt=MSGoogleMaps,"2999 SW 32nd Ave, Miami, FL 33133",25.7360219,-80.2442672,33133,4.3,1810,Hardware store,None,apify
"Law Offices of Maibel Reyes, P.A.",(305) 209-1343,http://abogadamaibel.com/,"5825 Sunset Dr Ste 301, South Miami, FL 33143",25.7045308,-80.287935,33143,4.9,34,Attorney,None,apify
"Law Offices Mendez & Mendez, P.A.",(305) 667-0112,http://www.mendezandmendez.com/,"7400 SW 57th Ct #202, South Miami, FL 33143",25.7023464,-80.2864696,33143,4.9,69,Attorney,None,apify
"Hubbs Law, P.A.",(305) 570-4802,https://www.hubbslawfirm.com/,"5975 Sunset Dr #502, South Miami, FL 33143",25.7047324,-80.2906451,33143,5,147,Criminal justice attorney,None,apify
Borges Law,(305) 676-5467,https://www.instagram.com/borgeslawmiami/,"5940 SW 73rd St #101, South Miami, FL 33143",25.7031642,-80.2901198,33143,5,7,Estate planning attorney,None,apify
Law Offices of Joseph M Dobkin,(305) 661-7000,http://www.dobkinlaw.com/,"9990 SW 77th Ave #3, Miami, FL 33156",25.6778888,-80.3193857,33156,5,221,Attorney,None,apify
Julio Cesar Torrente Defense P.A.,(305) 764-4413,https://torrentedefense.com/,"6815 SW 70th Ave, Miami, FL 33143",25.7066025,-80.3071615,33143,5,146,Criminal justice attorney,None,apify
Elstein Legal,(305) 299-2835,https://www.elsteinlegal.com/,"7301 SW 57th Ct Ste 570, South Miami, FL 33143",25.7034149,-80.2861944,33143,5,122,Personal injury attorney,None,apify
"Weir Law, P.A.",(305) 271-4067,http://theweirlawfirm.com/,"7301 SW 57th Ct Ste 555, South Miami, FL 33143",25.7034236,-80.2861947,33143,5,15,Legal services,None,apify
Kin Family Law Firm PLLC,(786) 556-0362,,"7301 SW 57th Ct Ste 525, South Miami, FL 33143",25.7034236,-80.2861947,33143,5,3,Legal services,None,apify
"Law Offices of Robert Behar, P.A.",(305) 264-9700,,"7900 SW 57th Ave #9, Miami, FL 33143",25.6975553,-80.2853805,33143,4.9,52,Personal injury attorney,None,apify
Sutton Law Group PA,(305) 667-4481,https://suttonlawgroup.com/,"7721 SW 62nd Ave, South Miami, FL 33143",25.6991458,-80.2929689,33143,4.8,19,Personal injury attorney,None,apify
Law Offices of Nicole M. Kennedy,(305) 213-5438,https://nmkpa.com/,"6915 SW 57th Ave Ste 208, Coral Gables, FL 33143",25.7049513,-80.2852321,33143,4.6,9,Law firm,None,apify
"The Berman Law Firm, PA",(305) 371-8223,https://thebermanlawfirm.com/,"9100 S Dadeland Blvd #1500, Miami, FL 33156",25.6852169,-80.3138649,33156,4.8,43,Legal services,None,apify
"Raul J.A. Martinez-Esteve, P.A.",(305) 609-3921,,"7400 SW 57th Ct #202, South Miami, FL 33143",25.702388,-80.286459,33143,4.8,23,Attorney,None,apify
Spencer Morgan Law,(305) 423-3800,https://www.smorganlaw.com/,"9155 S Dadeland Blvd Ste 1104, Miami, FL 33156",25.6846475,-80.3154785,33156,5,276,Personal injury attorney,None,apify
Almazan Law,(305) 665-6681,https://www.almazanlaw.com/,"7901 Ludlam Rd #100, Miami, FL 33143",25.6968099,-80.3009745,33143,4.2,15,Law firm,None,apify
"Alex A. Martinez, P.A.",(305) 379-9600,https://alexamartinezpa.com/,"Eastern National Bank Building, 9700 S Dixie Hwy Ste 970, Miami, FL 33156",25.6803178,-80.3169738,33156,5,90,Law firm,None,apify
KAPLAN TRIAL LAWYERS,(305) 274-7533,http://kaplantriallawyers.com/,"7301 SW 57th Ct Ste 570, South Miami, FL 33143",25.7034149,-80.2861944,33143,4.7,15,Personal injury attorney,None,apify
Debt Defense Law,(305) 444-4323,http://www.debtdefenselaw.com/,"6915 SW 57th Ave #200, Coral Gables, FL 33143",25.7049606,-80.28518,33143,4.8,60,Attorney,None,apify
Suarez Law,(305) 448-4244,http://suarezlawyers.com/,"9100 S Dadeland Blvd #1620, Miami, FL 33156",25.6852091,-80.3140188,33156,5,14,Law firm,None,apify
Recoveco,,https://www.recovecorestaurant.com/,"6000 SW 74th St Ste 1, South Miami, FL 33143",25.7021994,-80.2912837,33143,4.9,132,Restaurant,$100+,apify
Kitchen 57,(786) 238-7179,https://www.kitchen57miami.com/,"7301 SW 57th Ct Ste 100, South Miami, FL 33143",25.7034236,-80.2861947,33143,4.7,217,Restaurant,$20–30,apify
maman,(305) 397-8158,https://mamannyc.com/locations/south-miami,"5801 Sunset Dr, South Miami, FL 33143",25.7045316,-80.2876617,33143,4.8,773,Restaurant,$20–30,apify
CRAFT South Miami,(786) 244-7185,https://www.craftmiami.us/,"5868 Sunset Dr, South Miami, FL 33143",25.7040523,-80.2887067,33143,4.9,3578,Restaurant,$20–30,apify
The Grape Ape,(305) 397-8922,,"7400 SW 57th Ct, South Miami, FL 33143",25.7023896,-80.2864865,33143,4.6,140,Restaurant,$40–90,apify
107 Taste Asian Restaurant South Miami,(786) 641-5122,https://107taste.com/,"5966 S Dixie Hwy #103a, South Miami, FL 33143",25.7026359,-80.2907965,33143,4.9,1502,Asian restaurant,$20–30,apify
Sushi Sake South Miami,(786) 292-7488,https://sushisakemiami.com/,"5829 SW 73rd St #5B, Miami, FL 33143",25.7036708,-80.2877923,33143,4.9,46,Sushi restaurant,$20–30,apify
Avo Miami,(786) 534-4191,https://avo-miami.com/,"5958 S Dixie Hwy, South Miami, FL 33143",25.7029976,-80.2907376,33143,4.8,159,Health food restaurant,$20–30,apify
Café PANISSE,(305) 665-3322,,"7310 SW 57th Ave, South Miami, FL 33143",25.7032293,-80.2856948,33143,4.6,358,French restaurant,$50–60,apify
Cecile Bakery + Cafe,(305) 397-8206,http://www.cecilebakerycafe.com/,"5744 Sunset Dr, South Miami, FL 33143",25.7041887,-80.286127,33143,4.6,1324,Restaurant,$20–30,apify
Carrot Express,(305) 393-8882,https://carrotexpress.com/?olonwp=JjBtp_vMLk25gkYh_bnoiQ,"5850 Sunset Dr, South Miami, FL 33143",25.7040348,-80.2884454,33143,4.8,388,Restaurant,None,apify
Pura Vida Miami,(305) 535-4142,https://www.puravidamiami.com/locations/florida/southmiami,"6022 S Dixie Hwy, South Miami, FL 33143",25.7025121,-80.2913407,33143,4.8,1282,Coffee shop,$20–30,apify
Fox's Lounge,(305) 703-6553,https://www.foxslounge.com/,"6030 S Dixie Hwy, Miami, FL 33143",25.7024501,-80.291533,33143,4.6,474,American restaurant,$20–60,apify
ENZO ITALIAN EATERY,(786) 770-8197,http://enzos-miami.com/,"6635 S Dixie Hwy, Miami, FL 33143",25.6942397,-80.3002544,33143,4.7,183,Italian restaurant,$20–70,apify
Skinny Louie,(786) 641-5688,https://www.skinnylouie.com/louiespot/southmiami,"6022 S Dixie Hwy Unit D, South Miami, FL 33143",25.7025121,-80.2913407,33143,4.9,1587,Hamburger restaurant,$10–20,apify
Whisk Gourmet Food & Catering,(754) 345-8821,http://www.whiskgourmet.com/,"7382 SW 56th Ave, South Miami, FL 33143",25.702869,-80.284701,33143,4.6,1131,American restaurant,$20–80,apify
Corteza,(786) 883-7334,http://www.cortezamiami.com/,"5760 Sunset Dr, South Miami, FL 33143",25.7041979,-80.2869185,33143,5,285,Fusion restaurant,$40–100,apify
CasaCuba,(305) 709-1214,http://casacubarestaurant.com/,"5859 SW 73rd St, South Miami, FL 33143",25.7037191,-80.2885606,33143,4.2,2335,Cuban restaurant,$20–30,apify
Honey Veil South Miami,,https://honeyveil.com/,"5748 Sunset Dr, South Miami, FL 33143",25.704176,-80.2862794,33143,4.7,825,Cafe,$10–20,apify
"Richardson Law Firm, PLLC",(919) 680-2300,https://www.kwrlaw.net/,"2310 S Miami Blvd Suite 134, Durham, NC 27703",35.9369,-78.8423741,27703,4.4,69,Criminal justice attorney,None,apify
"The Law Offices of Eric M. Williams, PLLC",(919) 246-7928,http://www.ericwilliamslaw.com/contact-us/,"2402 S Miami Blvd Ste 104, Durham, NC 27703",35.935792,-78.843105,27703,4.7,39,Attorney,None,apify
Wallace Pierce Law,(919) 313-2737,https://www.wallacepierce.com/,"3020 S Miami Blvd Ste 201, Durham, NC 27703",35.9249078,-78.8468143,27703,4.9,111,Personal injury attorney,None,apify
"The Speight Law Firm, P.C.",(919) 416-1177,,"2216 S Miami Blvd #201, Durham, NC 27703",35.9383583,-78.8417836,27703,4.1,37,Law firm,None,apify
"Hopler, Hanna & Associates, PLLC",(919) 244-2019,https://hoplerwilms.com/,"2314 S Miami Blvd Ste 151, Durham, NC 27703",35.9365993,-78.8428209,27703,4.9,258,Attorney,None,apify
Littlejohn Law Offices PLLC,(919) 697-8045,https://littlejohnlawoffices.com/?utm_source=NEXT&utm_medium=Google_Website,"2310 S Miami Blvd Ste. 232, Durham, NC 27703",35.9370075,-78.8426601,27703,5,8,Attorney,None,apify
The Watkins Law Firm,(919) 617-9313,http://ncmediator.net/,"2402 S Miami Blvd Unit 202, Durham, NC 27703",35.9357969,-78.8430779,27703,3,2,Law firm,None,apify
"Fludd, Stephens Law Office, PLLC",(919) 937-9920,,"2310 S Miami Blvd, Durham, NC 27703",35.9370075,-78.8426601,27703,3.7,6,Attorney,None,apify
Law Offices of Rhonda B. Kelley PLLC,(919) 236-3011,http://www.kelley-familylaw.com/,"2216 S Miami Blvd #201, Durham, NC 27703",35.9383583,-78.8417836,27703,4.2,5,Divorce lawyer,None,apify
"Estate Pro Service, LLC",(662) 816-6332,http://www.estateproservice.com/,"2310 S Miami Blvd #231, Durham, NC 27703",35.9370235,-78.8426226,27703,5,100,Real estate consultant,None,apify
The Adam Perry Law Firm,(919) 682-1255,http://adamperrylaw.com/,"2310 S Miami Blvd #134, Durham, NC 27703",35.9370234,-78.8426226,27703,5,1,Attorney,None,apify
US Multiservices LLC,(919) 824-8682,https://usmultiservicesnc.com/,"2603 S Miami Blvd, Durham, NC 27703",35.9316177,-78.8427577,27703,5,5,Notary public,None,apify
Praet Law Firm PLLC,(919) 627-7261,,"5920 S Miami Blvd Ste 201, Morrisville, NC 27560",35.8699692,-78.8511175,27560,,,Attorney,None,apify
The Law Offices of Gregory Reynald Williams,(919) 282-4696,http://grw-law.com/,"5920 S Miami Blvd Ste 204, Morrisville, NC 27560",35.8700553,-78.8513262,27560,,,Law firm,None,apify
Senior CommUnity Care of North Carolina PACE,(919) 425-3000,http://www.seniorcommunitycarenc.org/,"5400 S Miami Blvd Ste 150, Durham, NC 27703",35.8806252,-78.8518489,27703,4,37,Adult day care center,None,apify
Bojangles,(919) 941-5620,https://locations.bojangles.com/nc/durham/5425-s.-miami-blvd.-719.html,"5425 S Miami Blvd, Durham, NC 27703",35.8787922,-78.8500125,27703,4,1470,Restaurant,None,apify
SWEAT440 Fitness South Miami,(888) 507-9328,https://sweat440.com/gyms/florida/south-miami-33143/?utm_source=GMB&utm_medium=organic&utm_campaign=south+miami,"5829 SW 73rd St #5a, South Miami, FL 33143",25.7036708,-80.2877923,33143,5,202,Gym,None,apify
M Fitness,(786) 478-2311,http://mfitnessmiami.com/,"7301 SW 57th Ct, South Miami, FL 33143",25.7031629,-80.2862266,33143,5,49,Gym,None,apify
The Athletic Compound,(305) 519-0786,http://theathleticcompound.com/,"8100 SW 81st Dr Ste 135, Miami, FL 33143",25.693529,-80.3242686,33143,5,61,Gym,None,apify
GRIT Miami,(305) 680-3666,http://gritmiami.com/,"6895 SW 81st St, Miami, FL 33143",25.6955198,-80.3049086,33143,4.9,292,Fitness center,None,apify
Stunna's FIT,(786) 216-7235,https://www.stunnasfit.com/,"6808 SW 81st St, Miami, FL 33143",25.695046,-80.3032472,33143,4.9,56,Gym,None,apify
Starting Strength Miami,(786) 755-3259,https://www.startingstrengthgyms.com/miami/,"8400 S Dixie Hwy Ste 102, Miami, FL 33143",25.6924749,-80.3053463,33143,5,102,Gym,None,apify
Thump Fitness,(305) 310-4860,https://www.thumpgym.com/,"5800 SW 66th St, South Miami, FL 33143",25.7090628,-80.2881492,33143,4.4,40,Personal trainer,None,apify
Fit & Go,,,"5701 Sunset Dr #350, South Miami, FL 33143",25.7053567,-80.286355,33143,5,1,Fitness center,None,apify
South Miami Fitness,(305) 264-0087,,"7396 Bird Rd, Miami, FL 33155",25.7324868,-80.314867,33155,4.8,72,Gym,None,apify
Pro Level Gym Miami,(786) 877-0438,,"6813 SW 81st Ter, South Miami, FL 33143",25.6948736,-80.3036688,33143,5,5,Personal trainer,None,apify
Pulse Fitness,(833) 583-1800,https://www.pulseitout.com/?utm_source=GMB&utm_medium=website_click&utm_campaign=general_gmb_traffic,"5864 Sunset Dr, Miami, FL 33143",25.7040616,-80.2887094,33143,4.8,230,Pilates studio,None,apify
Jeff F.I.T.T. Miami Fitness Studio,(786) 387-4512,http://www.jefffittmiami.com/,"5850 Commerce Ln, South Miami, FL 33143",25.7067385,-80.2880304,33143,5,15,Personal trainer,None,apify
Beat The Gym,,https://www.beatthegym.com/,None,25.786746,-80.1699639,None,5,94,Boot camp,None,apify
Fitness by Body Image,(305) 441-2700,,"5781 Commerce Ln, South Miami, FL 33143",25.7076395,-80.287646,33143,4.8,36,Personal trainer,None,apify
Peak 360 Fitness,(786) 481-3654,http://www.peak360fitness.com/,"6802 SW 81st St, Miami, FL 33143",25.6950923,-80.3030499,33143,4.9,260,Fitness center,None,apify
Rzone Fitness Sunset Drive | Women's Fitness Studio,(786) 574-3250,https://www.rzonefitness.com/sunset-drive/?utm_source=GMB&utm_medium=Organic&utm_campaign=Sunset+Drive,"9783 SW 72nd St, Miami, FL 33173",25.7022864,-80.3517867,33173,5,129,Gym,None,apify
Spirit In Motion,(305) 661-7333,,"6832 SW 81st St, Miami, FL 33143",25.6952181,-80.3039309,33143,5,1,Physical fitness program,None,apify
Fuze House,(305) 972-9616,https://www.fuzehouse.com/,"7202 SW 58th Ave, South Miami, FL 33143",25.70406,-80.2874845,33143,4.8,58,Pilates studio,None,apify
Innovative Training Miami,(786) 597-2378,https://itmfitness.com/,"6304 SW 78th St, South Miami, FL 33143",25.6981925,-80.2956219,33143,5,22,Personal trainer,None,apify
Ghost Gym Miami,(786) 922-0006,http://ghostgymmiami.com/,"3020 SW 22nd St, Miami, FL 33145",25.7499398,-80.2426156,33145,4.9,190,Gym,None,apify
TD Bank,(305) 423-0968,https://locations.td.com/us/6601-s-dixie-highway-ludlam-us1?y_source=1_OTQ2MTgwNy03MTUtbG9jYXRpb24ud2Vic2l0ZQ%3D%3D,"6601 S Dixie Hwy, Miami, FL 33143",25.6947644,-80.3007442,33143,3.7,35,Bank,None,apify
Regions Bank,(305) 280-0380,https://www.regions.com/locator/fl/coral-gables/full-service-branch-1569-sunset-dr?cid=localListing_google,"1569 Sunset Dr, Coral Gables, FL 33143",25.7046655,-80.284959,33143,4.9,15,Bank,None,apify
Grove Bank & Trust,(305) 756-4550,http://www.grovebankandtrust.com/,"6400 S Dixie Hwy, South Miami, FL 33143",25.6975959,-80.2972933,33143,5,15,Bank,None,apify
United Community,(305) 667-5511,https://www.ucbi.com/locations/south-miami-sunset-drive?utm_source=Yext&utm_medium=location_listing,"5880 Sunset Dr, South Miami, FL 33143",25.704013,-80.288964,33143,4.7,80,Bank,None,apify
City National Bank of Florida,(786) 313-5976,https://www.citynational.com/,"6388 S Dixie Hwy, South Miami, FL 33143",25.6979215,-80.2967562,33143,4.8,5,Bank,None,apify
Wells Fargo Bank,(305) 663-6106,https://locations.wellsfargo.com/fl/coral-gables/1541-sunset-dr?utm_campaign=Local_Listings&utm_source=Google&group=Community_Bank&loc=AC16729,"1541 Sunset Dr, Coral Gables, FL 33143",25.7046835,-80.2838297,33143,3.5,30,Bank,None,apify
BankUnited of South Miami,(305) 661-3587,https://www.bankunited.com/our-locations/florida/south-miami-plaza,"6308 S Dixie Hwy, South Miami, FL 33143",25.6990373,-80.2954591,33143,3,6,Bank,None,apify
"First Horizon Bank - Coral Gables, FL - Sunset Dr",(305) 666-0200,https://www.firsthorizon.com/bank/fl/banking-in-miami?utm_source=organic&utm_medium=business%20listings&utm_campaign=yext,"1515 Sunset Dr Suite 12, Coral Gables, FL 33143",25.7047946,-80.2830367,33143,4.8,20,Bank,None,apify
US Century Bank,(305) 669-4766,http://www.uscentury.com/,"8201 S Dixie Hwy, Miami, FL 33143",25.6942022,-80.3013746,33143,4.2,10,Bank,None,apify
BankMiami,(305) 323-7000,https://www.bankmiami.com/,"1515 Sunset Dr Ste 26, Miami, FL 33143",25.704865,-80.283084,33143,,,Bank,None,apify
Truist,(919) 941-7722,https://www.bbt.com/bbtdotcom/locator/details/5407_s_miami_blvd__durham__nc__27703?ReferralSource=GV&CampIDMaj=AKH&CampIDMin=AR&cmpid=3980,"5407 S Miami Blvd, Durham, NC 27703",35.8798425,-78.8498479,27703,3,25,Bank,None,apify
"First Horizon Bank - Durham, NC - S Miami Blvd.",(919) 884-3300,https://www.firsthorizon.com/?utm_source=organic&utm_medium=business%20listings&utm_campaign=yext,"1611 S Miami Blvd, Durham, NC 27703",35.9503928,-78.8377998,27703,4.1,37,Bank,None,apify
Truist - ATM,(919) 941-7722,https://www.truist.com/atm/nc/durham/27703/5407-s-miami-blvd,"5407 S Miami Blvd, Durham, NC 27703",35.8799219,-78.8498782,27703,,,ATM,None,apify
Triangle Capital Mortgage Corporation,(919) 772-8498,,"820 Benson Rd # C, Garner, NC 27529",35.69997,-78.6122148,27529,,,Mortgage lender,None,apify
ATM (Garner Mini-Mart),,,"308 US-70, Garner, NC 27529",35.7005037,-78.5985991,27529,,,ATM,None,apify
ATM (White Oak Mart),(919) 772-3210,,"7940 White Oak Rd, Garner, NC 27529",35.6709168,-78.5758619,27529,,,ATM,None,apify
LibertyX Bitcoin ATM,(800) 511-8940,https://libertyx.com/,"790 Timber Dr, Garner, NC 27529",35.6866904,-78.6165551,27529,,,ATM,None,apify
ATM,,,"1900 US-70 E, Garner, NC 27529",35.6866285,-78.5495596,27529,,,ATM,None,apify
ATM,,,"5335 Raynor Rd, Garner, NC 27529",35.6754216,-78.5502639,27529,,,ATM,None,apify
Berkshire Hathaway HomeServices EWM Realty,(305) 960-2500,http://www.ewm.com/,"550 S Dixie Hwy, Coral Gables, FL 33146",25.7235122,-80.2649313,33146,4.5,23,Real estate agency,None,apify
Carmen Siman - Siman Real Estate @ Keyes,(305) 986-9004,https://carmensiman.keyes.com/,"2423 S Le Jeune Rd, Coral Gables, FL 33134",25.7485232,-80.2625406,33134,5,33,Real estate agent,None,apify
Max Cufari | Berkshire Hathaway HomeServices | Coral Gables & The Roads Realtor,(786) 505-4933,https://theroadsreport.com/,"550 S Dixie Hwy, Coral Gables, FL 33146",25.7235122,-80.2649313,33146,5,11,Real estate agent,None,apify
Gravity Real Estate | Top Miami Realtors,(305) 726-2100,http://www.gravityrealestate.com/,"1390 S Dixie Hwy Ste 2218, Coral Gables, FL 33146",25.7113982,-80.279476,33146,5,41,Real estate agency,None,apify
Floridian First Realty,(305) 667-5235,http://www.floridianfirstrealty.com/,"710 S Dixie Hwy #100, Coral Gables, FL 33146",25.7221821,-80.2670791,33146,4.9,34,Real estate agency,None,apify
Jennifer Price | Miami's Luxury Real Estate Ambassador,(305) 389-1977,https://jenniferpricegroup.com/?utm_source=gbp&utm_medium=organic,"550 S Dixie Hwy, Coral Gables, FL 33146",25.7235122,-80.2649313,33146,5,36,Real estate agent,None,apify
prio.realestate,(305) 912-7746,https://prio.realestate/,"550 S Dixie Hwy, Coral Gables, FL 33146",25.7235122,-80.2649313,33146,,,Real estate agent,None,apify
Oscar Arellano - Coral Gables Realtor,(305) 525-7324,https://realestatebulldog.com/,"4000 Ponce de Leon Blvd Ste 700, Coral Gables, FL 33146",25.7340183,-80.2589635,33146,5,67,Real estate agency,None,apify
Kennedy Realty Miami - Luxury Coral Gables Agents,(786) 882-2532,http://www.kennedyrealtymiami.com/,None,25.735606,-80.254069,None,4.8,20,Real estate agency,None,apify
Erin Huyler - Miami Real Estate,(607) 351-4818,https://erinhuyler.ewm.com/,"550 S Dixie Hwy, Coral Gables, FL 33146",25.7235122,-80.2649313,33146,5,7,Real estate consultant,None,apify
REMAX 360 Real Estate,(305) 602-0360,http://www.miamicre360.com/,"4217 Ponce de Leon Blvd Ste 2nd, Coral Gables, FL 33146",25.7325154,-80.2582041,33146,3.3,14,Real estate agency,None,apify
Devin James Herrera Real Estate,(305) 775-6750,http://shcgroup.ewm.com/,"550 S Dixie Hwy, Coral Gables, FL 33146",25.7235122,-80.2649313,33146,5,24,Real estate agent,None,apify
"Justin Trujillo, Realtor - Berkshire Hathaway HomeServices EWM Realty",(305) 978-8470,http://www.justintrujillogroup.com/,"550 S Dixie Hwy Unit 202, Coral Gables, FL 33146",25.7235122,-80.2649313,33146,5,70,Real estate agent,None,apify
The Lani Group at Lowell International Realty,(305) 520-5420,https://thelanigroup.com/,"4601 Ponce de Leon Blvd Ste 102, Coral Gables, FL 33146",25.7271203,-80.262759,33146,5,16,Real estate agency,None,apify
"Douglas Elliman Real Estate Office in Coral Gables, FL",(305) 695-6060,https://www.elliman.com/florida/office/510-b-705-111646/coral-gables?utm_source=GMB&utm_medium=Organic_search&utm_campaign=GMB_Coral_Gables_FL,"1515 Sunset Dr #10, Coral Gables, FL 33143",25.7048272,-80.2831424,33143,5,2,Real estate agency,None,apify
"Serrano & Associates Real Estate LLC - Estela Serrano, Broker.",(305) 521-3290,http://www.serranoandassociates.com/,"1450 SW 22nd St Ste 106, Coral Gables, FL 33145",25.7508057,-80.2191355,33145,4.9,67,Real estate agent,None,apify
Aaron Casariego Real Estate,(888) 808-6155,https://www.homesnap.com/Aaron-Casariego/gmb2,"1430 S Dixie Hwy, Coral Gables, FL 33146",25.7096451,-80.2820015,33146,5,4,Real estate agent,None,apify
Julian Acosta - Coral Gables Realtor at Compass,(786) 473-2565,https://julianmiamirealtor.com/coral-gables,"1515 Sunset Dr Ste 40, Coral Gables, FL 33143",25.7048724,-80.2830882,33143,5,72,Real estate agent,None,apify
Grove Experts - BHHS - EWM Realtors: Alba Biondi and Isabelle Andrews,(305) 546-5421,http://www.grovegablesexperts.com/,"550 S Dixie Hwy, Coral Gables, FL 33146",25.7235096,-80.264932,33146,5,14,Real estate agency,None,apify
LA PREMIERE Realty,(305) 927-8103,http://www.lapremiererealty.com/,"The Biltmore Hotel | Executive Suites, 1200 Anastasia Ave Ste 410, Coral Gables, FL 33134",25.7408575,-80.2786951,33134,5,28,Real estate agency,None,apify
Then & Now Estate Sales,(201) 259-8408,http://thenandnowestatesales.com/,"841 Franklin Ave, Franklin Lakes, NJ 07417",41.0250356,-74.209471,07417,2.4,7,Real estate agency,None,apify
SWEAT440 Fitness Gables,(888) 507-9328,https://sweat440.com/gyms/florida/coral-gables-33146/?utm_source=GMB&utm_medium=organic&utm_campaign=coral+gables,"301 Altara Ave Ste 111, Coral Gables, FL 33146",25.7336441,-80.2617956,33146,4.9,314,Gym,None,apify
Life Time,(786) 437-4400,https://www.lifetime.life/locations/fl/coral-gables.html?utm_source=google&utm_medium=local&utm_campaign=google-local-club,"237 S Dixie Hwy, Coral Gables, FL 33133",25.7283022,-80.260038,33133,3.8,256,Fitness center,None,apify
LEGACY,(305) 240-1096,https://legacyfit.com/,"22 Merrick Wy, Coral Gables, FL 33134",25.7504584,-80.2555241,33134,4.7,77,Gym,None,apify
RZone Fitness Coral Gables | Women's Fitness Studio,(786) 321-3787,https://www.rzonefitness.com/coral-gables/?utm_source=GMB&utm_medium=Organic&utm_campaign=Coral+Gables,"112 Valencia Ave, Coral Gables, FL 33134",25.7478217,-80.2569252,33134,4.9,341,Gym,None,apify
Method X Fitness Coral Gables,(305) 299-9666,https://methodxfitness.com/,"475 Biltmore Way #106, Coral Gables, FL 33134",25.748646,-80.2644087,33134,4.8,176,Gym,None,apify
Equinox Coral Gables,(786) 497-8200,https://www.equinox.com/clubs/florida/coralgables?cid=gmb,"370 San Lorenzo Ave, Coral Gables, FL 33146",25.7318154,-80.2607785,33146,3.6,117,Gym,None,apify
Tracy Anderson Method - Coral Gables,(786) 542-5099,https://tracyanderson.com/studio-locations/coral-gables/?srsltid=AfmBOooIG0M7pzGr9o743HpqdZz5qHMW55x1BYgBU7_mnqWhJtkj3rXY,"1430 S Dixie Hwy STE 108-111 Floor 1, Coral Gables, FL 33146",25.7097617,-80.2819759,33146,5,4,Fitness center,None,apify
Gables Station,(786) 789-4421,http://gablesstation.com/,"251 S Dixie Hwy, Coral Gables, FL 33146",25.7290648,-80.2586816,33146,5,1,Fitness center,None,apify
Patti and Allan Herbert Wellness Center,(305) 284-8500,http://wellness.studentaffairs.miami.edu/index.html,"1241 Theo Dickinson Dr, Coral Gables, FL 33146",25.7159941,-80.2811306,33146,4.6,87,Gym,None,apify
Orangetheory Fitness,(305) 460-6006,https://www.orangetheory.com/en-us/locations/coral-gables-florida-0077?utm_medium=seo&utm_source=gg&utm_term=corporate&utm_campaign=soci,"2300 Salzedo St, Coral Gables, FL 33134",25.7508029,-80.2609818,33134,4.8,244,Gym,None,apify
AIRLAB Fitness Coral Gables,(305) 396-8548,https://airlabfitness.com/coral-gables/,"35 Alhambra Plz, Coral Gables, FL 33134",25.7526427,-80.2553133,33134,5,36,Fitness center,None,apify
Break Free Movement,(305) 456-8234,http://thebreakfreemovement.com/,"4203 Ponce de Leon Blvd Ste 200, Coral Gables, FL 33146",25.7330383,-80.2582243,33146,4.8,329,Yoga studio,None,apify
TREMBLE,(833) 873-6253,http://makeittremble.com/,"4203 Ponce de Leon Blvd Ste 100, Coral Gables, FL 33146",25.7330383,-80.2582243,33146,4.8,102,Pilates studio,None,apify
IMPULSE FITNESS EMS,(786) 857-9280,http://www.impulsefitnessemstraining.com/,"358 San Lorenzo Ave 3225 Suite 22, Coral Gables, FL 33146",25.7315145,-80.2601638,33146,4.9,32,Fitness center,None,apify
54D STEEL Coral Gables,(786) 817-7008,https://54d.com/,"4212 Ponce de Leon Blvd, Coral Gables, FL 33146",25.7326917,-80.2588558,33146,5,28,Gym,None,apify
University of Miami - The Herbert Wellness Center,(305) 284-8500,http://wellness.studentaffairs.miami.edu/,"Herbert Wellness Center, 1241 Theo Dickinson Dr, Coral Gables, FL 33146",25.7159941,-80.2811306,33146,4.5,35,Wellness center,None,apify
Fitness Innovations,(786) 266-5353,https://yourfitnessinnovations.com/,"135 San Lorenzo Ave STE 110, Coral Gables, FL 33146",25.7318905,-80.256965,33146,5,33,Personal trainer,None,apify
TruFusion Coral Gables,(305) 851-5252,https://trufusion.com/coral-gables/,"301 Giralda Ave #5, Coral Gables, FL 33134",25.7513094,-80.2611423,33134,4.6,250,Yoga studio,None,apify
BÜNDA Coral Gables,(305) 200-3117,https://www.trainbunda.com/,"25 Merrick Wy, Coral Gables, FL 33134",25.7505706,-80.255271,33134,4.5,140,Gym,None,apify
Outdoor gym,,,"Kerdyk Park, Coral Gables, FL 33146",25.7072765,-80.2824345,33146,,,Gym,None,apify
Publix Pharmacy at Riviera Plaza,(305) 929-7068,https://www.publix.com/pharmacy?utm_medium=maps&utm_source=google&utm_content=psmpharm_google_override,"1542 S Dixie Hwy, Coral Gables, FL 33146",25.708516,-80.2837781,33146,5,2,Pharmacy,None,apify
CVS Pharmacy,(305) 663-8697,https://www.cvs.com/store-locator/coral-gables-fl-pharmacies/1160-s-dixie-hwy-coral-gables-fl-33146/storeid=4059?WT.mc_id=LS_GOOGLE_RX_4059,"1160 S Dixie Hwy, Coral Gables, FL 33146",25.7154086,-80.2751216,33146,3.5,22,Pharmacy,None,apify
University of Miami - Lennar Center Pharmacy,(305) 351-0606,https://www.walgreens.com/locator/walgreens-5555+ponce+de+leon+blvd-coral+gables-fl-33146/id=16543,"5555 Ponce de Leon Blvd Suite 186, Coral Gables, FL 33146",25.7134602,-80.2799012,33146,4,51,Pharmacy,None,apify
Walgreens Pharmacy,(305) 444-2544,https://www.walgreens.com/locator/walgreens-4200+sw+8th+st-coral+gables-fl-33134/id=3317,"4200 SW 8th St, Coral Gables, FL 33134",25.7639867,-80.2639487,33134,2.8,33,Pharmacy,None,apify
CVS,(305) 663-8697,https://www.cvs.com/store-locator/coral-gables-fl-pharmacies/1160-s-dixie-hwy-coral-gables-fl-33146/storeid=4059?WT.mc_id=LS_GOOGLE_FS_4059,"1160 S Dixie Hwy, Coral Gables, FL 33146",25.7154086,-80.2751216,33146,3,150,Drug store,None,apify
Publix Pharmacy at Douglas Grand,(305) 445-3252,https://www.publix.com/pharmacy?utm_medium=maps&utm_source=google&utm_content=psmpharm_google_override,"1500 Douglas Rd, Coral Gables, FL 33134",25.7578156,-80.2557478,33134,3.2,39,Pharmacy,None,apify
Walgreens Pharmacy,(305) 444-8427,https://www.walgreens.com/locator/walgreens-3595+coral+way-miami-fl-33145/id=4809,"3595 Coral Wy, Miami, FL 33145",25.7504671,-80.2515824,33145,3.5,68,Pharmacy,None,apify
Pharmabox,,,"Merrick Building, Coral Gables, FL 33146",25.7205227,-80.2770227,33146,5,3,Pharmacy,None,apify
CVS Pharmacy y más,(305) 266-5526,https://www.cvs.com/store-locator/miami-fl-pharmacies/5695-sw-8th-street-miami-fl-33134/storeid=3443?WT.mc_id=LS_GOOGLE_RX_3443,"5695 SW 8th St, Coral Gables, FL 33134",25.763769,-80.2875522,33134,4,127,Pharmacy,None,apify
Walgreens Specialty Pharmacy,(786) 582-6366,https://www.walgreens.com/locator/walgreens-5966+s+dixie+hwy-south+miami-fl-33143/id=21155,"5966 S Dixie Hwy Ste 103B, South Miami, FL 33143",25.7026359,-80.2907965,33143,4.3,45,Pharmacy,None,apify
Cardenas Pharmacy,(305) 529-0003,https://www.mygnp.com/pharmacies/cardenas-pharmacy-miami-fl-33134/?utm_source=google&utm_medium=local&utm_campaign=localmaps&utm_content=1076365,"2741 Coral Wy, Miami, FL 33145",25.7505283,-80.2392289,33145,4.7,210,Pharmacy,None,apify
"Miami Home Centers, Benjamin Moore Paint Center, South Miami",(305) 667-1195,https://miamihomecenters.com/?utm_source=GMB&utm_medium=Organic&utm_campaign=Miamihomecenters_GMB,"7325 SW 57th Ave, South Miami, FL 33143",25.7031216,-80.2849098,33143,4.3,189,Hardware store,None,apify
Dixie Ace Hardware,(786) 605-1471,https://www.acehardware.com/store-details/16671,"6448 S Dixie Hwy, South Miami, FL 33143",25.6969537,-80.2974441,33143,4.5,334,Hardware store,None,apify
Ace Hardware of Bird Road,(305) 284-1123,http://www.acehardware.com/store-details/15975?utm_source=google&utm_medium=local&utm_campaign=localmaps&utm_content=15975,"5749 Bird Rd, Miami, FL 33155",25.7348624,-80.2876427,33155,4.2,376,Hardware store,None,apify
Northwest Ace Hardware,(540) 418-4913,http://www.acehardware.com/store-details/18415?utm_source=google&utm_medium=local&utm_campaign=localmaps&utm_content=18415,"801 Kabrich St, Blacksburg, VA 24060",37.2360359,-80.421779,24060,4.7,111,Hardware store,None,apify
White's Building Supply,(434) 736-9000,http://www.acehardware.com/store-details/16778?utm_source=google&utm_medium=local&utm_campaign=localmaps&utm_content=16778,"255 Railroad Ave, Keysville, VA 23947",37.0425152,-78.4831091,23947,4.6,169,Hardware store,None,apify
Triangle Ace Hardware,(919) 493-5722,https://triangleacehardware.com/,"4711 Hope Valley Rd #1J, Durham, NC 27707",35.9218424,-78.9557354,27707,4.7,398,Hardware store,None,apify
The Home Depot,(704) 522-8383,https://www.homedepot.com/l/S-Boulevard-Charlotte/NC/Charlotte/28217/3646?emt=MSGoogleMaps,"4750 South Blvd, Charlotte, NC 28217",35.1739848,-80.8775296,28217,4.1,1411,Hardware store,None,apify
Taylor's Do it Center,(757) 916-8720,https://doitbest.com/taylors-do-it-centers,"1767 S George Washington Mem Hwy, Gloucester Point, VA 23062",37.2598325,-76.4936677,23062,4.7,62,Hardware store,None,apify
Waxhaw Ace Hardware,(704) 843-4760,http://www.acehardwarewaxhaw.com/?utm_source=google&utm_medium=local&utm_campaign=localmaps&utm_content=17626,"3927 Providence Rd S, Waxhaw, NC 28173",34.9364159,-80.7495591,28173,4.6,288,Hardware store,None,apify
The Home Depot,(704) 786-8300,https://www.homedepot.com/l/Kannapolis/NC/Kannapolis/28083/3607?emt=MSGoogleMaps,"3313 Cloverleaf Plaza, Kannapolis, NC 28083",35.4488281,-80.60577,28083,4.3,1994,Hardware store,None,apify
The Home Depot,(704) 987-0490,https://www.homedepot.com/l/Cornelius/NC/Cornelius/28031/3638?emt=MSGoogleMaps,"17111 Statesville Rd, Cornelius, NC 28031",35.4495072,-80.8679687,28031,4.2,1250,Hardware store,None,apify
Lowe's Home Improvement,(252) 727-5011,https://www.lowes.com/store/NC-Morehead-City/0619?cm_mmc=lod-_-c-_-lcl-_-awr-_-yxt-_-go-_-619-_-na-_-0-_-0&y_source=1_MTE4MjkzNS03MTUtbG9jYXRpb24ud2Vic2l0ZQ%3D%3D,"5219 Hwy 70 W, Morehead City, NC 28557",34.737492,-76.812212,28557,4.1,1909,Hardware store,None,apify
The Home Depot,(336) 744-2336,https://www.homedepot.com/l/Winston-Salem/NC/Winston-Salem/27105/3641?emt=MSGoogleMaps,"5721 University Pkwy, Winston-Salem, NC 27105",36.178025,-80.2726238,27105,4.1,1481,Hardware store,None,apify
The Home Depot,(540) 772-3087,https://www.homedepot.com/l/South-Roanoke/VA/Roanoke/24014/4628?emt=MSGoogleMaps,"4176 Franklin Rd, Roanoke, VA 24014",37.2250859,-79.9673124,24014,4.2,1048,Hardware store,None,apify
Univista Insurance,(305) 402-4899,https://www.univistainsurance.com/location/coralgables-fl-33134-3/,"100 Almeria Ave Ste 200A, Coral Gables, FL 33134",25.7469821,-80.2569147,33134,5,13,Insurance agency,None,apify
"One Insurance Services, LLC.",(305) 445-3535,http://www.oneinsuranceservices.com/,"365 Palermo Ave, Coral Gables, FL 33134",25.7455547,-80.2618206,33134,3.4,18,Insurance agency,None,apify
Continental Insurance Brokers,(305) 262-5600,,"5596 W Flagler St, Coral Gables, FL 33134",25.7706563,-80.2859306,33134,4.6,36,Insurance agency,None,apify
Estrella Insurance,(305) 262-7800,https://agents.estrellainsurance.com/en-us/fl/miami/327.html?utm_source=google&utm_medium=cpc,"3701 SW 8th St, Miami, FL 33134",25.7648547,-80.2553714,33134,4.9,162,Auto insurance agency,None,apify
Sirianni Insurance Corp.,(305) 510-4510,https://www.sirianniinsurance.com/,"199 Giralda Ave Ste PH, Coral Gables, FL 33134",25.7513633,-80.2585353,33134,4.9,50,Auto insurance agency,None,apify
Univista Insurance,(305) 622-2739,https://www.univistainsurance.com/location/univista-insurance-coralgables-fl-33134-2/,"2332 Galiano St 2nd floor, Coral Gables, FL 33134",25.7503377,-80.257021,33134,5,46,Auto insurance agency,None,apify
A1-Stop Insurance Agency Inc.,(305) 441-7100,http://www.insuranceladies.com/,"814 Ponce de Leon Blvd Suite 315, Coral Gables, FL 33134",25.7639546,-80.2594886,33134,4.7,11,Insurance agency,None,apify
Garcia Lorenzo & Associates,(305) 266-8195,http://www.garcialorenzo.com/,"2332 Galiano St 2nd floor Ste 137, Coral Gables, FL 33134",25.7503608,-80.2569431,33134,5,4,Auto insurance agency,None,apify
The Home Depot,(843) 661-2597,https://www.homedepot.com/l/Florence/SC/Florence/29501/8580?emt=MSGoogleMaps,"3051 W Radio Dr, Florence, SC 29501",34.1875095,-79.839609,29501,4.1,1483,Hardware store,None,apify
Lowe's Home Improvement,(304) 431-1660,https://www.lowes.com/store/WV-Princeton/1984?cm_mmc=lod-_-c-_-lcl-_-awr-_-yxt-_-go-_-1984-_-na-_-0-_-0&y_source=1_MTE4MzA1My03MTUtbG9jYXRpb24ud2Vic2l0ZQ%3D%3D,"1155 Oakvale Rd, Princeton, WV 24740",37.363858,-81.049907,24740,4,1337,Hardware store,None,apify
Lowe's Home Improvement,(704) 980-5000,https://www.lowes.com/store/NC-Troutman/2750?cm_mmc=lod-_-c-_-lcl-_-awr-_-yxt-_-go-_-2750-_-na-_-0-_-0&y_source=1_MTE4Mzg0My03MTUtbG9jYXRpb24ud2Vic2l0ZQ%3D%3D,"1041 Charlotte Hwy, Troutman, NC 28166",35.672869,-80.854535,28166,4.4,1383,Hardware store,None,apify
Lowe's Home Improvement,(540) 425-8000,https://www.lowes.com/store/VA-Bedford/2809?cm_mmc=lod-_-c-_-lcl-_-awr-_-yxt-_-go-_-2809-_-na-_-0-_-0&y_source=1_MTE4MzUzOC03MTUtbG9jYXRpb24ud2Vic2l0ZQ%3D%3D,"1820 E Lynchburg Salem Turnpike, Bedford, VA 24523",37.320743,-79.4838859,24523,4.2,995,Hardware store,None,apify
The Home Depot,(828) 327-9200,https://www.homedepot.com/l/Hickory/NC/Hickory/28602/3628?emt=MSGoogleMaps,"1530 8th St Dr SE, Hickory, NC 28602",35.7073753,-81.3127882,28602,4.2,2303,Hardware store,None,apify
The Home Depot,(540) 381-0084,https://www.homedepot.com/l/Christiansburg/VA/Christiansburg/24073/4634?emt=MSGoogleMaps,"200 Conston Ave NW, Christiansburg, VA 24073",37.1566146,-80.4252894,24073,4.2,970,Hardware store,None,apify
The Home Depot,(540) 265-7655,https://www.homedepot.com/l/Roanoke/VA/Roanoke/24017/4609?emt=MSGoogleMaps,"3217 Hershberger Rd NW, Roanoke, VA 24017",37.3045898,-79.9838784,24017,4.2,1324,Hardware store,None,apify
The Home Depot,(803) 909-2420,https://www.homedepot.com/l/Rock-Hill/SC/Rock-Hill/29730/1114?emt=MSGoogleMaps,"2815 Home Depot Blvd, Rock Hill, SC 29730",34.9783353,-80.984559,29730,4.1,1983,Hardware store,None,apify
The Home Depot,(803) 419-9336,https://www.homedepot.com/l/Sandhills/SC/Columbia/29229/1109?emt=MSGoogleMaps,"285 Forum Dr, Columbia, SC 29229",34.1265534,-80.8723242,29229,4.1,1367,Hardware store,None,apify
Tractor Supply Co.,(336) 625-0019,https://www.tractorsupply.com/tsc/store_Asheboro-NC-27203_387,"1200 E Dixie Dr, Asheboro, NC 27203",35.6943953,-79.7922866,27203,4.4,603,Hardware store,None,apify
Tractor Supply Co.,(336) 586-9222,https://www.tractorsupply.com/tsc/store_Burlington-NC-27215_445,"3129 Garden Rd, Burlington, NC 27215",36.0720311,-79.4973546,27215,4.2,414,Hardware store,None,apify
Michael Obregon,(305) 444-9600,https://envisionoptique.com/,"2726 Ponce de Leon Blvd, Coral Gables, FL 331346005",25.7466973,-80.2588993,331346005,3.4,5,Optometrist,None,apify
Lopez Eye Care & Optical,(305) 400-8035,http://www.lopezeyecare.com/,"3773 W Flagler St, Miami, FL 33134",25.7723193,-80.2564315,33134,5,125,Optometrist,None,apify
"Isis Rodriguez, OD",(305) 446-8220,http://www.lolysoptical.com/,"3727 SW 8th St #103, Coral Gables, FL 33134",25.7648792,-80.2559349,33134,2.3,3,Optometrist,None,apify
Heidi Volos OD,(305) 662-8390,https://eyes4kids.com/dr-heidi-volos/,"3200 SW 60th Ct #103, Miami, FL 33155",25.7408339,-80.2941591,33155,5,18,Optometrist,None,apify
Miriam Mendivil,(305) 444-8676,,"5434 SW 8th St, Coral Gables, FL 33134",25.7636284,-80.2831673,33134,5,1,Optometrist,None,apify
Aran Eye Associates - Coral Gables,(305) 442-2020,http://www.araneye.com/,"1097 S Le Jeune Rd, Miami, FL 33134",25.7615969,-80.2629713,33134,4.3,1096,Optometrist,None,apify
One Medical Primary Care Clinic - Coconut Grove,(888) 663-6331,https://onemedical.com/locations/mia/coconut-grove?y_source=1_MTA1Mzk0OTQzOC03MTUtbG9jYXRpb24ud2Vic2l0ZQ%3D%3D,"2984 Grand Ave, Miami, FL 33133",25.7279368,-80.2413268,33133,4.5,74,Medical clinic,None,apify
CORE Health & Wellness,(305) 210-2673,https://corehealthmiami.com/,"2550 S Bayshore Dr, Miami, FL 33133",25.7322195,-80.2324363,33133,5,34,Doctor,None,apify
"Z. Rafael Abad, M.D.",(305) 856-1082,https://www.drabadmd.com/,"3661 S Miami Ave #503, Miami, FL 33133",25.7406899,-80.2128287,33133,4.5,59,Family practice physician,None,apify
"Dr. Stephanie Duncan Garcia, DO",(305) 854-8999,https://www.mdvip.com/doctors/stephanieduncangarciado?utm_campaign=listing-yext&utm_source=google&utm_medium=organic,"2701 SW 3rd Ave Suite 102, Miami, FL 33129",25.7543859,-80.2090482,33129,4.7,140,Family practice physician,None,apify
Alhambra Family Practice,(305) 448-8134,http://www.alhambrafamilypractice.com/,"2645 SW 37th Ave #502, Miami, FL 33133",25.7422271,-80.2540575,33133,4,41,Medical clinic,None,apify
VIVE by Dr.G MD,(888) 375-8483,http://www.vivebydrgmd.com/,"3661 S Miami Ave #106, Miami, FL 33133",25.740706,-80.2128492,33133,5,17,Doctor,None,apify
Miami Women's Health Associates,(786) 667-7177,https://www.miamiwomensobgyn.com/,"3661 S Miami Ave Suite 1005, Miami, FL 33133",25.7406899,-80.2128287,33133,4.9,682,Medical clinic,None,apify
Dr. Jennifer Guerrero,(305) 771-1089,http://www.mymedicalproviders.com/,"2601 SW 37th Ave Suite 503, Miami, FL 33133",25.7421845,-80.2542114,33133,5,2,Family practice physician,None,apify
The Home Depot,(704) 814-6131,https://www.homedepot.com/l/South-Charlotte/NC/Charlotte/28277/3640?emt=MSGoogleMaps,"5415 Ballantyne Commons Pkwy Park, Charlotte, NC 28277",35.0621256,-80.7741353,28277,4.2,902,Hardware store,None,apify
Tractor Supply Co.,(540) 587-6600,https://www.tractorsupply.com/tsc/store_Bedford-VA-24523_547,"1128 E Lynchburg Salem Turnpike, Bedford, VA 24523",37.325434,-79.495627,24523,4.3,277,Hardware store,None,apify
Lowe's Home Improvement,(910) 410-0137,https://www.lowes.com/store/NC-Rockingham/1038?cm_mmc=lod-_-c-_-lcl-_-awr-_-yxt-_-go-_-1038-_-na-_-0-_-0&y_source=1_MTE4NDM2MS03MTUtbG9jYXRpb24ud2Vic2l0ZQ%3D%3D,"1300-A E Broad Ave, Rockingham, NC 28379",34.920916,-79.750138,28379,4.1,1525,Hardware store,None,apify
The Home Depot,(336) 545-1125,https://www.homedepot.com/l/Battleground/NC/Greensboro/27410/3605?emt=MSGoogleMaps,"3215 Brassfield Rd, Greensboro, NC 27410",36.1307351,-79.8603211,27410,4.2,1433,Hardware store,None,apify
The Home Depot,(704) 872-5942,https://www.homedepot.com/l/Statesville/NC/Statesville/28625/3642?emt=MSGoogleMaps,"240 Turnersburg Hwy, Statesville, NC 28625",35.8157195,-80.8740619,28625,4.2,1197,Hardware store,None,apify
The Home Depot,(910) 790-0247,https://www.homedepot.com/l/Myrtle-Grove/NC/Wilmington/28412/3609?emt=MSGoogleMaps,"5511 Carolina Beach Rd, Wilmington, NC 28412",34.137379,-77.890899,28412,4.3,1111,Hardware store,None,apify
The Home Depot,(803) 286-9700,https://www.homedepot.com/l/Lancaster/SC/Lancaster/29720/8913?emt=MSGoogleMaps,"1116 US, Hwy 9 Bypass W, Lancaster, SC 29720",34.7355248,-80.7929344,29720,4.2,1237,Hardware store,None,apify
The Home Depot,(336) 883-0500,https://www.homedepot.com/l/High-Point/NC/High-Point/27262/3633?emt=MSGoogleMaps,"2300 N Main St, High Point, NC 27262",35.9854949,-80.022385,27262,4.2,1996,Hardware store,None,apify
The Home Depot,(434) 799-9570,https://www.homedepot.com/l/Danville/VA/Danville/24540/8493?emt=MSGoogleMaps,"175 Holt Garrison Pkwy, Danville, VA 24540",36.6021879,-79.4176359,24540,4.1,1010,Hardware store,None,apify
The Home Depot,(910) 790-3770,https://www.homedepot.com/l/Wilmington/NC/Wilmington/28403/3629?emt=MSGoogleMaps,"210 Eastwood Rd, Wilmington, NC 28403",34.2426762,-77.8661561,28403,4.2,1613,Hardware store,None,apify
Lowe's Home Improvement,(540) 633-7000,https://www.lowes.com/store/VA-Radford/2458?cm_mmc=lod-_-c-_-lcl-_-awr-_-yxt-_-go-_-2458-_-na-_-0-_-0&y_source=1_MTE4MzU0My03MTUtbG9jYXRpb24ud2Vic2l0ZQ%3D%3D,"6115 Lowes Dr, Radford, VA 24141",37.1508454,-80.5865679,24141,4.2,1045,Hardware store,None,apify
Lowe's Home Improvement,(919) 642-4030,https://www.lowes.com/store/NC-Pittsboro/2448?cm_mmc=lod-_-c-_-lcl-_-awr-_-yxt-_-go-_-2448-_-na-_-0-_-0&y_source=1_MTE4NDQxNy03MTUtbG9jYXRpb24ud2Vic2l0ZQ%3D%3D,"121 Lowes Dr, Pittsboro, NC 27312",35.74443,-79.164891,27312,4.1,1206,Hardware store,None,apify
Michaels,(828) 261-0231,https://locations.michaels.com/NC/Hickory/7810/?utm_source=Google&utm_medium=Maps&utm_campaign=Google+Places,"Valley Corners Shopping Center, 2195 US Hwy 70 SE, Hickory, NC 28602",35.7049505,-81.296621,28602,4.4,1603,Craft store,None,apify
Lowe's Home Improvement,(919) 778-9969,https://www.lowes.com/store/NC-Goldsboro/0557?cm_mmc=lod-_-c-_-lcl-_-awr-_-yxt-_-go-_-557-_-na-_-0-_-0&y_source=1_MTE4NDQyMS03MTUtbG9jYXRpb24ud2Vic2l0ZQ%3D%3D,"1202 N Berkeley Blvd, Goldsboro, NC 27534",35.379678,-77.929357,27534,3.9,2546,Hardware store,None,apify
Pleasants Hardware,(804) 275-7002,https://www.doitbest.com/pleasants-hardware/?utm_source=google&utm_medium=organic&utm_campaign=gmb_jeff_davis,"5140 Rte 1, Richmond, VA 23234",37.4524427,-77.4424159,23234,4.3,417,Hardware store,None,apify
OfficeMax,(704) 588-7537,https://www.officedepot.com/storelocator/nc/charlotte/officemax-6777?utm_source=google&utm_medium=organic&utm_campaign=gmb_6777_website_retail,"14129 Rivergate Pkwy, Charlotte, NC 28273",35.1037067,-80.9832222,28273,4.1,229,Office supply store,None,apify
The Home Depot,(910) 346-3074,https://www.homedepot.com/l/Jacksonville/NC/Jacksonville/28546/3655?emt=MSGoogleMaps,"479 Western Blvd #17, Jacksonville, NC 28546",34.7742477,-77.3925163,28546,4.2,1901,Hardware store,None,apify
Marshburn's Inc,(910) 285-3341,http://www.ace.marshburn.com/?utm_source=google&utm_medium=local&utm_campaign=localmaps&utm_content=08235,"605 S Norwood St, Wallace, NC 28466",34.7286812,-77.9894125,28466,3.9,149,Hardware store,None,apify
Lowe's Garden Center,(336) 992-0509,https://www.lowes.com/l/gardencenter.html?cm_mmc=YEXT-_-GC,"145 Harmon Creek Rd, Kernersville, NC 27284",36.1063553,-80.1040944,27284,4.6,33,Garden center,None,apify
Alejandria Floral Art l Luxury Florist Miami,(786) 300-2928,https://alejandriaflowers.com/,"1516 Ponce de Leon Blvd, Coral Gables, FL 33134",25.7577928,-80.2591262,33134,5,77,Florist,None,apify
Fiorista,(786) 461-6334,https://fiorista.studio/,"804 Douglas Rd Ste 120, Coral Gables, FL 33134",25.7637006,-80.2564044,33134,5,2,Florist,None,apify
Miami Flowers Design,(305) 456-0868,https://miamiflowersdesign.com/,"2393 SW 22nd St, Miami, FL 33145",25.75074,-80.2338767,33145,4.9,180,Florist,None,apify
Anonymous Flowers,(786) 852-0453,https://anonymousflowers.us/,"4700 NW 7th St #14, Miami, FL 33126",25.7784587,-80.2723557,33126,4.7,66,Florist,None,apify
Marjorie flowers,(786) 416-2436,,"4790 W Flagler St, Coral Gables, FL 33134",25.7711779,-80.2734617,33134,,,Florist,None,apify
Matilde flowers,(754) 270-4463,https://www.matildeflowersmiami.com/?utm_source=google&utm_medium=wix_google_business_profile&utm_campaign=2043071461965810975,"190 SW 38th Ct, Miami, FL 33134",25.7703154,-80.25923,33134,4.7,13,Florist,None,apify
Mairena Flowers,,https://www.tiktok.com/@mairenaflowers,"2301 SW 22nd St, Miami, FL 33145",25.7507419,-80.2325233,33145,5,53,Florist,None,apify
Office Depot,(803) 366-0374,https://www.officedepot.com/storelocator/sc/rock-hill/office-depot-342?utm_source=google&utm_medium=organic&utm_campaign=gmb_342_website_retail,"2349-83 Cherry Rd, Rock Hill, SC 29732",34.968897,-80.9961342,29732,4.1,352,Office supply store,None,apify
Walmart Supercenter,(540) 977-3745,https://www.walmart.com/store/3243-roanoke-va/?veh=seo_loc,"4524 Challenger Ave NE, Roanoke, VA 24012",37.3254849,-79.8732587,24012,4,4115,Hardware store,None,apify
Lowe's Garden Center,(336) 838-1500,https://www.lowes.com/l/gardencenter.html?cm_mmc=YEXT-_-GC,"2003 US-421, Wilkesboro, NC 28697",36.1477389,-81.2052336,28697,4.3,143,Garden center,None,apify
Lowe's Garden Center,(704) 321-1050,https://www.lowes.com/l/gardencenter.html?cm_mmc=YEXT-_-GC,"5310 Ballantyne Commons Pkwy, Charlotte, NC 28277",35.0654581,-80.7742497,28277,5,2,Garden center,None,apify
Lowe's Garden Center,(828) 304-9063,https://www.lowes.com/l/gardencenter.html?cm_mmc=YEXT-_-GC,"1550 21st St Dr SE, Hickory, NC 28602",35.7019275,-81.2828143,28602,4.5,44,Garden center,None,apify
Lowe's Garden Center,(704) 660-7177,https://www.lowes.com/l/gardencenter.html?cm_mmc=YEXT-_-GC,"509 River Hwy, Mooresville, NC 28117",35.5929013,-80.8662757,28117,4.3,47,Garden center,None,apify
Lowe's Garden Center,(540) 381-1000,https://www.lowes.com/l/gardencenter.html?cm_mmc=YEXT-_-GC,"350 Peppers Ferry Rd NE, Christiansburg, VA 24073",37.1636984,-80.4162276,24073,4.4,59,Garden center,None,apify
Office Depot,(252) 975-6000,https://www.officedepot.com/storelocator/nc/washington/office-depot-2177?utm_source=google&utm_medium=organic&utm_campaign=gmb_2177_website_retail,"470 Pamlico Plaza, Washington, NC 27889",35.5618465,-77.0644513,27889,4.5,223,Office supply store,None,apify
Dollar General Market,(540) 613-8245,https://www.dollargeneral.com/store-directory/va/troutville/12023,"2710 Lee Hwy, Troutville, VA 24175",37.3850652,-79.9013238,24175,4.2,289,Grocery store,None,apify
Walmart Supercenter,(336) 246-3920,https://www.walmart.com/store/3289-west-jefferson-nc/?veh=seo_loc,"1489 Mt Jefferson Rd, West Jefferson, NC 28694",36.3899628,-81.4811041,28694,3.9,1868,Hardware store,None,apify
Lowe's Garden Center,(336) 526-6550,https://www.lowes.com/l/gardencenter.html?cm_mmc=YEXT-_-GC,"492 CC Camp Rd, Elkin, NC 28621",36.2738234,-80.8416036,28621,4.2,57,Garden center,None,apify
Walmart Supercenter,(434) 799-6902,https://www.walmart.com/store/1465-danville-va/?veh=seo_loc,"515 Mt Cross Rd, Danville, VA 24540",36.5967134,-79.42995,24540,3.9,4486,Hardware store,None,apify
Lowe's Garden Center,(336) 936-2560,https://www.lowes.com/l/gardencenter.html?cm_mmc=YEXT-_-GC,"1427 Yadkinville Rd, Mocksville, NC 27028",35.9179493,-80.5871559,27028,4.7,38,Garden center,None,apify
Dollar General,(540) 572-0090,https://www.dollargeneral.com/store-directory/va/willis/19688,"4997 Floyd Hwy S, Willis, VA 24380",36.8646192,-80.4636698,24380,4.3,93,Dollar store,None,apify
Office Depot,(910) 487-0900,https://www.officedepot.com/storelocator/nc/fayetteville/office-depot-425?utm_source=google&utm_medium=organic&utm_campaign=gmb_425_website_retail,"505 Cross Creek Mall, Fayetteville, NC 28303",35.0698624,-78.9577331,28303,4.3,371,Office supply store,None,apify
Dollar General,(540) 929-0494,https://www.dollargeneral.com/store-directory/va/copper-hill/17657,"7105 Floyd Hwy N, Copper Hill, VA 24079",37.044159,-80.1633216,24079,4.2,159,Dollar store,None,apify
Lowe's Garden Center,(336) 789-6100,https://www.lowes.com/l/gardencenter.html?cm_mmc=YEXT-_-GC,"692 S Andy Griffith Pkwy #100, Mt Airy, NC 27030",36.485138,-80.6167499,27030,,,Garden center,None,apify
Dollar General,(864) 580-6980,https://www.dollargeneral.com/store-directory/nc/catawba/12972,"2970 Oxford School Rd, Catawba, NC 28609",35.7182216,-81.0802518,28609,4,334,Dollar store,None,apify
Dollar General,(681) 494-0332,https://www.dollargeneral.com/store-directory/wv/princeton/16628,"1231 Beckley Rd, Princeton, WV 24740",37.3830155,-81.1215897,24740,4.3,223,Dollar store,None,apify
Dollar General,(336) 551-2170,https://www.dollargeneral.com/store-directory/nc/state-road/19730,"1545 W Forest Dr, State Road, NC 28676",36.323414,-80.8657777,28676,4.2,169,Dollar store,None,apify
Salus Pharmacy,(786) 360-2360,,"4677 W Flagler St, Miami, FL 33134",25.7715918,-80.2713646,33134,4.3,11,Pharmacy,None,apify
Navarro Discount Pharmacy,(305) 476-1939,https://www.cvs.com/store-locator/miami-fl-pharmacies/3949-sw-8th-street-miami-fl-33134/storeid=10697?WT.mc_id=LS_GOOGLE_RX_10697,"3949 SW 8th St, Miami, FL 33134",25.7648958,-80.2602636,33134,4.1,406,Pharmacy,None,apify
Banyan Pharmacy,(305) 774-3300,http://www.banyanhealth.org/,"3850 W Flagler St, Miami, FL 33134",25.7715784,-80.2583985,33134,3.1,15,Pharmacy,None,apify
Super Drug Pharmacy,(305) 448-5958,,"5512 SW 8th St, Coral Gables, FL 33134",25.7633337,-80.2841785,33134,4.9,7,Pharmacy,None,apify
Walgreens,(305) 444-2544,https://www.walgreens.com/locator/walgreens-4200+sw+8th+st-coral+gables-fl-33134/id=3317,"4200 SW 8th St, Coral Gables, FL 33134",25.7639915,-80.2639461,33134,2.8,235,Drug store,None,apify
CVS,(305) 266-5526,https://www.cvs.com/store-locator/miami-fl-pharmacies/5695-sw-8th-street-miami-fl-33134/storeid=3443?WT.mc_id=LS_GOOGLE_FS_3443,"5695 SW 8th St, Coral Gables, FL 33134",25.7638846,-80.2876182,33134,3.8,211,Drug store,None,apify
Siboney Pharmacy,(305) 445-7777,,"4750 W Flagler St, Coral Gables, FL 33134",25.77113,-80.2726703,33134,2.5,2,Pharmacy,None,apify
Live Rx Pharmacy,(786) 332-2363,,"4750 W Flagler St, Coral Gables, FL 33134",25.77113,-80.2726703,33134,,,Pharmacy,None,apify
Dollar General,(336) 551-2253,https://www.dollargeneral.com/store-directory/nc/north-wilkesboro/10900,"4976 Elkin Hwy #268, North Wilkesboro, NC 28659",36.2104154,-81.0562545,28659,4.1,240,Dollar store,None,apify
Dollar General,(336) 701-1612,https://www.dollargeneral.com/store-directory/nc/mount-airy/13435,"514 N Renfro St, Mt Airy, NC 27030",36.5045032,-80.6059979,27030,4.2,289,Dollar store,None,apify
Family Medical Group - Coral Gables,(305) 306-0233,https://thefamilymedgroup.com/locations/coral-gables/,"1330 SW 22nd St Ste 401, Miami, FL 33145",25.7507572,-80.2170063,33145,4.9,487,Medical clinic,None,apify
Anzara Health,(800) 295-1672,https://anzarahealth.com/,"3350 Virginia St Ste 202, Miami, FL 33133",25.7286097,-80.241633,33133,4.9,294,Medical office,None,apify
"Jhonathan Duarte, MD",(786) 667-7177,https://www.miamiwomensobgyn.com/?utm_source=gmb_auth,"3661 S Miami Ave Suite 1005, Miami, FL 33133",25.7406899,-80.2128287,33133,5,638,Obstetrician-gynecologist,None,apify
Miami Comprehensive Medicine Group,(305) 749-9888,https://miamedicine.com/,"345 Palermo Ave, Coral Gables, FL 33134",25.74555,-80.2614698,33134,4.6,9,Medical clinic,None,apify
Miami Urgent Care,(305) 735-8275,http://www.miamiurgentcare.com/walkinclinicmiami.html,"2645 Southwest 37th Avenue Unit 502 2645, SW 37th Ave Unit 502, Miami, FL 33133",25.7422227,-80.2539216,33133,4.4,363,Urgent care center,None,apify
Khouri Dermatology,(305) 361-8200,https://www.khouridermatology.com/,"2750 SW 37th Ave #1, Miami, FL 33133",25.7401842,-80.2543568,33133,4.7,938,Dermatologist,None,apify
"Dr. Natalie Sanchez, MD",(305) 362-2686,http://elencantomedicalcenters.com/,"3181 Coral Wy #302, Miami, FL 33145",25.7503933,-80.2451504,33145,4.4,14,Internist,None,apify
Dr. Busso Cosmetic Dermatology,(305) 857-0144,https://drbusso.com/?utm_source=google&utm_medium=organic&utm_campaign=gbp_miami,"3006 Aviation Ave STE 2C, Miami, FL 33133",25.7358456,-80.2370212,33133,5,397,Medical spa,None,apify
Gastro Health - Bayshore,(305) 856-7333,https://gastrohealth.com/locations/bayshore,"3661 S Miami Ave suite 907, Miami, FL 33133",25.7406899,-80.2128287,33133,4.5,616,Gastroenterologist,None,apify
Miami Hand Center,(305) 642-4263,http://www.miamihandcenter.com/,"2734 SW 37th Ave, Coconut Grove, FL 33133",25.740448,-80.254506,33133,4,233,Surgical center,None,apify
Elite Gynecology Miami LLC,(305) 602-3022,https://www.toplinemd.com/elite-gynecology-miami/,"3659 S Miami Ave Ste 5004, Miami, FL 33133",25.7411367,-80.2132496,33133,4.8,189,Gynecologist,None,apify
Miami OB-GYN,(305) 854-2899,https://www.toplinemd.com/miami-obgyn/?utm_source=GMBlisting&utm_medium=organic,"3641 S Miami Ave Ste 250, Miami, FL 33133",25.7413918,-80.2142667,33133,3.8,320,Obstetrician-gynecologist,None,apify
"Landa & Associates EA, PA",(786) 614-5123,,"3326 Mary St Ste 602, Coconut Grove, FL 33133",25.7295245,-80.2396807,33133,4.2,21,Accountant,None,apify
"Rodriguez and Sastre, CPA's",(305) 225-1999,http://www.rodsascpa.com/,None,26.9103534,-80.791465,None,5,148,Certified public accountant,None,apify
Hagger Tax & Advisory,(305) 762-9587,https://www.hagger-tax.com/?utm_source=omg-gbp&utm_medium=webclick,"3390 Mary St Ste 116, Coconut Grove, FL 33133",25.7286579,-80.2399673,33133,5,24,Accounting firm,None,apify
JM CPA GROUP,(305) 677-3677,https://www.jmcpagroup.com/,"780 NW 42nd Ave #1, Miami, FL 33126",25.779007,-80.26444,33126,5,14,Certified public accountant,None,apify
"J A Rodriguez CPA, LLC",(305) 595-1783,https://www.jarcpa.com/,"6303 Waterford District Dr #400, Miami, FL 33126",25.7836037,-80.300472,33126,5,40,Certified public accountant,None,apify
"Susan Missal Lenner, PA",(786) 258-8464,https://www.sl-cpa.net/,"1630 Tigertail Ave, Miami, FL 33133",25.7430292,-80.219713,33133,5,29,Certified public accountant,None,apify
Douglas N Rice CPA PA,(305) 860-9910,http://www.dnrcpas.com/,"2665 S Bayshore Dr #615, Coconut Grove, FL 33133",25.7312434,-80.2367787,33133,4.7,12,Accountant,None,apify
Kaufman Rossin,(305) 858-5600,https://kaufmanrossin.com/?&utm_source=website&utm_medium=google-business&utm_campaign=local-seo&utm_content=miami,"3310 Mary St Ste 501, Miami, FL 33133",25.7297325,-80.2397766,33133,5,3,Accountant,None,apify
Alvarez Maribel Cpa,(305) 223-3523,,"1350 SW 57th Ave, Miami, FL 33144",25.7582707,-80.2878359,33144,5,5,Certified public accountant,None,apify
OBS,(305) 417-9919,,"2100 Coral Wy PH 704, Miami, FL 33145",25.7503946,-80.2284612,33145,4.9,50,Accountant,None,apify
"Accounting Geeks - Marlene Hernandez, CPA",(305) 315-8386,https://myaccountinggeeks.com/,"3339 Virginia St Apt 309, Miami, FL 33133",25.7295167,-80.2412218,33133,,,Certified public accountant,None,apify
"Edward Fidalgo, MD, FACOG",(305) 854-2899,http://miamiobgyn.co/,"3641 S Miami Ave Ste 250, Miami, FL 33133",25.7413498,-80.2144024,33133,4.8,276,Obstetrician-gynecologist,None,apify
OrthoNOW Coconut Grove,(305) 707-2442,http://orthonowcare.com/,"2734 SW 37th Ave, Coconut Grove, FL 33133",25.740448,-80.254506,33133,4.8,68,Urgent care center,None,apify
Direct Primary Care of Coconut Grove (Camilo Andres Murillo APRN),(305) 871-9608,https://www.directprimarycareofcoconutgrove.com/,None,45.152623,-129.113624,None,4.6,40,Medical clinic,None,apify
Vicente Gari MD,(786) 667-7177,http://www.miamiwomensobgyn.com/,"3661 S Miami Ave Suite 1005, Miami, FL 33133",25.7406899,-80.2128287,33133,5,507,Obstetrician-gynecologist,None,apify
Advanced Rheumatology of South Florida,(305) 860-6260,http://arheumatology.com/,"3659 S Miami Ave Ste 3005, Miami, FL 33133",25.7411282,-80.2132209,33133,4.2,174,Medical clinic,None,apify
Marimon Pediatrics,(786) 600-4733,http://marimonpediatrics.com/,"3661 S Miami Ave Ste 803, Miami, FL 33133",25.7406899,-80.2128287,33133,4.1,45,Medical clinic,None,apify
Dr. Jill Waibel | Miami Dermatology and Laser Institute - Coconut Grove,(305) 279-6060,https://www.miamidermlaser.com/,"3683 S Miami Ave Ste 200, Coconut Grove, FL 33133",25.7400518,-80.2157913,33133,4.5,511,Dermatologist,None,apify
Garcia Carlos A MD,(305) 854-2899,https://www.toplinemd.com/miami-obgyn/carlos-garcia/,"3641 S Miami Ave Ste 250, Miami, FL 33133",25.7413498,-80.2144024,33133,4.9,367,Obstetrician-gynecologist,None,apify
HCA Florida Miami-Dade Surgical Specialists - Mercy,(305) 285-5092,https://www.hcafloridaphysicians.com/locations/miami-dade-surgical-specialists/mercy/?utm_campaign=corp_listings_mgmt&utm_source=google&utm_medium=business_listing,"3683 S Miami Ave Ste 500, Miami, FL 33133",25.7399973,-80.2157233,33133,4.9,89,Surgical center,None,apify
"Grove Neurology: Andrew Lerman, MD",(786) 655-8010,https://www.groveneurology.com/,"3683 S Miami Ave #420, Miami, FL 33133",25.7400518,-80.2157913,33133,4.8,728,Neurologist,None,apify
"Anupam K. Mohanty, MD",(786) 648-7200,https://miamiinternalmedicine.com/,"2520 S Dixie Hwy, Miami, FL 33133",25.7403214,-80.2361886,33133,4.8,100,Internist,None,apify
Elevate Psychiatry,(305) 908-1115,https://elevatepsychiatry.com/locations/elevate-psychiatry-coconut-grove-fl/,"3250 Mary St Ste 300, Miami, FL 33133",25.7302359,-80.2398974,33133,4.4,109,Psychiatrist,None,apify
Coconut Grove Chiropractic,(305) 443-4636,http://www.grovechiropractic.com/,"3400 Coral Wy #101, Miami, FL 33145",25.7497037,-80.249758,33145,5,357,Doctor,None,apify
"Vijaykumar Zaveri, MD",(305) 854-5971,https://www.sfenta.org/providers/vijaykumar-zaveri/?utm_source=GMBlisting&utm_medium=organic&utm_campaign=gmb,"3661 S Miami Ave #409, Miami, FL 33133",25.7406899,-80.2128287,33133,4.8,333,Otolaryngologist,None,apify
Baptist Health Primary Care | Coral Gables (Belmont Village),(786) 595-1200,https://baptisthealth.net/locations/primary-care/coral-gables-primary-care?y_source=1_MTAzMDcyNjAwNC03MTUtbG9jYXRpb24ud2Vic2l0ZQ%3D%3D,"4101 Salzedo St, Coral Gables, FL 33146",25.7338886,-80.2600722,33146,4.9,216,Internist,None,apify
Dr. Marien Yanes,(305) 665-8188,https://www.toplinemd.com/the-center-for-gynecology-and-restorative-medicine/marien-yanes/,"135 San Lorenzo Ave Ste 550, Coral Gables, FL 33146",25.7319698,-80.2576751,33146,4.6,9,Family practice physician,None,apify
Primecare of Coral Gables,(305) 443-3001,http://www.primecarecg.com/,"370 Minorca Ave, Coral Gables, FL 33134",25.7532713,-80.2623776,33134,4.2,112,Doctor,None,apify
"Jennifer Miranda, MD",(786) 227-6811,https://www.purehealthmiami.com/,"4100 Salzedo St Apt 4, Coral Gables, FL 33146",25.7335389,-80.2604277,33146,4.9,125,Internist,None,apify
"Dr. Fernanda Mercade, MD",(786) 442-2100,https://drmercade.com/,"747 Ponce de Leon Blvd STE 405, Coral Gables, FL 33134",25.7649186,-80.2583387,33134,4.8,420,Internist,None,apify
Sanitas Medical Center,(844) 665-4827,https://www.mysanitas.com/en/fl/sanitas-south-miami,"1430 S Dixie Hwy Suites 101 - 102, Coral Gables, FL 33146",25.7102979,-80.281608,33146,4.6,38,Medical Center,None,apify
"Jenny C. Montes De Oca Pineda, MD - PrimeCare of Coral Gables",(305) 443-3001,http://www.primecare1.com/,"370 Minorca Ave, Coral Gables, FL 33134",25.7532983,-80.2623846,33134,4.6,32,Family practice physician,None,apify
"Leunam J. Rodriguez, MD, LLC",(305) 663-0088,https://baptisthealth.net/doctors/primary-care/leunam-jesys-rodriguez/869929,"5000 University Dr #1100, Coral Gables, FL 33146",25.7242591,-80.2741844,33146,4.3,15,Internist,None,apify
Mount Sinai Primary & Specialty Care Coral Gables,(305) 441-0910,https://www.msmc.com/location/coral-gables/,"836 Ponce de Leon Blvd #200, Coral Gables, FL 33134",25.7634487,-80.2593688,33134,3.6,134,Medical Center,None,apify
HealthMedix Premier Care Inc.,(786) 786-0658,http://www.healthmedixpc.com/,"3971 SW 8th St Ste 209, Coral Gables, FL 33134",25.7646387,-80.2611853,33134,5,1,Family practice physician,None,apify
HealthMed Clinical Center Inc.,(786) 786-0658,http://www.health-medinc.com/,"3971 SW 8th St Ste 209, Coral Gables, FL 33134",25.7646387,-80.2611853,33134,4.7,13,Family practice physician,None,apify
Baptist Health Doctors Hospital,(786) 308-3000,https://baptisthealth.net/locations/hospitals/doctors-hospital?utm_source=yext&utm_medium=google&utm_campaign=listing&y_source=1_MTIwNTAyMzUtNzE1LWxvY2F0aW9uLndlYnNpdGU%3D,"5000 University Dr, Coral Gables, FL 33146",25.7244915,-80.2747758,33146,4.8,3966,Hospital,None,apify
"Dr. Rheinchard Reyes, MD",(305) 445-3372,https://www.rreyesmd.com/,"4659 W Flagler St, Coral Gables, FL 33134",25.771594,-80.271294,33134,4.7,65,Family practice physician,None,apify
Dr. Michael Gutierrez,(305) 585-4564,https://jacksonhealth.org/find-a-doctor/michael-gutierrez/,"3737 SW 8th St Ste B, Coral Gables, FL 33134",25.7647826,-80.2569511,33134,4.7,39,Family practice physician,None,apify
Doctor's Medical Center,(305) 685-5688 ext. 2269,,"5535 SW 8th St, Coral Gables, FL 33134",25.763921,-80.28448,33134,4,8,Pediatrician,None,apify
Internal Medicine - University of Miami,(305) 284-3333,http://uhealthsystem.com/locations/uhealth-daystar,"5555 Ponce de Leon Blvd, Coral Gables, FL 33146",25.7134602,-80.2799012,33146,5,3,Medical clinic,None,apify
Robert H. Thomas M.D. FACP,(305) 446-9940,https://www.cgepmd.com/?utm_source=google&utm_medium=gbp&utm_campaign=local,"800 Douglas Rd Ste 125, Miami, FL 33134",25.7640422,-80.2555048,33134,5,183,Internist,None,apify
"Ivo Alonso M.D., P.A.",(305) 448-7499,http://www.ivoalonsomd.com/,"3934 SW 8th St #207, Coral Gables, FL 33134",25.7643318,-80.260157,33134,4.6,88,Family practice physician,None,apify
H&H Jewels,(305) 442-9760,http://www.hhjewels.com/,"3434 Main Hwy, Coconut Grove, FL 33133",25.7276614,-80.243035,33133,5,665,Jewelry store,None,apify
Brilliant Earth,(786) 751-9243,https://www.brilliantearth.com/stores/miami-fl-33133/?utm_source=google&utm_medium=organic&utm_campaign=gmblisting&utm_content=miami,"3008 Grand Ave Ste 4, Miami, FL 33133",25.7279464,-80.2416201,33133,4.5,139,Jewelry store,None,apify
South Miami Jewelers & Watch,(305) 667-1898,http://www.southmiamijewelers.net/,"7214 SW 57th Ave, South Miami, FL 33143",25.7040329,-80.28565,33143,5,1041,Jewelry store,None,apify
Joy Jewelry Inc.,(201) 689-1150,http://www.joyjewelryusa.com/,"228 Rivervale Rd, River Vale, NJ 07675",40.9966366,-74.0069081,07675,5,3,Wholesale jeweler,None,apify
Rowan Coconut Grove,(305) 400-8514,https://heyrowan.com/pages/miami-piercing-studio?utm_source=google_business_profile&utm_medium=referral&utm_campaign=yext_listings&utm_content=google&y_source=1_OTE0MDQ4NjQtNzE1LWxvY2F0aW9uLndlYnNpdGU%3D,"2987 McFarlane Rd, Miami, FL 33133",25.7279065,-80.2418238,33133,4.9,1221,Jewelry store,None,apify
Susan Blake Jewelry,(305) 209-0329,https://www.susanblakejewelry.com/,"3111 Commodore Plaza, Miami, FL 33133",25.7270839,-80.2438024,33133,5,6,Jewelry store,None,apify
Sazingg Jewelry Miami,(305) 856-5554,http://www.sazingg.com/,"2212 SW 22nd Ave, Miami, FL 33145",25.750062,-80.2303926,33145,4.9,55,Jewelry store,None,apify
Robin In the Grove,(305) 460-4444,http://www.robingrove.net/,"3162 Commodore Plaza Ste 2G, Coconut Grove, FL 33133",25.7272235,-80.2448305,33133,4.7,34,Jewelry store,None,apify
Levison's Jewelry Inc,(305) 529-9997,,"2665 S Bayshore Dr Ste 605, Miami, FL 33133",25.731235,-80.2368513,33133,5,28,Jeweler,None,apify
Jae's Fine Jewelers,(305) 443-7724,http://www.jaesjewelers.com/,"237 Miracle Mile, Coral Gables, FL 33134",25.749719,-80.259497,33134,4.9,235,Jewelry store,None,apify
Maurice's Jewelers,(305) 253-5740,https://www.mauricesjewelers.com/,"11865 S Dixie Hwy, Miami, FL 33156",25.6602598,-80.3255663,33156,4.9,931,Jewelry store,None,apify
Frank Joyeria,(305) 642-0007,https://frankjoyeria.com/,"2059 SW 8th St, Miami, FL 33135",25.765797,-80.228542,33135,4.2,147,Jewelry store,None,apify
Seybold Jewelry Building,(305) 374-7922,http://www.seyboldjewelry.com/,"36 NE 1st St, Miami, FL 33132",25.7748651,-80.1928616,33132,4.5,580,Jewelry store,None,apify
Freddy's Certified Diamonds,(305) 371-8261,http://www.freddysjewelry.com/,"39 NE 1st Ave, Miami, FL 33132",25.7750261,-80.1918197,33132,5,261,Jewelry store,None,apify
GAS BIJOUX,(786) 238-7461,https://www.gasbijoux.com/us_en/,"3015 Grand Ave, Coconut Grove, FL 33133",25.7287463,-80.2422162,33133,5,14,Jewelry store,None,apify
ARRAE Gallery,(305) 414-1805,https://www.arraegallery.com/,"3680 Grand Ave, Miami, FL 33133",25.7275052,-80.2530879,33133,5,9,Art gallery,None,apify
Grove Gallery & Interiors,(305) 445-7401,http://www.grovegalleryinteriors.com/,"2884 Bird Ave, Miami, FL 33133",25.735339,-80.2393408,33133,4.7,64,Interior designer,None,apify
Bernice Steinbaum Gallery,(305) 860-3681,https://bernicesteinbaum.gallery/,"2101 Tigertail Ave, Miami, FL 33133",25.739026,-80.2284799,33133,,,Art gallery,None,apify
Wynwood Art Gallery,(305) 394-9789,https://wynwoodartgallery.com/,"2521 NW 3rd Ave, Miami, FL 33127",25.8012064,-80.2008858,33127,4.7,23,Art gallery,None,apify
Coconut Grove Arts Festival,(305) 447-0401,https://cgaf.com/,"3390 Mary St #260, Coconut Grove, FL 33133",25.7287422,-80.2399047,33133,4.1,218,Festival,None,apify
The Wall Art Gallery,(305) 204-0531,http://www.thewall-artgallery.com/,"50 NW 27th St, Miami, FL 33127",25.8021629,-80.1961462,33127,4.7,22,Art gallery,None,apify
Cubaocho Museum & Performing Arts Center,(786) 909-9028,https://www.cubaocho.net/,"1465 SW 8th St #106, Miami, FL 33135",25.765849,-80.219357,33135,4.6,1619,Art gallery,None,apify
The Art Plug,(305) 690-8531,http://www.artplug.com/,"121 NE 34th St, Miami, FL 33137",25.8085388,-80.1922359,33137,5,84,Art gallery,None,apify
Rubell Museum,(305) 573-6090,http://rubellmuseum.org/,"1100 NW 23rd St, Miami, FL 33127",25.798671,-80.2141186,33127,4.7,1012,Art gallery,None,apify
Kiwi Arts Group,(786) 395-5559,http://www.kiwiartsgroup.com/,"3339 Virginia St Apt 105, Miami, FL 33133",25.7295167,-80.2412218,33133,,,Art dealer,None,apify
Futurama 1637 Art Building,(305) 972-5774,http://www.instagram.com/futurama1637artgalleries,"1637 SW 8th St, Miami, FL 33135",25.7658056,-80.2216306,33135,4.6,103,Art gallery,None,apify
The Paper Store,(201) 785-7500,https://www.thepaperstore.com/store-locator#!/Ramsey-36-Interstate-Shopping-Center-07446,"36 Interstate Shop Center, Ramsey, NJ 07446",41.0667471,-74.1377675,07446,4.3,53,Jewelry store,None,apify
Insurance Guy Inc,(305) 668-7100,https://insguy.com/,"5966 S Dixie Hwy Ste 300, South Miami, FL 33143",25.7026341,-80.2908527,33143,4.9,72,Insurance agency,None,apify
Estrella Insurance,(305) 644-9301,https://agents.estrellainsurance.com/en-us/fl/miami/176.html?utm_source=google&utm_medium=cpc,"8219 S Dixie Hwy, Miami, FL 33143",25.6937409,-80.3015345,33143,4.9,169,Auto insurance agency,None,apify
Minorca Insurance,(305) 443-5758,http://www.minorcainsurance.com/,"6710 SW 80th St Ste 101, Miami, FL 33143",25.6962038,-80.3018478,33143,5,178,Insurance agency,None,apify
Estrella Insurance,(305) 779-2448,https://agents.estrellainsurance.com/en-us/fl/miami/180.html?utm_source=google&utm_medium=cpc,"8672 FL-986, Miami, FL 33143",25.7019628,-80.3335458,33143,5,104,Auto insurance agency,None,apify
Perez Insurance Agency LLC,(786) 784-8186,https://www.perezinsure.com/,"5966 S Dixie Hwy Ste 300, South Miami, FL 33143",25.7026341,-80.2908527,33143,5,7,Health insurance agency,None,apify
Alhambra Insurance,(305) 774-9210,http://www.alhambrains.com/,"932 SW 67th Ave, Miami, FL 33144",25.7623786,-80.3051605,33144,4.8,125,Home insurance agency,None,apify
Mario Obregon - State Farm Insurance Agent,(305) 661-7667,https://www.marioobregon.com/?cmpid=CTH4_blm_0001,"6701 Sunset Dr Ste 115, South Miami, FL 33143",25.704078,-80.301795,33143,4.9,199,Insurance agency,None,apify
Franklin Insurance Group,(305) 630-3923,http://figinsurance.net/,"8672 FL-986, Miami, FL 33143",25.7019628,-80.3335458,33143,5,1,Insurance agency,None,apify
Reliable Insurance Agency FL,(786) 349-3743,,"7500 SW 62nd Ct, South Miami, FL 33143",25.70083,-80.2955,33143,5,6,Auto insurance agency,None,apify
GreatFlorida Insurance: Anakarina Callejas,(305) 515-5613,https://kendall.greatflorida.com/?utm_source=google&utm_medium=organic&utm_campaign=gbp-listing&utm_content=21,"9100 S Dadeland Blvd Ste 1500 Office 1560, Miami, FL 33156",25.685241,-80.3143061,33156,5,282,Insurance agency,None,apify
"Brightway insurance, The Lionshead Agency",(305) 564-3055,https://www.brightway.com/agencies/FL/South-Miami/0619,"7301 SW 57th Ct Ste 550-A, South Miami, FL 33143",25.703005,-80.2860508,33143,5,1,Home insurance agency,None,apify
Orange Group Insurance Inc,(305) 740-9938,https://orangegroupins.com/,"8585 Sunset Dr Ste 106, Miami, FL 33143",25.7028931,-80.3329325,33143,4.3,22,Insurance agency,None,apify
Nationwide Insurance: Miller David,(954) 764-9554,,"6915 SW 57th Ave #209, South Miami, FL 33143",25.7049026,-80.2852843,33143,5,1,Insurance agency,None,apify
Estrella Insurance,(305) 704-0220,https://agents.estrellainsurance.com/en-us/fl/miami/302.html?utm_source=google&utm_medium=cpc,"9808 S Dixie Hwy, Miami, FL 33156",25.6791407,-80.3176765,33156,4.9,168,Auto insurance agency,None,apify
Sebanda Insurance,(305) 755-0354,https://www.sebandainsurance.com/oficinas-seguros/franquicia36,"5942 SW 73rd St, Miami, FL 33143",25.7032172,-80.2900552,33143,5,135,Insurance agency,None,apify
South Florida Insurance Brokers,(786) 303-8065,https://sfib.net/,"3590 Coral Wy, Miami, FL 33145",25.7494308,-80.251885,33145,5,170,Insurance broker,None,apify
Amtrust Insurance Group Inc,(305) 275-0810,http://www.progressiveagent.com/agents/florida/miami/amtrust-insurance-group?zipcode=33143,"8004 SW 81st Dr, Miami, FL 33143",25.693849,-80.323756,33143,2.7,3,Insurance agency,None,apify
you health®,(786) 783-6438,https://heyyou.health/,"8400 S Dixie Hwy, Miami, FL 33143",25.6924749,-80.3053463,33143,5,173,Health insurance agency,None,apify
Vivian Cobos - State Farm Insurance Agent,(305) 547-9491,https://www.viviancobosmysfinsurance.com/?cmpid=vakart_blm_0001,"15116 Sunset Dr, Miami, FL 33193",25.6990949,-80.4368544,33193,5,182,Insurance agency,None,apify
"Dr. Courtney E. Dixon, Chiropractor",(305) 563-9764,http://www.bodyworkchiro.com/,"3305 Rice St, Miami, FL 33133",25.7296753,-80.2403197,33133,5,21,Chiropractor,None,apify
"Ariel Grobman, MD",(305) 854-5971,https://www.sfenta.org/providers/ariel-grobman/?utm_source=GMBlisting&utm_medium=organic&utm_campaign=gmb,"3661 S Miami Ave #409, Miami, FL 33133",25.7406899,-80.2128287,33133,4.7,190,Otolaryngologist,None,apify
"The SER Institute ""Lowest Price Colonic in Town""",(305) 476-0347,https://www.theserinstitute.com/,"2503 SW 27th Ave, Miami, FL 33133",25.7453292,-80.2377664,33133,5,43,Doctor,None,apify
"Daylem Antunez, MD",(305) 856-7333,https://gastrohealth.com/physicians/daylem-antunez-md,"3661 S Miami Ave suite 907, Miami, FL 33133",25.7406899,-80.2128287,33133,4.7,158,Gastroenterologist,None,apify
Alexander Bone & Spine Institute,(305) 931-5567,,"2482 SW 27th Terrace, Miami, FL 33133",25.7404891,-80.2355995,33133,3.5,16,Medical clinic,None,apify
Gonzalez Hugo F Dr,(305) 856-8669,http://lungdoctors.com/,"2601 SW 37th Ave Ste 903, Miami, FL 33133",25.7426866,-80.2538552,33133,4.3,16,Pulmonologist,None,apify
"Dr. Rita Dargham, D.M.D",(305) 858-0505,https://grove-smiles.com/,"2685 Bird Ave Suite A, Miami, FL 33133",25.7357276,-80.2371941,33133,5,68,Dentist,None,apify
4 Beauty Aesthetics Institute for Plastic Surgery: Dr. Constantino Mendieta,(305) 860-0717,https://4beauty.net/,"2310 S Dixie Hwy #2, Miami, FL 33133",25.741709,-80.232193,33133,5,293,Plastic surgeon,None,apify
Grove Smiles Dentistry,(305) 858-0505,https://www.grove-smiles.com/,"2685 Bird Ave Suite A, Miami, FL 33133",25.7357165,-80.2371935,33133,5,275,Dentist,None,apify
Physician Endorsed,(305) 444-4304,http://physicianendorsed.com/contact/,"3179 Via Abitare Way, Miami, FL 33133",25.724991,-80.2427968,33133,,,Doctor,None,apify
"Dr. Stephen J Parr, DDS",(305) 858-0505,https://www.grove-smiles.com/,"2685 Bird Ave Suite A, Miami, FL 33133",25.735718,-80.237194,33133,4.7,31,Dentist,None,apify
Edmund A Geller Medical,(305) 867-9149,,"3370 Mary St, Coconut Grove, FL 33133",25.7288173,-80.2396664,33133,,,Doctor,None,apify
Needell Stanley S MD,(305) 858-3535,,"Miami, FL 33133",25.7308248,-80.2377443,33133,,,Doctor,None,apify
Femwell Group Health,(305) 273-4641,https://www.femwell.com/,"3225 Aviation Ave Ste 400, Miami, FL 33133",25.7334078,-80.2340037,33133,3.9,25,Corporate office,None,apify
"Dr. Pamela Merino, M.D. - Merino Medical, LLC",(305) 663-1266,https://www.mdvip.com/doctors/pamelamerinomd,"8299 S Dixie Hwy, Miami, FL 33143",25.6934176,-80.3019957,33143,4.6,293,Internist,None,apify
Oscar G Galvez PA,(305) 854-1004,,"3006 Aviation Ave, Miami, FL 33133",25.7358463,-80.2370211,33133,4.5,6,Nephrologist,None,apify
HCA Florida Mercy Hospital Emergency Room,(305) 854-4400,https://www.hcafloridahealthcare.com/locations/mercy-hospital/specialties/emergency-care/?utm_campaign=corp_listings_mgmt&utm_source=google&utm_medium=business_listing,"3663 S Miami Ave Emergency Entrance, Miami, FL 33133",25.7399012,-80.2134032,33133,4.2,481,Emergency room,None,apify
JustWell Health,(305) 614-7740,https://www.justwellfl.com/,"2600 Douglas Rd Suite 400, Coral Gables, FL 33134",25.7476996,-80.2547877,33134,4.6,20,Medical group,None,apify
"Angie's Insurance, LLC.",(984) 439-1567,https://www.angiesinsurance.org/,"2402 S Miami Blvd Unit 204, Durham, NC 27703",35.935948,-78.843539,27703,4.6,11,Insurance agency,None,apify
NC Farm Bureau Insurance,(919) 544-4953,https://www.ncfbins.com/durham-rtp,"2902 S Miami Blvd # A, Durham, NC 27703",35.927951,-78.8455515,27703,4,101,Insurance agency,None,apify
Zonya Autmon - State Farm Insurance Agent,(919) 993-3555,https://www.insurancedurhamwake.com/?cmpid=FIYN_blm_0001,"2402 S Miami Blvd #103, Durham, NC 27703",35.93577,-78.843063,27703,4.8,77,Insurance agency,None,apify
Glassell Affordable Insurance Agency of Durham,(346) 380-2873,,"3020 S Miami Blvd #202, Durham, NC 27703",35.9249095,-78.8468165,27703,5,9,Insurance agency,None,apify
Sherry Reynolds: Allstate Insurance,(919) 380-0405,https://agents.allstate.com/sherry-reynolds-durham-nc.html?utm_source=GMB&utm_medium=Website,"2310 S Miami Blvd Ste 131, Durham, NC 27703",35.9370246,-78.8425805,27703,4.1,17,Insurance agency,None,apify
BB&T Insurance Services,(919) 941-7722,https://www.bbt.com/locator/search.html,"5407 S Miami Blvd, Durham, NC 27703",35.8798432,-78.8498986,27703,5,1,Insurance agency,None,apify
Reginald Wright: Allstate Insurance,(919) 484-2493,https://agents.allstate.com/reginald-wright-durham-nc.html?utm_source=GMB&utm_medium=Website,"2310 S Miami Blvd Ste 131, Durham, NC 27703",35.9370246,-78.8425805,27703,4.2,22,Insurance agency,None,apify
Thaggard Insurance Services,(919) 957-7422,https://www.erieinsurance.com/agencies/nc/durham/jj1171,"2014 S Miami Blvd, Durham, NC 27703",35.941475,-78.8394352,27703,5,1,Insurance agency,None,apify
Lane & Associates Family Dentistry - Durham Miami,(919) 598-9900,https://www.lanedds.com/offices/durham-miami-blvd?utm_source=gmb&utm_medium=organic&utm_campaign=Durham_Miami,"3020 S Miami Blvd # A, Durham, NC 27703",35.9249095,-78.8468165,27703,4.9,1286,Dentist,None,apify
Luxury Flowers Coconut Grove,(305) 985-9130,https://www.luxuryflowrs.com/,"2890 Virginia St suite 608, Coconut Grove, FL 33133",25.7380417,-80.2423385,33133,5,16,Florist,None,apify
