business_name,phone,website,address,lat,lon,postcode,rating,review_count,category_raw,price,source
Law Offices of Nicole Alvarez P.A.,+1 305-440-0736,,,25.7570339,-80.2591846,33134,4.9,98.0,Family law attorney,None,outscraper
"Rosales|Lopez, Attorneys at Law",+1 786-505-1024,,,25.7518796,-80.25805,33134,4.9,52.0,Legal services,None,outscraper
"Law Offices of Carl Palomino, P.A.",+1 305-774-9790,,,25.765428999999997,-80.257999,33134,4.8,32.0,Attorney,None,outscraper
Law Offices of M J Louis,+1 305-377-9646,,,25.748271,-80.25604799999999,33134,5.0,103.0,Law firm,None,outscraper
The Florida Divorce & Criminal Defense Lawyers - Coral Gables,+1 786-901-7960,,,25.7479119,-80.2548475,33134,4.7,15.0,Criminal justice attorney,None,outscraper
"Law Offices of Feldman, Baron & Ventura",+1 305-443-5235,,,25.7468884,-80.2568555,33134,4.8,196.0,Attorney,None,outscraper
The Law Offices of Anidjar & Levine,+1 305-384-6882,,,25.7482732,-80.2561336,33134,4.9,122.0,Personal injury attorney,None,outscraper
Coral Gables Divorce Lawyers | Cabanas Law Firm,+1 786-998-9389,,,25.7475539,-80.2619213,33134,4.9,54.0,Divorce lawyer,None,outscraper
"The Law Office of Scott A. Ferris, P.A.",+1 305-670-3330,,,25.753322599999997,-80.2590953,33134,5.0,36.0,Criminal justice attorney,None,outscraper
"Law Offices of Deeb & Deeb, P.A.",+1 305-985-7818,,,25.751740899999998,-80.261132,33134,4.9,37.0,Estate planning attorney,None,outscraper
"Yelen Yelen & Simon, P.A.",+1 305-445-3721,,,25.7610985,-80.25929119999999,33134,5.0,43.0,Estate planning attorney,None,outscraper
"Becker, Coral Gables, FL",+1 305-262-4433,,,25.7484851,-80.2582676,33134,4.8,4.0,Attorney,None,outscraper
"The Law Offices of Walter A. Reynoso, P.A.",+1 305-441-8881,,,25.753684699999997,-80.2552493,33134,4.8,51.0,Trial attorney,None,outscraper
Law Offices of Martin J Rivas PA,+1 305-441-2221,,,25.7635841,-80.28201299999999,33134,4.8,69.0,Attorney,None,outscraper
"South Florida Law, PLLC",+1 954-900-8885,,,25.747696899999998,-80.2547889,33134,5.0,46.0,Law firm,None,outscraper
"Dominguez Law Firm, PLLC",+1 305-741-4214,,,25.752573899999998,-80.25720659999999,33134,5.0,56.0,Immigration attorney,None,outscraper
"The Gilchrist Law Firm, P.A.",+1 786-408-6815,,,25.748469099999998,-80.2581627,33134,4.8,61.0,Legal services,None,outscraper
Menendez Trial Attorneys,+1 305-445-6500,,,25.7474107,-80.2569176,33134,5.0,16.0,Personal injury attorney,None,outscraper
The McGill Law Firm,+1 786-375-5621,,,25.747465299999998,-80.26175769999999,33134,5.0,70.0,Law firm,None,outscraper
The Florida Probate & Family Law Firm,+1 305-384-1540,,,25.7477885,-80.25471449999999,33134,4.9,382.0,Divorce lawyer,None,outscraper
Moises|Gross,+1 305-306-3055,,,25.762759,-80.2628976,33134,4.7,48.0,Insurance attorney,None,outscraper
Traffic Law Firm,+1 305-442-0243,,,25.753687799999998,-80.2574518,33134,4.9,74.0,Attorney,None,outscraper
"Steinger, Greene & Feiner",+1 786-220-2990,,,25.7523052,-80.2617674,33134,4.8,176.0,Personal injury attorney,None,outscraper
"The H&D Law Firm, P.A.",+1 305-229-6441,,,25.7573491,-80.2590639,33134,4.8,64.0,Family law attorney,None,outscraper
Cohen Law,+1 305-967-7550,,,25.7503404,-80.2570322,33134,4.8,31.0,Trial attorney,None,outscraper
Ferrer Law PA,+1 844-220-5612,,,25.757074499999998,-80.2591482,33134,5.0,122.0,Personal injury attorney,None,outscraper
Martha Mendez of Feinstein & Mendez,+1 786-404-1024,,,25.747755299999998,-80.25472719999999,33134,5.0,201.0,Estate planning attorney,None,outscraper
The Farber Law Firm,+1 305-774-0134,,,25.752495699999997,-80.2584705,33134,5.0,140.0,Personal injury attorney,None,outscraper
"MRC Law, P.A.",+1 305-338-6262,,,25.763954599999998,-80.2594886,33134,5.0,54.0,Law firm,None,outscraper
FORS | ATTORNEYS AT LAW,+1 305-448-5977,,,25.761008399999998,-80.25928379999999,33134,5.0,10.0,Trial attorney,None,outscraper
Villa Law,+1 954-861-0542,,,25.763922599999997,-80.25884649999999,33134,5.0,42.0,Law firm,None,outscraper
Law Office of Aburto P.A.,+1 305-694-9690,,,25.765363299999997,-80.25783229999999,33134,4.9,307.0,Attorney,None,outscraper
"Brindle & Brindle Law, PLLC",+1 786-633-6592,,,25.752630699999997,-80.257165,33134,4.8,22.0,Law firm,None,outscraper
"Alfredo A. Izaguirre, P.A.",+1 305-442-0425,,,25.753492899999998,-80.2616142,33134,4.9,106.0,Criminal justice attorney,None,outscraper
"Cornish Hernandez Gonzalez, PLLC",+1 305-745-7035,,,25.7484947,-80.2581494,33134,5.0,231.0,Personal injury attorney,None,outscraper
Dohan Law,+1 305-536-3400,,,25.753973,-80.259171,33134,4.9,75.0,Attorney,None,outscraper
Perlin Estate Planning and Probate,+1 305-443-3104,,,25.752530099999998,-80.2592762,33134,5.0,54.0,Estate planning attorney,None,outscraper
Vasquez de Lara Law Group,+1 305-614-2135,,,25.7525938,-80.25979389999999,33134,5.0,63.0,Divorce lawyer,None,outscraper
Damas Law,+1 305-460-1119,,,25.7513011,-80.25556739999999,33134,5.0,39.0,Law firm,None,outscraper
"Veliz & Associates P.A., an Estate & Legacy Planning Firm",+1 786-839-3840,,,25.747757099999998,-80.2552625,33134,5.0,91.0,Estate planning attorney,None,outscraper
The Law Offices of Gonzalez & Associates,+1 305-758-7774,,,25.7624969,-80.25874139999999,33134,4.8,303.0,Personal injury attorney,None,outscraper
"Ernesto Martinez, Jr., P.A.",+1 305-446-0702,,,25.747486499999997,-80.26152669999999,33134,5.0,38.0,Estate planning attorney,None,outscraper
Lavender Greenberg PLLC,+1 786-832-4694,,,25.748469099999998,-80.2581627,33134,5.0,104.0,Estate planning attorney,None,outscraper
Florida Trust and Estate Pro,+1 305-791-1529,,,25.757054399999998,-80.25916629999999,33134,5.0,60.0,Probate attorney,None,outscraper
Lorenzo Law,+1 305-224-6811,,,25.7460773,-80.25466159999999,33134,5.0,179.0,Estate planning attorney,None,outscraper
Rossen Law Firm,+1 786-936-1633,,,25.747722,-80.25473989999999,33134,5.0,44.0,Criminal justice attorney,None,outscraper
The Estate Plan,+1 305-735-2689,,,25.747303,-80.2582089,33134,4.8,96.0,Estate planning attorney,None,outscraper
"SANCHEZ ELKINS LAW, P.A.",+1 305-819-8090,,,25.752783599999997,-80.25727979999999,33134,4.5,73.0,Family law attorney,None,outscraper
"Jonathan B. Blecher, P.A.",+1 305-449-9069,,,25.7484948,-80.2581245,33134,4.9,191.0,Criminal justice attorney,None,outscraper
"The Martinez Law Offices, P.A.",+1 305-577-3444,,,25.7639008,-80.25886849999999,33134,5.0,1.0,Attorney,None,outscraper
"Arias and Pereira, PLLC",+1 786-360-1341,,,25.747968699999998,-80.2546617,33134,5.0,56.0,Immigration attorney,None,outscraper
"Hirzel Dreyfuss & Dempsey, PLLC (Attorneys at Law)",+1 305-615-1617,,,25.7410535,-80.2774137,33134,5.0,27.0,Attorney,None,outscraper
MSPG Law Group,+1 305-444-1887,,,25.764946899999998,-80.259072,33134,4.4,116.0,Attorney,None,outscraper
"Judith Ramos Attorney at Law - Divorce, Child Custody, Family Lawyers, Free Consultation",+1 786-353-6417,,,25.7503404,-80.2570322,33134,5.0,24.0,Family law attorney,None,outscraper
"Trust Counsel, P.L.",+1 305-707-7126,,,25.752593899999997,-80.25979389999999,33134,4.9,147.0,Estate planning attorney,None,outscraper
Dream Team Law,+1 855-255-8326,,,25.7606137,-80.2591964,33134,4.5,217.0,Personal injury attorney,None,outscraper
Mancebo Law & Title,+1 305-488-5721,,,25.7444821,-80.2596311,33134,4.9,54.0,Real estate attorney,None,outscraper
"Halpern Santos & Pinkert, P.A.",+1 305-445-1111,,,25.751863,-80.257826,33134,4.9,50.0,Personal injury attorney,None,outscraper
Law Office of Jennifer Sardiña,+1 305-448-2297,,,25.7482732,-80.2561336,33134,4.9,18.0,Attorney,None,outscraper
"The Law Offices of Osman Lopez, P.A.",+1 786-746-7713,,,25.7529118,-80.2550875,33134,5.0,35.0,Family law attorney,None,outscraper
"Attorney Hernando V. Pineres, Esq.",+1 305-536-3400,,,25.753943999999997,-80.25941999999999,33134,5.0,27.0,Legal services,None,outscraper
Florida Truck Attorneys,+1 305-709-0708,,,25.763364799999998,-80.2587757,33134,5.0,1.0,Personal injury attorney,None,outscraper
"Ballaga, Freedman & Atkins, LLP",+1 305-747-7550,,,25.751321599999997,-80.262164,33134,5.0,7.0,Real estate attorney,None,outscraper
GR Law Firm,+1 305-777-0243,,,25.747419299999997,-80.2622025,33134,4.8,42.0,Immigration attorney,None,outscraper
Richard J. Preira & Associates,+1 305-351-9522,,,25.7518794,-80.25791,33134,5.0,16.0,Family law attorney,None,outscraper
Chevallier Law,+1 305-974-1490,,,25.747722,-80.25473989999999,33134,4.6,17.0,Law firm,None,outscraper
Extraordinary Immigration PLLC,+1 305-391-2105,,,25.752630699999997,-80.257165,33134,4.9,60.0,Immigration attorney,None,outscraper
Saltiel Law Group,+1 305-520-7916,,,25.752593899999997,-80.25979389999999,33134,4.6,,Business attorney,None,outscraper
Barakat + Bossa,+1 305-444-3114,,,25.752692,-80.259923,33134,4.9,,Law firm,None,outscraper
The Morgan Law Group,+1 305-569-9900,,,25.7518402,-80.25934769999999,33134,4.4,,Law firm,None,outscraper
"Segarra & Associates, P.A.",+1 305-742-5042,,,25.7474839,-80.26156259999999,33134,4.6,36.0,Family law attorney,None,outscraper
Dorta & Ortega PA,+1 305-461-5454,,,25.7643275,-80.25849439999999,33134,4.7,,Attorney,None,outscraper
Law Offices of Sandra I. Murado,+1 305-448-4300,,,25.748469099999998,-80.2581627,33134,4.7,,Attorney,None,outscraper
"Sullivan, Admire & Sullivan, P.A.",+1 305-444-6121,,,25.7481883,-80.2581703,33134,4.9,,Estate planning attorney,None,outscraper
"Scott Merl, P.A.",+1 305-444-1575,,,25.733912999999998,-80.261437,33146,4.4,23.0,Personal injury attorney,None,outscraper
"Weiss Serota Helfman Cole + Bierman, P.L",+1 305-854-0800,,,25.7459134,-80.2592355,33134,4.8,4.0,Trial attorney,None,outscraper
"Perez-Abreu & Martin-Lavielle, P.A.",+1 305-443-8794,,,25.7633095,-80.25892669999999,33134,4.5,25.0,Divorce lawyer,None,outscraper
"Castellon Laurent & Schlesinger, LLC.",+1 786-540-0808,,,25.753619,-80.258988,33134,4.6,,Attorney,None,outscraper
"Navarro Immigration Law Firm, LLC",+1 786-734-1671,,,25.750383199999998,-80.2569512,33134,5.0,,Legal services,None,outscraper
Aronfeld Trial Lawyers,+1 305-441-0440,,,25.7529044,-80.2550807,33134,4.8,205.0,Personal injury attorney,None,outscraper
Fonte Friz-Garcia Immigration Firm,+1 305-446-1151,,,25.763358999999998,-80.258827,33134,4.9,129.0,Immigration attorney,None,outscraper
"Beltran Brito, LLP",+1 305-860-4050,,,25.7484872,-80.25819349999999,33134,4.8,,Attorney,None,outscraper
Katz Barron,+1 305-703-7670,,,25.763275,-80.2589198,33134,5.0,,Attorney,None,outscraper
DLE Lawyers | Abogados De Accidentes Miami,+1 305-363-7855,,,25.7524895,-80.2623618,33134,4.8,177.0,Personal injury attorney,None,outscraper
"Zediker Law Firm, P.A.",+1 305-269-4600,,,25.7524895,-80.2623618,33134,4.6,,Law firm,None,outscraper
"Florin Law, P.A.",+1 305-445-8988,,,25.7526324,-80.2571634,33134,4.5,,Attorney,None,outscraper
"Cordero & Associates, P.A.",+1 305-777-2677,,,25.763886799999998,-80.2567002,33134,4.5,43.0,Law firm,None,outscraper
"Orshan, Spann & Fernandez-Mesa",+1 305-853-9161,,,25.7518796,-80.25805,33134,4.6,10.0,Divorce lawyer,None,outscraper
Sallato and Associates P.A. Attorneys at law,+1 305-598-9600,,,25.747488999999998,-80.26149099999999,33134,4.4,22.0,Family law attorney,None,outscraper
"CINDY BLANDON LAW FIRM, P.A.",+1 786-463-4136,,,25.7474891,-80.26149079999999,33134,5.0,15.0,Attorney,None,outscraper
QUARANTA P.A. TRIAL LAWYERS,+1 786-901-5685,,,25.7570537,-80.2591825,33134,5.0,5.0,Legal services,None,outscraper
Alex D Sirulnik Pa,+1 305-443-7211,,,25.7525612,-80.2584456,33134,4.9,27.0,Attorney,None,outscraper
"Michael Borell, P.A.",+1 305-597-0036,,,25.7474939,-80.2615744,33134,5.0,3.0,Real estate attorney,None,outscraper
Freedland Harwin Valori Gander - Medical Malpractice Attorneys,+1 786-788-7051,,,25.7625,-80.258647,33134,4.9,46.0,Personal injury attorney,None,outscraper
"Remer, Georges-Pierre & Hoogerwoerd, PLLC",+1 305-416-5000,,,25.746535599999998,-80.2578541,33134,4.3,289.0,Employment attorney,None,outscraper
The Law Office of Joel Defabio,+1 305-433-6191,,,25.752691799999997,-80.25992289999999,33134,4.9,26.0,Criminal justice attorney,None,outscraper
ESQ.title | Real Estate Law,+1 305-501-2836,,,25.7526324,-80.2571634,33134,5.0,60.0,Real estate attorney,None,outscraper
Linde Legal | Elder Law & Medicaid Planning,+1 305-722-5533,,,25.7503608,-80.2569431,33134,4.9,74.0,Elder law attorney,None,outscraper
Colson Hicks Eidson,+1 305-476-7400,,,25.7638116,-80.2570562,33134,4.0,8.0,Legal services,None,outscraper
"Law Offices of Anastasia M. Garcia, P.A.",+1 305-461-5885,,,25.753322599999997,-80.2590953,33134,4.1,9.0,Family law attorney,None,outscraper
"Salva Hale Law, P.A.",+1 305-432-3443,,,25.7335523,-80.2587697,33146,5.0,70.0,Law firm,None,outscraper
Sardina Law Corporate/Immigration Lawyers,+1 305-468-9262,,,25.7318905,-80.256965,33146,4.9,78.0,Immigration attorney,None,outscraper
The Florida Probate & Family Law Firm,+1 305-384-1540,,,25.7477885,-80.25471449999999,33134,4.9,382.0,Divorce lawyer,None,outscraper
The Law Office of Matthew E. Ladd,+1 305-665-3978,,,25.7265248,-80.2634506,33146,5.0,123.0,Criminal justice attorney,None,outscraper
MPM Law,+1 305-330-5445,,,25.747722,-80.25473989999999,33146,5.0,17.0,Criminal justice attorney,None,outscraper
Tomas Law Firm,+1 305-967-8594,,,25.708783,-80.2821069,33146,5.0,13.0,Tax attorney,None,outscraper
Law Office of Jason M. Sullivan-Immigration Lawyer,+1 305-394-6273,,,25.734001799999998,-80.2590085,33146,5.0,10.0,Immigration attorney,None,outscraper
"Patino & Associates, P.A.",+1 305-443-6163,,,25.747421199999998,-80.2569989,33134,4.7,40.0,General practice attorney,None,outscraper
"CAVA Law, LLC",+1 786-675-6830,,,25.711398199999998,-80.279476,33146,4.9,61.0,Bankruptcy attorney,None,outscraper
Law Offices of Andre A. Rouviere,+1 305-774-7000,,,25.733912999999998,-80.261437,33146,4.8,86.0,Attorney,None,outscraper
"Robert N. Pelier, P. A.",+1 305-529-9199,,,25.726529,-80.26344399999999,33146,4.9,96.0,Attorney,None,outscraper
Business Lawyer Miami - Cueto Law Group,+1 786-882-5710,,,25.747722,-80.25473989999999,33146,5.0,122.0,Business attorney,None,outscraper
Coral Gables Divorce Lawyers | Cabanas Law Firm,+1 786-998-9389,,,25.7475539,-80.2619213,33134,4.9,54.0,Divorce lawyer,None,outscraper
"Thomas-McDonald Law Firm, P.A.",+1 305-928-6999,,,25.709636399999997,-80.2820192,33146,5.0,40.0,Family law attorney,None,outscraper
HADEED LEGAL,+1 954-738-9757,,,25.734001799999998,-80.2590085,33146,5.0,71.0,Estate planning attorney,None,outscraper
Law Offices of Martin J Rivas PA,+1 305-441-2221,,,25.7635841,-80.28201299999999,33134,4.8,69.0,Attorney,None,outscraper
Law Offices of Nicole Alvarez P.A.,+1 305-440-0736,,,25.7570339,-80.2591846,33134,4.9,98.0,Family law attorney,None,outscraper
"Werner, Hoffman, Greig & Garcia",+1 305-518-1619,,,25.7277907,-80.25698899999999,33133,4.9,51.0,Personal injury attorney,None,outscraper
"The Law Office of Scott A. Ferris, P.A.",+1 305-670-3330,,,25.753322599999997,-80.2590953,33134,5.0,36.0,Criminal justice attorney,None,outscraper
"South Florida Law, PLLC",+1 954-900-8885,,,25.747696899999998,-80.2547889,33134,5.0,46.0,Law firm,None,outscraper
"Veliz & Associates P.A., an Estate & Legacy Planning Firm",+1 786-839-3840,,,25.747757099999998,-80.2552625,33134,5.0,91.0,Estate planning attorney,None,outscraper
Dohan Law,+1 305-536-3400,,,25.753973,-80.259171,33134,4.9,75.0,Attorney,None,outscraper
"Alfredo A. Izaguirre, P.A.",+1 305-442-0425,,,25.753492899999998,-80.2616142,33134,4.9,106.0,Criminal justice attorney,None,outscraper
"Rosales|Lopez, Attorneys at Law",+1 786-505-1024,,,25.7518796,-80.25805,33134,4.9,52.0,Legal services,None,outscraper
"Bello & Martinez, PLLC.",+1 305-967-8594,,,25.708783,-80.2821069,33146,4.9,56.0,Attorney,None,outscraper
J Muir & Associates - Miami Business Law Firm,+1 786-755-0730,,,25.752630699999997,-80.257165,33134,5.0,80.0,Business attorney,None,outscraper
"Yelen Yelen & Simon, P.A.",+1 305-445-3721,,,25.7610985,-80.25929119999999,33134,5.0,43.0,Estate planning attorney,None,outscraper
Friedland | Carmona,+1 305-661-2008,,,25.70966,-80.28196,33146,4.9,46.0,Attorney,None,outscraper
WorkInjuryRights.com,+1 786-746-8094,,,25.734001799999998,-80.2590085,33146,4.9,100.0,Personal injury attorney,None,outscraper
"The Gilchrist Law Firm, P.A.",+1 786-408-6815,,,25.748469099999998,-80.2581627,33134,4.8,61.0,Legal services,None,outscraper
"Law Offices of Feldman, Baron & Ventura",+1 305-443-5235,,,25.7468884,-80.2568555,33134,4.8,196.0,Attorney,None,outscraper
"Becker, Coral Gables, FL",+1 305-262-4433,,,25.7484851,-80.2582676,33134,4.8,4.0,Attorney,None,outscraper
"Cornish Hernandez Gonzalez, PLLC",+1 305-745-7035,,,25.7484947,-80.2581494,33134,5.0,231.0,Personal injury attorney,None,outscraper
Rossen Law Firm,+1 786-936-1633,,,25.747722,-80.25473989999999,33134,5.0,44.0,Criminal justice attorney,None,outscraper
Moises|Gross,+1 305-306-3055,,,25.762759,-80.2628976,33134,4.7,48.0,Insurance attorney,None,outscraper
Lorenzo Law,+1 305-224-6811,,,25.7460773,-80.25466159999999,33134,5.0,,Estate planning attorney,None,outscraper
Ferrer Law PA,+1 844-220-5612,,,25.757074499999998,-80.2591482,33134,5.0,122.0,Personal injury attorney,None,outscraper
"Scott Merl, P.A.",+1 305-444-1575,,,25.733912999999998,-80.261437,33146,4.4,23.0,Personal injury attorney,None,outscraper
"The Padron Law Group, PLLC",+1 305-377-9666,,,25.7319712,-80.2575257,33146,5.0,6.0,Family law attorney,None,outscraper
"The Law Offices of Walter A. Reynoso, P.A.",+1 305-441-8881,,,25.753684699999997,-80.2552493,33134,4.8,51.0,Trial attorney,None,outscraper
"Law Offices of Carl Palomino, P.A.",+1 305-774-9790,,,25.765428999999997,-80.257999,33134,4.8,,Attorney,None,outscraper
"Law Offices of Deeb & Deeb, P.A.",+1 305-985-7818,,,25.751740899999998,-80.261132,33134,4.9,,Estate planning attorney,None,outscraper
Romano Law,+1 786-998-8281,,,25.728306,-80.26003879999999,33133,4.8,,Attorney,None,outscraper
"Law Offices of Nicholas Felzen, P.A.",+1 786-787-7650,,,25.712138,-80.2791447,33146,4.9,,Real estate attorney,None,outscraper
Ayala Law PA,+1 305-570-2208,,,25.7500733,-80.235952,33145,4.9,,Law firm,None,outscraper
The Farber Law Firm,+1 305-774-0134,,,25.752495699999997,-80.2584705,33134,5.0,140.0,Personal injury attorney,None,outscraper
Harry C. Palmer III,+1 305-445-2424,,,25.7325047,-80.256129,33146,5.0,,Attorney,None,outscraper
"Jacqueline A. Salcines, P.A.",+1 305-669-5280,,,25.7222573,-80.2669059,33146,4.4,,Real estate attorney,None,outscraper
"Law Office Manuel Gonzalez, Jr & Gabriel Gonzalez",+1 305-444-1400,,,25.752630699999997,-80.257165,33134,5.0,,Attorney,None,outscraper
Law Office of Casais & Prias,+1 305-722-8015,,,25.7501206,-80.25845609999999,33134,4.9,,Attorney,None,outscraper
Ghantous Ibrahim,+1 305-442-7177,,,25.7256371,-80.2622863,33146,4.7,87.0,Attorney,None,outscraper
"Ernesto Martinez, Jr., P.A.",+1 305-446-0702,,,25.747486499999997,-80.26152669999999,33134,5.0,38.0,Estate planning attorney,None,outscraper
Laila Gonzalez Esq.,+1 305-826-1774,,,25.711398199999998,-80.279476,33146,4.8,127.0,Bankruptcy attorney,None,outscraper
"Estevez-Pazos Law Firm, P.A.",+1 305-717-7130,,,25.732026299999998,-80.2573834,33146,4.7,23.0,Divorce lawyer,None,outscraper
Lavender Greenberg PLLC,+1 786-832-4694,,,25.748469099999998,-80.2581627,33134,5.0,104.0,Estate planning attorney,None,outscraper
Rafael Fabian PA,+1 305-856-6700,,,25.726004,-80.264094,33146,5.0,16.0,Attorney,None,outscraper
"Dominguez Law Firm, PLLC",+1 305-741-4214,,,25.752573899999998,-80.25720659999999,33134,5.0,56.0,Immigration attorney,None,outscraper
Law Office of Aburto P.A.,+1 305-694-9690,,,25.765363299999997,-80.25783229999999,33134,4.9,307.0,Attorney,None,outscraper
"Richard A. Schurr, P. A.",+1 305-204-4924,,,25.7469967,-80.256776,33134,4.9,41.0,Attorney,None,outscraper
Ana Davide Law Firm,+1 305-854-6100,,,25.7256251,-80.26231829999999,33146,4.5,22.0,Attorney,None,outscraper
"BG Law, P.A.",+1 786-431-5779,,,25.762497399999997,-80.2586688,33134,5.0,27.0,Attorney,None,outscraper
FLC Law,+1 786-505-5257,,,25.7096451,-80.28200149999999,33146,4.6,11.0,Law firm,None,outscraper
Callejo Law,+1 305-392-0772,,,25.708783,-80.2821069,33146,5.0,126.0,Personal injury attorney,None,outscraper
"Law Office of Yoel Molina, P.A.",+1 305-548-5020,,,25.7474891,-80.26149079999999,33134,5.0,76.0,Attorney,None,outscraper
"Sullivan, Admire & Sullivan, P.A.",+1 305-444-6121,,,25.7481883,-80.2581703,33134,4.9,12.0,Estate planning attorney,None,outscraper
Mancebo Law & Title,+1 305-488-5721,,,25.7444821,-80.2596311,33134,4.9,54.0,Real estate attorney,None,outscraper
"Casal & Moreno, P.A.",+1 305-476-5080,,,25.752692,-80.259923,33134,4.9,15.0,Attorney,None,outscraper
"The Legal Team, PLLC",+1 786-307-2393,,,25.734001799999998,-80.2590085,33146,4.4,14.0,Law firm,None,outscraper
Law Office of Aymee C. Gonzalez,+1 786-584-7970,,,25.7265248,-80.2634506,33146,5.0,1.0,Law firm,None,outscraper
"Lopez Legal, P.A.",+1 305-306-8422,,,25.7077232,-80.2832859,33146,5.0,15.0,Attorney,None,outscraper
Carrillo & Carrillo PA,+1 305-460-6001,,,25.759333299999998,-80.25865979999999,33134,4.6,9.0,Law firm,None,outscraper
"The Martinez Law Offices, P.A.",+1 305-577-3444,,,25.7639008,-80.25886849999999,33134,5.0,1.0,Attorney,None,outscraper
Gaebe Mullen Antonelli & DiMatteo,+1 305-667-0223,,,25.7256371,-80.2622863,33146,5.0,2.0,Attorney,None,outscraper
"Jennifer M. Betancourt, Esq. | JMB LAW, PLLC",+1 305-396-3369,,,25.7294962,-80.2596949,33146,4.8,26.0,Family law attorney,None,outscraper
"RobinsonLaw, P.A.",+1 305-662-7618,,,25.704927899999998,-80.2835497,33143,4.3,18.0,Real estate attorney,None,outscraper
"Coto Law Firm, P.A.",+1 305-668-6228,,,25.7112047,-80.27949749999999,33146,5.0,5.0,Real estate attorney,None,outscraper
George A David PA,+1 305-569-9980,,,25.7244705,-80.2637324,33146,2.9,7.0,Attorney,None,outscraper
Mesa Law Firm,+1 305-831-4533,,,25.7312335,-80.236791,33133,5.0,363.0,Personal injury attorney,None,outscraper
FairLaw Firm,+1 305-928-4893,,,25.731890999999997,-80.2569649,33146,4.6,135.0,Employment attorney,None,outscraper
Perez Abello Law PLLC,+1 786-485-0778,,,25.711398199999998,-80.279476,33146,5.0,2.0,Law firm,None,outscraper
FORS | ATTORNEYS AT LAW,+1 305-448-5977,,,25.761008399999998,-80.25928379999999,33134,5.0,10.0,Trial attorney,None,outscraper
"The Law Office of Cristina De Oliveira, P.A.",+1 305-461-1660,,,25.7340275,-80.2590105,33146,3.0,2.0,Legal services,None,outscraper
Katz Barron,+1 305-703-7670,,,25.763275,-80.2589198,33134,5.0,3.0,Attorney,None,outscraper
Rodriguez Oscar,+1 305-442-1991,,,25.7298238,-80.26225269999999,33146,4.5,2.0,Attorney,None,outscraper
Nicklaus & Associates,+1 305-460-9888,,,25.7262554,-80.2636527,33146,5.0,2.0,Legal services,None,outscraper
"MS Law, PLLC",+1 305-972-0070,,,25.7069922,-80.2833948,33146,5.0,2.0,Law firm,None,outscraper
Robert Sheldon Immigration Law,+1 305-529-8880,,,25.750023,-80.243971,33145,4.6,340.0,Immigration attorney,None,outscraper
Vinocur Law Firm,+1 855-734-1009,,,25.7096992,-80.2841785,33146,5.0,2.0,Attorney,None,outscraper
Aronfeld Trial Lawyers,+1 305-441-0440,,,25.7529044,-80.2550807,33134,4.8,205.0,Personal injury attorney,None,outscraper
"Jorge Luis Lopez-Garcia, P.A.",+1 305-662-2525,,,25.708802199999997,-80.2822115,33146,4.5,8.0,Attorney,None,outscraper
Colson Hicks Eidson,+1 305-476-7400,,,25.7638116,-80.2570562,33134,4.0,8.0,Legal services,None,outscraper
Punancy & Cosentino,+1 305-461-4349,,,25.7077232,-80.28328669999999,33146,4.4,73.0,Immigration & naturalization service,None,outscraper
Teri Guttman Valdes LLC,+1 305-677-0537,,,25.706944999999997,-80.28349,33146,4.0,4.0,Attorney,None,outscraper
Agentis PLLC,+1 305-722-2002,,,25.7475001,-80.2555239,33134,4.3,12.0,Attorney,None,outscraper
Katzen & Katzen PA,+1 305-596-2000,,,25.710941,-80.2806347,33146,5.0,3.0,Attorney,None,outscraper
Robert M Miller Law Office,+1 305-665-1993,,,25.709705399999997,-80.2841995,33146,5.0,1.0,Attorney,None,outscraper
Paramount Tax & Accounting Coral Gables,+1 786-788-7877,,,25.7518796,-80.25805,33134,5.0,5.0,Tax preparation,None,outscraper
Block Advisors,+1 305-774-6822,,,25.748875899999998,-80.2582836,33134,4.9,247.0,Tax preparation service,None,outscraper
"Gables Tax Planning Group, LLC",+1 888-477-0108,,,25.755435,-80.258605,33134,5.0,33.0,Accounting firm,None,outscraper
Tax House Gables,+1 786-829-3261,,,25.751582,-80.2165167,33145,5.0,101.0,Tax preparation,None,outscraper
Max Your Tax Inc.,+1 786-953-8620,,,25.7647935,-80.25581869999999,33134,4.6,83.0,Tax preparation service,None,outscraper
"A&G - CPA Firm Coral Gables, FL",+1 786-838-7062,,,25.7410259,-80.2772445,33134,4.9,38.0,Certified public accountant,None,outscraper
The Tax Team,+1 305-269-8445,,,25.7509852,-80.2553607,33134,4.7,120.0,Tax preparation,None,outscraper
"OTERO CPA, LLC",+1 786-557-2342,,,25.7569256,-80.2586812,33134,5.0,46.0,Accounting firm,None,outscraper
DAN TAX Financial Services,+1 305-455-6194,,,25.7456756,-80.26129569999999,33134,4.6,10.0,Tax preparation service,None,outscraper
"Karen E. Lee, CPA",+1 305-815-1462,,,25.709029599999997,-80.2720988,33146,4.8,10.0,Tax preparation service,None,outscraper
BPA Accounting Services Inc,+1 305-448-0542,,,25.753684699999997,-80.2552493,33134,5.0,46.0,Accountant,None,outscraper
Heyer Accounting & Tax,+1 786-693-9358,,,25.732505,-80.256129,33146,4.9,148.0,Accounting firm,None,outscraper
E. Gomez CPA LLC,+1 305-497-0552,,,25.7340275,-80.2590105,33146,4.7,38.0,Certified public accountant,None,outscraper
"David Hernandez, C.P.A., P.A.",+1 305-982-8069,,,25.752783599999997,-80.25727979999999,33134,5.0,9.0,Tax consultant,None,outscraper
Blue Star Tax Corp,+1 305-831-7827,,,25.770654699999998,-80.2849447,33134,5.0,15.0,Accountant,None,outscraper
"Antonio Perez CPA, P.A.",+1 786-478-7715,,,25.7503404,-80.2570322,33134,5.0,10.0,Certified public accountant,None,outscraper
Jose Pelaez Tax Services,+1 786-350-8848,,,25.7499918,-80.2401077,33145,5.0,17.0,Tax preparation service,None,outscraper
Cantera Tax Services,+1 305-856-0056,,,25.750262,-80.232438,33145,5.0,1.0,Accountant,None,outscraper
CPA Miami,+1 305-567-3152,,,25.733995099999998,-80.25899199999999,33146,4.7,47.0,Accounting firm,None,outscraper
Ruiz Tax and Accounting Services,+1 305-801-7849,,,25.752733799999998,-80.2582305,33134,5.0,1.0,Accountant,None,outscraper
Alonso & Diaz CPAs & Advisors,+1 305-827-8311,,,25.752689699999998,-80.2572261,33134,4.0,4.0,Certified public accountant,None,outscraper
WeDo Insurance & Taxes,+1 305-432-3966,,,25.7635841,-80.28201299999999,33134,5.0,254.0,Insurance agency,None,outscraper
Monahan Mijares CPA,+1 305-407-1440,,,25.748141699999998,-80.2559424,33134,5.0,56.0,Certified public accountant,None,outscraper
AbitOs Accountants + Advisors,+1 305-774-2945,,,25.7505737,-80.25971179999999,33134,4.0,12.0,Tax preparation service,None,outscraper
"George, Cintron & Co. CPA",+1 305-394-6799,,,25.748469099999998,-80.2581627,33134,5.0,26.0,Tax preparation service,None,outscraper
tax services,+1 866-890-1459,,,25.7538701,-80.2548408,33134,,,Tax preparation service,None,outscraper
"Gonzalez & Company, C.P.A., P.A.",+1 305-900-3333,,,25.7475539,-80.2619213,33134,5.0,9.0,Tax preparation service,None,outscraper
Accountor CPA Accounting Bookkeeping and Tax Experts,+1 888-437-9540,,,25.7441852,-80.2602817,33134,5.0,46.0,Bookkeeping service,None,outscraper
Tax Help Basics,+1 786-949-2150,,,25.750449699999997,-80.2575593,33134,,,Tax attorney,None,outscraper
H&CO | Coral Gables,+1 305-444-8800,,,25.7507202,-80.2589531,33134,4.1,21.0,Certified public accountant,None,outscraper
AVIDD FINANCIAL STUDIO INC,+1 305-902-2848,,,25.7466851,-80.2588885,33134,5.0,41.0,Tax preparation service,None,outscraper
Fernando L Ortiz Pa,+1 305-444-7333,,,25.753794199999998,-80.25757469999999,33134,5.0,5.0,Accountant,None,outscraper
HS ACCOUNTING,+1 786-334-4209,,,25.7503946,-80.2284612,33145,5.0,7.0,Tax preparation service,None,outscraper
Tax Collector Office Dariel Fernandez,+1 305-375-5448,,,25.753562199999998,-80.25961889999999,33134,4.6,97.0,Tax collector's office,None,outscraper
Miyares Group,+1 305-640-8521,,,25.753322599999997,-80.2590953,33134,4.9,50.0,Certified public accountant,None,outscraper
"Oscar De Toffoli, Jr., CPA, PA",+1 305-898-4008,,,25.753657,-80.255219,33134,5.0,9.0,Certified public accountant,None,outscraper
Tax Capital Group,+1 305-400-8800,,,25.7444821,-80.2596311,33134,4.6,11.0,Accounting firm,None,outscraper
Olympus Tax Resolution LLC,+1 833-554-7743,,,25.751412799999997,-80.2564905,33134,5.0,13.0,Tax preparation service,None,outscraper
DE LA OSA C.P.A.,+1 305-446-2849,,,25.7538703,-80.2602157,33134,5.0,6.0,Accountant,None,outscraper
ACBOTAX CORP,+1 786-376-8353,,,25.7077475,-80.2833632,33146,5.0,6.0,Tax preparation service,None,outscraper
ACCOUNTING EXPRESS ENTERPRISES INC,+1 305-443-2528,,,25.7716526,-80.2711578,33134,4.7,14.0,Tax preparation service,None,outscraper
Villate Joseph CPA,+1 305-541-4714,,,25.7445178,-80.2596452,33134,4.7,3.0,Accountant,None,outscraper
Ernesto Gonzalez PA,+1 305-444-7899,,,25.753973,-80.259171,33134,4.9,8.0,Accountant,None,outscraper
"Dawson & Associates, CPA",+1 305-443-1500,,,25.7469808,-80.2569012,33134,5.0,1.0,Tax preparation service,None,outscraper
"Francisco J. Villegas, CPA, P.A.",+1 305-441-2105,,,25.746985,-80.2569199,33134,4.0,4.0,Tax preparation service,None,outscraper
Florida Tax Appeal Professionals (FTAPS),+1 305-395-4132,,,25.752783599999997,-80.25727979999999,33134,5.0,9.0,Real estate consultant,None,outscraper
IncSight,+1 844-327-9272,,,25.751279,-80.25956699999999,33134,4.6,50.0,Certified public accountant,None,outscraper
IRS Free Tax Preparation Site,None,,,25.7633148,-80.28491489999999,33134,,,Accountant,None,outscraper
"De La Hoz, Pérez & Barbeito, PLLC",+1 305-448-5585,,,25.7459109,-80.259103,33134,4.8,16.0,Certified public accountant,None,outscraper
Max Tax Agency,+1 786-527-1493,,,25.7472073,-80.2609355,33134,,,Tax preparation service,None,outscraper
Padgett Business Services,+1 305-740-9200,,,25.7523266,-80.2605568,33134,5.0,2.0,Tax preparation service,None,outscraper
Lima Tax Services,+1 305-635-5486,,,25.750411,-80.2276657,33145,4.5,11.0,Accountant,None,outscraper
La Familia Multiservices Flager,+1 305-894-2993,,,25.771172999999997,-80.2741636,33134,3.7,30.0,Tax preparation service,None,outscraper
"Sachs Diaz & Diaz, P.L.",+1 305-446-9700,,,25.7460383,-80.2546536,33134,5.0,6.0,Certified public accountant,None,outscraper
DKL Consultant LLC,+1 786-428-8382,,,25.758546199999998,-80.2586925,33134,4.9,42.0,Tax consultant,None,outscraper
Magda Accounting,+1 844-764-7474,,,25.7500593,-80.2609246,33134,4.5,4.0,Tax preparation service,None,outscraper
Tax and Accounting Solution,+1 305-588-8828,,,25.7635841,-80.2820129,33134,,,Tax preparation service,None,outscraper
Lopez & Partners PA,+1 305-444-6030,,,25.7477885,-80.25471449999999,33134,5.0,2.0,Tax preparation service,None,outscraper
"Full Compliance, LLC",+1 305-600-2213,,,25.7282834,-80.2600236,33133,4.8,13.0,Tax preparation,None,outscraper
Karen's Tax Services,+1 786-224-5001,,,25.748527199999998,-80.3223603,33155,5.0,1.0,Tax preparation service,None,outscraper
BETAM PROFESSIONAL SERVICES,+1 305-630-8410,,,25.763901999999998,-80.285029,33134,5.0,13.0,Tax consultant,None,outscraper
"Proactive Tax Advisors, Inc.",+1 305-600-2213,,,25.7282834,-80.2600236,33133,,,Tax consultant,None,outscraper
"Verdeja and Alvarez, LLP",+1 305-446-3177,,,25.752288699999998,-80.2600535,33134,5.0,3.0,Tax preparation service,None,outscraper
ANFRA Business Solutions,+1 305-562-1884,,,25.752340699999998,-80.2606423,33134,5.0,16.0,Accountant,None,outscraper
Cherry Bekaert,+1 786-693-6300,,,25.7459691,-80.25776809999999,33134,5.0,2.0,Accountant,None,outscraper
Ladin Tax & Financial Group - Coral Gables & Miami Financial Advisors,+1 305-444-4898,,,25.7484747,-80.25805559999999,33134,5.0,2.0,Financial planner,None,outscraper
Jordan Ricardo & Company P.L.,+1 305-447-8555,,,25.7523685,-80.2600623,33134,5.0,3.0,Accountant,None,outscraper
Gables Bookkeeping,+1 305-219-3027,,,25.7500549,-80.2560901,33234,4.5,8.0,Bookkeeping service,None,outscraper
Samlut & Company,+1 305-461-9518,,,25.747948899999997,-80.2659548,33134,4.5,8.0,Tax preparation,None,outscraper
Tax Genie,+1 305-646-1005,,,25.7285872,-80.3167637,33155,5.0,143.0,Tax preparation service,None,outscraper
Jeremiahs Service Corp,+1 305-354-6359,,,25.7503608,-80.2569431,33134,4.3,6.0,Accounting firm,None,outscraper
Synchrony Tax Group Inc.,+1 305-476-9139,,,25.753684999999997,-80.25524899999999,33134,3.0,2.0,Accounting firm,None,outscraper
Done Right National Tax,+1 786-975-4694,,,25.7338313,-80.26057019999999,33146,5.0,6.0,Tax preparation service,None,outscraper
"Zubero Syed & Manrara, LLC",+1 305-615-1458,,,25.7460228,-80.2608369,33134,4.0,4.0,Certified public accountant,None,outscraper
Elvira Acosta Enrolled Agent Inc.,+1 305-541-9333,,,25.7500789,-80.2628914,33134,5.0,2.0,Tax preparation,None,outscraper
Tax Savers of Miami,+1 305-740-0118,,,25.765585599999998,-80.2578432,33134,3.5,13.0,Real estate consultant,None,outscraper
Secure Accounting Miami,+1 954-613-8033,,,25.7513872,-80.25957439999999,33134,4.3,6.0,Accounting firm,None,outscraper
"ZOMMA Group, LLP",+1 305-444-8288,,,25.752454399999998,-80.2618392,33134,5.0,2.0,Accounting firm,None,outscraper
GUTIERREZ | MADARIAGA - CPA FIRM CORAL GABLES,+1 305-482-3208,,,25.748469099999998,-80.2581627,33134,,,Certified public accountant,None,outscraper
Devoted E-tax and Accounting,+1 786-853-8634,,,25.7513872,-80.25957439999999,33134,,,Tax consultant,None,outscraper
Financial Forensic Group,+1 305-200-8785,,,25.748469099999998,-80.2581627,33134,5.0,9.0,Certified public accountant,None,outscraper
"Viciana & Shafer, P.A.",+1 305-444-8288,,,25.752454399999998,-80.2618392,33134,5.0,1.0,Certified public accountant,None,outscraper
Wizard Tax Inc.,+1 305-266-0544,,,25.7483625,-80.3044288,33155,3.9,9.0,Tax preparation service,None,outscraper
Alexander J Rodriguez C.P.A.,+1 305-720-3934,,,25.7532952,-80.2580065,33134,,,Tax preparation service,None,outscraper
R & G Community Svc LLC,+1 305-643-8088,,,25.7635841,-80.28201299999999,33134,4.0,4.0,Tax preparation service,None,outscraper
Income Tax Inc,+1 305-336-5650,,,25.7608575,-80.25580699999999,33134,5.0,2.0,Consultant,None,outscraper
"RODR1GUEZ, CPA",+1 786-924-1652,,,25.751735399999998,-80.2572661,33134,,,Certified public accountant,None,outscraper
Goldstein Schechter Koch Coral Gables,+1 305-442-6323,,,25.753365499999997,-80.25776909999999,33134,,,Tax preparation service,None,outscraper
"PAAST, P.L.",+1 305-567-0150,,,25.752381099999997,-80.2600093,33134,5.0,,Accounting firm,None,outscraper
David M. Garvin,+1 305-371-8101,,,25.750091599999998,-80.2584454,33134,4.9,,Tax attorney,None,outscraper
John W. Reaves CPA,+1 305-666-0018,,,25.7474891,-80.26149079999999,33134,,,Tax preparation service,None,outscraper
Bendigo Enterprise LLC,+1 305-969-1214,,,25.748493699999997,-80.25820569999999,33134,5.0,,Accounting firm,None,outscraper
"Hammer Navarro Tanoli And Associates CPA, PA",+1 305-445-4240,,,25.746878799999998,-80.2600325,33134,,,Certified public accountant,None,outscraper
Gables Estates Tax & Advisory,+1 305-665-5508,,,25.751321599999997,-80.262164,33134,,,Tax preparation service,None,outscraper
Tamiami Agency International,+1 305-642-9676,,,25.7645068,-80.2577512,33134,3.7,,Tax consultant,None,outscraper
Personalized Business,+1 786-294-0875,,,25.7474891,-80.26149079999999,33134,,,Tax preparation service,None,outscraper
Rand Income Tax,+1 305-445-7948,,,25.7715401,-80.2594203,33134,,,Tax preparation service,None,outscraper
A Plus Tax Multiservices Inc,+1 305-392-1709,,,25.764628899999998,-80.2750631,33134,,,Tax preparation service,None,outscraper
Carlos M Lopez Financial Services,+1 786-295-5936,,,25.7432509,-80.2631262,33134,,,Accountant,None,outscraper
Paramount Tax & Accounting Coral Gables,+1 786-788-7877,,,25.7518796,-80.25805,33134,5.0,5.0,Tax preparation,None,outscraper
"A&G - CPA Firm Coral Gables, FL",+1 786-838-7062,,,25.7410259,-80.2772445,33134,4.9,38.0,Certified public accountant,None,outscraper
CPA Miami,+1 305-567-3152,,,25.733995099999998,-80.25899199999999,33146,4.7,47.0,Accounting firm,None,outscraper
"OTERO CPA, LLC",+1 786-557-2342,,,25.7569256,-80.2586812,33134,5.0,46.0,Accounting firm,None,outscraper
"Gables Tax Planning Group, LLC",+1 888-477-0108,,,25.755435,-80.258605,33134,5.0,33.0,Accounting firm,None,outscraper
RSC CPA Solutions,+1 305-330-6141,,,25.748469099999998,-80.2581627,33134,5.0,2.0,Certified public accountant,None,outscraper
E. Gomez CPA LLC,+1 305-497-0552,,,25.7340275,-80.2590105,33146,4.7,38.0,Certified public accountant,None,outscraper
BPA Accounting Services Inc,+1 305-448-0542,,,25.753684699999997,-80.2552493,33134,5.0,46.0,Accountant,None,outscraper
Monahan Mijares CPA,+1 305-407-1440,,,25.748141699999998,-80.2559424,33134,5.0,56.0,Certified public accountant,None,outscraper
Miyares Group,+1 305-640-8521,,,25.753322599999997,-80.2590953,33134,4.9,50.0,Certified public accountant,None,outscraper
Heyer Accounting & Tax,+1 786-693-9358,,,25.732505,-80.256129,33146,4.9,148.0,Accounting firm,None,outscraper
"George, Cintron & Co. CPA",+1 305-394-6799,,,25.748469099999998,-80.2581627,33134,5.0,26.0,Accounting firm,None,outscraper
Alonso & Diaz CPAs & Advisors,+1 305-827-8311,,,25.752689699999998,-80.2572261,33134,4.0,4.0,Certified public accountant,None,outscraper
HS ACCOUNTING,+1 786-334-4209,,,25.7503946,-80.2284612,33145,5.0,7.0,Accountant,None,outscraper
"Gonzalez & Company, C.P.A., P.A.",+1 305-900-3333,,,25.7475539,-80.2619213,33134,5.0,9.0,Certified public accountant,None,outscraper
"Antonio Perez CPA, P.A.",+1 786-478-7715,,,25.7503404,-80.2570322,33134,5.0,10.0,Certified public accountant,None,outscraper
Accountor CPA Accounting Bookkeeping and Tax Experts,+1 888-437-9540,,,25.7441852,-80.2602817,33134,5.0,46.0,Bookkeeping service,None,outscraper
"David Hernandez, C.P.A., P.A.",+1 305-982-8069,,,25.752783599999997,-80.25727979999999,33134,5.0,9.0,Accountant,None,outscraper
"Drage CPA, PLLC",+1 305-504-8861,,,25.7077232,-80.2832859,33146,5.0,16.0,Accounting firm,None,outscraper
"Karen E. Lee, CPA",+1 305-815-1462,,,25.709029599999997,-80.2720988,33146,4.8,10.0,Tax preparation,None,outscraper
"CN Advisory, LLC",+1 305-697-7562,,,25.734001799999998,-80.2590085,33146,5.0,4.0,Certified public accountant,None,outscraper
"De La Hoz, Pérez & Barbeito, PLLC",+1 305-448-5585,,,25.7459109,-80.259103,33134,4.8,16.0,Certified public accountant,None,outscraper
Vina + Company CPAs,+1 305-441-0070,,,25.7539126,-80.25970509999999,33134,5.0,1.0,Accounting firm,None,outscraper
Block Advisors,+1 305-774-6822,,,25.748875899999998,-80.2582836,33134,4.9,247.0,Tax preparation service,None,outscraper
Magda Accounting,+1 844-764-7474,,,25.7500593,-80.2609246,33134,4.5,4.0,Accountant,None,outscraper
"Oscar De Toffoli, Jr., CPA, PA",+1 305-898-4008,,,25.753657,-80.255219,33134,5.0,9.0,Certified public accountant,None,outscraper
Ernesto Gonzalez PA,+1 305-444-7899,,,25.753973,-80.259171,33134,4.9,8.0,Accountant,None,outscraper
"Sachs Diaz & Diaz, P.L.",+1 305-446-9700,,,25.7460383,-80.2546536,33134,5.0,6.0,Certified public accountant,None,outscraper
Cherry Bekaert,+1 786-693-6300,,,25.7459691,-80.25776809999999,33134,5.0,2.0,Accountant,None,outscraper
DE LA OSA C.P.A.,+1 305-446-2849,,,25.7538703,-80.2602157,33134,5.0,6.0,Accountant,None,outscraper
"My CPA, PA",+1 954-894-2003,,,25.7097758,-80.28195869999999,33146,5.0,80.0,Certified public accountant,None,outscraper
"Forensic Accountants & Consultants, P.A.",+1 305-989-1230,,,25.7600327,-80.2593345,33134,5.0,1.0,Accounting firm,None,outscraper
"Dawson & Associates, CPA",+1 305-443-1500,,,25.7469808,-80.2569012,33134,5.0,1.0,Certified public accountant,None,outscraper
Samlut & Company,+1 305-461-9518,,,25.747948899999997,-80.2659548,33134,4.5,8.0,Accounting firm,None,outscraper
AbitOs Accountants + Advisors,+1 305-774-2945,,,25.7505737,-80.25971179999999,33134,4.0,12.0,Certified public accountant,None,outscraper
Tax House Gables,+1 786-829-3261,,,25.751582,-80.2165167,33145,5.0,101.0,Tax preparation,None,outscraper
Fernando L Ortiz Pa,+1 305-444-7333,,,25.753794199999998,-80.25757469999999,33134,5.0,5.0,Accountant,None,outscraper
Arturo J. Martinez Jr. CPA,+1 305-442-4216,,,25.753366999999997,-80.261101,33134,,,Certified public accountant,None,outscraper
The Tax Team,+1 305-269-8445,,,25.7509852,-80.2553607,33134,4.7,120.0,Tax preparation,None,outscraper
DAN TAX Financial Services,+1 305-455-6194,,,25.7456756,-80.26129569999999,33134,4.6,10.0,Tax preparation service,None,outscraper
"Thomas D. Alfano, CPA, PA",+1 305-665-2010,,,25.7077232,-80.2832859,33146,5.0,2.0,Accountant,None,outscraper
"Garcia Espinosa Miyares Rodriguez Trueba & Co., LLP",+1 305-529-5440,,,25.747832799999998,-80.25472529999999,33134,4.0,12.0,Certified public accountant,None,outscraper
Tax Capital Group,+1 305-400-8800,,,25.7444821,-80.2596311,33134,4.6,11.0,Accounting firm,None,outscraper
"Hoyos & Aguilar, P.A.",+1 305-444-2500,,,25.764239699999997,-80.259365,33134,,,Certified public accountant,None,outscraper
"Teresa De La Rosa, C.P.A",+1 305-385-1099,,,25.763997699999997,-80.25948029999999,33134,4.0,4.0,Accounting firm,None,outscraper
Cantera Tax Services,+1 305-856-0056,,,25.750262,-80.232438,33145,5.0,1.0,Accountant,None,outscraper
"J M Martinez CPA, PA",+1 305-445-7554,,,25.7533724,-80.2591637,33134,5.0,2.0,Accountant,None,outscraper
"Forensic Accountants & Consultants, P.A.",+1 813-382-0805,,,25.7600327,-80.2593345,33134,5.0,1.0,Certified public accountant,None,outscraper
Perez Luis,+1 305-448-0542,,,25.753684699999997,-80.2552493,33134,5.0,3.0,Accountant,None,outscraper
"Francisco J. Villegas, CPA, P.A.",+1 305-441-2105,,,25.746985,-80.2569199,33134,4.0,4.0,Accountant,None,outscraper
Villate Joseph CPA,+1 305-541-4714,,,25.7445178,-80.2596452,33134,4.7,3.0,Accountant,None,outscraper
AVIDD FINANCIAL STUDIO INC,+1 305-902-2848,,,25.7466851,-80.2588885,33134,5.0,41.0,Tax preparation service,None,outscraper
Accounting to Scale,+1 305-503-2814,,,25.748340799999998,-80.32631239999999,33155,5.0,170.0,Accounting firm,None,outscraper
"Verdeja and Alvarez, LLP",+1 305-446-3177,,,25.752288699999998,-80.2600535,33134,5.0,3.0,Accounting firm,None,outscraper
Padgett Business Services,+1 305-740-9200,,,25.7523266,-80.2605568,33134,5.0,2.0,Accountant,None,outscraper
Prats Fernández & Company,+1 305-444-8333,,,25.7625,-80.258647,33134,5.0,1.0,Accountant,None,outscraper
"PAAST, P.L.",+1 305-567-0150,,,25.752381099999997,-80.2600093,33134,5.0,3.0,Accounting firm,None,outscraper
"Ruiz, Lopez, CPA, P.A.",+1 786-720-6502,,,25.748529299999998,-80.2583636,33134,,,Certified public accountant,None,outscraper
"Pribramsky & Company, CPAs",+1 305-901-5652,,,25.7529118,-80.2550875,33134,5.0,1.0,Certified public accountant,None,outscraper
Juan A Figueroa CPA PA,+1 305-448-5844,,,25.762493499999998,-80.2587034,33134,5.0,2.0,Accountant,None,outscraper
Jordan Ricardo & Company P.L.,+1 305-447-8555,,,25.7523685,-80.2600623,33134,5.0,3.0,Accountant,None,outscraper
Cortes Accounting & Associates,+1 305-901-1404,,,25.747696899999998,-80.2547889,33134,5.0,1.0,Accountant,None,outscraper
Castillo & Co,+1 305-446-4670,,,25.7338202,-80.2588181,33146,,,Accountant,None,outscraper
Max Your Tax Inc.,+1 786-953-8620,,,25.7647935,-80.25581869999999,33134,4.6,83.0,Tax preparation service,None,outscraper
"RODR1GUEZ, CPA",+1 786-924-1652,,,25.751735399999998,-80.2572661,33134,,,Certified public accountant,None,outscraper
Goldstein Schechter Koch Coral Gables,+1 305-442-6323,,,25.753365499999997,-80.25776909999999,33134,,,Accountant,None,outscraper
Secure Accounting Miami,+1 954-613-8033,,,25.7513872,-80.25957439999999,33134,4.3,6.0,Accounting firm,None,outscraper
ACCOUNTING EXPRESS ENTERPRISES INC,+1 305-443-2528,,,25.7716526,-80.2711578,33134,4.7,14.0,Tax preparation service,None,outscraper
"Jiron & Company, CPA, PA",+1 305-443-1068,,,25.763528599999997,-80.2802598,33134,,,Certified public accountant,None,outscraper
A & E Garcia PA,+1 305-444-2213,,,25.7532952,-80.2580065,33134,3.6,5.0,Accountant,None,outscraper
Financial Forensic Group,+1 305-200-8785,,,25.748469099999998,-80.2581627,33134,5.0,9.0,Certified public accountant,None,outscraper
ANFRA Business Solutions,+1 305-562-1884,,,25.752340699999998,-80.2606423,33134,5.0,16.0,Accountant,None,outscraper
"ZOMMA Group, LLP",+1 305-444-8288,,,25.752454399999998,-80.2618392,33134,5.0,2.0,Accounting firm,None,outscraper
Amada Lopez-Cantera CPA,+1 305-854-1040,,,25.7503019,-80.2324259,33145,,,Accountant,None,outscraper
"Hakim & Zafar, CPA & Advisory Services",+1 855-326-1215,,,25.725206399999998,-80.3146273,33155,4.9,56.0,Certified public accountant,None,outscraper
IncSight,+1 844-327-9272,,,25.751279,-80.25956699999999,33134,4.6,50.0,Certified public accountant,None,outscraper
"Diaz, Luis E CPA",+1 305-666-7229,,,25.7266896,-80.263211,33146,5.0,1.0,Certified public accountant,None,outscraper
Accountant Partners,+1 786-321-3033,,,25.751314999999998,-80.21856269999999,33145,2.0,1.0,Accountant,None,outscraper
Bayardo N Aguilar Jr CPA PA,+1 786-773-2399,,,25.7077232,-80.2832859,33146,,,Accountant,None,outscraper
"Urbina CPA, PA",+1 305-564-4555,,,25.745975899999998,-80.2616862,33134,,,Accountant,None,outscraper
JM CPA GROUP,+1 305-677-3677,,,25.779007,-80.26444,33126,5.0,14.0,Certified public accountant,None,outscraper
Olympus Tax Resolution LLC,+1 833-554-7743,,,25.751412799999997,-80.2564905,33134,5.0,13.0,Tax attorney,None,outscraper
BETAM PROFESSIONAL SERVICES,+1 305-630-8410,,,25.763901999999998,-80.285029,33134,5.0,13.0,Tax consultant,None,outscraper
"Viciana & Shafer, P.A.",+1 305-444-8288,,,25.752454399999998,-80.2618392,33134,5.0,1.0,Certified public accountant,None,outscraper
Collado & Company P.A.,+1 305-643-2837,,,25.7477885,-80.25471449999999,33134,5.0,4.0,Accounting firm,None,outscraper
DKL Consultant LLC,+1 786-428-8382,,,25.758546199999998,-80.2586925,33134,4.9,42.0,Tax consultant,None,outscraper
Gables Estates Tax & Advisory,+1 305-665-5508,,,25.751321599999997,-80.262164,33134,,,Tax preparation service,None,outscraper
Cba,+1 305-448-8700,,,25.762496799999997,-80.25874139999999,33134,,,Certified public accountant,None,outscraper
Kaufman & Co Pa,+1 305-455-0314,,,25.7523558,-80.2601208,33134,5.0,1.0,Accountant,None,outscraper
GUTIERREZ | MADARIAGA - CPA FIRM CORAL GABLES,+1 305-482-3208,,,25.748469099999998,-80.2581627,33134,,,Certified public accountant,None,outscraper
Taxleaf Coral Gables,+1 305-384-4774,,,25.7408009,-80.253929,33133,5.0,1.0,Accounting firm,None,outscraper
Synchrony Tax Group Inc.,+1 305-476-9139,,,25.753684999999997,-80.25524899999999,33134,3.0,2.0,Accounting firm,None,outscraper
Jeremiahs Service Corp,+1 305-354-6359,,,25.7503608,-80.2569431,33134,4.3,6.0,Accounting firm,None,outscraper
Prominent Financial Consultants,+1 305-396-2000,,,25.7564426,-80.258545,33134,4.7,46.0,Financial consultant,None,outscraper
LaPadula Carlson & Co CPA,+1 305-529-9300,,,25.747959899999998,-80.26591789999999,33134,5.0,1.0,Certified public accountant,None,outscraper
"Michael Mermelstein, CPA",+1 305-444-2142,,,25.7423131,-80.2580065,33134,4.0,4.0,Accountant,None,outscraper
David M. Garvin,+1 305-371-8101,,,25.750091599999998,-80.2584454,33134,4.9,74.0,Accountant,None,outscraper
"HLB Gravier, LLP",+1 305-446-3022,,,25.733788399999998,-80.2588949,33146,5.0,2.0,Accountant,None,outscraper
RSM US LLP,+1 305-446-0114,,,25.746014,-80.257352,33134,5.0,1.0,Accountant,None,outscraper
Gables Elite Insurance Inc,+1 305-448-2887,,,25.755836,-80.2573984,33134,5.0,80.0,Home insurance agency,None,outscraper
GreatFlorida Insurance: Mike Carcas,+1 305-461-3232,,,25.765363299999997,-80.25783229999999,33134,5.0,148.0,Insurance agency,None,outscraper
Univista Insurance,+1 305-402-4899,,,25.7469821,-80.2569147,33134,5.0,13.0,Insurance agency,None,outscraper
Leticia Insurance Agency,+1 305-631-2094,,,25.7634208,-80.28464629999999,33134,4.8,50.0,Insurance broker,None,outscraper
Complete Insurance Agency,+1 305-667-7717,,,25.765585599999998,-80.2578432,33134,5.0,7.0,Insurance agency,None,outscraper
Borbolla Insurance Agencies Inc: Allstate Insurance,+1 877-217-7445,,,25.7459816,-80.2612614,33134,4.8,298.0,Insurance agency,None,outscraper
Golden Gables Insurance,+1 305-442-2187,,,25.748296,-80.3106066,33155,,,Insurance agency,None,outscraper
Elite Insurance Connection,+1 305-733-4047,,,25.763901999999998,-80.285029,33134,5.0,8.0,Insurance agency,None,outscraper
Del Toro Insurance,+1 305-698-0899,,,25.758523399999998,-80.2592042,33134,4.6,34.0,Insurance agency,None,outscraper
wyn insurance,+1 305-521-9082,,,25.7503404,-80.2570322,33134,4.7,12.0,Insurance agency,None,outscraper
RRJ Insurance Services of Florida,+1 305-614-0055,,,25.7498081,-80.2605636,33134,,,Insurance agency,None,outscraper
"Brightway Insurance, The Pagola Agency",+1 786-216-8058,,,25.6805302,-80.3154131,33156,5.0,120.0,Insurance agency,None,outscraper
Sunset Insurance Corporation,+1 305-661-2377,,,25.755814599999997,-80.2570265,33134,5.0,5.0,Insurance agency,None,outscraper
We Insure Coral Gables - Rick Leal,+1 305-921-4057,,,25.747899,-80.254725,33134,4.7,23.0,Insurance agency,None,outscraper
"One Insurance Services, LLC.",+1 305-445-3535,,,25.7455547,-80.2618206,33134,3.4,18.0,Insurance agency,None,outscraper
WeDo Insurance & Taxes,+1 305-432-3966,,,25.7635841,-80.28201299999999,33134,5.0,254.0,Insurance agency,None,outscraper
Gus Cisneros - State Farm Insurance Agent,+1 305-826-8222,,,25.756466999999997,-80.25916099999999,33134,4.8,270.0,Insurance agency,None,outscraper
Ileana Cabrera-Rodriguez - State Farm Insurance Agent,+1 305-529-9966,,,25.754701999999998,-80.258494,33134,4.5,33.0,Insurance agency,None,outscraper
Continental Insurance Brokers,+1 305-262-5600,,,25.7706563,-80.2859306,33134,4.6,36.0,Insurance agency,None,outscraper
"Brightway Insurance, The Debs Agency",+1 305-668-7070,,,25.704938199999997,-80.28520619999999,33143,4.9,13.0,Insurance agency,None,outscraper
A1-Stop Insurance Agency Inc.,+1 305-441-7100,,,25.763954599999998,-80.2594886,33134,4.7,11.0,Insurance agency,None,outscraper
RiskSmart Advisors dba John Galt Insurance,+1 305-209-3102,,,25.7504647,-80.227631,33145,5.0,21.0,Insurance broker,None,outscraper
"A Group Services, Inc",+1 305-774-1112,,,25.7529118,-80.2550875,33134,4.9,29.0,Home insurance agency,None,outscraper
EME INSURANCE GROUP,+1 305-300-6187,,,25.7570464,-80.25917679999999,33134,5.0,49.0,Insurance agency,None,outscraper
Garcia Lorenzo & Associates,+1 305-266-8195,,,25.7503608,-80.2569431,33134,5.0,4.0,Auto insurance agency,None,outscraper
A & R Insurance Services Inc,+1 305-441-0100,,,25.7533945,-80.2614126,33134,5.0,1.0,Home insurance agency,None,outscraper
Univista Insurance,+1 305-622-2739,,,25.7503377,-80.257021,33134,5.0,46.0,Auto insurance agency,None,outscraper
Sirianni Insurance Corp.,+1 305-510-4510,,,25.751363299999998,-80.25853529999999,33134,4.9,50.0,Auto insurance agency,None,outscraper
South Florida Insurance Brokers,+1 786-303-8065,,,25.7494308,-80.251885,33145,5.0,170.0,Insurance broker,None,outscraper
The De Goti Group,+1 305-400-0540,,,25.7474578,-80.2557209,33134,5.0,5.0,Insurance agency,None,outscraper
"Sunstate Insurance Group, Inc.",+1 305-446-2112,,,25.7336197,-80.25674649999999,33146,5.0,6.0,Insurance agency,None,outscraper
"Consumer Land Title Insurance Agency, Inc.",+1 305-448-4701,,,25.7539142,-80.26022329999999,33134,4.4,7.0,Title company,None,outscraper
Macpherson Insurance Agency Inc.,+1 305-669-5288,,,25.7509852,-80.2553607,33134,5.0,1.0,Insurance agency,None,outscraper
Carlos Martinez - State Farm Insurance Agent,+1 305-663-4921,,,25.7098795,-80.28146629999999,33146,5.0,100.0,Insurance agency,None,outscraper
Doral Isles Insurance,+1 305-791-4872,,,25.740819,-80.278453,33134,,,Insurance agency,None,outscraper
Gadit Insurance Agency,+1 201-744-4024,,,25.754066599999998,-80.26131649999999,33134,4.1,9.0,Insurance agency,None,outscraper
Floridian Choice Insurance,+1 305-857-9880,,,25.7503404,-80.2570322,33134,4.6,7.0,Insurance agency,None,outscraper
GreatFlorida Insurance: Ana Patricia Arguello,+1 786-409-2211,,,25.711398199999998,-80.279535,33146,5.0,37.0,Insurance agency,None,outscraper
GoldenTrust Insurance Coral Gables,+1 305-648-7150,,,25.7444821,-80.2596311,33134,5.0,36.0,Insurance agency,None,outscraper
Allegiant Insurance Group,+1 786-443-6572,,,25.750425,-80.2459411,33145,5.0,5.0,Insurance agency,None,outscraper
We Insure Miami - Randy Marzullo,+1 786-801-3514,,,25.7077085,-80.2832772,33146,4.6,34.0,Insurance agency,None,outscraper
HUB International,+1 305-842-3600,,,25.762493499999998,-80.2587034,33134,4.0,21.0,Insurance agency,None,outscraper
Ramon Balladares: Allstate Insurance,+1 305-859-8556,,,25.7503933,-80.2277369,33145,4.5,14.0,Insurance agency,None,outscraper
Comfort Insurance & Finances - Joshua Amador,+1 913-439-5846,,,25.752672,-80.25729919999999,33134,,,Insurance agency,None,outscraper
Insurance Office of America,+1 800-243-6899,,,25.7492579,-80.2592799,33134,1.0,1.0,Insurance broker,None,outscraper
Allstate Insurance: Andres Guilarte,+1 305-445-7004,,,25.753670999999997,-80.25519,33134,4.8,4.0,Insurance agency,None,outscraper
Dulcinea Insurance Agency,+1 786-910-9487,,,25.7505094,-80.2248043,33145,5.0,1046.0,Health insurance agency,None,outscraper
DFI INSURANCE COMPANY,+1 305-665-1903,,,25.7097105,-80.2819801,33146,4.8,367.0,Home insurance agency,None,outscraper
Oscar Dubon: Allstate Insurance,+1 305-964-3786,,,25.7049026,-80.2852843,33143,5.0,102.0,Insurance agency,None,outscraper
Palm Beach Insurance Consultants,+1 305-860-1052,,,25.753895399999998,-80.23812459999999,33145,4.4,22.0,Insurance agency,None,outscraper
Gables Insurance Recovery Inc,+1 305-273-5566,,,25.7265248,-80.2634506,33146,5.0,4.0,Insurance agency,None,outscraper
"Alliant Insurance Services, Inc.",+1 305-421-0900,,,25.7637006,-80.2564044,33134,1.0,1.0,Insurance broker,None,outscraper
Arco Agent Insurance,+1 305-421-6355,,,25.754280599999998,-80.2590518,33134,3.0,2.0,Insurance agency,None,outscraper
Ania Insurance Group Inc,+1 305-448-5156,,,25.747722,-80.25473989999999,33134,2.8,14.0,Insurance agency,None,outscraper
United Agency,+1 786-552-9790,,,25.7464837,-80.2594403,33134,1.0,1.0,Insurance agency,None,outscraper
Univista Insurance,+1 786-671-3255,,,25.750710599999998,-80.22153139999999,33145,5.0,331.0,Auto insurance agency,None,outscraper
FC and Associates agency,+1 786-269-2977,,,25.7473155,-80.2582243,33134,,,Insurance agency,None,outscraper
NSI Insurance Coral Gables,+1 305-265-0112,,,25.7509661,-80.303921,33155,5.0,3.0,Home insurance agency,None,outscraper
Univista Insurance,+1 786-633-2712,,,25.7499918,-80.2401077,33145,5.0,437.0,Auto insurance agency,None,outscraper
Florida Insurance Enterprises Agency Corporation,+1 305-262-5717,,,25.7484452,-80.3152039,33155,4.2,5.0,Insurance agency,None,outscraper
Serrod Insurance Agency Now Proudly Partnered with Acentria Insurance,+1 305-445-6441,,,25.7524895,-80.2623618,33134,5.0,1.0,Insurance agency,None,outscraper
Insurance Connection Group,+1 786-323-7111,,,25.763901999999998,-80.285029,33134,5.0,3.0,Insurance agency,None,outscraper
Pacific Insurance,+1 305-434-8647,,,25.7503608,-80.2569431,33134,,,Insurance agency,None,outscraper
"R.A. Brandon & Company, Inc.",+1 305-442-2340,,,25.750543,-80.25915379999999,33134,5.0,12.0,Insurance agency,None,outscraper
Alhambra Insurance,+1 305-774-9210,,,25.762378599999998,-80.3051605,33144,4.8,125.0,Home insurance agency,None,outscraper
Neighbors Insurance Agency,+1 305-265-8585,,,25.7299531,-80.3095372,33155,4.9,940.0,Insurance agency,None,outscraper
"Coastal Insurance Partners, LLC",+1 786-810-4030,,,25.7325047,-80.256129,33146,1.0,1.0,Insurance agency,None,outscraper
Prime Vista Insurance FL,+1 305-204-5570,,,25.7648922,-80.2583114,33134,3.5,8.0,Health insurance agency,None,outscraper
E&L Insurance,+1 305-541-1002,,,25.760745999999997,-80.2384366,33135,5.0,454.0,Home insurance agency,None,outscraper
"Miami International Insurance Agency, Inc.",+1 305-856-3333,,,25.7578414,-80.23082579999999,33145,5.0,18.0,Insurance agency,None,outscraper
Assure America Title Company,+1 305-908-1123,,,25.7570339,-80.2591846,33134,5.0,4.0,Title company,None,outscraper
Ensure Health Agency,+1 305-500-0055,,,25.753618799999998,-80.2589879,33134,5.0,4.0,Health insurance agency,None,outscraper
quintana insurance agency,+1 305-446-5063,,,25.763688799999997,-80.2804324,33134,,,Insurance agency,None,outscraper
Elite Underwriters inc,+1 305-203-1049,,,25.7524968,-80.2569058,33134,,,Insurance broker,None,outscraper
Copeland Insurance Group - Florida,+1 305-728-3100,,,25.7474414,-80.2620247,33134,5.0,1.0,Insurance agency,None,outscraper
Just Insurance Brokers,+1 786-687-4041,,,25.763935399999998,-80.28496229999999,33134,,,Insurance agency,None,outscraper
Lizard Financial,+1 305-340-8227,,,25.752783599999997,-80.25727979999999,33134,,,Insurance agency,None,outscraper
Gables Assurance Group,+1 800-647-0608,,,25.7087875,-80.2821833,33146,1.0,1.0,Insurance agency,None,outscraper
Vitae Group,+1 305-824-2800,,,25.7474891,-80.26149079999999,33134,4.9,121.0,Insurance agency,None,outscraper
Insurance Guy Inc,+1 305-668-7100,,,25.702634099999997,-80.2908527,33143,4.9,72.0,Insurance agency,None,outscraper
Thomas Keane Financial,+1 786-402-7782,,,25.7474891,-80.26149079999999,33134,5.0,1.0,Life insurance agency,None,outscraper
CoverDad,+1 305-934-7840,,,25.754280599999998,-80.2590518,33134,5.0,23.0,Insurance agency,None,outscraper
LifeQuote,+1 800-521-7873,,,25.751548999999997,-80.256388,33134,5.0,3.0,Life insurance agency,None,outscraper
The Sena Group,+1 754-208-0947,,,25.7517292,-80.2612532,33134,4.9,13.0,Insurance agency,None,outscraper
Fortun & Co.,+1 305-395-4444,,,25.744902999999997,-80.260223,33134,5.0,5.0,Insurance agency,None,outscraper
"PTL Insurance Associates, Inc.",+1 305-262-7094,,,25.7484207,-80.31183109999999,33155,4.7,51.0,Insurance agency,None,outscraper
Univista Insurance,+1 786-272-9119,,,25.7634999,-80.28438059999999,33134,4.9,89.0,Auto insurance agency,None,outscraper
Arthur A Finkle Insurance,+1 305-442-2003,,,25.753371599999998,-80.25912029999999,33134,5.0,1.0,Insurance agency,None,outscraper
Soto Insurance Financial,+1 786-664-7686,,,25.749029,-80.262109,33134,5.0,2.0,Insurance agency,None,outscraper
"Continental Insurance Agency, Inc.",+1 305-445-6550,,,25.7478038,-80.2542788,33145,3.0,2.0,Insurance agency,None,outscraper
Ponce Insuranc LLC,+1 786-829-6106,,,25.753693,-80.2585977,33134,3.0,2.0,Insurance agency,None,outscraper
Estrella Insurance,+1 305-503-4120,,,25.7445381,-80.2377853,33133,4.8,147.0,Auto insurance agency,None,outscraper
MDW Insurance Group,+1 305-444-2324,,,25.7533443,-80.2620836,33134,5.0,3.0,Insurance agency,None,outscraper
MassMutual Miami,+1 305-648-2445,,,25.753371599999998,-80.25912029999999,33134,5.0,1.0,Insurance agency,None,outscraper
Suprainvest USA,+1 305-670-5188,,,25.7540506,-80.2594089,33134,5.0,1.0,Insurance broker,None,outscraper
Fortun Insurance Inc,+1 305-461-0428,,,25.745961599999998,-80.2615683,33134,5.0,1.0,Insurance agency,None,outscraper
Estrella Insurance,+1 305-262-7800,,,25.764854699999997,-80.2553714,33134,4.9,162.0,Auto insurance agency,None,outscraper
Northwestern Mutual - The Coral Gables Group,+1 305-448-5666,,,25.7524385,-80.25927089999999,33134,4.6,11.0,Insurance agency,None,outscraper
Private Risk Managers,+1 305-728-0510,,,25.751719599999998,-80.2600626,33134,5.0,3.0,Insurance agency,None,outscraper
Perez Insurance Agency LLC,+1 786-784-8186,,,25.702634099999997,-80.2908527,33143,5.0,7.0,Health insurance agency,None,outscraper
"Douglas Elliman Real Estate Office in Coral Gables, FL",+1 305-695-6060,,,25.7048272,-80.2831424,33143,5.0,2.0,Real estate agency,None,outscraper
Oscar Arellano - Coral Gables Realtor,+1 305-525-7324,,,25.7340183,-80.2589635,33146,5.0,67.0,Real estate agency,None,outscraper
Keller Williams Realty: Grace Izquierdo | Homes by Grace,+1 305-244-1459,,,25.747948899999997,-80.2659548,33134,4.9,26.0,Real estate agent,None,outscraper
Carmen Siman - Siman Real Estate @ Keyes,+1 305-986-9004,,,25.748523199999998,-80.2625406,33134,5.0,33.0,Real estate agent,None,outscraper
Gables Neighbors Realty,+1 786-663-5208,,,25.7513418,-80.2590994,33134,5.0,72.0,Real estate agency,None,outscraper
Mega Luxe Homes,+1 305-204-2462,,,25.747948899999997,-80.2659548,33134,5.0,90.0,Real estate agency,None,outscraper
Kerdyk Real Estate,+1 305-446-2586,,,25.7473031,-80.2584085,33134,5.0,80.0,Real estate agency,None,outscraper
Miranda & Co. Realty,+1 786-895-6001,,,25.753372,-80.25912,33134,5.0,11.0,Real estate agency,None,outscraper
"The Hoffmann Group Real Estate, LLC.",+1 305-240-0043,,,25.752672,-80.25729919999999,33134,4.8,22.0,Real estate agency,None,outscraper
"Deana Torres - Real Estate Agent, Miami FL",+1 305-905-2627,,,25.7503086,-80.2568312,33134,5.0,12.0,Real estate agent,None,outscraper
"Serrano & Associates Real Estate LLC - Estela Serrano, Broker.",+1 305-521-3290,,,25.750805699999997,-80.2191355,33145,4.9,67.0,Real estate agent,None,outscraper
"Beatriz Navarro Goudie, Antilles Realty",+1 786-338-0245,,,25.7474891,-80.26149079999999,33134,5.0,45.0,Real estate agency,None,outscraper
AG REALTY BROKERS,+1 954-995-0344,,,25.7513872,-80.25957439999999,33134,5.0,29.0,Real estate agency,None,outscraper
Aria Global Realty,+1 305-905-3370,,,25.7503608,-80.2569431,33134,5.0,53.0,Real estate agency,None,outscraper
LA PREMIERE Realty,+1 305-927-8103,,,25.740857499999997,-80.2786951,33134,5.0,28.0,Real estate agency,None,outscraper
Berkshire Hathaway HomeServices EWM Realty,+1 305-960-2500,,,25.7235122,-80.2649313,33146,4.5,23.0,Real estate agency,None,outscraper
"Katerina Bucciarelli, Coral Gables Real Estate Broker, Innovatio Realty Group Miami Florida",+1 646-217-1011,,,25.7344032,-80.25674339999999,33146,5.0,23.0,Real estate agency,None,outscraper
The Sanchez Team – Coral Gables Real Estate Agents | Douglas Elliman,+1 786-567-0386,,,25.7048272,-80.2831424,33143,5.0,6.0,Real estate agency,None,outscraper
Julian Acosta - Coral Gables Realtor at Compass,+1 786-473-2565,,,25.7048724,-80.2830882,33143,5.0,72.0,Real estate agent,None,outscraper
"Maria Acosta, Realtor",+1 305-322-1973,,,25.747948899999997,-80.2659548,33134,5.0,28.0,Real estate agency,None,outscraper
Keller Williams Capital Realty,+1 305-662-7325,,,25.747948899999997,-80.2659548,33134,4.2,23.0,Real estate agency,None,outscraper
One Sotheby's International Realty,+1 305-666-0562,,,25.7048517,-80.282594,33143,3.9,7.0,Real estate agency,None,outscraper
Gravity Real Estate | Top Miami Realtors,+1 305-726-2100,,,25.711398199999998,-80.279476,33146,5.0,41.0,Real estate agency,None,outscraper
RE/MAX United Realty,+1 305-575-2727,,,25.757066599999998,-80.2587209,33134,4.2,5.0,Real estate agency,None,outscraper
Camila Maz Real Estate,+1 305-300-8880,,,25.748523199999998,-80.2625406,33134,5.0,35.0,Real estate agent,None,outscraper
Dream Life Realty,None,,,25.7564426,-80.258545,33134,4.4,36.0,Real estate agency,None,outscraper
Ocean Palm Realty,+1 305-456-6630,,,25.7443806,-80.26036119999999,33134,4.4,7.0,Real estate agency,None,outscraper
Coldwell Banker Realty: Oliver Ruiz,+1 305-984-4875,,,25.7340183,-80.2589635,33146,4.9,63.0,Real estate agent,None,outscraper
Michael Cabral - Real Estate Sales Force,+1 786-449-9694,,,25.7641189,-80.2593591,33134,5.0,39.0,Real estate agent,None,outscraper
"Premier Enterprise Realty, LLC -100% Commission, No Fees, No Split for Agents",+1 305-896-5564,,,25.756018599999997,-80.25858889999999,33134,4.7,12.0,Real estate agency,None,outscraper
"Sebastian Garcia, Compass Florida, LLC",+1 305-613-0372,,,25.7255696,-80.2645611,33146,5.0,78.0,Real estate agent,None,outscraper
17 Real Estate Brokers,+1 786-693-3910,,,25.7564331,-80.2585733,33134,4.3,11.0,Real estate agency,None,outscraper
REMAX 360 Real Estate,+1 305-602-0360,,,25.7325154,-80.2582041,33146,3.3,14.0,Real estate agency,None,outscraper
The Source Real Estate,+1 305-462-7820,,,25.7244551,-80.3149456,33155,5.0,45.0,Real estate agency,None,outscraper
Integrated Realty of Florida,+1 305-539-3857,,,25.7533894,-80.2613011,33134,5.0,1.0,Real estate agency,None,outscraper
SunLife Realtors,+1 305-777-0320,,,25.7338578,-80.2587047,33146,5.0,52.0,Real estate agency,None,outscraper
Real Estate Sales Force,+1 305-392-1497,,,25.7638988,-80.259484,33134,4.2,18.0,Real estate agency,None,outscraper
"ReMax 360 Real Estate, Cynthia Lamaa",+1 305-778-8944,,,25.732507599999998,-80.2581589,33146,5.0,31.0,Real estate agent,None,outscraper
"Maruja Gil PA, Realtor",+1 305-812-1454,,,25.747949,-80.26595499999999,33134,5.0,30.0,Real estate agency,None,outscraper
Valencia Team - Keller Williams Capital Realty,+1 305-471-4800,,,25.747948899999997,-80.2659548,33134,4.6,27.0,Real estate agency,None,outscraper
LUXE Properties,+1 305-438-7764,,,25.7509551,-80.2555253,33134,4.6,158.0,Real estate agency,None,outscraper
Winsome Realty,+1 305-615-2807,,,25.729496299999997,-80.259695,33146,5.0,14.0,Real estate agency,None,outscraper
RE/MAX United Realty: Matilde Aguirre,+1 305-606-1069,,,25.757077199999998,-80.25856569999999,33134,5.0,2.0,Real estate agency,None,outscraper
The Orange Group Real Estate Corp.,+1 786-326-8436,,,25.751170899999998,-80.2583879,33134,5.0,3.0,Real estate agency,None,outscraper
"The lab realty group, llc",+1 786-791-7433,,,25.752288699999998,-80.2600535,33134,4.1,18.0,Real estate agency,None,outscraper
Brokers International Realty,+1 786-972-4511,,,25.7503945,-80.2284612,33145,5.0,13.0,Real estate agency,None,outscraper
Sea Grove Realty,+1 305-402-4165,,,25.747722,-80.25473989999999,33134,4.6,11.0,Real estate agency,None,outscraper
Address Real Estate LLC,+1 786-664-8661,,,25.750937399999998,-80.25557409999999,33134,5.0,6.0,Real estate agent,None,outscraper
Bankers Real Estate Partners,+1 305-461-0667,,,25.7442419,-80.2597633,33134,5.0,4.0,Real estate agency,None,outscraper
Solis Chirino Group at Douglas Elliman Real Estate,+1 786-253-7653,,,25.704781999999998,-80.28319669999999,33143,5.0,30.0,Real estate agency,None,outscraper
5 Stars Realty,+1 786-338-1648,,,25.7459948,-80.2609432,33134,5.0,17.0,Real estate agency,None,outscraper
Marvin Arrieta Real Estate,+1 305-609-5719,,,25.7340275,-80.2590105,33146,5.0,13.0,Real estate agency,None,outscraper
"Alexandra Zeidan, Douglas Elliman, Real Estate Agent",+1 786-505-0565,,,25.7048724,-80.2830882,33143,5.0,59.0,Real estate agency,None,outscraper
"John Patrick Curry, Real Estate Broker for Augmented Realty",+1 305-582-2169,,,25.7503608,-80.2569431,33134,5.0,17.0,Real estate agent,None,outscraper
Miami Realtor,+1 240-618-6869,,,25.747975099999998,-80.266077,33134,5.0,3.0,Real estate agent,None,outscraper
Premier Elite Realty,+1 305-442-2122,,,25.7503539,-80.2625781,33134,5.0,9.0,Real estate agency,None,outscraper
"Justin Trujillo, Realtor - Berkshire Hathaway HomeServices EWM Realty",+1 305-978-8470,,,25.7235122,-80.2649313,33146,5.0,70.0,Real estate agent,None,outscraper
The Jills Zeder Group Miami,+1 786-822-0989,,,25.7340275,-80.2590105,33146,5.0,22.0,Real estate agency,None,outscraper
RelatedISG Realty - Coral Gables,+1 305-774-9522,,,25.751170899999998,-80.2583879,33134,5.0,7.0,Real estate agency,None,outscraper
Berkshire Hathaway HomeServices EWM Realty | LRF Group,+1 786-376-3372,,,25.7235122,-80.2649313,33146,4.6,9.0,Real estate agency,None,outscraper
Michael Martinez Realtor,+1 305-979-9367,,,25.7048517,-80.282594,33143,4.8,18.0,Real estate agent,None,outscraper
The Keyes Company | Coral Gables,+1 305-443-7423,,,25.748539599999997,-80.26254109999999,33134,,,Real estate agency,None,outscraper
Miami Living Homes,+1 305-747-5117,,,25.7479552,-80.265946,33134,4.9,15.0,Real estate agent,None,outscraper
Andrew Grace South Florida Real Estate Advisor,+1 443-690-8446,,,25.7503852,-80.2625904,33134,5.0,13.0,Real estate agent,None,outscraper
Sierra Realty,+1 305-528-5845,,,25.711032,-80.279899,33146,2.9,9.0,Real estate agency,None,outscraper
R. Homes Luxury Developments,+1 786-865-3825,,,25.6512755,-80.2816552,33156,5.0,1.0,Real estate developer,None,outscraper
Coldwell Banker Realty,+1 305-667-4815,,,25.734001799999998,-80.2590085,33146,4.8,22.0,Real estate agency,None,outscraper
"Direct Realty Solutions, LLC",+1 305-418-9500,,,25.752639799999997,-80.2581721,33134,2.5,4.0,Real estate agency,None,outscraper
JLL Coral Gables Real Estate,+1 305-529-6345,,,25.7501201,-80.25845369999999,33134,2.3,3.0,Real estate agency,None,outscraper
Bianca Guevara P.A. | Luxury Real Estate,+1 786-632-2640,,,25.7509551,-80.2555253,33134,5.0,1.0,Real estate agency,None,outscraper
Jack McAlister Global Real Estate Advisor - ONE Sotheby’s Realty,+1 305-333-5454,,,25.7048517,-80.282594,33143,5.0,26.0,Real estate agency,None,outscraper
"The Ashley Cusack Team, Realtors ️",+1 305-798-8685,,,25.723563,-80.264898,33146,5.0,42.0,Real estate agent,None,outscraper
First Service Realty ERA Powered,+1 305-551-9400,,,25.7460773,-80.25466159999999,33134,3.0,2.0,Real estate agency,None,outscraper
Alberto Baca Real Estate Miami,+1 305-218-2504,,,25.748523199999998,-80.2625406,33134,5.0,18.0,Real estate agent,None,outscraper
Hidy Homes Team - Keller Williams Miami - Kathy Hidy,+1 305-606-6652,,,25.747948899999997,-80.2659548,33134,5.0,53.0,Real estate agent,None,outscraper
Jeremy Hanson Real Estate,+1 786-910-0836,,,25.7339,-80.2588,33146,5.0,23.0,Real estate agent,None,outscraper
Charter Realty Partners,+1 786-636-1936,,,25.748469099999998,-80.2581627,33134,5.0,10.0,Real estate agency,None,outscraper
AUGMENTED REALTY Real Estate Services,+1 305-582-2169,,,25.7503608,-80.2569431,33134,5.0,1.0,Real estate agency,None,outscraper
"Patricia Alvarado, REALTOR ️",+1 305-773-4091,,,25.7048517,-80.282594,33143,5.0,25.0,Real estate agency,None,outscraper
"Juliana Perez, Realtor - Berkshire Hathaway Home Services EWM Realty",+1 305-796-3984,,,25.7235122,-80.2649313,33146,5.0,13.0,Real estate agency,None,outscraper
"Liannette Cabral, P.A., Real Estate Agent",+1 305-766-9748,,,25.763954599999998,-80.2594886,33134,5.0,13.0,Real estate agent,None,outscraper
Magic City Realtors,+1 305-570-4898,,,25.7470148,-80.2563522,33134,3.0,2.0,Real estate agency,None,outscraper
"Andrew Alvarez | Realtor | Coconut Grove, Coral Gables, Shenandoah",+1 305-815-0318,,,25.748469099999998,-80.2581627,33134,4.8,11.0,Real estate agent,None,outscraper
Cristian Chavez & Nik Alvarez Realtors from Miami Home Hub with Keller Williams Realty,+1 786-214-1087,,,25.747948899999997,-80.2659548,33134,5.0,74.0,Real estate agent,None,outscraper
"Debra Wellins, Realtor - BHHS EWM Realty",+1 305-898-1852,,,25.7235122,-80.2649313,33146,5.0,15.0,Real estate agent,None,outscraper
Slice Realty,+1 305-801-7107,,,25.7608444,-80.2593567,33134,,,Real estate agency,None,outscraper
Berkshire Hathaway EWM Realty Miami. Lars Fitzgerald,+1 305-989-1171,,,25.7235122,-80.2649313,33146,5.0,23.0,Real estate agent,None,outscraper
Million | Redefine Lifestyle,+1 305-407-1415,,,25.728306,-80.26003879999999,33133,4.9,63.0,Real estate agency,None,outscraper
The Martonffy Group | Steven Martonffy | Claudia Martonffy | Real Estate Agent,+1 786-277-9258,,,25.748523199999998,-80.2625406,33134,5.0,78.0,Real estate agency,None,outscraper
"gables professional realty, inc.",+1 305-441-0904,,,25.7643375,-80.2602462,33134,4.2,13.0,Real estate agency,None,outscraper
Keller Williams Capital - Good to Close,+1 754-800-2220,,,25.747948899999997,-80.2659548,33134,3.0,2.0,Real estate consultant,None,outscraper
"Best Realtor Miami - Lauren Hershey, LUXE PROPERTIES",+1 305-842-9179,,,25.7339,-80.2588,33146,5.0,10.0,Real estate agent,None,outscraper
W Realty Miami,+1 305-321-4098,,,25.748469099999998,-80.2581627,33134,5.0,5.0,Real estate agency,None,outscraper
Realtor ® Julio E Moreno,+1 786-805-8275,,,25.753335,-80.26164539999999,33134,5.0,21.0,Real estate agent,None,outscraper
Prestige Sales Group,+1 305-992-1911,,,25.7474891,-80.26149079999999,33134,5.0,25.0,Real estate agency,None,outscraper
Ugarte Realty Inc,+1 305-553-1062,,,25.7534054,-80.2554986,33134,3.5,4.0,Real estate agency,None,outscraper
The Agency Real Estate,+1 305-778-0348,,,25.7077232,-80.2832859,33146,,,Real estate agency,None,outscraper
The Allen Morris Company,+1 305-443-1000,,,25.752491199999998,-80.2570398,33134,5.0,8.0,Real estate agency,None,outscraper
David Arnold,+1 305-924-2318,,,25.747948899999997,-80.2659548,33134,5.0,5.0,Real estate agent,None,outscraper
"Santa Stella Real Estate, Inc.",+1 786-426-6362,,,25.7526464,-80.26119969999999,33134,5.0,1.0,Real estate agency,None,outscraper
"Deana Torres - Real Estate Agent, Miami FL",+1 305-905-2627,,,25.7503086,-80.2568312,33134,5.0,12.0,Real estate agent,None,outscraper
Carmen Siman - Siman Real Estate @ Keyes,+1 305-986-9004,,,25.748523199999998,-80.2625406,33134,5.0,33.0,Real estate agent,None,outscraper
"Douglas Elliman Real Estate Office in Coral Gables, FL",+1 305-695-6060,,,25.7048272,-80.2831424,33143,5.0,2.0,Real estate agency,None,outscraper
Miami Realtor,+1 240-618-6869,,,25.747975099999998,-80.266077,33134,5.0,3.0,Real estate agent,None,outscraper
Oscar Arellano - Coral Gables Realtor,+1 305-525-7324,,,25.7340183,-80.2589635,33146,5.0,67.0,Real estate agency,None,outscraper
Keller Williams Realty: Grace Izquierdo | Homes by Grace,+1 305-244-1459,,,25.747948899999997,-80.2659548,33134,4.9,26.0,Real estate agent,None,outscraper
Gables Neighbors Realty,+1 786-663-5208,,,25.7513418,-80.2590994,33134,5.0,72.0,Real estate agency,None,outscraper
Julian Acosta - Coral Gables Realtor at Compass,+1 786-473-2565,,,25.7048724,-80.2830882,33143,5.0,72.0,Real estate agent,None,outscraper
Mega Luxe Homes,+1 305-204-2462,,,25.747948899999997,-80.2659548,33134,5.0,90.0,Real estate agency,None,outscraper
LA PREMIERE Realty,+1 305-927-8103,,,25.740857499999997,-80.2786951,33134,5.0,28.0,Real estate agency,None,outscraper
"The Hoffmann Group Real Estate, LLC.",+1 305-240-0043,,,25.752672,-80.25729919999999,33134,4.8,22.0,Real estate agency,None,outscraper
AG REALTY BROKERS,+1 954-995-0344,,,25.7513872,-80.25957439999999,33134,5.0,29.0,Real estate agency,None,outscraper
"Serrano & Associates Real Estate LLC - Estela Serrano, Broker.",+1 305-521-3290,,,25.750805699999997,-80.2191355,33145,4.9,67.0,Real estate agent,None,outscraper
Gravity Real Estate | Top Miami Realtors,+1 305-726-2100,,,25.711398199999998,-80.279476,33146,5.0,41.0,Real estate agency,None,outscraper
Kerdyk Real Estate,+1 305-446-2586,,,25.7473031,-80.2584085,33134,5.0,80.0,Real estate agency,None,outscraper
Coldwell Banker Realty,+1 305-667-4815,,,25.734001799999998,-80.2590085,33146,4.8,22.0,Real estate agency,None,outscraper
"Maria Acosta, Realtor",+1 305-322-1973,,,25.747948899999997,-80.2659548,33134,5.0,28.0,Real estate agency,None,outscraper
"Sebastian Garcia, Compass Florida, LLC",+1 305-613-0372,,,25.7255696,-80.2645611,33146,5.0,78.0,Real estate agent,None,outscraper
Coldwell Banker Realty: Oliver Ruiz,+1 305-984-4875,,,25.7340183,-80.2589635,33146,4.9,63.0,Real estate agent,None,outscraper
"Beatriz Navarro Goudie, Antilles Realty",+1 786-338-0245,,,25.7474891,-80.26149079999999,33134,5.0,45.0,Real estate agency,None,outscraper
Ocean Palm Realty,+1 305-456-6630,,,25.7443806,-80.26036119999999,33134,4.4,7.0,Real estate agency,None,outscraper
"Justin Trujillo, Realtor - Berkshire Hathaway HomeServices EWM Realty",+1 305-978-8470,,,25.7235122,-80.2649313,33146,5.0,70.0,Real estate agent,None,outscraper
Floridian First Realty,+1 305-667-5235,,,25.722182099999998,-80.26707909999999,33146,4.9,34.0,Real estate agency,None,outscraper
LUXE Properties,+1 305-438-7764,,,25.7509551,-80.2555253,33134,4.6,158.0,Real estate agency,None,outscraper
"ReMax 360 Real Estate, Cynthia Lamaa",+1 305-778-8944,,,25.732507599999998,-80.2581589,33146,5.0,31.0,Real estate agent,None,outscraper
Michael Cabral - Real Estate Sales Force,+1 786-449-9694,,,25.7641189,-80.2593591,33134,5.0,39.0,Real estate agent,None,outscraper
Aria Global Realty,+1 305-905-3370,,,25.7503608,-80.2569431,33134,5.0,53.0,Real estate agency,None,outscraper
"Katerina Bucciarelli, Coral Gables Real Estate Broker, Innovatio Realty Group Miami Florida",+1 646-217-1011,,,25.7344032,-80.25674339999999,33146,5.0,23.0,Real estate agency,None,outscraper
Camila Maz Real Estate,+1 305-300-8880,,,25.748523199999998,-80.2625406,33134,5.0,35.0,Real estate agent,None,outscraper
The Sanchez Team – Coral Gables Real Estate Agents | Douglas Elliman,+1 786-567-0386,,,25.7048272,-80.2831424,33143,5.0,6.0,Real estate agency,None,outscraper
Dream Life Realty,None,,,25.7564426,-80.258545,33134,4.4,36.0,Real estate agency,None,outscraper
17 Real Estate Brokers,+1 786-693-3910,,,25.7564331,-80.2585733,33134,4.3,11.0,Real estate agency,None,outscraper
Integrated Realty of Florida,+1 305-539-3857,,,25.7533894,-80.2613011,33134,5.0,1.0,Real estate agency,None,outscraper
Address Real Estate LLC,+1 786-664-8661,,,25.750937399999998,-80.25557409999999,33134,5.0,6.0,Real estate agent,None,outscraper
REMAX 360 Real Estate,+1 305-602-0360,,,25.7325154,-80.2582041,33146,3.3,14.0,Real estate agency,None,outscraper
Sea Grove Realty,+1 305-402-4165,,,25.747722,-80.25473989999999,33134,4.6,11.0,Real estate agency,None,outscraper
Brokers International Realty,+1 786-972-4511,,,25.7503945,-80.2284612,33145,5.0,13.0,Real estate agency,None,outscraper
The Keyes Company | Coral Gables,+1 305-443-7423,,,25.748539599999997,-80.26254109999999,33134,,,Real estate agency,None,outscraper
Antilles Realty Miami,+1 786-963-7026,,,25.7475539,-80.2619213,33134,5.0,2.0,Real estate agency,None,outscraper
RE/MAX United Realty,+1 305-575-2727,,,25.757066599999998,-80.2587209,33134,4.2,5.0,Real estate agency,None,outscraper
One Sotheby's International Realty,+1 305-666-0562,,,25.7048517,-80.282594,33143,3.9,7.0,Real estate agency,None,outscraper
Premier Elite Realty,+1 305-442-2122,,,25.7503539,-80.2625781,33134,5.0,9.0,Real estate agency,None,outscraper
"The lab realty group, llc",+1 786-791-7433,,,25.752288699999998,-80.2600535,33134,4.1,18.0,Real estate agency,None,outscraper
Alberto Baca Real Estate Miami,+1 305-218-2504,,,25.748523199999998,-80.2625406,33134,5.0,18.0,Real estate agent,None,outscraper
Real Estate Sales Force,+1 305-392-1497,,,25.7638988,-80.259484,33134,4.2,18.0,Real estate agency,None,outscraper
SunLife Realtors,+1 305-777-0320,,,25.7338578,-80.2587047,33146,5.0,52.0,Real estate agency,None,outscraper
Miami Living Homes,+1 305-747-5117,,,25.7479552,-80.265946,33134,4.9,15.0,Real estate agent,None,outscraper
The Source Real Estate,+1 305-462-7820,,,25.7244551,-80.3149456,33155,5.0,45.0,Real estate agency,None,outscraper
Valencia Team - Keller Williams Capital Realty,+1 305-471-4800,,,25.747948899999997,-80.2659548,33134,4.6,27.0,Real estate agency,None,outscraper
Alain Oliveros P.A Miami Luxury Real Estate Agent,+1 786-925-0466,,,25.752288699999998,-80.2600535,33134,5.0,13.0,Real estate agent,None,outscraper
"Premier Enterprise Realty, LLC -100% Commission, No Fees, No Split for Agents",+1 305-896-5564,,,25.756018599999997,-80.25858889999999,33134,4.7,12.0,Real estate agency,None,outscraper
Shyam Shah Real Estate,+1 305-902-7107,,,25.7339,-80.2588,33146,5.0,17.0,Real estate agent,None,outscraper
Winsome Realty,+1 305-615-2807,,,25.729496299999997,-80.259695,33146,5.0,14.0,Real estate agency,None,outscraper
Sierra Realty,+1 305-528-5845,,,25.711032,-80.279899,33146,2.9,9.0,Real estate agency,None,outscraper
Miguel Campos Realtor,+1 305-968-6477,,,25.748523199999998,-80.2625406,33134,5.0,3.0,Real estate agent,None,outscraper
Berkshire Hathaway HomeServices EWM Realty,+1 305-960-2500,,,25.7235122,-80.2649313,33146,4.5,23.0,Real estate agency,None,outscraper
Maria Jaime - Miami | South Florida REALTOR® SRES®,+1 786-762-6537,,,25.7490187,-80.2621223,33134,5.0,4.0,Real estate agent,None,outscraper
Prestige Sales Group,+1 305-992-1911,,,25.7474891,-80.26149079999999,33134,5.0,25.0,Real estate agency,None,outscraper
The Orange Group Real Estate Corp.,+1 786-326-8436,,,25.751170899999998,-80.2583879,33134,5.0,3.0,Real estate agency,None,outscraper
"Vivian Sanchez, Keller Williams Coral Gables - Coconut Grove",+1 786-586-2128,,,25.747902699999997,-80.2660413,33134,5.0,1.0,Real estate agent,None,outscraper
Richard Sanchez Real Estate Agent,+1 786-599-1128,,,25.7503086,-80.2568312,33134,5.0,6.0,Real estate agent,None,outscraper
Michael Martinez Realtor,+1 305-979-9367,,,25.7048517,-80.282594,33143,4.8,18.0,Real estate agent,None,outscraper
5 Stars Realty,+1 786-338-1648,,,25.7459948,-80.2609432,33134,5.0,17.0,Real estate agency,None,outscraper
Berkshire Hathaway HomeServices EWM Realty | LRF Group,+1 786-376-3372,,,25.7235122,-80.2649313,33146,4.6,9.0,Real estate agency,None,outscraper
Bianca Guevara P.A. | Luxury Real Estate,+1 786-632-2640,,,25.7509551,-80.2555253,33134,5.0,1.0,Real estate agency,None,outscraper
JLL Coral Gables Real Estate,+1 305-529-6345,,,25.7501201,-80.25845369999999,33134,2.3,3.0,Real estate agency,None,outscraper
"Milton Andrade, REALTOR - Compass",+1 785-530-3942,,,25.7557531,-80.221246,33145,5.0,53.0,Real estate agency,None,outscraper
"Angelica M. Chiru, Realtor - Living in South Florida",+1 305-409-7402,,,25.747948899999997,-80.2659548,33134,5.0,13.0,Real estate consultant,None,outscraper
Hidy Homes Team - Keller Williams Miami - Kathy Hidy,+1 305-606-6652,,,25.747948899999997,-80.2659548,33134,5.0,53.0,Real estate agent,None,outscraper
"Sharon Hawkins, Real Estate Professional",+1 786-376-9913,,,25.747948899999997,-80.2659548,33134,4.8,21.0,Real estate agent,None,outscraper
Alejandro Alvarez,+1 305-788-0148,,,25.748523199999998,-80.2625406,33134,5.0,14.0,Real estate agent,None,outscraper
Compass Real Estate,+1 305-851-2820,,,25.7255696,-80.2645611,33146,2.1,7.0,Real estate agency,None,outscraper
Gables Expert - Coldwell Banker Realtor,+1 305-815-1261,,,25.7340275,-80.2590105,33146,3.3,3.0,Real estate agent,None,outscraper
Charter Realty Partners,+1 786-636-1936,,,25.748469099999998,-80.2581627,33134,5.0,10.0,Real estate agency,None,outscraper
Coral Gables homes for sale,+1 786-236-6706,,,25.7805447,-80.3368739,33172,,,Real estate agent,None,outscraper
Master Team Realty,+1 786-641-8022,,,25.750381299999997,-80.2294785,33145,,,Real estate agency,None,outscraper
RelatedISG Realty - Coral Gables,+1 305-774-9522,,,25.751170899999998,-80.2583879,33134,5.0,7.0,Real estate agency,None,outscraper
Rebeca Borges Realtor,+1 305-987-7861,,,25.747948899999997,-80.2659548,33134,5.0,22.0,Real estate agent,None,outscraper
R. Homes Luxury Developments,+1 786-865-3825,,,25.6512755,-80.2816552,33156,5.0,1.0,Real estate developer,None,outscraper
Luisa Franco Realtor,+1 954-258-1474,,,25.7564426,-80.258545,33134,4.2,25.0,Real estate agent,None,outscraper
"The Keyes Company : Elizabeth Molina, P.A.",+1 305-586-2121,,,25.748523199999998,-80.2625406,33134,5.0,5.0,Real estate agent,None,outscraper
Ugarte Realty Inc,+1 305-553-1062,,,25.7534054,-80.2554986,33134,3.5,4.0,Real estate agency,None,outscraper
"Ania Rodriguez, Keller Williams Coral Gables - Coconut Grove",+1 786-300-5477,,,25.747948899999997,-80.2659548,33134,5.0,3.0,Real estate agent,None,outscraper
Steve Weiss Realtor - Coldwell Banker,+1 305-467-7537,,,25.7339,-80.2588,33146,5.0,3.0,Real estate agent,None,outscraper
Edgardo Boscan Real Estate,+1 786-501-0271,,,25.749606699999998,-80.26206789999999,33124,5.0,39.0,Real estate agent,None,outscraper
Riley Smith Group | Best Miami Realtors,+1 305-342-1623,,,25.732232999999997,-80.232595,33133,4.8,32.0,Real estate agency,None,outscraper
"Santa Stella Real Estate, Inc.",+1 786-426-6362,,,25.7526464,-80.26119969999999,33134,5.0,1.0,Real estate agency,None,outscraper
SULAINE NIEVES REALTOR RE/MAX 360 REAL ESTATE,+1 305-799-7342,,,25.732507599999998,-80.2581589,33146,5.0,5.0,Real estate agent,None,outscraper
The Audrey Ross Team,+1 305-661-4003,,,25.7256496,-80.2644042,33146,4.6,10.0,Real estate agency,None,outscraper
Christian Vidales Realtor,+1 786-247-7034,,,25.747948899999997,-80.2659548,33134,5.0,11.0,Real estate agent,None,outscraper
Cheap Homes FLA,+1 305-575-9040,,,25.7503945,-80.2284612,33145,1.0,1.0,Real estate agency,None,outscraper
Oscar Manes Broker Associate,+1 786-285-7420,,,25.747948899999997,-80.2659548,33134,5.0,23.0,Real estate agent,None,outscraper
First Service Realty ERA Powered,+1 305-551-9400,,,25.7460773,-80.25466159999999,33134,3.0,2.0,Real estate agency,None,outscraper
Carl Collins - Realtor,+1 786-483-5412,,,25.747948899999997,-80.2659548,33134,5.0,11.0,Real estate agent,None,outscraper
The Jills Zeder Group Miami,+1 786-822-0989,,,25.7340275,-80.2590105,33146,5.0,22.0,Real estate agency,None,outscraper
Keller Williams Capital - Good to Close,+1 754-800-2220,,,25.747948899999997,-80.2659548,33134,3.0,2.0,Real estate consultant,None,outscraper
The Brokerage A Real Estate Company,+1 305-505-6233,,,25.747175199999997,-80.26118919999999,33134,4.4,7.0,Real estate agency,None,outscraper
Vintage Florida Properties,+1 786-663-7751,,,25.7474891,-80.26149079999999,33134,5.0,1.0,Real estate agency,None,outscraper
Dora Kovacs Real Estate Consultant,+1 305-781-0210,,,25.747948899999997,-80.2659548,33134,5.0,19.0,Real estate consultant,None,outscraper
"Janelle Fernandez, Keller Williams Capital",+1 305-812-2169,,,25.747882999999998,-80.26596649999999,33134,5.0,12.0,Real estate agency,None,outscraper
Private Wealth Management of Coral Gables,+1 305-548-2247,,,25.7499042,-80.25759269999999,33134,4.0,4.0,Financial planner,None,outscraper
Ladin Tax & Financial Group - Coral Gables & Miami Financial Advisors,+1 305-444-4898,,,25.7484747,-80.25805559999999,33134,5.0,2.0,Financial planner,None,outscraper
"Coral Gables, FL Private Wealth Management - UBS Financial Services Inc.",+1 855-529-8498,,,25.7479758,-80.2659743,33134,,,Financial planner,None,outscraper
Morgan Stanley Financial Advisors,+1 305-460-7800,,,25.751733899999998,-80.2590694,33134,3.7,3.0,Financial consultant,None,outscraper
Mariner,+1 305-443-0060,,,25.7640559,-80.2564084,33134,5.0,1.0,Financial planner,None,outscraper
Meira Wealth,+1 305-670-4440,,,25.752672,-80.25729919999999,33134,4.8,16.0,Financial planner,None,outscraper
Gables Wealth Planning Group of Raymond James,+1 305-461-6621,,,25.7502779,-80.25847139999999,33134,,,Financial planner,None,outscraper
Avetrani Financial - Northwestern Mutual,+1 305-351-3389,,,25.7519,-80.25869999999999,33134,5.0,11.0,Financial planner,None,outscraper
Northwestern Mutual - The Coral Gables Group,+1 305-448-5666,,,25.7524385,-80.25927089999999,33134,4.6,11.0,Financial planner,None,outscraper
Andes Wealth Advisors - UBS Financial Services Inc.,+1 305-507-3801,,,25.732236,-80.2582025,33146,,,Financial planner,None,outscraper
Wells Fargo Advisors,+1 305-441-2310,,,25.751446299999998,-80.262316,33134,,,Financial consultant,None,outscraper
Anthem Advisors,+1 305-482-3002,,,25.7477095,-80.2547644,33134,5.0,8.0,Financial planner,None,outscraper
Azzendo Wealth Advisors,+1 305-648-9814,,,25.7633716,-80.258834,33134,4.5,4.0,Financial planner,None,outscraper
Coral Gables - Alex Brown-Raymond James,+1 786-352-1580,,,25.751446299999998,-80.262316,33134,,,Financial planner,None,outscraper
Alexander S. Tecle - Financial Advisor,+1 754-335-7500,,,25.752573899999998,-80.25720659999999,33134,5.0,29.0,Financial planner,None,outscraper
Bermont Gold Wealth Advisory of Raymond James,+1 305-460-2715,,,25.746014,-80.257352,33134,5.0,1.0,Financial planner,None,outscraper
Bayshore Wealth Advisors,+1 786-888-9400,,,25.7503066,-80.2582022,33134,,,Financial planner,None,outscraper
Glynis Banhan - Edelman Financial Engines,+1 786-738-8172,,,25.7523052,-80.2617674,33134,5.0,23.0,Financial planner,None,outscraper
Prominent Financial Consultants,+1 305-396-2000,,,25.7564426,-80.258545,33134,4.7,46.0,Financial consultant,None,outscraper
Block Advisors,+1 305-774-6822,,,25.748875899999998,-80.2582836,33134,4.9,247.0,Tax preparation service,None,outscraper
Private Wealth Management of Coral Gables,+1 305-548-2247,,,25.7499042,-80.25759269999999,33134,4.0,4.0,Financial planner,None,outscraper
Mariner,+1 305-443-0060,,,25.7640559,-80.2564084,33134,5.0,1.0,Financial planner,None,outscraper
Ladin Tax & Financial Group - Coral Gables & Miami Financial Advisors,+1 305-444-4898,,,25.7484747,-80.25805559999999,33134,5.0,2.0,Financial planner,None,outscraper
Morgan Stanley Financial Advisors,+1 305-460-7800,,,25.751733899999998,-80.2590694,33134,3.7,3.0,Financial consultant,None,outscraper
"Coral Gables, FL Private Wealth Management - UBS Financial Services Inc.",+1 855-529-8498,,,25.7479758,-80.2659743,33134,,,Financial consultant,None,outscraper
Meira Wealth,+1 305-670-4440,,,25.752672,-80.25729919999999,33134,4.8,16.0,Financial planner,None,outscraper
Bayshore Wealth Advisors,+1 786-888-9400,,,25.7503066,-80.2582022,33134,,,Financial planner,None,outscraper
Bermont Gold Wealth Advisory of Raymond James,+1 305-460-2715,,,25.746014,-80.257352,33134,5.0,1.0,Financial planner,None,outscraper
Gables Wealth Planning Group of Raymond James,+1 305-461-6621,,,25.7502779,-80.25847139999999,33134,,,Financial planner,None,outscraper
Oppenheimer & Co. Inc.,+1 305-860-2600,,,25.746014,-80.257352,33134,5.0,1.0,Investment service,None,outscraper
Anthem Advisors,+1 305-482-3002,,,25.7477095,-80.2547644,33134,5.0,8.0,Financial planner,None,outscraper
Azzendo Wealth Advisors,+1 305-648-9814,,,25.7633716,-80.258834,33134,4.5,4.0,Financial planner,None,outscraper
Andes Wealth Advisors - UBS Financial Services Inc.,+1 305-507-3801,,,25.732236,-80.2582025,33146,,,Financial consultant,None,outscraper
Avetrani Financial - Northwestern Mutual,+1 305-351-3389,,,25.7519,-80.25869999999999,33134,5.0,11.0,Financial planner,None,outscraper
Northwestern Mutual - The Coral Gables Group,+1 305-448-5666,,,25.7524385,-80.25927089999999,33134,4.6,11.0,Financial planner,None,outscraper
Wells Fargo Advisors,+1 305-441-2310,,,25.751446299999998,-80.262316,33134,,,Investment service,None,outscraper
MAS Advisors,+1 786-364-3101,,,25.7532952,-80.2580065,33134,5.0,1.0,Financial consultant,None,outscraper
Coral Gables - Alex Brown-Raymond James,+1 786-352-1580,,,25.751446299999998,-80.262316,33134,,,Financial planner,None,outscraper
Genesis Wealth Management Inc.,+1 786-393-6960,,,25.756018599999997,-80.25858889999999,33134,5.0,2.0,Financial planner,None,outscraper
Alexander S. Tecle - Financial Advisor,+1 754-335-7500,,,25.752573899999998,-80.25720659999999,33134,5.0,29.0,Financial planner,None,outscraper
NewEdge Wealth,+1 305-507-5371,,,25.748493699999997,-80.25820569999999,33134,,,Financial planner,None,outscraper
TD Wealth,+1 866-235-1248,,,25.752371999999998,-80.2599657,33134,5.0,1.0,Financial planner,None,outscraper
Alianza Wealth Management Group of Raymond James,+1 305-461-1200,,,25.750184599999997,-80.2584092,33134,,,Financial planner,None,outscraper
"Ascent Wealth Management Group, LLC",+1 305-444-7317,,,25.7570725,-80.2591362,33134,5.0,1.0,Financial advisor,None,outscraper
"UBS International Division, Miami, FL - UBS Financial Services Inc.",+1 800-327-0181,,,25.747948899999997,-80.2659548,33134,4.0,1.0,Financial consultant,None,outscraper
Wells Fargo Advisors,+1 305-569-1924,,,25.748106099999998,-80.2582511,33134,,,Investment service,None,outscraper
Incera Financial Group,+1 305-442-0888,,,25.753366999999997,-80.261101,33134,,,Financial planner,None,outscraper
Edelman Financial Engines,+1 786-738-8172,,,25.7523052,-80.2617674,33134,5.0,1.0,Financial planner,None,outscraper
Wells Fargo Advisors,+1 305-663-6106,,,25.7047757,-80.2837729,33143,2.5,2.0,Investment service,None,outscraper
Mellig Group - Wealth Advisors,+1 917-421-9890,,,25.7415144,-80.2627438,33134,5.0,1.0,Financial planner,None,outscraper
Wells Fargo Advisors,+1 305-447-6200,,,25.753356699999998,-80.2591984,33134,1.0,1.0,Investment service,None,outscraper
"Premia Global Advisors - US, Expat and Global Pension Financial Planning",+1 786-741-7919,,,25.747722,-80.25473989999999,33134,5.0,4.0,Financial advisor,None,outscraper
Evensky & Katz / Foldes Wealth Management,+1 305-448-8882,,,25.7339131,-80.2589481,33146,5.0,1.0,Financial planner,None,outscraper
True Wealth Advisory Group,+1 888-848-3260,,,25.7529118,-80.2550875,33134,,,Financial planner,None,outscraper
Wells Fargo Advisors,+1 305-567-4270,,,25.7511796,-80.2218145,33145,,,Investment service,None,outscraper
The CG Wealth Management Group - UBS Financial Services Inc.,+1 305-460-4457,,,25.732236,-80.2582025,33146,,,Financial consultant,None,outscraper
Dedicated Wealth Partners - Raymond James,+1 305-461-6611,,,25.7501206,-80.25845609999999,33134,,,Financial advisor,None,outscraper
"Edward Jones - Financial Advisor: Alex Venot, AAMS®",+1 786-292-0392,,,25.7523339,-80.2599103,33134,5.0,1.0,Financial consultant,None,outscraper
T&L Wealth Advisory of Raymond James,+1 305-461-6645,,,25.7501206,-80.25845609999999,33134,,,Financial planner,None,outscraper
Edward Jones - Financial Advisor: Nicolas Eterovic,+1 305-460-9594,,,25.7518796,-80.25805,33134,4.0,1.0,Financial consultant,None,outscraper
Bayshore Investment Partners,None,,,25.753322599999997,-80.2590953,33134,5.0,8.0,Private equity firm,None,outscraper
Raymond Sardina - Raymond James,+1 305-461-1200,,,25.7502779,-80.25847139999999,33134,,,Financial planner,None,outscraper
WealthWise Capital,None,,,25.7525068,-80.2594024,33134,,,Financial planner,None,outscraper
Brett Cohen - Morgan Stanley,+1 305-671-2020,,,25.7517766,-80.259107,33134,4.5,8.0,Financial consultant,None,outscraper
Aragon Wealth Management Group of Raymond James,+1 305-461-1200,,,25.750130499999997,-80.2584677,33134,,,Financial planner,None,outscraper
David Garcia - Morgan Stanley,+1 305-460-7804,,,25.7518444,-80.2593297,33134,,,Financial consultant,None,outscraper
J W Korth & Company,+1 305-668-8485,,,25.7318905,-80.256965,33146,,,Investment bank,None,outscraper
The Americas Group of Raymond James,+1 305-461-6670,,,25.7501496,-80.2582764,33134,,,Financial planner,None,outscraper
Lamchick Financial Group of Raymond James,+1 305-461-6643,,,25.7500868,-80.2583743,33134,,,Financial planner,None,outscraper
Universal Wealth Managers LLC,+1 844-443-8422,,,25.746649599999998,-80.25413979999999,33145,,,Financial consultant,None,outscraper
Loyola Asset Management,+1 786-460-9952,,,25.7449543,-80.25923929999999,33134,,,Investment service,None,outscraper
Dedicated Wealth Partners - Raymond James,+1 305-461-6611,,,25.750315,-80.2581862,33134,,,Financial planner,None,outscraper
Ariel Sanchez Alfonso - Regions Wealth Advisor,+1 305-774-5205,,,25.7459107,-80.259051,33134,,,Financial consultant,None,outscraper
Hatria Wealth Management of Raymond James,+1 305-460-1200,,,25.7502417,-80.2584607,33134,,,Financial planner,None,outscraper
Merrill Lynch Private Wealth Advisor Louis Chiavacci,+1 305-774-0501,,,25.7522737,-80.2618214,33134,,,Financial consultant,None,outscraper
Erika Kam - Regions Wealth Advisor,+1 305-774-5229,,,25.7459109,-80.259097,33134,,,Financial consultant,None,outscraper
Globalinvest Financial Services Inc.,+1 786-536-4075,,,25.748472399999997,-80.2580838,33134,,,Financial consultant,None,outscraper
LatAm Nexus Advisors - UBS Financial Services Inc.,+1 305-523-4499,,,25.747948899999997,-80.2659548,33114,,,Superannuation consultant,None,outscraper
UBS Financial Services Inc.,+1 305-448-5444,,,25.747948899999997,-80.2659548,33134,,,Financial consultant,None,outscraper
Enrichment Wealth Management,+1 786-631-3771,,,25.7537888,-80.2592964,33134,,,Financial planner,None,outscraper
Fiduciary Trust International of the South,+1 800-618-1260,,,25.751663999999998,-80.25527389999999,33134,,,Financial planner,None,outscraper
Block Advisors,+1 305-774-6822,,,25.748875899999998,-80.2582836,33134,4.9,247.0,Tax preparation service,None,outscraper
Private Wealth Management | U.S. Bank,+1 833-961-6944,,,25.748469099999998,-80.2581627,33134,,,Financial planner,None,outscraper
Merrill Lynch Financial Advisor Daniel Fine,+1 305-442-6216,,,25.7520931,-80.2618037,33134,,,Financial consultant,None,outscraper
Carlin Wealth Management at Morgan Stanley - Morgan Stanley,+1 305-476-3302,,,25.7518055,-80.2591709,33134,,,Financial consultant,None,outscraper
Merrill Lynch Private Wealth Advisor Alberto Cosio,+1 305-377-7712,,,25.7523052,-80.2617674,33134,,,Financial consultant,None,outscraper
Steckler Wealth Management Group of Raymond James,+1 305-461-6633,,,25.7501206,-80.25845609999999,33134,,,Financial planner,None,outscraper
Ikaria Advisors - UBS Financial Services Inc.,+1 786-394-2863,,,25.732236,-80.2582025,33146,,,Financial consultant,None,outscraper
Merrill Lynch Financial Advisor David Airomloo,+1 305-577-6954,,,25.7522737,-80.2618214,33134,,,Financial consultant,None,outscraper
Dimension Capital Management LLC,+1 305-371-2776,,,25.7459109,-80.259103,33134,,,Investment service,None,outscraper
Calixto Global Investors Gp Llc,+1 305-602-3421,,,25.7526455,-80.2571246,33134,,,Investment service,None,outscraper
Merrill Lynch Financial Advisor John Flasco,+1 305-442-6250,,,25.7520931,-80.2618037,33134,,,Financial consultant,None,outscraper
Edward Jones - Financial Advisor: David Hyman,+1 754-296-0453,,,25.752587,-80.26004499999999,33134,,,Financial consultant,None,outscraper
Asset Planning Group,+1 305-666-5198,,,25.70879,-80.2822192,33146,,,Financial planner,None,outscraper
Coral Gables Investment Group,+1 786-621-4282,,,25.753304399999998,-80.2579961,33134,,,Medical clinic,None,outscraper
"TCG Financial Services, LLC",+1 305-461-6090,,,25.751735399999998,-80.2572661,33134,1.0,1.0,Financial planner,None,outscraper
Merrill Lynch Private Wealth Advisor Eugenio Retana,+1 305-774-0603,,,25.7523052,-80.2617674,33134,5.0,1.0,Financial consultant,None,outscraper
"Edward Jones - Financial Advisor: Raffaella Capozza, AAMS®",+1 305-703-5549,,,25.7523339,-80.2599103,33134,,,Financial consultant,None,outscraper
The Miller-Miller Group - Morgan Stanley,+1 305-507-7791,,,25.7517766,-80.259107,33134,3.0,1.0,Financial consultant,None,outscraper
"Sandy Jukel - Private Wealth Advisor, Ameriprise Financial Services, LLC",+1 786-598-4477,,,25.7521256,-80.25523419999999,33134,,,Financial planner,None,outscraper
Merrill Lynch Financial Advisor Isaac Maestre,+1 305-442-6209,,,25.7522737,-80.2618214,33134,5.0,5.0,Financial consultant,None,outscraper
Driftwood Capital,+1 305-500-9900,,,25.7523622,-80.2600458,33134,3.0,4.0,Property investment company,None,outscraper
Carolina Castro - Raymond James,+1 305-460-2693,,,25.7501206,-80.25845609999999,33134,,,Financial planner,None,outscraper
"Powell Investment Advisors, LLC",+1 786-470-3480,,,25.727297399999998,-80.2433119,33133,,,Financial planner,None,outscraper
Nicolas Hernandez - TD Wealth Financial Advisor,+1 786-514-3545,,,25.752352,-80.2600496,33134,,,Financial planner,None,outscraper
Luis Novo - TD Wealth Financial Advisor,+1 305-340-8382,,,25.752430399999998,-80.25998709999999,33134,,,Financial planner,None,outscraper
First Florida State Financial,+1 305-261-5400,,,25.7500593,-80.2609246,33134,,,Financial planner,None,outscraper
Kirtland Financial Management,+1 305-648-0006,,,25.746986,-80.256901,33134,,,Financial planner,None,outscraper
Viyella Wealth Management Group of Raymond James,+1 305-460-2735,,,25.750263399999998,-80.2584419,33134,,,Financial planner,None,outscraper
Emergent Global Investments,+1 305-203-2322,,,25.7525203,-80.2571148,33134,,,Investment company,None,outscraper
WE Family Offices,+1 305-825-2225,,,25.746014,-80.257352,33134,3.7,3.0,Financial consultant,None,outscraper
Michael Truong - Morgan Stanley,+1 305-476-3342,,,25.7518055,-80.2591709,33134,,,Financial consultant,None,outscraper
Finkle Financial Planning,+1 305-442-2003,,,25.753371599999998,-80.25912029999999,33134,3.0,2.0,Financial institution,None,outscraper
Fitzwilliams Financial/ Fitzwilliams Wealth Management,+1 305-938-0423,,,25.753322599999997,-80.2590953,33134,,,Financial advisor,None,outscraper
Jessica Valera - Raymond James,+1 305-461-6635,,,25.7501206,-80.25845609999999,33134,,,Financial planner,None,outscraper
MBR Wealth Management Group of Raymond James,+1 305-460-2695,,,25.7501206,-80.25845609999999,33134,,,Financial planner,None,outscraper
Roberts - Menjivar Group - Morgan Stanley,+1 305-376-8554,,,25.7518285,-80.2591271,33134,,,Financial consultant,None,outscraper
Barkow Ginsburg Wealth Management Group of Raymond James,+1 305-461-1200,,,25.7501206,-80.25845609999999,33134,,,Financial planner,None,outscraper
Stifel,+1 786-257-2400,,,25.7502373,-80.2581664,33134,,,Investment service,None,outscraper
"Dr. Fernanda Mercade, MD",+1 786-442-2100,,,25.764918599999998,-80.2583387,33134,4.8,420,Internist,None,outscraper
Primecare of Coral Gables,+1 305-443-3001,,,25.753271299999998,-80.2623776,33134,4.2,112,Medical clinic,None,outscraper
Baptist Health Doctors Hospital,+1 786-308-3000,,,25.7244915,-80.2747758,33146,4.8,3966,Hospital,None,outscraper
Baptist Health Primary Care | Coral Gables (Belmont Village),+1 786-595-1200,,,25.7338886,-80.2600722,33146,4.9,216,Internist,None,outscraper
"Dr. Rheinchard Reyes, MD",+1 305-445-3372,,,25.771594,-80.271294,33134,4.7,65,Family practice physician,None,outscraper
Mount Sinai Primary & Specialty Care Coral Gables,+1 305-441-0910,,,25.763448699999998,-80.25936879999999,33134,3.6,134,Medical Center,None,outscraper
Dr. Belisa Guzman,+1 305-446-9940,,,25.7640422,-80.2555048,33134,5.0,7,Doctor,None,outscraper
"Ivo Alonso M.D., P.A.",+1 305-448-7499,,,25.764331799999997,-80.26015699999999,33134,4.6,88,Family practice physician,None,outscraper
Doctor's Medical Center,+1 305-685-5688,,,25.763921,-80.28448,33134,4.0,8,Pediatrician,None,outscraper
Digestive Medicine Associates,+1 305-822-4107,,,25.7432007,-80.2580886,33134,4.0,293,Medical clinic,None,outscraper
Dr. Michael Gutierrez,+1 305-585-4564,,,25.7647826,-80.2569511,33134,4.7,39,Medical clinic,None,outscraper
"Reytor Medical Center: Francisco Reytor, MD PA",+1 305-264-5154,,,25.7639078,-80.2734596,33134,4.9,493,General practitioner,None,outscraper
Concierge Medical Services,+1 305-778-0273,,,25.7570701,-80.2585648,33134,5.0,2,Medical clinic,None,outscraper
"Dr. Megan McGill, DO",+1 305-441-0910,,,25.763455399999998,-80.2594002,33134,4.6,21,Internist,None,outscraper
HealthMed Clinical Center Inc.,+1 786-786-0658,,,25.7646387,-80.2611853,33134,4.7,13,Family practice physician,None,outscraper
"Primary Care Physician - Miguel A. Nunez, MD",+1 305-442-0633,,,25.7575509,-80.2590702,33134,4.0,12,General practitioner,None,outscraper
"Dr. Ivan G. Carrasquilla-Escoto, MD",+1 305-443-3001,,,25.7532747,-80.26241,33134,4.8,26,Family practice physician,None,outscraper
Miami Comprehensive Medicine Group,+1 305-749-9888,,,25.745549999999998,-80.2614698,33134,4.6,9,Medical clinic,None,outscraper
Robert H. Thomas M.D. FACP,+1 305-446-9940,,,25.7640422,-80.2555048,33134,5.0,183,Medical clinic,None,outscraper
Gastro Health - Coral Gables,+1 305-662-6170,,,25.748645999999997,-80.26440869999999,33134,4.8,92,Gastroenterologist,None,outscraper
Coral Gables Hospital,+1 305-445-8461,,,25.743592699999997,-80.2547501,33134,3.8,1077,Medical Center,None,outscraper
Coral Gables Cardiology Associates,+1 305-443-5291,,,25.748645999999997,-80.26440869999999,33134,5.0,173,Cardiologist,None,outscraper
Doctors Independent Medical,+1 305-444-1155,,,25.7716577,-80.2568896,33134,3.3,58,Doctor,None,outscraper
Gables Medical,+1 305-872-0008,,,25.768203999999997,-80.263184,33134,4.9,47,Medical office,None,outscraper
Florida Doctors Group,+1 786-471-3535,,,25.753349099999998,-80.259123,33134,5.0,10,Business management consultant,None,outscraper
Dr. Jose G. Lampreabe,+1 305-441-0910,,,25.763455399999998,-80.2594002,33134,4.9,195,Doctor,None,outscraper
Dr. Adam Rosen,+1 305-443-3001,,,25.7532747,-80.26241,33134,4.7,9,Internist,None,outscraper
Baptist Health Doctors Hospital ER | Coral Gables,+1 786-308-3000,,,25.7240646,-80.2741241,33146,4.8,3539,Emergency room,None,outscraper
MD CARE Medical Center Coral Gables,+1 305-250-5600,,,25.763528599999997,-80.2802598,33134,5.0,1,Medical Center,None,outscraper
Hilton Gomes MD,+1 305-749-9888,,,25.745549999999998,-80.2614698,33134,5.0,6,Internist,None,outscraper
"Dr. Amarilis Gonzalez, MD",+1 305-443-7427,,,25.7638876,-80.2705483,33134,4.2,5,Internist,None,outscraper
"Dr. Franklin Pimentel, MD",+1 305-445-0700,,,25.7649187,-80.2583387,33134,4.4,14,Internist,None,outscraper
Selem Medical Center Corporation,+1 305-448-7848,,,25.771128899999997,-80.274079,33134,4.1,9,Medical clinic,None,outscraper
"Dr. Raul A. Tamayo, MD",+1 305-445-9351,,,25.763531999999998,-80.2799871,33134,4.3,6,Family practice physician,None,outscraper
Baptist Health Concierge Medicine | Coral Gables (Belmont Village),+1 786-595-1212,,,25.7338886,-80.2600722,33146,5.0,9,Internist,None,outscraper
Dr. Harold Silberman,+1 305-443-3001,,,25.7532747,-80.26241,33134,5.0,1,Family practice physician,None,outscraper
"Dr. Jose L. Diaz, MD",+1 305-461-2523,,,25.7635744,-80.2800719,33134,4.1,8,Internist,None,outscraper
Dr. Anish MMJ,+1 305-209-0405,,,25.755761099999997,-80.2586565,33134,5.0,792,Alternative medicine practitioner,None,outscraper
"Dr. Eleonor Pimentel, MD",+1 305-445-0700,,,25.7649187,-80.2583387,33134,4.2,10,Internist,None,outscraper
Family Medical Group - Coral Gables,+1 305-306-0233,,,25.7507572,-80.2170063,33145,4.9,487,Medical clinic,None,outscraper
"Guillermo Gubbins, MD",+1 305-662-6170,,,25.748632999999998,-80.26435099999999,33134,4.5,204,Gastroenterologist,None,outscraper
"Dr. Elisa McDaniel George, MD",+1 305-441-0910,,,25.763455399999998,-80.2594002,33134,3.9,33,Internist,None,outscraper
Salgado Mario MD,+1 305-446-6969,,,25.763574199999997,-80.2799872,33134,5.0,5,General practitioner,None,outscraper
Baptist Health Doctors Hospital,+1 786-308-3000,,,25.7244915,-80.2747758,33146,4.8,3966.0,Hospital,None,outscraper
Baptist Health Primary Care | Coral Gables (Belmont Village),+1 786-595-1200,,,25.7338886,-80.2600722,33146,4.9,216.0,Internist,None,outscraper
Dr. Belisa Guzman,+1 305-446-9940,,,25.7640422,-80.2555048,33134,5.0,7.0,Doctor,None,outscraper
Baptist Health Brain & Spine Care | Coral Gables (Doctors Hospital),+1 786-596-3876,,,25.724371599999998,-80.2743994,33146,,,Medical office,None,outscraper
Baptist Health Doctors Hospital ER | Coral Gables,+1 786-308-3000,,,25.7240646,-80.2741241,33146,4.8,3539.0,Emergency room,None,outscraper
Primecare of Coral Gables,+1 305-443-3001,,,25.753271299999998,-80.2623776,33134,4.2,112.0,Medical clinic,None,outscraper
"Jennifer Miranda, MD",+1 786-227-6811,,,25.7335389,-80.2604277,33146,4.9,125.0,Internist,None,outscraper
Mount Sinai Primary & Specialty Care Coral Gables,+1 305-441-0910,,,25.763448699999998,-80.25936879999999,33134,3.6,134.0,Medical Center,None,outscraper
"Leunam J. Rodriguez, MD, LLC",+1 305-663-0088,,,25.724259099999998,-80.2741844,33146,4.3,15.0,Internist,None,outscraper
Internal Medicine - University of Miami,+1 305-284-3333,,,25.7134602,-80.2799012,33146,5.0,3.0,Medical clinic,None,outscraper
"Jenny C. Montes De Oca Pineda, MD - PrimeCare of Coral Gables",+1 305-443-3001,,,25.753298299999997,-80.26238459999999,33134,4.6,32.0,Family practice physician,None,outscraper
Baptist Health Surgery | Coral Gables (Doctors Hospital),+1 305-271-9777,,,25.7239418,-80.2741032,33146,,,Surgeon,None,outscraper
HealthMed Clinical Center Inc.,+1 786-786-0658,,,25.7646387,-80.2611853,33134,4.7,13.0,Family practice physician,None,outscraper
Baptist Health Concierge Medicine | Coral Gables (Belmont Village),+1 786-595-1212,,,25.7338886,-80.2600722,33146,5.0,9.0,Internist,None,outscraper
Sanitas Medical Center,+1 844-665-4827,,,25.7102979,-80.28160799999999,33146,4.6,38.0,Medical Center,None,outscraper
Doctor's Medical Center,+1 305-685-5688,,,25.763921,-80.28448,33134,4.0,8.0,Pediatrician,None,outscraper
"E. Robert Schwartz, MD",+1 305-243-7429,,,25.7134099,-80.2801291,33146,5.0,1.0,Family practice physician,None,outscraper
PURE Executive Health & Wellness,+1 786-227-6811,,,25.733961299999997,-80.2605549,33146,4.9,192.0,Medical clinic,None,outscraper
Robert H. Thomas M.D. FACP,+1 305-446-9940,,,25.7640422,-80.2555048,33134,5.0,183.0,Medical clinic,None,outscraper
Miami Comprehensive Medicine Group,+1 305-749-9888,,,25.745549999999998,-80.2614698,33134,4.6,9.0,Medical clinic,None,outscraper
"Manuel Garcia-Frangie, M.D., P.A. Family Doctor",+1 305-326-3343,,,25.7318349,-80.2575068,33146,3.9,26.0,Family practice physician,None,outscraper
"Edgardo R. Reyes-Ayala, MD, LLC",+1 305-663-0088,,,25.724259099999998,-80.2741844,33146,4.6,19.0,Geriatrician,None,outscraper
Executive Health of Coral Gables,+1 305-476-7771,,,25.6983231,-80.2855307,33143,3.2,12.0,Medical office,None,outscraper
Concierge Medical Services,+1 305-778-0273,,,25.7570701,-80.2585648,33134,5.0,2.0,Medical clinic,None,outscraper
Hilton Gomes MD,+1 305-749-9888,,,25.745549999999998,-80.2614698,33134,5.0,6.0,Internist,None,outscraper
"Dr. Joaquin M. Jimenez De Cardenas, MD",+1 305-444-6882,,,25.731421899999997,-80.2589309,33146,4.9,308.0,Pediatrician,None,outscraper
Dr. Adam Rosen,+1 305-443-3001,,,25.7532747,-80.26241,33134,4.7,9.0,Internist,None,outscraper
Primary Care,+1 305-284-3333,,,25.718474699999998,-80.27609939999999,33146,,,Doctor,None,outscraper
Uhealth Coral Gables,+1 305-284-3333,,,25.713816299999998,-80.2801124,33146,2.6,16.0,Medical clinic,None,outscraper
MD CARE Medical Center Coral Gables,+1 305-250-5600,,,25.763528599999997,-80.2802598,33134,5.0,1.0,Medical Center,None,outscraper
Digestive Medicine Associates,+1 305-822-4107,,,25.7432007,-80.2580886,33134,4.0,293.0,Medical clinic,None,outscraper
Gables Medical,+1 305-872-0008,,,25.768203999999997,-80.263184,33134,4.9,47.0,Medical office,None,outscraper
"Dr. Jeffrey B. Rosen, MD",+1 305-443-3001,,,25.7533894,-80.2623505,33134,5.0,5.0,Family practice physician,None,outscraper
Gables Pediatrics,+1 305-444-6882,,,25.7314953,-80.2593235,33146,4.4,561.0,Pediatrician,None,outscraper
Brijbag Bernhard DO,+1 305-663-0088,,,25.724453099999998,-80.2747693,33146,4.1,20.0,Internist,None,outscraper
Dr. William Portnoy,+1 305-239-5090,,,25.7242656,-80.27412,33146,4.9,139.0,Otolaryngologist,None,outscraper
Dr. Israel Cabrera,+1 305-666-2111,,,25.7242656,-80.27412,33146,5.0,1.0,Internist,None,outscraper
"Dr. Mark Larralde, MD",+1 305-441-0910,,,25.763455399999998,-80.2594002,33134,4.8,66.0,Cardiologist,None,outscraper
Dr. Lachanda T. Dudley,+1 305-284-3333,,,25.7184918,-80.27616499999999,33146,5.0,1.0,Family practice physician,None,outscraper
"Angel Alfonso Betancourt, MD",+1 305-271-9777,,,25.7243502,-80.27408779999999,33146,5.0,33.0,Surgeon,None,outscraper
"Alejandro Jose Centurion, MD",+1 786-308-2200,,,25.7244098,-80.27474629999999,33146,5.0,194.0,Sports medicine clinic,None,outscraper
Baptist Health Surgery Center | Coral Gables,+1 786-308-2400,,,25.7244158,-80.2747631,33146,5.0,122.0,X-ray lab,None,outscraper
Gastro Health - Coral Gables,+1 305-662-6170,,,25.748645999999997,-80.26440869999999,33134,4.8,92.0,Gastroenterologist,None,outscraper
"Guillermo Gubbins, MD",+1 305-662-6170,,,25.748632999999998,-80.26435099999999,33134,4.5,204.0,Gastroenterologist,None,outscraper
"Victor Hugo Maciel Acevedo, MD",+1 305-271-9777,,,25.7243115,-80.2740786,33146,5.0,40.0,Surgeon,None,outscraper
Family Medical Group - Coral Gables,+1 305-306-0233,,,25.7507572,-80.2170063,33145,4.9,487.0,Medical clinic,None,outscraper
Baptist Health Diagnostic Imaging | Coral Gables (Doctors Hospital),+1 786-308-3986,,,25.724197999999998,-80.274236,33146,5.0,55.0,Diagnostic center,None,outscraper
Martha Viera MD,+1 305-239-5585,,,25.7248695,-80.2619698,33146,4.8,504.0,Dermatologist,None,outscraper
"John William Uribe, MD",+1 786-268-6200,,,25.7244337,-80.2745497,33146,4.9,168.0,Orthopedic surgeon,None,outscraper
Coral Gables | Miami Orthopedics & Sports Medicine Institute,+1 786-268-6200,,,25.724259099999998,-80.2741844,33146,3.9,7.0,Medical clinic,None,outscraper
"Dr. Daniel L. Campos, DNP",+1 305-444-6756,,,25.726851,-80.263026,33146,4.6,117.0,Nurse practitioner,None,outscraper
One Medical Primary Care Clinic - Coconut Grove,+1 888-663-6331,,,25.7279368,-80.2413268,33133,4.5,74.0,Medical clinic,None,outscraper
"Jorge N Gil, MD",+1 786-268-6200,,,25.7244098,-80.27474629999999,33146,4.9,107.0,Orthopedic surgeon,None,outscraper
"Dr. Efren D. Salinero, MD",+1 305-444-6882,,,25.731421899999997,-80.2589309,33146,5.0,156.0,Pediatrician,None,outscraper
MyCardiologist - Coral Gables,+1 305-666-4633,,,25.7260165,-80.2640603,33146,4.4,20.0,Medical clinic,None,outscraper
"Dr. Michelle M. Starke, MD",+1 305-665-8188,,,25.731969799999998,-80.2576751,33146,4.8,728.0,Gynecologist,None,outscraper
Sports Medicine | The Lennar Foundation Medical Center,+1 305-689-5555,,,25.713417699999997,-80.2799339,33146,3.5,23.0,Sports medicine clinic,None,outscraper
"Juan-Carlos Verdeja, MD",+1 305-271-9777,,,25.7242656,-80.27412,33146,4.8,18.0,Doctor,None,outscraper
"Dr. Rafael E. Llanso, MD",+1 305-444-6882,,,25.7315407,-80.2592616,33146,4.9,284.0,Pediatrician,None,outscraper
"Jose Mena, MD",+1 786-308-2200,,,25.7244098,-80.27474629999999,33146,4.8,198.0,Pain management physician,None,outscraper
"Soni Chousleb, MD",+1 305-271-9777,,,25.7242656,-80.27412,33146,5.0,27.0,Doctor,None,outscraper
Lemus Dagmar R MD,+1 305-661-2534,,,25.725822899999997,-80.264319,33146,3.0,4.0,Internist,None,outscraper
"Dr. Phillip G. Newcomm Jr, MD",+1 305-667-0940,,,25.7050634,-80.28144549999999,33146,5.0,10.0,Pediatrician,None,outscraper
"Dalibel Bravo, MD",+1 786-268-6200,,,25.7244098,-80.27474629999999,33146,4.8,108.0,Orthopedic surgeon,None,outscraper
"Steven Douglas Hale, MD",+1 786-268-6200,,,25.7244337,-80.2745497,33146,5.0,38.0,Sports medicine clinic,None,outscraper
"Carlos Santa-Cruz, MD",+1 305-243-6090,,,25.7134099,-80.2801291,33146,4.8,107.0,Urologist,None,outscraper
"Yelenis M Seijo De Armas, MD",+1 786-204-4207,,,25.724312899999997,-80.2741669,33146,5.0,30.0,Cardiologist,None,outscraper
"Dr. Martha Toledo-Valido, MD",+1 305-444-6882,,,25.731421899999997,-80.2589309,33146,5.0,238.0,Pediatrician,None,outscraper
Abello Robert MD,+1 786-308-3000,,,25.724259099999998,-80.2741844,33146,4.8,23.0,Emergency care physician,None,outscraper
Baptist Health Urgent Care | Coral Gables,+1 786-467-5000,,,25.7514047,-80.2548837,33134,4.8,3895.0,Urgent care center,None,outscraper
Coral Gables Hospital,+1 305-445-8461,,,25.743592699999997,-80.2547501,33134,3.8,1077.0,Medical Center,None,outscraper
"Dr. Maykelin Steegers, MD",+1 786-308-2222,,,25.7243121,-80.2741767,33146,1.0,1.0,Internist,None,outscraper
"Thomas Michael Best, MD, PhD",+1 305-689-5555,,,25.7134099,-80.2801291,33146,4.7,206.0,Orthopedic surgeon,None,outscraper
Baptist Health Endoscopy | Coral Gables (Doctors Hospital),+1 786-308-3870,,,25.7239033,-80.2740556,33146,5.0,1.0,Medical laboratory,None,outscraper
Pediatric Associates - Coral Gables,+1 786-446-2006,,,25.7061763,-80.284465,33146,4.6,425.0,Pediatrician,None,outscraper
"Gary M Kramer, MD, PA",+1 305-665-3523,,,25.724747299999997,-80.2618871,33146,3.4,71.0,Pediatrician,None,outscraper
Dr. Alysa Herman,+1 305-444-4979,,,25.731901099999998,-80.2573242,33146,4.5,39.0,Dermatologist,None,outscraper
Doctors Hospital Sports Medicine Therapy,None,,,25.7244663,-80.2736345,33146,4.5,17.0,Hospital,None,outscraper
"Dr. Margarita Ibanez de Sendadiano, MD",+1 786-308-2222,,,25.7242656,-80.27412,33146,1.0,1.0,Doctor,None,outscraper
"Francis Crespo, M.D., Cardiologist",+1 305-326-3343,,,25.732006,-80.25757589999999,33146,4.8,27.0,Cardiologist,None,outscraper
"Dr. Jose J. Centurion, MD",+1 305-665-8422,,,25.7267486,-80.263128,33146,5.0,10.0,Cardiologist,None,outscraper
"Gautam Pratap Yagnik, MD",+1 786-268-6200,,,25.7244337,-80.2745497,33146,4.9,182.0,Orthopedic surgeon,None,outscraper
"Percy William Aitken, MD",+1 786-204-4207,,,25.7243057,-80.2741776,33146,5.0,264.0,Cardiologist,None,outscraper
Baptist Health Cardiology | Coral Gables,+1 786-204-4207,,,25.724259099999998,-80.2740711,33146,5.0,1.0,Cardiologist,None,outscraper
"Dr. Angel F. San Roman, MD",+1 305-663-2845,,,25.7091826,-80.2848781,33146,4.4,43.0,Pediatrician,None,outscraper
"Frantz R Lerebours, MD",+1 786-268-6200,,,25.7244337,-80.2745497,33146,5.0,301.0,Orthopedic surgeon,None,outscraper
Bregman Medical Group,+1 305-740-3340,,,25.7077232,-80.2832859,33146,3.3,400.0,Psychiatric hospital,None,outscraper
"John E Zvijac, MD",+1 786-268-6200,,,25.7244337,-80.2745497,33146,5.0,240.0,Orthopedic surgeon,None,outscraper
"Rafael Jose Diaz-Garcia, MD",+1 786-268-6200,,,25.7244098,-80.27474629999999,33146,5.0,168.0,Hand surgeon,None,outscraper
"Keith Sheldon Hechtman, MD",+1 786-268-6200,,,25.7244337,-80.2745497,33146,5.0,245.0,Orthopedic surgeon,None,outscraper
"Dr. Parthiv P Patel, MD",+1 786-308-2222,,,25.7242756,-80.27412509999999,33146,,,Doctor,None,outscraper
"Roy Cardoso, MD",+1 786-268-6200,,,25.7244098,-80.27474629999999,33146,4.8,269.0,Hand surgeon,None,outscraper
"Dr. Leticia Lopez, MD",+1 786-308-2222,,,25.724193399999997,-80.274109,33146,,,Doctor,None,outscraper
"Charles M Lawrie, MD",+1 786-268-6200,,,25.7244098,-80.27474629999999,33146,5.0,259.0,Orthopedic surgeon,None,outscraper
"Dr. Daniel Luis Orta, MD",+1 786-308-2222,,,25.7242756,-80.27412509999999,33146,,,Doctor,None,outscraper
"MD Now Urgent Care - Coral Way, Coral Gables",+1 305-569-9942,,,25.7498778,-80.2396605,33145,4.5,1111.0,Urgent care center,None,outscraper
"Dr. James N. Alleyn, MD",+1 305-663-7001,,,25.7242656,-80.27412,33146,5.0,3.0,Obstetrician-gynecologist,None,outscraper
"Jose W Ruiz, MD",+1 305-243-3564,,,25.713434099999997,-80.2799521,33146,4.3,8.0,Otolaryngologist,None,outscraper
"Dr. Luis Ortiz-Munoz, MD",+1 305-666-4633,,,25.7260165,-80.2640603,33146,4.5,23.0,Cardiologist,None,outscraper
"Shekhar Gadkaree, MD",+1 305-689-5555,,,25.7135428,-80.2799507,33146,4.8,19.0,Plastic surgeon,None,outscraper
Coral Gables Dentistry,+1 305-567-1992,,,25.7406474,-80.25858819999999,33134,5.0,395.0,Dentist,None,outscraper
Abadin Dental - Invisalign Veneers Implants,+1 305-783-3750,,,25.748019,-80.264949,33134,5.0,1428.0,Dentist,None,outscraper
Gables Smile Studio,+1 305-665-1655,,,25.725715899999997,-80.26443499999999,33146,5.0,352.0,Dentist,None,outscraper
Gables iSmile,+1 305-901-1441,,,25.746765399999997,-80.2581076,33134,4.8,247.0,Cosmetic dentist,None,outscraper
Dentists of Coral Gables,+1 305-239-8806,,,25.751597999999998,-80.260606,33134,4.5,304.0,Dentist,None,outscraper
Companioni Dental Smile,+1 786-304-2447,,,25.748679499999998,-80.26465759999999,33134,5.0,120.0,Dentist,None,outscraper
Gables Perfect Smile,+1 305-443-8225,,,25.755761099999997,-80.2586565,33134,4.9,377.0,Dentist,None,outscraper
Gables Exceptional Dentistry,+1 305-614-2438,,,25.747023799999997,-80.26205689999999,33134,4.9,571.0,Dentist,None,outscraper
Gables Sedation & Family Dentistry Coral Terrace,+1 786-926-8790,,,25.7486501,-80.2881165,33155,4.9,2136.0,Dentist,None,outscraper
Miracle Smile Dentistry - Dr. Anna Aller,+1 305-569-9966,,,25.748555999999997,-80.26553799999999,33134,4.9,210.0,Dental clinic,None,outscraper
Benitez Dental Center,+1 786-442-2122,,,25.7497766,-80.26311129999999,33134,5.0,88.0,Dentist,None,outscraper
Dr. Karen Martinez - Zen Smiles,+1 305-446-5676,,,25.7498099,-80.26302849999999,33134,4.9,158.0,Dentist,None,outscraper
South Gables Dental,+1 305-665-1263,,,25.7248563,-80.2618844,33146,4.9,176.0,Dentist,None,outscraper
Gables Family Dental of Coral Gables,+1 305-529-9595,,,25.7500789,-80.2628914,33134,4.9,373.0,Dentist,None,outscraper
Sage Dental of Coral Gables,+1 786-686-0190,,,25.7527184,-80.2553169,33134,3.8,363.0,Dentist,None,outscraper
Vida Dental Coral Gables,+1 305-496-1618,,,25.746049,-80.26137779999999,33134,4.8,435.0,Dentist,None,outscraper
Forma Dental,+1 786-841-8030,,,25.7510835,-80.255759,33134,5.0,197.0,Dentist,None,outscraper
Gables Family Dental,+1 305-529-9295,,,25.7500556,-80.2421572,33145,4.8,483.0,Dentist,None,outscraper
Advanced Smile Dental Clinic,+1 786-391-0588,,,25.764353099999997,-80.2601624,33134,4.9,251.0,Dentist,None,outscraper
MIA Dental - Coral Gables,+1 305-444-8591,,,25.7648747,-80.2583119,33134,4.7,291.0,Dentist,None,outscraper
Gables Dental Care,+1 305-443-7501,,,25.765035899999997,-80.2576228,33134,4.9,91.0,Dentist,None,outscraper
The Dental Studio Miami Maribel Carbia DMD,+1 305-666-0006,,,25.733837599999998,-80.2605786,33146,4.8,77.0,Dentist,None,outscraper
Gables Exceptional Smiles,+1 305-442-9499,,,25.747755299999998,-80.25472719999999,33134,4.9,147.0,Dentist,None,outscraper
Dental Smiles (Dr. Manuel Jimenez DMD),+1 305-667-5539,,,25.724807,-80.2619284,33146,5.0,72.0,Dentist,None,outscraper
"Karent Sierra, DDS",+1 305-665-2033,,,25.7262554,-80.2636527,33146,4.8,118.0,Dentist,None,outscraper
Miami Dental Heaven - Coral Gables Dentist,+1 305-446-1067,,,25.763969,-80.27385199999999,33134,5.0,71.0,Dentist,None,outscraper
Dental Cosmetic Spa,+1 786-452-1748,,,25.751444,-80.25791,33134,4.7,114.0,Dentist,None,outscraper
Merrick Dental Coral Gables,+1 305-677-9062,,,25.7336441,-80.2617956,33146,4.9,101.0,Dentist,None,outscraper
Gables Dental Clinic: Noy Isabel C DDS,+1 305-444-9951,,,25.763583999999998,-80.28353779999999,33134,4.9,73.0,Dentist,None,outscraper
Sonrie Dental Studio,+1 305-445-1515,,,25.7485179,-80.2645416,33134,4.9,474.0,Dentist,None,outscraper
Charming Smiles Dental Center,+1 786-360-6812,,,25.750102299999998,-80.262928,33134,4.8,19.0,Dentist,None,outscraper
Smiles Dental Care,+1 305-448-7217,,,25.764919,-80.25833899999999,33134,5.0,21.0,Dentist,None,outscraper
Jahn H. Oppenheimer DDS,+1 305-448-7778,,,25.7495551,-80.2553484,33134,4.9,55.0,Dentist,None,outscraper
Implant Center of Coral Gables,+1 305-876-6092,,,25.7479995,-80.2643216,33134,5.0,337.0,Dentist,None,outscraper
Minorca Smiles,+1 305-443-4713,,,25.7535138,-80.2552948,33134,5.0,133.0,Dentist,None,outscraper
"Dr. Alvaro Fernandez Carol, DDS",+1 305-443-2993,,,25.7501271,-80.26291959999999,33134,5.0,325.0,Dentist,None,outscraper
Friends Dental Studio,+1 305-240-3294,,,25.763921699999997,-80.27383789999999,33134,5.0,144.0,Dentist,None,outscraper
Gables Smile Dental & Cosmetic,+1 305-529-9595,,,25.750102299999998,-80.262928,33134,5.0,13.0,Cosmetic dentist,None,outscraper
Miami Smile Institute,+1 786-703-9430,,,25.7557534,-80.25865379999999,33134,4.7,85.0,Dental clinic,None,outscraper
Gables Dental Clinic,None,,,25.7634038,-80.2841016,33134,4.5,35.0,Dental clinic,None,outscraper
Infinity Dental Associates,+1 305-998-2970,,,25.7477885,-80.25471449999999,33134,4.9,176.0,Dentist,None,outscraper
Flossy Smiles Dental Implants & Aesthetics,+1 786-245-7001,,,25.752101999999997,-80.2624208,33134,4.9,543.0,Cosmetic dentist,None,outscraper
Comfortable Dentistry of Coral Gables,+1 305-444-7345,,,25.7420093,-80.2585945,33134,5.0,392.0,Dentist,None,outscraper
Garcia Mayoral Dentistry,+1 305-444-4300,,,25.748538699999997,-80.2655145,33134,5.0,401.0,Dental clinic,None,outscraper
Coral Gables Dental Arts,+1 305-661-5360,,,25.7422211,-80.2541056,33133,4.6,21.0,Cosmetic dentist,None,outscraper
"Hank Barreto, DMD",+1 305-648-4998,,,25.731986799999998,-80.2575232,33146,4.9,52.0,Dentist,None,outscraper
Evolution Smiles,+1 305-442-6422,,,25.7516285,-80.2616843,33134,4.8,81.0,Dental clinic,None,outscraper
Northland Dental,+1 305-448-1172,,,25.750436999999998,-80.24002399999999,33145,4.8,28.0,Dentist,None,outscraper
Minty Fresh Miami: Dental & Orthodontics,+1 305-442-6422,,,25.7516285,-80.2616843,33134,5.0,225.0,Dentist,None,outscraper
Upper Dental Coral Gables & Aesthetic,+1 305-594-4990,,,25.749604299999998,-80.2514295,33145,4.9,67.0,Dentist,None,outscraper
Estetica Dental Gables Inc,+1 305-445-5515,,,25.7718134,-80.2684922,33134,4.8,47.0,Dentist,None,outscraper
Great Expressions Dental Centers - The Gables,+1 786-598-7223,,,25.7505684,-80.23657519999999,33145,3.9,395.0,Dentist,None,outscraper
Miro Dental Centers of Coral Gables,+1 954-737-7380,,,25.7661899,-80.263593,33134,4.7,434.0,Dentist,None,outscraper
Gables Vista Dentistry,+1 305-267-1620,,,25.748443899999998,-80.3104867,33155,5.0,275.0,Dental clinic,None,outscraper
Miami Sedation & Cosmetic Dentistry,+1 305-912-0186,,,25.750667099999998,-80.2355426,33145,4.9,470.0,Cosmetic dentist,None,outscraper
University Dental Group,+1 786-692-6701,,,25.7099969,-80.2816338,33146,5.0,340.0,Dentist,None,outscraper
"Dr. Peggy Alvarez-Penabad D.D.S, P.A",+1 305-548-8690,,,25.7262634,-80.2636564,33146,4.1,45.0,Dentist,None,outscraper
AVM Dentistry,+1 305-442-4566,,,25.7492579,-80.2592799,33134,5.0,147.0,Dentist,None,outscraper
Dr. Gloria A Ospina D.D.S,+1 305-443-8225,,,25.755761099999997,-80.2586565,33134,4.3,18.0,Dentist,None,outscraper
Dr. Javier Cutino - Miami & Gables Emergency Dentist,+1 305-496-1618,,,25.7459544,-80.2613902,33134,4.8,100.0,Dentist,None,outscraper
Happy Smiles Dental Group Inc,+1 305-446-8115,,,25.770816999999997,-80.283864,33134,5.0,8.0,Dentist,None,outscraper
Amani Dental Studio,+1 786-409-6906,,,25.7643488,-80.26016039999999,33134,5.0,9.0,Dentist,None,outscraper
D'Art Dental,+1 786-751-3478,,,25.764353099999997,-80.2601624,33134,5.0,580.0,Cosmetic dentist,None,outscraper
"Dr. Oliver Mayoral, DMD",+1 305-444-4300,,,25.7485389,-80.265541,33134,5.0,123.0,Dentist,None,outscraper
Dr. Lawrence Lesperance,+1 305-665-1263,,,25.7248563,-80.2618844,33146,5.0,7.0,Dentist,None,outscraper
"Nibaldo P. Morales, DMD",+1 305-448-9996,,,25.7422959,-80.2541262,33133,4.9,92.0,Cosmetic dentist,None,outscraper
"Alicia M Carrazana, DMD",+1 305-448-0603,,,25.7469385,-80.2591717,33134,5.0,24.0,Dentist,None,outscraper
Dr. M Center Coral Gables,+1 305-648-3717,,,25.7485559,-80.26553799999999,33134,5.0,157.0,Dental clinic,None,outscraper
Dental Solutions of South Florida,+1 305-447-9199,,,25.751606,-80.261817,33134,4.5,46.0,Dentist,None,outscraper
Gainza Marta DMD PA,+1 305-374-0996,,,25.752240999999998,-80.2606242,33134,4.7,59.0,Dentist,None,outscraper
Ponce Dental,+1 305-774-7274,,,25.742795899999997,-80.2587432,33134,5.0,36.0,Dentist,None,outscraper
Dental Leaders,+1 305-442-1177,,,25.751676699999997,-80.2615508,33134,4.9,279.0,Dentist,None,outscraper
Julieta Rodriguez - Dentist,+1 305-442-8481,,,25.746989199999998,-80.2571708,33134,4.9,95.0,Dentist,None,outscraper
"BL Dental Miami, Dr. Lizette Barzaga, DMD",+1 305-445-6006,,,25.7526448,-80.2581755,33134,4.9,148.0,Dentist,None,outscraper
Natural Smiles Miami,+1 305-667-3673,,,25.7061975,-80.2851319,33143,4.8,36.0,Dentist,None,outscraper
Juan C Bird DMD PA,+1 305-648-9190,,,25.750102299999998,-80.262928,33134,4.8,20.0,Dentist,None,outscraper
Rodriguez Judith DDS,+1 305-445-8707,,,25.765748799999997,-80.2636277,33134,5.0,28.0,Dentist,None,outscraper
JubiDental Services,+1 305-444-3074,,,25.752354999999998,-80.2604659,33134,4.8,108.0,Dentist,None,outscraper
Smiling Dental Studio Coral Gables Corp,+1 786-344-1150,,,25.740881899999998,-80.2581589,33134,3.0,2.0,Dental clinic,None,outscraper
"Ibelys Subirats, DMD",+1 786-452-1748,,,25.751538399999998,-80.2579085,33134,5.0,3.0,Dentist,None,outscraper
5 Star Smiles,None,,,25.7522548,-80.26125119999999,33134,4.9,382.0,Cosmetic dentist,None,outscraper
"Shari A Witkoff, DMD",+1 305-460-9561,,,25.748645999999997,-80.26440869999999,33134,5.0,121.0,Dentist,None,outscraper
"Maria-Dolores Hayeck, D.D.S.",+1 305-444-2120,,,25.746084,-80.261376,33134,4.8,34.0,Dentist,None,outscraper
CONFIDENT by Dr. Seage,+1 305-445-6969,,,25.7477885,-80.25471449999999,33134,5.0,57.0,Cosmetic dentist,None,outscraper
Ortholine Family Dentistry,+1 305-967-8882,,,25.764353099999997,-80.2601624,33134,4.5,21.0,Dentist,None,outscraper
Bushdid Smiles,+1 305-444-5926,,,25.744518,-80.2603475,33134,4.8,133.0,Dentist,None,outscraper
Endodontix Dental Group,+1 305-447-4000,,,25.747882999999998,-80.265967,33134,5.0,83.0,Endodontist,None,outscraper
"Sandra L. Brand D.D.S, PA",+1 305-445-9631,,,25.7523239,-80.2605762,33134,5.0,15.0,Dentist,None,outscraper
Family Dental Care,+1 305-392-1958,,,25.764344599999998,-80.2601584,33134,4.5,17.0,Dentist,None,outscraper
"Dr. Dalisey Piedra, Dentist",+1 305-529-9595,,,25.7499404,-80.2420501,33145,5.0,36.0,Dentist,None,outscraper
"David A. Faget, DMD PA",+1 305-446-5571,,,25.751038899999998,-80.2601378,33134,5.0,17.0,Dentist,None,outscraper
CORSAR Dental - Flagler St.,+1 305-649-4242,,,25.771911799999998,-80.261391,33134,,,Dentist,None,outscraper
Gateway Dental of Coral Way,+1 305-856-2300,,,25.7472824,-80.237922,33145,4.3,230.0,Dental clinic,None,outscraper
"Dr. Rolando Velasco, DMD",+1 786-703-9430,,,25.755757199999998,-80.2581451,33134,5.0,9.0,Dentist,None,outscraper
Snuggly Tails Dental,+1 305-323-0551,,,25.7536494,-80.2549114,33134,5.0,533.0,Pet store,None,outscraper
"Dr. Enrique Barreto, DMD",+1 305-648-4998,,,25.731986799999998,-80.2575232,33146,5.0,13.0,Dentist,None,outscraper
"Dr. Faustino Garcia, DMD",+1 305-444-4300,,,25.7485476,-80.2655515,33134,4.6,19.0,Dentist,None,outscraper
Lemus Dental Group,+1 305-567-0236,,,25.764030599999998,-80.2788084,33134,5.0,63.0,Dentist,None,outscraper
Vera Dental Studio,+1 305-488-2688,,,25.7499684,-80.2629891,33134,5.0,5.0,Dentist,None,outscraper
Coral Gables Children's Dental Clinic,+1 305-448-6536,,,25.761533999999997,-80.2573759,33134,5.0,1.0,Dental clinic,None,outscraper
CVS Pharmacy,+1 305-459-7202,,,25.7548092,-80.2590089,33134,4.1,75,Pharmacy,None,outscraper
University Pharmacy,+1 305-448-6116,,,25.7480492,-80.2591407,33134,4.5,88,Pharmacy,None,outscraper
Publix Pharmacy at Riviera Plaza,+1 305-929-7068,,,25.708516,-80.28377809999999,33146,5.0,2,Pharmacy,None,outscraper
Walgreens Pharmacy,+1 305-444-2544,,,25.7639867,-80.2639487,33134,2.8,33,Pharmacy,None,outscraper
Rainbow Pharmacy 2,+1 305-749-7000,,,25.751282399999997,-80.2595245,33134,5.0,34,Pharmacy,None,outscraper
University of Miami - Lennar Center Pharmacy,+1 305-351-0606,,,25.7134602,-80.2799012,33146,4.0,51,Pharmacy,None,outscraper
CVS Pharmacy,+1 305-663-8697,,,25.7154086,-80.27512159999999,33146,3.5,22,Pharmacy,None,outscraper
PriveCareRx,+1 305-901-5747,,,25.7539587,-80.25929529999999,33134,5.0,639,Pharmacy,None,outscraper
Jorge's Pharmacy,+1 305-856-1252,,,25.751051399999998,-80.2221338,33145,4.6,287,Pharmacy,None,outscraper
Walgreens,+1 305-444-2544,,,25.7639915,-80.2639461,33134,2.8,235,Drug store,None,outscraper
Walgreens Pharmacy,+1 305-444-8427,,,25.750467099999998,-80.25158239999999,33145,3.5,68,Pharmacy,None,outscraper
Walgreens Pharmacy,+1 305-444-4366,,,25.7336866,-80.25323329999999,33133,3.4,16,Pharmacy,None,outscraper
CVS Pharmacy y más,+1 305-285-8935,,,25.7500812,-80.23670709999999,33145,4.2,144,Pharmacy,None,outscraper
Publix Pharmacy at Douglas Grand,+1 305-445-3252,,,25.757815599999997,-80.2557478,33134,3.2,39,Pharmacy,None,outscraper
CVS Pharmacy y más,+1 305-266-5526,,,25.763769,-80.2875522,33134,4.0,127,Pharmacy,None,outscraper
Walgreens Pharmacy,+1 305-666-0757,,,25.734769699999998,-80.28676639999999,33155,2.2,116,Pharmacy,None,outscraper
CVS,+1 305-663-8697,,,25.7154086,-80.27512159999999,33146,3.0,150,Drug store,None,outscraper
Cardenas Pharmacy,+1 305-529-0003,,,25.7505283,-80.2392289,33145,4.7,210,Pharmacy,None,outscraper
CVS Pharmacy y más,+1 305-264-3485,,,25.777523499999997,-80.2888309,33126,3.9,137,Pharmacy,None,outscraper
CVS Pharmacy y más,+1 305-285-6861,,,25.766070499999998,-80.21427779999999,33130,3.6,121,Pharmacy,None,outscraper
Walgreens Pharmacy,+1 305-446-5037,,,25.7348741,-80.25003559999999,33133,2.7,38,Pharmacy,None,outscraper
Walgreens,+1 305-444-8427,,,25.7504901,-80.2515556,33145,2.7,305,Drug store,None,outscraper
Super Drug Pharmacy,+1 305-448-5958,,,25.7633337,-80.2841785,33134,4.9,7,Pharmacy,None,outscraper
"Dr. Martin Grossman, DC - Coral Gables Chiropractic Centre",+1 305-446-1095,,,25.7394677,-80.25447849999999,33133,4.8,264.0,Chiropractor,None,outscraper
LifeClinic Chiropractic & Rehabilitation,+1 786-437-4458,,,25.728306,-80.26003879999999,33133,4.9,51.0,Chiropractor,None,outscraper
"Lux Lifestyle Chiropractic || Dr. Brittany Holliday, DC",+1 786-919-6316,,,25.7474053,-80.2551823,33134,5.0,623.0,Chiropractor,None,outscraper
Oasis Chiropractic Center,+1 305-374-5866,,,25.731986799999998,-80.2575232,33146,4.9,53.0,Chiropractor,None,outscraper
New Day Chiropractic Clinic,+1 786-899-0214,,,25.749936899999998,-80.2629817,33134,5.0,97.0,Chiropractor,None,outscraper
"F1T Medical Chiropractic, Wellness & Recovery",+1 305-306-2062,,,25.7469494,-80.2582243,33134,5.0,12.0,Chiropractor,None,outscraper
"Jenny P. Caceres, DC. Coral Gables Family Chiropractic",+1 305-648-2502,,,25.7485037,-80.2644179,33134,4.9,66.0,Chiropractor,None,outscraper
SnapCrack | 29 Dollar Chiropractic,None,,,25.748995599999997,-80.2564979,33134,4.7,227.0,Chiropractor,None,outscraper
Coral Way Chiropractic Center,+1 786-820-1455,,,25.7500781,-80.2394769,33145,5.0,22.0,Chiropractor,None,outscraper
Miami Chiropractic - Coral Terrace (Premium Healthcare),+1 305-588-7646,,,25.7477241,-80.30636659999999,33155,5.0,9.0,Chiropractor,None,outscraper
Monsalve Integrative Health,+1 305-209-4731,,,25.706351899999998,-80.2846088,33143,4.9,183.0,Chiropractor,None,outscraper
"Dr. William Moyal, DC, CCSP - Coral Way Chiropractic Center",+1 786-820-1455,,,25.7500781,-80.2394769,33145,4.9,58.0,Chiropractor,None,outscraper
Coral Gables Chiropractic,+1 305-441-8547,,,25.7783141,-80.288061,33126,,,Chiropractor,None,outscraper
Chiropractor - Coral Gables,+1 305-365-7988,,,25.758468099999998,-80.2587807,33134,,,Chiropractor,None,outscraper
Coconut Grove Chiropractic,+1 305-443-4636,,,25.749703699999998,-80.249758,33145,5.0,357.0,Chiropractor,None,outscraper
SnapCrack | 99 Dollar IV Drip,None,,,25.749114,-80.2565583,33134,4.8,62.0,Chiropractor,None,outscraper
Genesis Back & Neck | Coral Gables,+1 305-851-6992,,,25.7426913,-80.2538545,33133,4.8,19.0,Doctor,None,outscraper
Evolve Family Chiropractic,+1 305-414-2644,,,25.7049533,-80.2852589,33143,5.0,6.0,Chiropractor,None,outscraper
Miami Chiropractic,+1 786-732-1323,,,25.754607999999998,-80.2381478,33145,4.9,117.0,Chiropractor,None,outscraper
Wellness Pro Team,+1 305-774-0104,,,25.7504308,-80.2404107,33145,4.8,19.0,Chiropractor,None,outscraper
Miami Beach Pain Relief Center,+1 305-531-2933,,,25.7500781,-80.2394769,33145,4.6,44.0,Chiropractor,None,outscraper
"iCare Chiropractic, P.A.",+1 786-391-3868,,,25.7707387,-80.2810296,33134,4.9,348.0,Chiropractor,None,outscraper
Echevarria Raynier PA,+1 305-774-0104,,,25.750441499999997,-80.2403915,33145,5.0,20.0,Chiropractor,None,outscraper
Coral Way Disc Center,+1 305-531-2933,,,25.7500781,-80.2394769,33145,4.9,78.0,Chiropractor,None,outscraper
Empowered Living Chiropractic,+1 786-622-2402,,,25.7394677,-80.25447849999999,33133,5.0,83.0,Chiropractor,None,outscraper
Gravitate Wellspace,+1 305-747-3325,,,25.7543445,-80.2589699,33134,5.0,19.0,Chiropractor,None,outscraper
USA Sports Medicine Coconut Grove,+1 305-735-3508,,,25.7296783,-80.23579819999999,33133,5.0,114.0,Chiropractor,None,outscraper
Page Chiropractic Life Center,+1 305-662-6433,,,25.706351899999998,-80.2846089,33143,4.8,50.0,Chiropractor,None,outscraper
BackWell In-Home Chiropractic,+1 645-215-5173,,,25.7491968,-80.2635411,33134,5.0,2.0,Chiropractor,None,outscraper
The Miami Chiropractor,+1 305-791-4609,,,25.7430541,-80.22821019999999,33133,5.0,70.0,Chiropractor,None,outscraper
MotionElite Mobile Chiropractor,+1 645-215-5182,,,25.7491968,-80.2635411,33134,5.0,3.0,Chiropractor,None,outscraper
BodySense - Holistic Wellness Center & Spa,+1 305-854-3100,,,25.7502849,-80.2318655,33145,4.7,345.0,Massage therapist,None,outscraper
Elemental Living,+1 954-231-5484,,,25.747164899999998,-80.2608604,33134,5.0,19.0,Chiropractor,None,outscraper
Sunset Chiropractic & Wellness Miami,+1 305-275-7474,,,25.702851799999998,-80.3326235,33143,5.0,215.0,Chiropractor,None,outscraper
ChiroForma Mobile Chiropractic Experts,+1 239-365-1956,,,25.7311686,-80.2576003,33146,5.0,3.0,Chiropractor,None,outscraper
Fortress Wellness Center,+1 305-514-0861,,,25.742928199999998,-80.2542522,33133,5.0,70.0,Medical office,None,outscraper
Align Mastery Mobile Chiropractic,+1 754-345-7445,,,25.7203634,-80.26585419999999,33146,5.0,1.0,Chiropractor,None,outscraper
RefinedSpine Concierge Chiropractor,+1 645-215-5266,,,25.7579794,-80.26108339999999,33134,5.0,2.0,Physical therapist,None,outscraper
Florida Chiropractic Society,+1 305-833-7255,,,25.749703699999998,-80.249758,33145,5.0,8.0,Chiropractor,None,outscraper
QC Kinetix - Coral Gables,+1 786-667-8882,,,25.734440799999998,-80.2567344,33146,4.7,42.0,Alternative medicine practitioner,None,outscraper
Chiropractic Clinics of South Florida - Miami,+1 305-450-2952,,,25.778309999999998,-80.288112,33126,4.0,25.0,Chiropractor,None,outscraper
One Chiropractic,+1 305-704-3197,,,25.734615599999998,-80.25690089999999,33146,,,Chiropractor,None,outscraper
Dr. Edgar Romero,+1 305-445-3130,,,25.7546015,-80.2381757,33145,4.9,47.0,Chiropractor,None,outscraper
AcuDrHealing Medical Center,+1 786-449-9026,,,25.7534621,-80.25488639999999,33134,5.0,349.0,Alternative medicine practitioner,None,outscraper
Lopez Beyond Basic Therapies & Massage,+1 305-541-4033,,,25.7727303,-80.23623479999999,33135,4.7,59.0,Massage therapist,None,outscraper
Hope of Life Chiropractic Inc,+1 786-953-8414,,,25.7638906,-80.2855093,33134,,,Medical clinic,None,outscraper
"The SER Institute ""Lowest Price Colonic in Town""",+1 305-476-0347,,,25.7453292,-80.2377664,33133,5.0,43.0,Chiropractor,None,outscraper
A Back & Neck Center,+1 305-442-0499,,,25.749179299999998,-80.2592736,33134,,,Chiropractor,None,outscraper
Dr. Alberto Rivero,+1 305-397-8345,,,25.7393903,-80.2544236,33133,5.0,4.0,Chiropractor,None,outscraper
Besson Chiropractic,+1 786-536-7644,,,25.7337642,-80.3001347,33155,5.0,40.0,Chiropractor,None,outscraper
Vivify Chiropractic,+1 305-661-4775,,,25.7328253,-80.30923179999999,33155,5.0,107.0,Chiropractor,None,outscraper
"OmBright Wellness Acupuncture • HYPERBARIC&OZONE Therapy• Fertility, IFV Acupuncture • Functional Medicine• IV Drips & Mobile",+1 954-873-0794,,,25.7498601,-80.240134,33145,5.0,263.0,Alternative medicine practitioner,None,outscraper
Fast Chiropractic Center Inc,+1 305-441-2400,,,25.7715216,-80.2613135,33134,,,Chiropractor,None,outscraper
Florida Academic Dermatology Center,+1 305-324-2110,,,25.748645999999997,-80.26440869999999,33134,4.8,1599.0,Dermatologist,None,outscraper
South Florida Dermatology,+1 305-445-2941,,,25.749838999999998,-80.26302299999999,33134,4.1,140.0,Medical clinic,None,outscraper
IMO Cosmetic Dermatology,+1 305-204-2184,,,25.732826199999998,-80.2598357,33146,4.7,109.0,Dermatologist,None,outscraper
Skin Associates of South Florida,+1 305-443-6606,,,25.7312801,-80.2581123,33146,4.7,84.0,Dermatologist,None,outscraper
Dr. TJ Giuffrida,+1 305-461-2000,,,25.7414167,-80.2580717,33134,4.7,57.0,Dermatologist,None,outscraper
Martha Viera MD,+1 305-239-5585,,,25.7248695,-80.2619698,33146,4.8,504.0,Dermatologist,None,outscraper
Dr. Frank Don,+1 305-324-2110,,,25.748645999999997,-80.26440869999999,33134,4.7,125.0,Dermatologist,None,outscraper
Miami Skin Center,+1 305-615-5504,,,25.7523239,-80.2605762,33134,5.0,9.0,Dermatologist,None,outscraper
"Javier Alonso, MD Dermatology",+1 305-443-2983,,,25.748632999999998,-80.26435099999999,33134,4.4,58.0,Dermatologist,None,outscraper
UHealth Dermatology Coral Gables,+1 305-243-6704,,,25.7553137,-80.2591443,33134,2.3,17.0,Skin care clinic,None,outscraper
Coral Gables Dermatology & Aesthetics,+1 305-443-2983,,,25.748645999999997,-80.26440869999999,33134,5.0,1.0,Skin care clinic,None,outscraper
"Miami Derm: Anna Chacon, MD",+1 305-204-7992,,,25.7561327,-80.25765249999999,33134,4.7,911.0,Dermatologist,None,outscraper
Khouri Dermatology,+1 305-361-8200,,,25.740184199999998,-80.2543568,33133,4.7,938.0,Dermatologist,None,outscraper
"Dr. Francisco A. Kerdel, MD",+1 305-324-2110,,,25.748645999999997,-80.26440869999999,33134,4.3,193.0,Dermatologist,None,outscraper
Dr. Alysa Herman,+1 305-444-4979,,,25.731901099999998,-80.2573242,33146,4.5,39.0,Dermatologist,None,outscraper
"Dadeland Dermatology Group: David Rodriguez, MD",+1 305-670-0260,,,25.752733799999998,-80.2582304,33134,4.1,137.0,Dermatologist,None,outscraper
"Maria Elena Kendall, MD",+1 305-446-2121,,,25.7517051,-80.26123799999999,33134,2.9,363.0,Dermatologist,None,outscraper
Dr. Delilah Alonso Dermatology,+1 305-403-1181,,,25.7061124,-80.28524589999999,33143,4.2,141.0,Dermatologist,None,outscraper
Miami Skin Institute,+1 305-569-0067,,,25.7318905,-80.256965,33146,4.3,95.0,Dermatologist,None,outscraper
DERMATOLOGO Children's Skin Center,+1 305-669-6555,,,25.7260329,-80.2640491,33146,3.5,81.0,Dermatologist,None,outscraper
Mayoral Dermatology,+1 305-665-6166,,,25.7061767,-80.284851,33143,4.5,143.0,Dermatologist,None,outscraper
BayPointe Dermatology,+1 305-669-8337,,,25.734225499999997,-80.25677379999999,33146,4.2,35.0,Skin care clinic,None,outscraper
Miami Dermatology And Surgery,+1 305-456-1425,,,25.74121,-80.2133704,33133,5.0,38.0,Dermatologist,None,outscraper
Dr. Franz Kerdel,+1 305-740-6181,,,25.6983231,-80.2855307,33143,4.9,659.0,Dermatologist,None,outscraper
"Gables Skin Center | Ana M. Duarte, MD",+1 305-669-6555,,,25.7260329,-80.2640491,33146,3.3,49.0,Dermatologist,None,outscraper
"Jeremy B. Green, MD",+1 305-443-6606,,,25.7312801,-80.2581123,33146,4.8,19.0,Dermatologist,None,outscraper
Joscelyn Marquez Skin Care Studio,None,,,25.752672,-80.25729919999999,33134,4.9,36.0,Skin care clinic,None,outscraper
Dr. Brandt Dermatology Associates,+1 305-443-6606,,,25.7311597,-80.25781529999999,33146,5.0,2.0,Dermatologist,None,outscraper
Dermatology Associates & Research,+1 305-567-1930,,,25.7596411,-80.2586128,33134,5.0,1.0,Dermatologist,None,outscraper
Miami Center for Dermatology,+1 305-279-7546,,,25.6736442,-80.319171,33156,4.8,1345.0,Dermatologist,None,outscraper
Sunset Dermatology Skin Laser & Vein Center,+1 305-669-2799,,,25.7037022,-80.2961911,33143,4.8,456.0,Dermatologist,None,outscraper
South Miami Dermatology,+1 305-667-5480,,,25.7042623,-80.29753339999999,33143,4.3,26.0,Dermatologist,None,outscraper
Flores Dermatology,+1 305-668-8201,,,25.706328,-80.28456899999999,33143,4.4,214.0,Dermatologist,None,outscraper
"George W. Elgart, MD",+1 305-243-6704,,,25.7134099,-80.2801291,33146,5.0,2.0,Dermatologist,None,outscraper
"Maylen Cadenas, ARNP",+1 305-595-2969,,,25.750656,-80.2592478,33134,5.0,47.0,Dermatologist,None,outscraper
Dr. Busso Cosmetic Dermatology,+1 305-857-0144,,,25.735845599999998,-80.2370212,33133,5.0,397.0,Dermatologist,None,outscraper
"Andrew Avarbock, M.D., Ph.D., Dermatology",+1 305-306-9470,,,25.7427171,-80.2539388,33133,4.9,33.0,Dermatologist,None,outscraper
"Christopher O'Connell, MD",+1 305-443-6606,,,25.7311597,-80.25781529999999,33146,5.0,8.0,Dermatologist,None,outscraper
Gonzalez Ana MD,+1 305-444-7733,,,25.750102299999998,-80.262928,33134,4.5,13.0,Dermatologist,None,outscraper
Dr. Jill Waibel | Miami Dermatology and Laser Institute - Coconut Grove,+1 305-279-6060,,,25.7400518,-80.21579129999999,33133,4.5,511.0,Dermatologist,None,outscraper
"Mariya I Miteva, MD",+1 305-243-6704,,,25.755376599999998,-80.2591138,33134,3.0,4.0,Dermatologist,None,outscraper
Hevia Cosmetic Dermatology,+1 305-443-9977,,,25.702483899999997,-80.290898,33143,5.0,5.0,Doctor,None,outscraper
"Dr. Dulce C. Cabrera, MD",+1 305-445-2941,,,25.750102299999998,-80.262928,33134,3.7,6.0,Dermatologist,None,outscraper
Miami Skin & Vein,+1 786-618-5039,,,25.7061137,-80.2851871,33143,4.7,451.0,Skin care clinic,None,outscraper
Skin Studio by Doctor's Daughter,+1 305-518-1821,,,25.7490113,-80.2623023,33134,4.9,64.0,Dermatologist,None,outscraper
"Katlein Paola De Franca, MD, PhD",+1 305-243-6704,,,25.7874216,-80.2137874,33136,5.0,4.0,Dermatologist,None,outscraper
Dr. Dorene Dermatology,+1 305-741-6825,,,25.7426913,-80.2538545,33133,5.0,45.0,Dermatologist,None,outscraper
Skin Research Institute,+1 305-444-5770,,,25.7312214,-80.2577452,33146,4.5,8.0,Doctor,None,outscraper
"Mercedes Gonzalez, MD",+1 786-707-4888,,,25.731253199999998,-80.25792729999999,33146,4.7,14.0,Pediatric dermatologist,None,outscraper
"Shaun Patel, M.D.",+1 786-618-5039,,,25.7061137,-80.2851871,33143,4.7,167.0,Dermatologist,None,outscraper
Dermbar MD,+1 305-446-2121,,,25.751628,-80.26123299999999,33134,1.3,16.0,Dermatologist,None,outscraper
AS_Asthetics,+1 786-439-8567,,,25.7501869,-80.2610009,33134,5.0,23.0,Dermatologist,None,outscraper
Riverchase Dermatology - Miami,+1 305-856-6555,,,25.7410908,-80.21322409999999,33133,4.7,584.0,Dermatologist,None,outscraper
Dr. Judith Crowell,+1 305-444-0112,,,25.7456307,-80.25939799999999,33134,2.0,4.0,Dermatologist,None,outscraper
Skin Center of South Miami,+1 305-740-6181,,,25.6985179,-80.2854528,33143,4.9,1707.0,Dermatologist,None,outscraper
"Ana M. Duarte, MD, FAAP, FAAD, Children’s Skin Center",+1 305-669-6555,,,25.7425143,-80.2940201,33155,4.5,1089.0,Dermatologist,None,outscraper
"Shasa Hu, MD",+1 305-243-6704,,,25.7553174,-80.2591607,33134,5.0,1.0,Dermatologist,None,outscraper
"George W. Elgart, MD",+1 305-243-6704,,,25.7553174,-80.2591607,33134,5.0,1.0,Dermatologist,None,outscraper
Mayical Skincare,+1 305-454-4884,,,25.7611866,-80.25889219999999,33134,5.0,120.0,Laser hair removal service,None,outscraper
University of Miami: Dermatology,+1 305-243-6704,,,25.787727999999998,-80.21588899999999,33125,2.3,30.0,Academic department,None,outscraper
"Gil Yosipovitch, MD",+1 305-243-6704,,,25.755311499999998,-80.25916219999999,33134,5.0,1.0,Dermatologist,None,outscraper
Dr. Scott Elman,+1 305-243-6704,,,25.7553174,-80.2591607,33134,5.0,1.0,Dermatologist,None,outscraper
Skin Beauty by Yamileth,+1 786-339-0245,,,25.7648182,-80.259314,33134,5.0,108.0,Skin care clinic,None,outscraper
UHealth Dermatology South Miami,+1 305-243-6704,,,25.7055632,-80.2935909,33143,3.9,7.0,Dermatologist,None,outscraper
"Brian William Morrison, MD",+1 305-243-6704,,,25.7553174,-80.2591607,33134,5.0,2.0,Dermatologist,None,outscraper
"Paolo Romanelli, MD",+1 305-243-6704,,,25.7553174,-80.2591607,33134,5.0,5.0,Dermatologist,None,outscraper
"Danyelle Marguarita Dawes, MD",+1 305-243-6704,,,25.7553174,-80.2591607,33134,4.0,4.0,Dermatologist,None,outscraper
"Natalia Jaimes, MD",+1 305-243-6704,,,25.7553174,-80.2591607,33134,5.0,2.0,Dermatologist,None,outscraper
ALEXIS LAUREN | Coral Gables,+1 305-686-3393,,,25.7330243,-80.2582293,33146,5.0,492.0,Doctor,None,outscraper
Andrea Maderal,+1 305-243-6704,,,25.7553174,-80.2591607,33134,5.0,1.0,Dermatologist,None,outscraper
Michael E Abrouk,+1 305-443-6606,,,25.7312801,-80.2581123,331461871,3.7,3.0,Dermatologist,None,outscraper
"Fredric S. Brandt, MD",+1 305-443-6606,,,25.7311597,-80.25781529999999,33146,,,Dermatologist,None,outscraper
South Florida Dermatology,+1 305-971-1210,,,25.6557742,-80.3977925,33186,3.9,326.0,Dermatologist,None,outscraper
"Jennifer C Tang, MD",+1 305-243-6704,,,25.7553174,-80.2591607,33134,5.0,3.0,Dermatologist,None,outscraper
Skin & Body Wellness Center-Silvana Diaz Medical Aesthetician,+1 305-448-5520,,,25.7553137,-80.2591443,33134,3.9,11.0,Dermatologist,None,outscraper
Patricia's Skin Care,+1 305-444-4156,,,25.7648419,-80.2563095,33134,4.9,98.0,Facial spa,None,outscraper
Acra Medical Aesthetics,+1 305-774-1116,,,25.7506894,-80.255383,33134,4.7,25.0,Skin care clinic,None,outscraper
"Sarah Naviwala, PA",+1 305-669-6555,,,25.7414669,-80.29406519999999,33146,5.0,3.0,Pediatric dermatologist,None,outscraper
JAVIER FLORES . M.D.,+1 305-668-8997,,,25.7060918,-80.28523969999999,33146,5.0,4.0,Dermatologist,None,outscraper
"Gina Ortego, PA",+1 305-461-2000,,,25.741425099999997,-80.2580718,33134,,,Dermatologist,None,outscraper
Barba Skin Clinic,+1 305-576-1133,,,25.818863,-80.1881552,33137,4.3,53.0,Skin care clinic,None,outscraper
The Plump Room,+1 786-590-0209,,,25.7527181,-80.2582317,33134,5.0,192.0,Skin care clinic,None,outscraper
Allergy and Asthma,+1 305-445-0441,,,25.752900099999998,-80.2621597,33134,4.4,34.0,Allergist,None,outscraper
"Alyx Cali Rosen Aigen, MD",+1 305-243-6704,,,25.755334299999998,-80.25907819999999,33134,,,Dermatologist,None,outscraper
Advanced Acne Institute,+1 786-385-6101,,,25.7041503,-80.30165319999999,33143,4.8,45.0,Dermatologist,None,outscraper
Cynthia Golomb,+1 305-443-6606,,,25.7312801,-80.2581123,33146,5.0,1.0,Dermatologist,None,outscraper
"Judith Hellman, MD",+1 305-243-6704,,,25.7553174,-80.2591607,33134,,,Dermatologist,None,outscraper
Envision Optique,+1 305-444-9600,,,25.746672999999998,-80.258879,33134,4.8,369.0,Optometrist,None,outscraper
Coral Gables Eye Care Center,+1 305-444-8331,,,25.749478999999997,-80.2558784,33134,4.8,88.0,Optometrist,None,outscraper
Blinking Owl Eyecare,+1 786-526-5054,,,25.731336499999998,-80.2601406,33146,4.8,554.0,Optometrist,None,outscraper
LensCrafters,+1 786-526-5053,,,25.731336499999998,-80.2601406,33146,4.9,1537.0,Optometrist,None,outscraper
Venus Optical Boutique,+1 305-961-1060,,,25.752639799999997,-80.2581721,33134,5.0,71.0,Eye care center,None,outscraper
International Opticians,+1 305-854-6191,,,25.7503225,-80.2314085,33145,4.9,657.0,Optometrist,None,outscraper
Visionworks Miracle Marketplace,+1 305-443-7276,,,25.7504,-80.249026,33145,4.6,355.0,Optometrist,None,outscraper
For Eyes,+1 305-441-1717,,,25.7497348,-80.2516691,33145,4.7,479.0,Optometrist,None,outscraper
Maria Martinez,None,,,25.7482825,-80.2547877,33134,4.8,29.0,Optometrist,None,outscraper
The Eye Project,+1 305-910-6892,,,25.753940399999998,-80.25538399999999,33134,5.0,22.0,Optician,None,outscraper
Coral Eyes,+1 305-854-2388,,,25.751189399999998,-80.2175224,33145,4.8,473.0,Optometrist,None,outscraper
Loly's Optical,+1 305-446-8220,,,25.7648792,-80.2559349,33134,3.9,47.0,Optometrist,None,outscraper
Italian Eyewear Inc,+1 786-633-6313,,,25.7503721,-80.2590288,33134,5.0,223.0,Optician,None,outscraper
"Maria Gonzalez, OD",+1 305-854-0736,,,25.7503225,-80.2314085,33145,5.0,9.0,Optometrist,None,outscraper
"Yaritza Flores, OD",+1 305-443-7070,,,25.7482825,-80.2547877,33134,4.9,15.0,Optometrist,None,outscraper
Eyeglass Place Inc,+1 305-669-3890,,,25.7253574,-80.2627232,33146,5.0,7.0,Optician,None,outscraper
Michael Obregon,+1 305-444-9600,,,25.746697299999997,-80.2588993,331346005,3.4,5.0,Optometrist,None,outscraper
Cepero Eyecare Center,+1 305-858-4057,,,25.7510099,-80.22219989999999,33145,4.8,115.0,Optometrist,None,outscraper
Visionworks,+1 305-661-1567,,,25.7330018,-80.3040195,33155,4.6,421.0,Optometrist,None,outscraper
Dr. Jorge R Garcia OD PA,+1 305-443-6660,,,25.75019,-80.2490555,33145,5.0,1226.0,Optometrist,None,outscraper
Vision Unlimited at Sunset,+1 305-662-2990,,,25.704748199999997,-80.2844848,33143,3.9,133.0,Optometrist,None,outscraper
Aran Eye Associates - Miami,+1 305-442-2020,,,25.7482825,-80.2547877,33134,4.7,383.0,Eye care center,None,outscraper
i.Designs Optical,+1 305-774-6900,,,25.7570819,-80.2585682,33134,5.0,11.0,Optician,None,outscraper
Chrycy Eye Group,+1 305-443-3783,,,25.7555902,-80.2545433,33145,4.0,63.0,Optometrist,None,outscraper
Edward Beiner Eyewear at CocoWalk Coconut Grove,+1 786-216-7850,,,25.728972,-80.24197699999999,33133,4.9,110.0,Optician,None,outscraper
Aran Eye Associates - Coral Gables,+1 305-442-2020,,,25.761596899999997,-80.26297129999999,33134,4.3,1096.0,Optometrist,None,outscraper
Padron Richard OD,+1 305-860-6760,,,25.7578414,-80.23082579999999,33145,4.9,28.0,Optometrist,None,outscraper
"Saba H. Millares, OD",+1 305-858-6414,,,25.7504179,-80.2312476,33145,5.0,6.0,Optometrist,None,outscraper
Lopez Optical,+1 305-446-3025,,,25.750448,-80.2425458,33145,4.7,93.0,Optician,None,outscraper
Stanton Optical,+1 305-440-5459,,,25.7490497,-80.3364033,33165,4.2,331.0,Optometrist,None,outscraper
Lopez Eye Care & Optical,+1 305-400-8035,,,25.7723193,-80.25643149999999,33134,5.0,125.0,Optometrist,None,outscraper
Bascom Palmer Eye Institute The Lennar Foundation Medical Center,+1 305-689-5555,,,25.7135474,-80.27994199999999,33146,2.6,55.0,Optometrist,None,outscraper
Warby Parker Coconut Grove,+1 786-823-3249,,,25.7277854,-80.2423099,33133,4.8,295.0,Optician,None,outscraper
America's Best Contacts & Eyeglasses,+1 305-223-2880,,,25.7459973,-80.3344185,33155,4.7,1503.0,Optometrist,None,outscraper
Edward Beiner Eyewear on Sunset Drive in South Miami,+1 305-661-1205,,,25.7044593,-80.2877895,33143,4.5,44.0,Eye care center,None,outscraper
"Isis Rodriguez, OD",+1 305-446-8220,,,25.7648792,-80.2559349,33134,2.3,3.0,Optometrist,None,outscraper
"Maricarmen Perez Blanco, OD",+1 305-243-2020,,,25.7134099,-80.2801291,33146,1.0,1.0,Optometrist,None,outscraper
Celina Ruiz,+1 305-461-1808,,,25.7318154,-80.2607785,33146,5.0,1.0,Optometrist,None,outscraper
BJ's Optical,+1 305-262-8480,,,25.745215899999998,-80.30979409999999,33155,4.6,34.0,Optician,None,outscraper
Suarez Optical,+1 305-265-7676,,,25.7475947,-80.3268485,33155,4.9,413.0,Optometrist,None,outscraper
PATRISA TARE,+1 305-442-2020,,,25.761599999999998,-80.2628276,33134,5.0,1.0,Optometrist,None,outscraper
Versailles De Toro Optical,+1 305-444-8676,,,25.763628399999998,-80.2831673,33134,3.6,46.0,Optometrist,None,outscraper
"Mark T Dunbar, OD, FAAO",+1 305-243-2020,,,25.7134099,-80.2801291,33146,5.0,1.0,Optometrist,None,outscraper
Iris Gonzalez,+1 305-442-4747,,,25.7498683,-80.2594438,33134,5.0,1.0,Optician,None,outscraper
Schneider Eye Center,+1 305-662-9300,,,25.701812699999998,-80.28559489999999,33143,5.0,963.0,Optometrist,None,outscraper
Miriam Mendivil,+1 305-444-8676,,,25.763628399999998,-80.2831673,33134,5.0,1.0,Optometrist,None,outscraper
"Dr. Tanya Rana, OD, FAAO",+1 786-526-5053,,,25.7315145,-80.2601638,33146,5.0,2.0,Optometrist,None,outscraper
Laser Eye Center of Miami,+1 305-443-4733,,,25.7556247,-80.2543792,33145,4.8,588.0,Ophthalmologist,None,outscraper
Heidi Volos OD,+1 305-662-8390,,,25.7408339,-80.2941591,33155,5.0,18.0,Optometrist,None,outscraper
Daniel Sanchez O.D.,+1 305-446-3025,,,25.750448,-80.2425458,33145,5.0,9.0,Optometrist,None,outscraper
Bustelo's Optical - Calle Ocho,+1 786-431-1625,,,25.7646435,-80.2747315,33134,5.0,18.0,Optician,None,outscraper
Dr. ERNESTO CEPERO,+1 305-858-4085,,,25.7510032,-80.2222579,33145,5.0,1.0,Optometrist,None,outscraper
"Rafael F. Sanchez, OD",+1 305-446-3025,,,25.7498026,-80.24927339999999,33145,4.9,16.0,Optometrist,None,outscraper
Aran Eye Associates: Fabrega Marco A MD,+1 305-442-2020,,,25.761596599999997,-80.2629855,33134,4.8,86.0,Ophthalmologist,None,outscraper
Eyes on Brickell,+1 786-801-1335,,,25.753445799999998,-80.21039449999999,33129,4.6,370.0,Optometrist,None,outscraper
Liset Optical,+1 305-444-0535,,,25.7641055,-80.26559069999999,33134,5.0,1.0,Optician,None,outscraper
Retina Macula Specialists of Miami,+1 305-666-8850,,,25.7061137,-80.2851871,33143,4.7,189.0,Eye care center,None,outscraper
"Susanna Tamkins, OD",+1 305-243-2020,,,25.7135404,-80.27993599999999,33146,,,Optometrist,None,outscraper
Same Day Glasses,+1 305-854-2388,,,25.7511847,-80.2175125,33145,4.3,11.0,Optometrist,None,outscraper
Rakofsky Sanford MD,+1 305-442-9020,,,25.750102299999998,-80.262928,33134,4.8,33.0,Optician,None,outscraper
Balius Emilio OD,+1 305-442-2020,,,25.761602999999997,-80.2628228,33134,,,Optometrist,None,outscraper
TLC Of Coral Gables (The Laser Center of Coral Gables),+1 305-461-0003,,,25.7614047,-80.2629087,33134,4.9,104.0,Optometrist,None,outscraper
Jessica Rodriguez,+1 305-422-2020,,,25.761599999999998,-80.2628276,33134,,,Optometrist,None,outscraper
International Ocular Center Inc,+1 305-642-3401,,,25.772060999999997,-80.2618042,33134,4.5,4.0,Store,None,outscraper
Yasser Batalneh Bco,+1 305-642-3937,,,25.772037299999997,-80.2618047,33134,5.0,14.0,Eye care center,None,outscraper
"Dr. Edward F. Lores, MD",+1 305-667-1666,,,25.7247633,-80.2619069,33133,4.4,7.0,Ophthalmologist,None,outscraper
"O'Malley Marie Bosanic, OD",+1 305-689-5555,,,25.7134099,-80.2801291,33146,,,Optometrist,None,outscraper
"Abraham Awad, OD",+1 305-461-2400,,,25.7556154,-80.2544468,33145,5.0,1.0,Optometrist,None,outscraper
AVANTVISION OPTICAL,+1 786-452-8544,,,25.7796162,-80.25503909999999,33125,4.9,177.0,Optometrist,None,outscraper
Laura Espinosa,+1 305-442-2020,,,25.761599999999998,-80.2628276,33134,,,Optometrist,None,outscraper
Aran eye associates,None,,,25.7482825,-80.2547877,33134,,,Optician,None,outscraper
"Jose Macedo, OD",+1 305-854-0736,,,25.7503225,-80.2314085,33145,4.3,4.0,Optometrist,None,outscraper
"Reina Eye Care, P.A.",+1 786-353-2975,,,25.7505253,-80.22509149999999,33145,4.9,46.0,Ophthalmologist,None,outscraper
Bott Kermit OD,+1 305-441-0533,,,25.7497197,-80.2516613,33145,,,Optometrist,None,outscraper
Futura Eye Doctors,+1 305-643-1010,,,25.765434,-80.2254981,33135,4.7,196.0,Optometrist,None,outscraper
ABC Optometry,+1 305-227-5467,,,25.7325473,-80.33723239999999,33165,4.9,633.0,Optometrist,None,outscraper
Sunglass Hut,+1 786-497-0664,,,25.7313807,-80.2603981,33146,4.5,64.0,Sunglasses store,None,outscraper
Dr. Jeannine Gutierrez,+1 305-443-7070,,,25.7482769,-80.25482699999999,33134,,,Optometrist,None,outscraper
Blinking Owl Eyecare,None,,,25.779977799999998,-80.25879049999999,33126,4.7,73.0,Optometrist,None,outscraper
Pablo Suarez PA,+1 305-265-7676,,,25.747544899999998,-80.326861,33155,,,Optometrist,None,outscraper
Dr. Gabriel Lopez,+1 305-400-8035,,,25.7722809,-80.2564276,33134,5.0,2.0,Optometrist,None,outscraper
Soraya Lopez,+1 305-442-2020,,,25.761599999999998,-80.2628276,33134,,,Optometrist,None,outscraper
"Silva Fernando OD,",+1 305-858-2228,,,25.7719147,-80.2489172,33135,5.0,10.0,Optometrist,None,outscraper
Clarin Eye Care Center,+1 305-253-2525,,,25.6356584,-80.3363895,33176,4.7,200.0,Optometrist,None,outscraper
MedEye Associates - Main,+1 305-661-8588,,,25.7077167,-80.2887099,33143,3.3,343.0,Eye care center,None,outscraper
Zarco Vision Center,+1 305-443-3330,,,25.771788899999997,-80.2489526,33135,4.4,112.0,Optician,None,outscraper
Laria Eye Care and Optical,+1 305-225-1145,,,25.7343521,-80.288544,33155,4.9,503.0,Optometrist,None,outscraper
Vision Unlimited at Le Jeune,+1 305-662-2990,,,25.7755406,-80.26367809999999,33126,5.0,9.0,Optometrist,None,outscraper
"Natalie Ann Townsend, OD",+1 305-243-2020,,,25.7134099,-80.2801291,33146,,,Optometrist,None,outscraper
"Rami J Aboumourad, OD",+1 305-326-6000,,,25.7134099,-80.2801291,33146,,,Optometrist,None,outscraper
Eye Institute Of South Florida,+1 305-858-2228,,,25.771765499999997,-80.248943,33135,3.8,9.0,Eye care center,None,outscraper
Dr. Felix Alonso OD,+1 305-854-2388,,,25.7511847,-80.2175125,33145,,,Optometrist,None,outscraper
1269 Curated Eyewear,+1 305-441-0399,,,25.727052699999998,-80.24386229999999,33133,4.8,200.0,Optician,None,outscraper
"Luis E Vazquez, MD, PhD",+1 305-243-2020,,,25.713419599999998,-80.2801076,33146,5.0,2.0,Ophthalmologist,None,outscraper
Eye Consultants and Surgeons of Miami,+1 305-854-3307,,,25.7511886,-80.2178836,33145,3.1,10.0,Ophthalmologist,None,outscraper
Eye Care Optical Center,+1 305-665-2353,,,25.703414,-80.285755,33143,4.4,13.0,Optometrist,None,outscraper
Gables Animal Clinic,+1 305-381-5694,,,25.7570819,-80.2585682,33134,4.7,127,Veterinarian,None,outscraper
Coral Gables Animal Hospital,+1 305-590-5011,,,25.728868,-80.2607207,33146,4.7,163,Veterinarian,None,outscraper
Ponce De León Animal Clinic,+1 305-666-6813,,,25.7289542,-80.2603991,33146,4.8,228,Animal hospital,None,outscraper
GoodVets Coral Gables,+1 305-522-6100,,,25.749712,-80.2610754,33134,4.8,128,Veterinarian,None,outscraper
PetSmart Veterinary Services - Coral Gables,+1 786-981-7155,,,25.750417,-80.2496863,33145,5.0,38,Veterinarian,None,outscraper
Silver Bluff Animal Clinic,+1 305-859-7979,,,25.7451908,-80.2378596,33133,4.6,296,Veterinarian,None,outscraper
GoodVets Coconut Grove,+1 305-463-1201,,,25.7298863,-80.240082,33133,4.7,222,Veterinarian,None,outscraper
Flagler Animal Clinic,+1 305-266-8320,,,25.7706604,-80.28567819999999,33134,4.4,162,Veterinarian,None,outscraper
TLC Animal Clinic I,+1 305-637-6699,,,25.757821099999997,-80.2308231,33145,4.9,173,Animal hospital,None,outscraper
Animal Clinic 8 & 43,+1 305-442-0776,,,25.764098,-80.265571,33134,4.7,159,Veterinarian,None,outscraper
Coconut Grove Animal Clinic,+1 305-448-2123,,,25.727801099999997,-80.24528699999999,33133,4.6,341,Veterinarian,None,outscraper
"Annette Thomas, VMD",+1 305-667-5821,,,25.72881,-80.26065179999999,33146,5.0,1,Veterinarian,None,outscraper
Animal Clinic of Miami Dade,+1 305-262-8888,,,25.750567999999998,-80.30381249999999,33155,4.5,432,Veterinarian,None,outscraper
Coral Way Animal Clinic,+1 305-381-0561,,,25.7548729,-80.2382087,33145,4.5,367,Veterinarian,None,outscraper
Mascota of coral gables,None,,,25.750450999999998,-80.2497308,33145,5.0,2,Veterinarian,None,outscraper
Manzano Animal Clinic,+1 305-442-0776,,,25.7640489,-80.26550569999999,33134,3.9,7,Animal hospital,None,outscraper
Banfield Pet Hospital,+1 786-796-2241,,,25.7497874,-80.2453558,33145,3.7,326,Veterinarian,None,outscraper
CORA Physical Therapy Coral Gables,+1 305-448-0146,,,25.757718699999998,-80.2557416,33134,4.6,279.0,Physical therapy clinic,None,outscraper
Physical Therapy Now Coral Gables,+1 305-615-1628,,,25.7499081,-80.2377745,33145,4.7,120.0,Physical therapy clinic,None,outscraper
Coral Gables Physical Therapy,+1 305-441-5258,,,25.7336262,-80.25961819999999,33146,4.5,28.0,Physical therapy clinic,None,outscraper
South Miami Physical Therapy and Pilates,+1 305-297-4661,,,25.7087996,-80.2821671,33146,5.0,15.0,Physical therapy clinic,None,outscraper
USA Sports Therapy Coral Gables,+1 305-420-5682,,,25.728952399999997,-80.2612954,33146,4.8,131.0,Physical therapy clinic,None,outscraper
RxMovement Physical Therapy,+1 754-300-0864,,,25.744425,-80.26034059999999,33134,5.0,30.0,Physical therapy clinic,None,outscraper
"Reaction Rehab, LLC.",+1 305-856-9000,,,25.7256251,-80.26231829999999,33146,4.9,39.0,Physical therapist,None,outscraper
"Miami Physical Therapy Associates, Inc.",+1 305-444-0074,,,25.7505201,-80.2410319,33145,5.0,253.0,Physical therapist,None,outscraper
SFR PHYSICAL THERAPY SOUTH MIAMI,+1 305-905-4188,,,25.695151,-80.3035483,33143,4.9,214.0,Physical therapy clinic,None,outscraper
Mandler Physical Therapy,+1 786-362-5618,,,25.7096451,-80.28200149999999,33146,5.0,57.0,Physical therapist,None,outscraper
Gables Physical Therapy,+1 786-309-8877,,,25.7558901,-80.25738539999999,33134,5.0,7.0,Physical therapy clinic,None,outscraper
Body Remedy Miami,+1 305-846-7596,,,25.7264444,-80.26333129999999,33146,4.9,325.0,Massage therapist,None,outscraper
Fyzical Therapy and Balance Centers - formerly Physical Therapy Associates PA,+1 305-662-4915,,,25.7038472,-80.29511289999999,33143,4.9,163.0,Physical therapy clinic,None,outscraper
Origin Physical Therapy,+1 786-789-1442,,,25.7426866,-80.25385519999999,33133,4.8,35.0,Physical therapy clinic,None,outscraper
Advanced Rehab Group,+1 305-439-0973,,,25.763528599999997,-80.2802598,33134,5.0,26.0,Physical therapy clinic,None,outscraper
Pinecrest Physical Therapy,+1 305-722-0568,,,25.687435999999998,-80.309581,33156,4.9,60.0,Physical therapy clinic,None,outscraper
Riviera Health Resort,+1 786-517-6999,,,25.7053975,-80.2820246,33146,4.4,463.0,Nursing home,None,outscraper
Doctors Hospital Sports Medicine Therapy,None,,,25.7244663,-80.2736345,33146,4.5,17.0,Hospital,None,outscraper
Stretch Zone,+1 786-636-1306,,,25.7430703,-80.2585551,33134,4.8,225.0,Wellness center,None,outscraper
Hope Physical Rehabilitation,+1 305-285-5500,,,25.7060584,-80.2852766,33143,5.0,16.0,Physical therapy clinic,None,outscraper
"Physical Therapy and Wellness Center, Inc.",+1 305-779-2427,,,25.698321999999997,-80.2855316,33143,4.3,8.0,Physical therapy clinic,None,outscraper
Pro Fitness & Rehab,+1 305-445-4224,,,25.7459837,-80.2608882,33134,5.0,2.0,Physical therapy clinic,None,outscraper
Orthopaedics & Rehabilitation Excellence of Miami - John P Wilkerson Jr MD,+1 305-669-4426,,,25.706351899999998,-80.2846089,33143,4.7,111.0,Physical therapy clinic,None,outscraper
Pandora Pilates & Physical Therapy,+1 305-201-0004,,,25.7394677,-80.25447849999999,33133,4.8,58.0,Physical therapy clinic,None,outscraper
Partnership In Therapy Inc,+1 305-666-3232,,,25.706944999999997,-80.28349,33146,4.9,9.0,Physical therapist,None,outscraper
"Steps Therapy Center, Corp",+1 954-368-4786,,,25.7710737,-80.2738638,33134,5.0,48.0,Mental health service,None,outscraper
"Pamela A. Downey, PT",+1 305-666-3232,,,25.7069534,-80.28343509999999,33146,5.0,9.0,Physical therapist,None,outscraper
Clinic Libessart,+1 305-663-4499,,,25.734454,-80.256728,33146,4.9,173.0,Physical therapy clinic,None,outscraper
MasMed Rehab,+1 305-781-7121,,,25.7503903,-80.24509119999999,33145,5.0,44.0,Physical therapy clinic,None,outscraper
CorpoSchema Pilates & Rehab,+1 305-428-2790,,,25.7445162,-80.25964669999999,33134,5.0,1.0,Physical therapist,None,outscraper
Sports Medicine | The Lennar Foundation Medical Center,+1 305-689-5555,,,25.713417699999997,-80.2799339,33146,3.5,23.0,Sports medicine clinic,None,outscraper
Gaitway Physical Therapy,+1 305-982-7804,,,25.750162,-80.235702,33145,5.0,21.0,Physical therapy clinic,None,outscraper
Force Physical Therapy - Coconut Grove,+1 305-282-2689,,,25.7356256,-80.2435407,33133,5.0,68.0,Physical therapy clinic,None,outscraper
USA Sports Medicine South Beach,+1 305-479-2973,,,25.7739889,-80.1346453,33139,4.9,349.0,Physical therapy clinic,None,outscraper
Rm Physio miami,+1 786-587-4481,,,25.744150899999998,-80.2602461,33134,5.0,223.0,Sports massage therapist,None,outscraper
Pelvic Rehabilitation Medicine,+1 305-570-1436,,,25.742764299999997,-80.2538252,33133,4.5,85.0,Sports medicine physician,None,outscraper
Old Bull Athletics: 1 on 1 Personal Training and Physical Therapy at Coral Gables,+1 786-615-3583,,,25.755379899999998,-80.25825809999999,33134,5.0,148.0,Physical therapist,None,outscraper
Elevate Rehabilitation & Performance,+1 305-343-3020,,,25.7482732,-80.2561336,33134,4.8,20.0,Physical therapy clinic,None,outscraper
PARC- Premier Athletic Rehab Center,+1 305-680-1570,,,25.7420138,-80.2372228,33133,5.0,362.0,Physical therapy clinic,None,outscraper
"NsC OT-PT2, LLC Physical/Occupational Therapy-Gables",+1 786-219-3145,,,25.727046599999998,-80.26279219999999,33146,,,Physical therapy clinic,None,outscraper
Florida Rehab Professionals,+1 305-446-1098,,,25.750102299999998,-80.262928,33134,5.0,4.0,Speech pathologist,None,outscraper
Miami Rehab & Wellness Center,+1 305-631-2106,,,25.748837299999998,-80.3219635,33155,5.0,182.0,Physical therapist,None,outscraper
Complex Physical Therapy and Performance,+1 786-816-1078,,,25.703825499999997,-80.2881893,33143,5.0,152.0,Physical therapy clinic,None,outscraper
American Physical Therapy Institute,+1 305-323-8653,,,25.7050588,-80.2839462,33143,,,Physical therapist,None,outscraper
QC Kinetix - Coral Gables,+1 786-667-8882,,,25.734440799999998,-80.2567344,33146,4.7,42.0,Pain control clinic,None,outscraper
P2 Motion - Pilates & Physical Therapy,+1 786-773-1759,,,25.708806,-80.282192,33146,5.0,3.0,Pilates studio,None,outscraper
University of Miami - Department of Physical Therapy,+1 305-284-4535,,,25.709682599999997,-80.2842663,33146,3.0,8.0,Academic department,None,outscraper
SnapCrack | 29 Dollar Chiropractic,None,,,25.748995599999997,-80.2564979,33134,4.7,227.0,Chiropractor,None,outscraper
Pace Physical Therapy,+1 786-514-6316,,,25.752639799999997,-80.2581721,33134,,,Physical therapy clinic,None,outscraper
Uptown Psychology,+1 786-977-3242,,,25.744150899999998,-80.2602461,33134,5.0,8.0,Psychologist,None,outscraper
Ocean Psychology Group,+1 305-200-3921,,,25.764967799999997,-80.25636,33134,4.9,37.0,Psychologist,None,outscraper
Coral Gables Counseling Center,+1 305-445-0477,,,25.747755299999998,-80.2547271,33134,4.7,38.0,Psychologist,None,outscraper
Miami Counseling & Resource Center,+1 305-448-8325,,,25.755406699999998,-80.2571361,33134,4.5,74.0,Psychologist,None,outscraper
Psychology Associates of Coral Gables,+1 305-344-7224,,,25.709705399999997,-80.2841995,33146,,,Psychologist,None,outscraper
"Dr. Cecilia M. Marin, Psy.D.",+1 305-764-2333,,,25.7533103,-80.2617509,33134,5.0,12.0,Psychologist,None,outscraper
Harvesting Joy Counseling,+1 321-405-2805,,,25.7444821,-80.2596311,33134,4.9,53.0,Psychotherapist,None,outscraper
Casa Sol Psychology,+1 786-708-1532,,,25.744150899999998,-80.2602461,33134,5.0,7.0,Mental health clinic,None,outscraper
Love Discovery Institute,+1 786-373-0935,,,25.762493499999998,-80.2587034,33134,4.8,96.0,Psychologist,None,outscraper
Your Mind Center,+1 305-916-4632,,,25.748257,-80.2564214,33134,5.0,19.0,Child psychologist,None,outscraper
NESCA Coral Gables/Miami FL,+1 305-395-4205,,,25.744150899999998,-80.2602461,33134,5.0,,Neuropsychologist,None,outscraper
Psychological Services Center,+1 305-284-4265,,,25.7126931,-80.2810435,33146,3.0,4.0,Mental health clinic,None,outscraper
Integrated Mind - Mental Health Therapy & Clinical Hypnotherapy,+1 786-835-9886,,,25.748645999999997,-80.26440869999999,33134,5.0,11.0,Mental health service,None,outscraper
"Dr. Stephanie May, Psy.D.",+1 954-288-2414,,,25.7491913,-80.2592734,33134,5.0,11.0,Mental health service,None,outscraper
"Maria D. Alonso, PsyD",+1 786-709-8556,,,25.744328199999998,-80.2580263,33134,5.0,2.0,Psychologist,None,outscraper
Positive Health Psychology Associates [PHPA],+1 786-567-8160,,,25.744150899999998,-80.2602461,33134,4.4,15.0,Mental health service,None,outscraper
Nicole Valdes Ph.D. & Associates P.A.,+1 954-465-1633,,,25.7260165,-80.2640603,33146,5.0,1.0,Psychologist,None,outscraper
"Psychology & Beyond, Inc.",+1 305-917-5414,,,25.7539126,-80.25970509999999,33134,4.4,7.0,Psychologist,None,outscraper
Rebeca Melendez- Psychotherapy and Assessments,+1 305-908-7118,,,25.744151,-80.260246,33134,5.0,4.0,Mental health service,None,outscraper
Mindful Psychiatry,+1 786-664-7757,,,25.752672,-80.25729919999999,33134,4.6,20.0,Psychologist,None,outscraper
Natal Counseling,+1 305-204-8292,,,25.744151,-80.260246,33134,5.0,20.0,Psychologist,None,outscraper
"The Psychology Team, P.A.",+1 786-452-9984,,,25.7077232,-80.2832859,33146,3.0,2.0,Psychologist,None,outscraper
"Health of Mind, Inc",+1 305-917-5414,,,25.7539126,-80.25970509999999,33134,5.0,52.0,Applied behavior analysis therapist,None,outscraper
"Dr Manuela Maria Menendez, Psy.D.",+1 786-529-6913,,,25.7096992,-80.2841785,33146,5.0,2.0,Psychologist,None,outscraper
Dr. Yadira Mir,+1 305-916-4632,,,25.748257,-80.2564214,33134,5.0,15.0,Psychologist,None,outscraper
Anasa Counseling,+1 786-505-2236,,,25.744150899999998,-80.2602461,33134,5.0,16.0,Psychotherapist,None,outscraper
Mindful Therapy LLC,+1 786-344-8757,,,25.765026499999998,-80.2590683,33134,4.2,9.0,Mental health clinic,None,outscraper
Coral Gables Therapy,+1 786-543-2313,,,25.7445,-80.2596389,33134,,,Psychologist,None,outscraper
"Paula A. Levine, PhD",+1 305-448-8325,,,25.7554485,-80.25714669999999,33134,5.0,1.0,Psychologist,None,outscraper
Dr. Laura De La Nuez,+1 786-797-7788,,,25.753618799999998,-80.2589879,33134,4.5,8.0,Psychologist,None,outscraper
Williamsburg Therapy Group Miami,+1 305-363-1221,,,25.729229999999998,-80.239604,33133,5.0,10.0,Psychologist,None,outscraper
"Michelle A. Gonzalez, PSYD, LMHC",+1 305-834-4852,,,25.709705399999997,-80.2841995,33146,5.0,5.0,Psychologist,None,outscraper
"Kevin Scholz, Psy.D.",+1 305-448-8325,,,25.7554762,-80.25714719999999,33134,5.0,1.0,Psychologist,None,outscraper
SoMi Counseling,+1 305-898-4555,,,25.7088118,-80.282128,33146,4.6,11.0,Psychotherapist,None,outscraper
Succeed with Love - Loves Hidden Policy - Coral Gables,+1 561-437-2286,,,25.744150899999998,-80.2602461,33134,4.9,57.0,Marriage or relationship counselor,None,outscraper
Mind Therapy,+1 305-445-9554,,,25.7521478,-80.26238359999999,33134,4.0,4.0,Mental health clinic,None,outscraper
Sunflower Psychiatry - Coral Gables,+1 786-250-6240,,,25.744150899999998,-80.2602461,33134,4.4,45.0,Psychiatrist,None,outscraper
Embracing Life Wellness Center - Miami TMS - Dr. Melissa Fickey,+1 305-930-6366,,,25.747722,-80.25473989999999,33134,4.9,36.0,Psychiatrist,None,outscraper
H&E Behavioral Solutions LLC,+1 305-684-9658,,,25.750449699999997,-80.2575593,33134,5.0,18.0,Applied behavior analysis therapist,None,outscraper
"Holistic Cognitive Therapy, LLC",+1 305-442-8833,,,25.765585599999998,-80.2578432,33134,4.8,23.0,Psychologist,None,outscraper
Palmetto Mental Health,+1 786-733-6194,,,25.7503404,-80.2570322,33134,5.0,20.0,Psychiatrist,None,outscraper
Florida Mental Health Practitioners - ADHD Miami Psychological Evaluations and Mental Health Services,+1 786-648-4447,,,25.748444,-80.31204009999999,33155,4.8,16.0,Mental health service,None,outscraper
Counselor Psychologist Cigna Tricare United CoralGables Kendall Miami,+1 305-898-6607,,,25.756117999999997,-80.25743469999999,33134,,,Psychologist,None,outscraper
Harmony United Psychiatric Care - Coral Gables,+1 800-457-4573,,,25.742725399999998,-80.2538402,33133,5.0,22.0,Mental health service,None,outscraper
Intuitive Counseling,+1 305-318-2839,,,25.7087969,-80.2821877,33146,5.0,54.0,Mental health service,None,outscraper
Rocha Rene F PhD,+1 305-859-4911,,,25.7618337,-80.2585744,33134,5.0,2.0,Psychologist,None,outscraper
Marital Mindset Counseling,+1 786-248-1987,,,25.744150899999998,-80.2602461,33134,5.0,5.0,Psychotherapist,None,outscraper
Mind Wellness Center,+1 786-863-2012,,,25.753619699999998,-80.2552609,33134,5.0,5.0,Psychotherapist,None,outscraper
Groundwork Counseling and Coaching,+1 786-505-2236,,,25.744150899999998,-80.2602461,33134,5.0,6.0,Mental health service,None,outscraper
"April Brown, LMFT - The Heard Counseling- Coral Gables",+1 305-998-2665,,,25.744150899999998,-80.2602461,33134,5.0,4.0,Marriage or relationship counselor,None,outscraper
Authentic Growth Counseling LLC: Yesenia Delgado,+1 954-246-0789,,,25.7344032,-80.25674339999999,33146,5.0,60.0,Mental health service,None,outscraper
"Dr. Aldrich Chan, Center for Neuropsychology and Consciousness, PLLC",+1 786-505-2824,,,25.742764299999997,-80.2538252,33133,4.9,71.0,Psychologist,None,outscraper
Terra Counseling Center,+1 786-393-4677,,,25.7507952,-80.2191325,33145,5.0,15.0,Counselor,None,outscraper
Becker Susan K PhD,+1 305-667-7890,,,25.7483343,-80.2588789,33134,5.0,1.0,Psychologist,None,outscraper
Stacey B. Jones PhD PA,+1 786-717-5028,,,25.729496299999997,-80.259695,33146,5.0,3.0,Psychologist,None,outscraper
"Maria del Pilar Fernandez, Psy.D. - Gables Holistic Care",+1 786-877-6445,,,25.7570819,-80.2585682,33134,,,Psychologist,None,outscraper
Brighter Hearts Counseling LLC,+1 305-783-9452,,,25.710707799999998,-80.2800273,33146,5.0,33.0,Counselor,None,outscraper
Seeds of Hope Behavioral Health,+1 786-245-4463,,,25.7442185,-80.2602765,33134,5.0,1.0,Mental health service,None,outscraper
"The Caring Minds Psychological Center, Inc.",+1 305-951-6609,,,25.701039899999998,-80.2855628,33143,5.0,1.0,Psychologist,None,outscraper
"Emily S. Rosenthal, LCSW",+1 305-710-2112,,,25.757116,-80.25872369999999,33134,5.0,3.0,Psychotherapist,None,outscraper
"Steps Therapy Center, Corp",+1 954-368-4786,,,25.7710737,-80.2738638,33134,5.0,48.0,Psychologist,None,outscraper
Therapy Counseling Services,+1 305-993-9413,,,25.7474839,-80.26156259999999,33134,,,Counselor,None,outscraper
"Dr. Lisa Reiss, Ph.D., LMHC, ACS",+1 305-469-4760,,,25.743667499999997,-80.22679289999999,33133,5.0,25.0,Psychologist,None,outscraper
Grove Therapy | Carolyn Wheeler-Garcia Licensed Psychotherapist,+1 305-904-8813,,,25.743687899999998,-80.22666339999999,33133,5.0,13.0,Psychologist,None,outscraper
"Dr. Gustavo R. Benejam, Psychologist | Psicólogo",+1 561-376-9699,,,25.7545823,-80.2098654,33129,5.0,398.0,Psychologist,None,outscraper
"Annie Khan, Psy.D.",+1 786-471-4054,,,25.755475999999998,-80.257147,33134,,,Psychologist,None,outscraper
"Loree Shrager, PhD",+1 305-458-2808,,,25.755457399999997,-80.2571572,33134,5.0,2.0,Psychologist,None,outscraper
Dr. Leanne Shapiro,+1 786-606-0302,,,25.7077475,-80.2833632,33146,4.3,4.0,Psychologist,None,outscraper
Family Counseling and Coaching of Miami,+1 305-640-5608,,,25.7399775,-80.4036768,33134,5.0,6.0,Counselor,None,outscraper
Peace Behavioral Health,+1 305-600-3182,,,25.744150899999998,-80.2602461,33134,5.0,5.0,Psychologist,None,outscraper
"Monica Ziegler, LMHC",+1 786-360-9287,,,25.7087875,-80.2821833,33146,5.0,2.0,Psychotherapist,None,outscraper
Hernandez Mental Health,+1 786-238-7298,,,25.749765,-80.24010919999999,33145,5.0,12.0,Mental health service,None,outscraper
Psych Blossom,+1 786-244-3520,,,25.6695845,-80.3322063,33129,5.0,8.0,Psychologist,None,outscraper
Psychological Associates of South Florida,+1 305-901-7350,,,25.7087064,-80.2826551,33146,,,Psychologist,None,outscraper
Dr. Annette BoVee-Akyurek- In Touch-therapy for mind & body,+1 954-471-4495,,,25.7116953,-80.2796221,33146,4.9,29.0,Psychotherapist,None,outscraper
Beans Behavior Analysis Services,+1 305-497-0662,,,25.7503754,-80.2571372,33134,5.0,4.0,Applied behavior analysis therapist,None,outscraper
Miami PsychCenter,+1 305-446-0333,,,25.711046,-80.2798901,33146,,,Marriage or relationship counselor,None,outscraper
Envision Wellness,+1 305-501-0133,,,25.7535501,-80.287717,33155,5.0,24.0,Psychologist,None,outscraper
Nora Dieguez Ph.D.,+1 305-445-9554,,,25.7521478,-80.26238359999999,33134,3.7,6.0,Psychologist,None,outscraper
Healthy Minds Psychology,+1 305-269-3900,,,25.7694397,-80.3257191,33144,4.6,95.0,Psychologist,None,outscraper
South Florida Integrative Medicine,+1 786-664-7810,,,25.7096992,-80.2841785,33146,4.3,16.0,Psychologist,None,outscraper
Brain & Behavioral Institute Drug Detox of South Florida,None,,,25.7509692,-80.2241094,33145,5.0,3.0,Mental health clinic,None,outscraper
Bloom Sooner,+1 786-519-4375,,,25.7270666,-80.2627622,33146,5.0,25.0,Counselor,None,outscraper
"Psych care community center, LLC",+1 786-592-1890,,,25.7228452,-80.3154249,33155,5.0,91.0,Psychologist,None,outscraper
"Luna Psychology Group, PA",+1 786-508-2207,,,25.7002293,-80.28565979999999,33143,4.3,6.0,Psychologist,None,outscraper
"Dr. Gihanna Jimenez - Licensed School Psychologist; IQ, GIFTED PSYCHOEDUCATIONAL EVALUATIONS",+1 305-793-1837,,,25.7034149,-80.2861944,33143,4.9,55.0,Child psychologist,None,outscraper
Collegiate Counseling Services,+1 786-488-0005,,,25.7554943,-80.2570265,33134,5.0,3.0,Psychiatrist,None,outscraper
angelica m gonzalez PA,+1 305-458-0810,,,25.747215699999998,-80.260847,33134,5.0,4.0,Counselor,None,outscraper
Caring for the Mind Therapy,+1 305-484-7720,,,25.711398199999998,-80.279476,33146,,,Mental health service,None,outscraper
Dr. Felix Padron,+1 305-448-6000,,,25.744480499999998,-80.259618,33134,5.0,1.0,Psychologist,None,outscraper
Baker & Feist PA,+1 305-667-1768,,,25.726525,-80.263451,33146,5.0,4.0,Psychologist,None,outscraper
Blossom Behavior Therapy,+1 305-397-8679,,,25.7096992,-80.2841785,33146,4.0,27.0,Applied behavior analysis therapist,None,outscraper
Behavior and Wellness Corp,+1 786-905-2126,,,25.7475539,-80.2619213,33134,5.0,12.0,Mental health service,None,outscraper
"EMN Counseling Eileen M Navarro, LMHC",+1 305-450-2815,,,25.7106563,-80.27985149999999,33146,5.0,21.0,Psychotherapist,None,outscraper
Counseling Associates of America,+1 239-289-9796,,,25.7483424,-80.25842349999999,33134,,,Psychologist,None,outscraper
"Victoria G. Roatta, Psy. D. P.A.",+1 305-519-7587,,,25.7099892,-80.28163289999999,33146,5.0,1.0,Psychologist,None,outscraper
Integrative Family Counseling & Wellness,+1 786-445-0675,,,25.7498211,-80.2605617,33134,,,Psychologist,None,outscraper
Coral Gables Hypnosis,+1 305-814-6676,,,25.747722,-80.25473989999999,33146,5.0,113.0,Hypnotherapy service,None,outscraper
AIM Psychiatric Mental Health Services LLC,+1 315-216-0105,,,25.750449699999997,-80.2575593,33134,,,Psychotherapist,None,outscraper
Margarita Borda,+1 305-898-6607,,,25.756116,-80.257419,33134,4.2,5.0,Psychologist,None,outscraper
Coral Gables Counseling Center,+1 305-445-0477,,,25.747755299999998,-80.2547271,33134,4.7,38.0,Mental health service,None,outscraper
Miami Counseling & Resource Center,+1 305-448-8325,,,25.755406699999998,-80.2571361,33134,4.5,74.0,Psychologist,None,outscraper
Uptown Psychology,+1 786-977-3242,,,25.744150899999998,-80.2602461,33134,5.0,8.0,Psychologist,None,outscraper
Love Discovery Institute,+1 786-373-0935,,,25.762493499999998,-80.2587034,33134,4.8,96.0,Mental health service,None,outscraper
Harvesting Joy Counseling,+1 321-405-2805,,,25.7444821,-80.2596311,33134,4.9,53.0,Counselor,None,outscraper
Ocean Psychology Group,+1 305-200-3921,,,25.764967799999997,-80.25636,33134,4.9,37.0,Mental health service,None,outscraper
NESCA Coral Gables/Miami FL,+1 305-395-4205,,,25.744150899999998,-80.2602461,33134,5.0,,Neuropsychologist,None,outscraper
Succeed with Love - Loves Hidden Policy - Coral Gables,+1 561-437-2286,,,25.744150899999998,-80.2602461,33134,4.9,57.0,Marriage or relationship counselor,None,outscraper
Natal Counseling,+1 305-204-8292,,,25.744151,-80.260246,33134,5.0,20.0,Psychologist,None,outscraper
Mindful Psychiatry,+1 786-664-7757,,,25.752672,-80.25729919999999,33134,4.6,20.0,Mental health service,None,outscraper
Integrated Mind - Mental Health Therapy & Clinical Hypnotherapy,+1 786-835-9886,,,25.748645999999997,-80.26440869999999,33134,5.0,11.0,Mental health service,None,outscraper
Anasa Counseling,+1 786-505-2236,,,25.744150899999998,-80.2602461,33134,5.0,16.0,Mental health service,None,outscraper
Skyy Counseling,+1 954-687-1091,,,25.7442185,-80.2602765,33134,5.0,18.0,Marriage or relationship counselor,None,outscraper
Coral Gables Therapy,+1 786-543-2313,,,25.7445,-80.2596389,33134,,,Psychologist,None,outscraper
"Dr. Cecilia M. Marin, Psy.D.",+1 305-764-2333,,,25.7533103,-80.2617509,33134,5.0,12.0,Psychologist,None,outscraper
"Liliana Wolf Ph.D., P.A.",+1 305-663-0010,,,25.728917499999998,-80.2645625,33146,5.0,578.0,Counselor,None,outscraper
Marital Mindset Counseling,+1 786-248-1987,,,25.744150899999998,-80.2602461,33134,5.0,5.0,Psychotherapist,None,outscraper
Psychology Associates of Coral Gables,+1 305-344-7224,,,25.709705399999997,-80.2841995,33146,,,Mental health service,None,outscraper
Mindful Therapy LLC,+1 786-344-8757,,,25.765026499999998,-80.2590683,33134,4.2,9.0,Mental health clinic,None,outscraper
"Health of Mind, Inc",+1 305-917-5414,,,25.7539126,-80.25970509999999,33134,5.0,52.0,Applied behavior analysis therapist,None,outscraper
SoMi Counseling,+1 305-898-4555,,,25.7088118,-80.282128,33146,4.6,11.0,Psychotherapist,None,outscraper
Brighter Hearts Counseling LLC,+1 305-783-9452,,,25.710707799999998,-80.2800273,33146,5.0,33.0,Counselor,None,outscraper
"April Brown, LMFT - The Heard Counseling- Coral Gables",+1 305-998-2665,,,25.744150899999998,-80.2602461,33134,5.0,4.0,Marriage or relationship counselor,None,outscraper
Your Mind Center,+1 305-916-4632,,,25.748257,-80.2564214,33134,5.0,19.0,Child psychologist,None,outscraper
MM Counseling Miami Inc,+1 305-440-7915,,,25.751688299999998,-80.25647409999999,33134,5.0,2.0,Psychotherapist,None,outscraper
"Psychology & Beyond, Inc.",+1 305-917-5414,,,25.7539126,-80.25970509999999,33134,4.4,7.0,Psychologist,None,outscraper
Authentic Growth Counseling LLC: Yesenia Delgado,+1 954-246-0789,,,25.7344032,-80.25674339999999,33146,5.0,60.0,Mental health service,None,outscraper
Embracing Life Wellness Center - Miami TMS - Dr. Melissa Fickey,+1 305-930-6366,,,25.747722,-80.25473989999999,33134,4.9,36.0,Psychiatrist,None,outscraper
Terra Counseling Center,+1 786-393-4677,,,25.7507952,-80.2191325,33145,5.0,15.0,Counselor,None,outscraper
"Dr. Stephanie May, Psy.D.",+1 954-288-2414,,,25.7491913,-80.2592734,33134,5.0,11.0,Mental health service,None,outscraper
Mind Wellness Center,+1 786-863-2012,,,25.753619699999998,-80.2552609,33134,5.0,5.0,Psychotherapist,None,outscraper
Casa Sol Psychology,+1 786-708-1532,,,25.744150899999998,-80.2602461,33134,5.0,7.0,Mental health service,None,outscraper
ABC for Success,+1 786-536-9714,,,25.7077232,-80.28328669999999,33146,4.4,21.0,Counselor,None,outscraper
Groundwork Counseling and Coaching,+1 786-505-2236,,,25.744150899999998,-80.2602461,33134,5.0,6.0,Mental health service,None,outscraper
Blue Pearl Therapeutic Miami Sex Therapist,+1 786-383-2738,,,25.749703699999998,-80.249758,33145,4.8,20.0,Marriage or relationship counselor,None,outscraper
"Healing Connections, LLC",+1 716-379-3321,,,25.7554302,-80.2586271,33134,5.0,9.0,Marriage or relationship counselor,None,outscraper
"Loree Shrager, PhD",+1 305-458-2808,,,25.755457399999997,-80.2571572,33134,5.0,2.0,Psychologist,None,outscraper
Family Counseling and Coaching of Miami,+1 305-640-5608,,,25.7399775,-80.4036768,33134,5.0,6.0,Counselor,None,outscraper
Physical Therapy Now Coral Gables,+1 305-615-1628,,,25.7499081,-80.2377745,33145,4.7,120.0,Physical therapy clinic,None,outscraper
"Best of Me Counseling & Therapy, LLC by Chandra Estefan, Ph.D., LMFT",+1 305-602-4734,,,25.744150899999998,-80.2602461,33134,5.0,4.0,Psychotherapist,None,outscraper
Counseling Services of Miami,+1 305-814-5375,,,25.7515492,-80.256388,33134,,,Mental health service,None,outscraper
Williamsburg Therapy Group Miami,+1 305-363-1221,,,25.729229999999998,-80.239604,33133,5.0,10.0,Psychologist,None,outscraper
Gatewell Therapy Center,+1 305-846-9370,,,25.744150899999998,-80.2602461,33134,,,Mental health service,None,outscraper
"Maria D. Alonso, PsyD",+1 786-709-8556,,,25.744328199999998,-80.2580263,33134,5.0,2.0,Psychologist,None,outscraper
"Michelle A. Gonzalez, PSYD, LMHC",+1 305-834-4852,,,25.709705399999997,-80.2841995,33146,5.0,5.0,Psychologist,None,outscraper
Counseling AM,+1 786-618-3824,,,25.7454841,-80.25466279999999,33134,,,Psychotherapist,None,outscraper
"Dr Manuela Maria Menendez, Psy.D.",+1 786-529-6913,,,25.7096992,-80.2841785,33146,5.0,2.0,Psychologist,None,outscraper
Mind Therapy,+1 305-445-9554,,,25.7521478,-80.26238359999999,33134,4.0,4.0,Mental health clinic,None,outscraper
Coming Home To Us Consulting,+1 203-893-1147,,,25.7525528,-80.25705239999999,33134,5.0,2.0,Psychotherapist,None,outscraper
"Wings to Fly Counseling, LLC.",+1 305-209-5945,,,25.744151,-80.260246,33134,5.0,2.0,Mental health service,None,outscraper
Evergreen Therapy,+1 305-330-1292,,,25.744150899999998,-80.2602461,33134,5.0,8.0,Psychotherapist,None,outscraper
Divine wellness center,+1 305-302-0087,,,25.729496299999997,-80.259695,33146,5.0,21.0,Mental health clinic,None,outscraper
"Monica Ziegler, LMHC",+1 786-360-9287,,,25.7087875,-80.2821833,33146,5.0,2.0,Mental health service,None,outscraper
Nicole Valdes Ph.D. & Associates P.A.,+1 954-465-1633,,,25.7260165,-80.2640603,33146,5.0,1.0,Psychologist,None,outscraper
Therapy Counseling Services,+1 305-993-9413,,,25.7474839,-80.26156259999999,33134,,,Counselor,None,outscraper
Rise and Thrive Counseling,+1 305-900-4350,,,25.744150899999998,-80.2602461,33134,5.0,2.0,Mental health service,None,outscraper
Clear Path Individual and Family Therapy Inc,+1 813-957-5276,,,25.7026517,-80.2896645,33143,5.0,2.0,Psychotherapist,None,outscraper
Harmony United Psychiatric Care - Coral Gables,+1 800-457-4573,,,25.742725399999998,-80.2538402,33133,5.0,22.0,Mental health service,None,outscraper
Carolina Cordovez | Art Therapy & Somatic Healing,+1 786-543-3078,,,25.7444821,-80.2596311,33134,5.0,3.0,Mental health service,None,outscraper
Dr. Laura De La Nuez,+1 786-797-7788,,,25.753618799999998,-80.2589879,33134,4.5,8.0,Psychologist,None,outscraper
"Holistic Cognitive Therapy, LLC",+1 305-442-8833,,,25.765585599999998,-80.2578432,33134,4.8,23.0,Mental health service,None,outscraper
Peace Behavioral Health,+1 305-600-3182,,,25.744150899999998,-80.2602461,33134,5.0,5.0,Psychiatrist,None,outscraper
South Florida Integrative Medicine,+1 786-664-7810,,,25.7096992,-80.2841785,33146,4.3,16.0,Mental health clinic,None,outscraper
Rocha Rene F PhD,+1 305-859-4911,,,25.7618337,-80.2585744,33134,5.0,2.0,Psychologist,None,outscraper
Positive Health Psychology Associates [PHPA],+1 786-567-8160,,,25.744150899999998,-80.2602461,33134,4.4,15.0,Mental health service,None,outscraper
Grove Therapy | Carolyn Wheeler-Garcia Licensed Psychotherapist,+1 305-904-8813,,,25.743687899999998,-80.22666339999999,33133,5.0,13.0,Psychologist,None,outscraper
"The Psychology Team, P.A.",+1 786-452-9984,,,25.7077232,-80.2832859,33146,3.0,2.0,Psychologist,None,outscraper
Romy’s World Behavioral Services,+1 786-953-7111,,,25.7643784,-80.26939519999999,33134,5.0,6.0,Speech pathologist,None,outscraper
"Be Well & Rise / Judi Pasos Landau, LMHC",+1 305-482-1177,,,25.7444821,-80.2596311,33134,5.0,9.0,Mental health service,None,outscraper
"Paula A. Levine, PhD",+1 305-448-8325,,,25.7554485,-80.25714669999999,33134,5.0,1.0,Psychologist,None,outscraper
Collegiate Counseling Services,+1 786-488-0005,,,25.7554943,-80.2570265,33134,5.0,3.0,Psychiatrist,None,outscraper
"Annie Khan, Psy.D.",+1 786-471-4054,,,25.755475999999998,-80.257147,33134,,,Psychologist,None,outscraper
Seeds of Hope Behavioral Health,+1 786-245-4463,,,25.7442185,-80.2602765,33134,5.0,1.0,Mental health service,None,outscraper
RIVERA Performance & Recovery,+1 305-850-1247,,,25.757568,-80.2590859,33134,5.0,207.0,Physical fitness program,None,outscraper
"EMN Counseling Eileen M Navarro, LMHC",+1 305-450-2815,,,25.7106563,-80.27985149999999,33146,5.0,21.0,Mental health service,None,outscraper
Integrative Family Counseling & Wellness,+1 786-445-0675,,,25.7498211,-80.2605617,33134,,,Mental health service,None,outscraper
Envision Wellness,+1 305-501-0133,,,25.7535501,-80.287717,33155,5.0,24.0,Mental health service,None,outscraper
Greenbrook Mental Wellness Centers,+1 855-940-4867,,,25.727046599999998,-80.26279219999999,33146,4.7,59.0,Mental health service,None,outscraper
"Dr. Lisa Reiss, Ph.D., LMHC, ACS",+1 305-469-4760,,,25.743667499999997,-80.22679289999999,33133,5.0,25.0,Psychologist,None,outscraper
Healing Space Therapy Collective,+1 305-205-3810,,,25.744150899999998,-80.2602461,33134,5.0,6.0,Mental health service,None,outscraper
Blossom Behavior Therapy,+1 305-397-8679,,,25.7096992,-80.2841785,33146,4.0,27.0,Applied behavior analysis therapist,None,outscraper
"Lighthouse Wellness & Vitality | Coral Gables, Florida",+1 321-405-3235,,,25.744150899999998,-80.2602461,33134,5.0,3.0,Mental health clinic,None,outscraper
Counseling Associates of America,+1 239-289-9796,,,25.7483424,-80.25842349999999,33134,,,Psychologist,None,outscraper
Counseling & Medical Associates,+1 786-856-6156,,,25.7487922,-80.30382329999999,33155,4.5,13.0,Marriage or relationship counselor,None,outscraper
RxMovement Physical Therapy,+1 754-300-0864,,,25.744425,-80.26034059999999,33134,5.0,30.0,Physical therapy clinic,None,outscraper
More Than Counseling,+1 786-571-6617,,,25.782919699999997,-80.2807227,33126,5.0,35.0,Mental health service,None,outscraper
angelica m gonzalez PA,+1 305-458-0810,,,25.747215699999998,-80.260847,33134,5.0,4.0,Counselor,None,outscraper
"PsychMd Therapy Wellness, LLC",None,,,25.763952699999997,-80.25961939999999,33134,,,Psychiatrist,None,outscraper
Beyond The Scale Therapy,+1 786-638-9074,,,25.7026517,-80.2896645,33143,4.8,24.0,Mental health clinic,None,outscraper
Afrasense Massage Therapy,+1 754-265-9198,,,25.744150899999998,-80.2602461,33134,4.9,222.0,Massage spa,None,outscraper
"Psych care community center, LLC",+1 786-592-1890,,,25.7228452,-80.3154249,33155,5.0,91.0,Mental health clinic,None,outscraper
"Emily S. Rosenthal, LCSW",+1 305-710-2112,,,25.757116,-80.25872369999999,33134,5.0,3.0,Psychotherapist,None,outscraper
The Healing Balm Holistic Wellness Spa,+1 786-657-8698,,,25.744150899999998,-80.2602461,33134,4.8,30.0,Massage therapist,None,outscraper
"The Caring Minds Psychological Center, Inc.",+1 305-951-6609,,,25.701039899999998,-80.2855628,33143,5.0,1.0,Psychologist,None,outscraper
"Reaction Rehab, LLC.",+1 305-856-9000,,,25.7256251,-80.26231829999999,33146,4.9,39.0,Physical therapist,None,outscraper
JB Beauty Lounge,+1 786-956-1011,,,25.751695899999998,-80.26042369999999,33134,5.0,126.0,Massage therapist,None,outscraper
Miami Behavioral Health Center,+1 305-774-3616,,,25.7715532,-80.2578742,33134,3.1,11.0,Mental health clinic,None,outscraper
CBT of Central & South Florida,+1 407-307-0300,,,25.744150899999998,-80.2602461,33134,5.0,1.0,Mental health service,None,outscraper
Dr. Gisela Padron,+1 305-204-8818,,,25.744150899999998,-80.2602461,33134,5.0,1.0,Mental health service,None,outscraper
"Kathryn Pineyro, LCSW",+1 786-973-2823,,,25.7060964,-80.28527799999999,33143,5.0,1.0,Psychotherapist,None,outscraper
blank design + architecture,+1 305-482-1996,,,25.7513322,-80.2596262,33134,4.9,19.0,Architecture firm,None,outscraper
2+ Architects,+1 305-619-3277,,,25.7484008,-80.2599973,33134,5.0,4.0,Architecture firm,None,outscraper
"S&E Architects, Inc.",+1 305-775-7941,,,25.756018599999997,-80.25858889999999,33134,,,Architecture firm,None,outscraper
Rahal Architects LLC,+1 305-906-0851,,,25.7485374,-80.2581761,33134,5.0,5.0,Architecture firm,None,outscraper
United Architects,+1 305-552-5465,,,25.734111,-80.258791,33146,4.5,8.0,Architect,None,outscraper
IA | Interior Architects,+1 786-405-0231,,,25.7518796,-80.25805,33134,5.0,1.0,Corporate office,None,outscraper
Silva Architects,+1 305-444-8262,,,25.731986799999998,-80.2575232,33146,5.0,2.0,Architect,None,outscraper
"Hinkle Design Studio, LLC.",+1 305-218-2082,,,25.753035399999998,-80.25494429999999,33134,4.7,15.0,Architecture firm,None,outscraper
PBK Architects,+1 786-947-9515,,,25.7521795,-80.25494909999999,33134,,,Architecture firm,None,outscraper
Touzet Studio Architecture & Interior Design,+1 305-789-2870,,,25.7658561,-80.2195979,33135,5.0,11.0,Architect,None,outscraper
S B Architects / 10design,+1 305-856-2021,,,25.750105299999998,-80.2584693,33134,4.7,11.0,Architect,None,outscraper
CartyArchitecture,+1 786-717-7100,,,25.747494999999997,-80.261618,33134,4.8,4.0,Architect,None,outscraper
Nichols Architects,+1 305-443-5206,,,25.7521795,-80.25494909999999,33134,4.2,5.0,Architect,None,outscraper
Corwil Architects Inc,+1 305-448-7383,,,25.732657,-80.26137899999999,33146,5.0,6.0,Architect,None,outscraper
HKS | Architects & Designers,+1 305-476-1102,,,25.7538149,-80.26118,33134,5.0,8.0,Architect,None,outscraper
Mge Architects,+1 305-444-0413,,,25.744186799999998,-80.2602758,33134,5.0,2.0,Architect,None,outscraper
MIK Architecture,+1 786-708-0880,,,25.751148999999998,-80.2178965,33145,5.0,11.0,Architect,None,outscraper
"B C Architects AIA, Inc.",+1 305-663-8182,,,25.7482732,-80.2561336,33134,4.4,5.0,Architect,None,outscraper
"Behar Font & Partners, P.A. - Robert Behar & Javier Font",+1 305-740-5442,,,25.729533399999998,-80.25981829999999,33146,5.0,10.0,Architect,None,outscraper
"William Hamilton Arthur Architect, Inc. (WHAA)",+1 305-770-6100,,,25.745291899999998,-80.2589004,33134,5.0,6.0,Architect,None,outscraper
Bravo Architecture,+1 305-567-1977,,,25.7445178,-80.2596452,33134,,,Architect,None,outscraper
Burton Hersh Architects,+1 305-446-4877,,,25.7494437,-80.2574053,33134,5.0,4.0,Architect,None,outscraper
CMA Design Studio Inc.,+1 305-448-4200,,,25.7483838,-80.2596015,33134,5.0,6.0,Architect,None,outscraper
Realization Architects,+1 305-284-7325,,,25.7564426,-80.258545,33134,,,Architecture firm,None,outscraper
Dynamica Architecture,+1 305-376-8889,,,25.7542777,-80.2592485,33134,5.0,1.0,Architect,None,outscraper
Hamed Rodriguez Architects Inc,+1 305-529-9967,,,25.7538427,-80.2603943,33134,5.0,2.0,Architect,None,outscraper
Eastshore Architects,+1 305-648-2006,,,25.7282835,-80.26002299999999,33133,,,Architect,None,outscraper
Revuelta Architecture International,+1 305-590-5000,,,25.736947999999998,-80.2380142,33133,4.9,12.0,Architect,None,outscraper
Permuy Architecture,+1 305-200-5302,,,25.747722,-80.25473989999999,33134,4.2,6.0,Architect,None,outscraper
Nandez Design Studio,+1 786-558-5855,,,25.7503222,-80.2308651,33145,4.8,36.0,Architecture firm,None,outscraper
Architectural Design Collaborative,+1 305-442-1188,,,25.753177899999997,-80.259599,33134,5.0,1.0,Architect,None,outscraper
"Upstairs Studio Inc., Architecture",+1 305-447-1907,,,25.7295202,-80.2396406,33133,4.7,15.0,Architect,None,outscraper
ARCHITECTURAL LIVING,+1 786-443-6266,,,25.755434599999997,-80.2586049,33134,,,Architecture firm,None,outscraper
Gallardo Architects Inc,+1 305-529-1444,,,25.752513,-80.2623996,33134,,,Architect,None,outscraper
M C Harry & Associates Inc,+1 305-445-3765,,,25.739411,-80.25444,33133,4.9,10.0,Architect,None,outscraper
JLH Architect,+1 305-774-0022,,,25.7456237,-80.2613501,33134,4.5,2.0,Architect,None,outscraper
O A Architecture,+1 305-595-3095,,,25.7513217,-80.2149362,33145,5.0,3.0,Architect,None,outscraper
OBMI Architecture & Interior Design Firm,+1 305-537-7100,,,25.7631448,-80.2568707,33134,4.6,7.0,Architect,None,outscraper
"Edward Lewis Architects, Inc",+1 305-234-0576,,,25.753413,-80.259134,33134,,,Architect,None,outscraper
Perez and Perez Architects Planners Inc.,+1 305-444-4524,,,25.7514283,-80.2544506,33145,4.7,,Architect,None,outscraper
Ginard Studio,+1 305-939-0160,,,25.730645,-80.23625299999999,33133,5.0,,Architecture firm,None,outscraper
GAA Architects,+1 305-740-7334,,,25.7048187,-80.2653345,33143,,,Architecture firm,None,outscraper
Locus Architecture Inc,+1 305-740-0120,,,25.724458799999997,-80.2637379,33146,,,Architect,None,outscraper
FORMGROUP architects,+1 305-443-4244,,,25.783694399999998,-80.2967018,33126,5.0,,Architect,None,outscraper
Burgos Lanza & Associates,+1 786-554-9035,,,25.7087582,-80.2802773,33146,5.0,,Architect,None,outscraper
DEN Architecture LLC,+1 917-617-4863,,,25.759678599999997,-80.2193389,33145,5.0,,Architecture firm,None,outscraper
Valle Valle & Partners,+1 305-476-9212,,,25.7649449,-80.2590953,33134,5.0,,Architect,None,outscraper
"Jarosz Architect, P.A.",+1 305-446-0888,,,25.729518,-80.239639,33133,5.0,,Architect,None,outscraper
OLANZ Architecture + Design,+1 305-342-4858,,,25.755814599999997,-80.2570265,33134,4.0,,Architect,None,outscraper
EoA Group | Malcolm Berg,+1 305-444-0990,,,25.754645099999998,-80.2584851,33134,4.3,,Architecture firm,None,outscraper
Rodco Architects,+1 800-680-2789,,,25.753322599999997,-80.2590953,33134,,,Architecture firm,None,outscraper
Riesco Architects,+1 305-448-4288,,,25.756201899999997,-80.2591659,33134,,,Architect,None,outscraper
JSK Architectural Group,+1 305-448-1986,,,25.7469346,-80.2582168,33134,5.0,1.0,Architect,None,outscraper
"Naya Architects, Inc.",+1 305-265-7177,,,25.749765,-80.24010919999999,33145,3.0,2.0,Architect,None,outscraper
Salman and Associates Architects Inc.,+1 786-493-8691,,,25.7513248,-80.2149214,33145,5.0,1.0,Architecture firm,None,outscraper
Design Architecture Consultants,+1 305-377-8850,,,25.7502118,-80.2331785,33145,,,Architect,None,outscraper
"R.E. Chisholm Architects, Inc.",+1 305-661-2070,,,25.778956299999997,-80.2649907,33126,5.0,8.0,Architecture firm,None,outscraper
Hidalgo Architectural Services,+1 786-619-5905,,,25.7684489,-80.2673808,33134,5.0,2.0,Architect,None,outscraper
Ginard Studio,+1 305-915-5555,,,25.6037085,-80.3111381,33157,5.0,16.0,Architect,None,outscraper
Stantec,+1 305-445-2900,,,25.763364799999998,-80.2587757,33134,4.0,2.0,Architect,None,outscraper
Bermello Ajamil & Partners Inc,+1 305-859-2050,,,25.728282,-80.2612532,33146,4.3,18.0,Architecture firm,None,outscraper
Studio 5 Design,+1 305-456-5273,,,25.7558752,-80.2572461,33134,5.0,1.0,Interior designer,None,outscraper
Thamann Architecture + Design,+1 786-584-7857,,,25.7501629,-80.2348166,33145,5.0,2.0,Architect,None,outscraper
JCD Architect Inc,+1 305-285-4343,,,25.7511668,-80.21794349999999,33145,5.0,4.0,Architect,None,outscraper
INFORMATION SOLUTION ARCHITECTS LLC,None,,,25.7505094,-80.2248043,33145,,,Information services,None,outscraper
"G Alvarez Studio, Inc",+1 305-371-8400,,,25.7638173,-80.25559799999999,33134,5.0,2.0,Interior architect office,None,outscraper
ETR Architectural Workshop,+1 786-715-7731,,,25.765186399999997,-80.2580481,33134,,,Architect,None,outscraper
Borges & Associates,+1 305-374-9216,,,25.728306,-80.26003879999999,33133,4.7,3.0,Architect,None,outscraper
Choeff Levy Fischman Architecture + Design,+1 305-434-8338,,,25.802387799999998,-80.2017158,33127,4.4,10.0,Architecture firm,None,outscraper
​CMA Architects & Engineers LLC,+1 786-205-7676,,,25.750374299999997,-80.2569429,33134,,,Architectural and engineering model maker,None,outscraper
"BEA Architects, Inc.",+1 305-461-2053,,,25.880490899999998,-80.2102058,33168,5.0,7.0,Architect,None,outscraper
Echeverria Design Group,+1 305-444-0505,,,25.7529768,-80.26182829999999,33134,5.0,1.0,Interior designer,None,outscraper
Errez Design,+1 305-504-8818,,,25.7495922,-80.261924,33134,4.8,24.0,Interior designer,None,outscraper
Orlando Comas: Comas Design Group,+1 305-283-9382,,,25.7445178,-80.2596452,33134,5.0,6.0,Landscape architect,None,outscraper
Archipro Staff Agency Inc,+1 866-966-2488,,,25.754280599999998,-80.2590518,33134,5.0,2.0,Recruiter,None,outscraper
"Ferguson Glasgow Schuster Soto, Inc.",+1 305-443-7758,,,25.7570464,-80.25917679999999,33134,5.0,1.0,Architect,None,outscraper
Berenblum Busch Architects,+1 305-200-5251,,,25.796825499999997,-80.20942959999999,33127,5.0,4.0,Architecture firm,None,outscraper
Trussoni Architecture Group,+1 305-803-8642,,,25.751688299999998,-80.25647409999999,33134,,,Architect,None,outscraper
Dunagan Design,+1 305-438-0130,,,25.753372,-80.25912,33134,5.0,3.0,Interior designer,None,outscraper
Architect United,+1 888-994-9814,,,25.7639791,-80.1917842,33131,4.5,8.0,Architecture firm,None,outscraper
"JORGE L. ESTEBAN ARCHITECTURE AND PLANNING, INC.",+1 305-209-3421,,,25.7405011,-80.27921409999999,33146,,,Architecture firm,None,outscraper
"De La Guardia Victoria Architects & Urbanists, Inc.",+1 305-444-6363,,,25.747622,-80.259258,33134,,,Architect,None,outscraper
Arcadis Miami,+1 786-268-3200,,,25.746014,-80.257352,33134,,,Architecture firm,None,outscraper
Urvan X,+1 786-615-2943,,,25.7227221,-80.3155561,33155,5.0,2.0,Architect,None,outscraper
"Anillo. Toledo. Lopez, LLC.",+1 305-854-4070,,,25.750425,-80.2459411,33145,5.0,2.0,Architect,None,outscraper
dnb design group,+1 305-444-5545,,,25.7539443,-80.2594196,33134,,,Architect,None,outscraper
"Bell Landscape Architecture, Inc.",+1 305-774-9662,,,25.7497419,-80.249061,33145,5.0,1.0,Landscape designer,None,outscraper
Vitalini Corazzini PA,+1 305-567-0602,,,25.7501139,-80.26099549999999,33134,1.0,1.0,Architect,None,outscraper
STRANG Design,+1 305-373-4990,,,25.7384867,-80.2402802,33133,4.5,13.0,Architect,None,outscraper
Arcadis Miami,+1 786-268-3200,,,25.7511986,-80.2621918,33134,5.0,2.0,Architect,None,outscraper
Peter Blitstein architect,None,,,25.7513695,-80.2558676,33134,,,Architect,None,outscraper
Architecture Research Center,+1 305-284-5282,,,25.717226099999998,-80.2793671,33146,,,University library,None,outscraper
CONTEMPORARY DESIGN STUDIO,+1 305-300-7438,,,25.7529118,-80.2550875,33134,,,Architecture firm,None,outscraper
Chandler & Associates Architecture,+1 305-669-7592,,,25.7031732,-80.2900672,33143,,,Architect,None,outscraper
Felix Pardo & Associates Inc,+1 305-445-4555,,,25.753402299999998,-80.26108409999999,33134,,,Architect,None,outscraper
Royal Byckovas Architecture and Design,+1 305-407-3929,,,25.8305598,-80.2080569,33127,5.0,9.0,Architect,None,outscraper
NELSON Worldwide,+1 305-444-0413,,,25.744151,-80.260246,33134,,,Architecture firm,None,outscraper
STUDIO ARTH LLC,None,,,25.7407862,-80.2518559,33133,5.0,3.0,Landscape architect,None,outscraper
Fanjul & Associates,+1 305-726-8313,,,25.7639757,-80.2834604,33134,,,Architect,None,outscraper
Alberto Bernal & Associates,+1 305-445-0316,,,25.727748899999998,-80.2569963,33133,1.0,1.0,Architect,None,outscraper
Cueto Engineering,+1 786-563-3056,,,25.7536654,-80.2552659,33134,4.9,36.0,Engineering consultant,None,outscraper
ARPE Engineering,+1 305-444-9809,,,25.7539293,-80.25921559999999,33134,5.0,1.0,Engineering consultant,None,outscraper
"C.A.P. Engineering, Inc.",None,,,25.747150299999998,-80.26155609999999,33134,,,Engineering consultant,None,outscraper
Gables Engineering Inc,+1 305-774-4400,,,25.7305852,-80.25946619999999,33146,4.3,32.0,Aerospace company,None,outscraper
DoubleDay Engineering,+1 305-209-2396,,,25.7515492,-80.256388,33134,4.7,15.0,Structural engineer,None,outscraper
"300 Engineering Group, P.A.",+1 305-763-9829,,,25.7513418,-80.2590994,33146,5.0,6.0,Engineering consultant,None,outscraper
MAR Engineers,+1 786-208-7972,,,25.7570464,-80.25917679999999,33134,5.0,3.0,Structural engineer,None,outscraper
"Maxwell Engineers, Inc.",+1 305-444-6260,,,25.748144,-80.258166,33134,3.0,1.0,Civil engineer,None,outscraper
"Miami Environmental & Civil Engineering, LLC",+1 305-697-8455,,,25.7503946,-80.2284612,33145,,,Environmental engineer,None,outscraper
m2e Consulting Engineers,+1 305-998-0663,,,25.752691799999997,-80.25992289999999,33134,4.0,11.0,Engineering consultant,None,outscraper
"Atkins Engineers, Inc.",+1 305-444-6260,,,25.748144,-80.258166,33134,3.7,3.0,Structural engineer,None,outscraper
Kimley-Horn,+1 305-673-2025,,,25.7518672,-80.25580839999999,33134,5.0,8.0,Engineering consultant,None,outscraper
Hydroterra Engineering Group,+1 305-200-8796,,,25.7484523,-80.2581276,33134,5.0,12.0,Civil engineering company,None,outscraper
"Cardozo Engineering, Inc.",+1 305-629-9880,,,25.7654359,-80.25799219999999,33134,,,Engineering consultant,None,outscraper
ECR Engineering,+1 786-886-7775,,,25.751378199999998,-80.259603,33134,,,Engineering consultant,None,outscraper
Plaza & Associates,+1 786-310-5428,,,25.7564426,-80.258545,33134,,,Structural engineer,None,outscraper
Apex Engineering,None,,,25.7340275,-80.2590105,33146,,,Engineer,None,outscraper
"BND Engineers, Inc.",+1 305-599-8495,,,25.753371599999998,-80.25912029999999,33134,,,Engineering consultant,None,outscraper
Ardurra,+1 305-602-4602,,,25.7513418,-80.2590994,33134,1.0,1.0,Civil engineering company,None,outscraper
LUSEO Engineering,+1 305-351-2960,,,25.762493499999998,-80.2587034,33134,5.0,1.0,Engineering consultant,None,outscraper
Stantec,+1 305-445-2900,,,25.763364799999998,-80.2587757,33134,4.0,2.0,Engineering consultant,None,outscraper
MEP World Group,+1 305-205-8681,,,25.765363299999997,-80.25783229999999,33134,5.0,3.0,Engineering consultant,None,outscraper
Terra Civil Engineering,+1 305-499-5010,,,25.7719232,-80.2617338,33134,,,Civil engineer,None,outscraper
CONNECT Engineering,+1 305-981-6142,,,25.7421497,-80.2541282,33133,5.0,1.0,Civil engineering company,None,outscraper
"Guerrero/Gonzalez Engineers, Inc.",+1 305-262-3944,,,25.763111,-80.3177729,33144,5.0,3.0,Engineering consultant,None,outscraper
SDM Consulting Engineers,+1 305-446-2788,,,25.747279799999998,-80.25733079999999,33134,,,Engineering consultant,None,outscraper
Fraga Engineers,+1 305-444-8210,,,25.731986799999998,-80.2575232,33146,3.0,1.0,Engineering consultant,None,outscraper
A+ Engineering,+1 305-668-5792,,,25.729632799999997,-80.3095372,33155,4.0,8.0,Engineering consultant,None,outscraper
FCE - Florida Construction and Engineering,+1 305-883-7601,,,25.7481883,-80.2581702,33134,5.0,3.0,Construction company,None,outscraper
Ces Consultants Inc,+1 305-827-2220,,,25.7325047,-80.256129,33146,5.0,2.0,Civil engineering company,None,outscraper
Jensen Hughes,+1 305-401-3261,,,25.7503608,-80.2569431,33134,,,Engineering consultant,None,outscraper
Cummins Cederberg - Coastal & Marine Engineering,+1 305-741-6155,,,25.752686999999998,-80.2599649,33134,3.5,4.0,Civil engineering company,None,outscraper
Hershell Gill Consulting Engineers,+1 305-667-3631,,,25.727046599999998,-80.26279219999999,33146,,,Engineering consultant,None,outscraper
Engineering Fire Protection LLC,+1 321-367-0210,,,25.7503608,-80.2569431,33134,5.0,2.0,Fire protection consultant,None,outscraper
SBO Consulting Group,+1 305-902-6567,,,25.748529299999998,-80.2583636,33134,5.0,1.0,Engineering consultant,None,outscraper
David Plummer & Associates Inc,+1 305-447-0900,,,25.756260899999997,-80.25912749999999,33134,5.0,2.0,Engineer,None,outscraper
Sucro Engineering,None,,,25.7539126,-80.25970509999999,33134,,,Industrial consultant,None,outscraper
Carollo Engineers,+1 305-261-2484,,,25.779152,-80.2958543,33126,5.0,1.0,Engineering consultant,None,outscraper
"Ortus Engineering, P.A.",+1 786-362-6960,,,25.7421042,-80.2381193,33133,4.3,11.0,Civil engineering company,None,outscraper
"Coastal Systems International, Inc.",+1 305-661-3655,,,25.724909,-80.26308,33146,3.8,5.0,Environmental engineer,None,outscraper
AECOM,+1 305-444-4691,,,25.7521256,-80.25523419999999,33134,4.2,5.0,Engineering consultant,None,outscraper
DoubleDay Engineering,+1 305-209-2396,,,25.7502118,-80.2331785,33145,,,Structural engineer,None,outscraper
Eastern Engineering Group,+1 305-599-8133,,,25.8056125,-80.3288803,33122,4.9,82.0,Structural engineer,None,outscraper
Black & Veatch,+1 913-458-2000,,,25.753304399999998,-80.25799599999999,33134,5.0,3.0,Engineering consultant,None,outscraper
Initial Engineers,+1 305-669-9393,,,25.731130999999998,-80.30991399999999,33155,5.0,1.0,Mechanical engineer,None,outscraper
"Bard, Rao + Athanas Consulting Engineers, LLC",+1 305-529-1515,,,25.747996699999998,-80.2549636,33134,4.5,2.0,Engineering consultant,None,outscraper
"BioTeknica, Inc.",+1 305-445-2080,,,25.7533724,-80.2591637,33134,5.0,1.0,Engineering consultant,None,outscraper
Hajjar & Associates,+1 305-445-2399,,,25.744221399999997,-80.2597236,33134,3.7,6.0,Civil engineer,None,outscraper
"CAP Government, Inc.",+1 305-448-1711,,,25.747075199999998,-80.2615393,33134,3.9,8.0,Consultant,None,outscraper
Hasani Studio,+1 646-724-9812,,,25.7588664,-80.2574022,33134,5.0,5.0,Engineering consultant,None,outscraper
"Global Engineering & Technology, Inc.",+1 305-648-1102,,,25.7506567,-80.2459847,33145,,,Business development service,None,outscraper
​CMA Architects & Engineers LLC,+1 786-205-7676,,,25.750374299999997,-80.2569429,33134,,,Architectural and engineering model maker,None,outscraper
Ocean Consulting - Marine Environmental Consultant,+1 305-921-9344,,,25.752948099999998,-80.2620352,33134,5.0,3.0,Engineering consultant,None,outscraper
TYLin,+1 305-567-1888,,,25.7521171,-80.26171649999999,33134,5.0,2.0,Engineering consultant,None,outscraper
"ACQUATELLA Ingenieria, Corp.",+1 786-462-3659,,,25.747881099999997,-80.2661748,33134,,,Engineering consultant,None,outscraper
GM Consulting Engineers,+1 305-663-2944,,,25.7239686,-80.3149124,33155,,,Engineering consultant,None,outscraper
PMM Consulting Engineers,+1 305-661-9918,,,25.7334116,-80.29621809999999,33155,5.0,2.0,Engineer,None,outscraper
Valentina.Manjarres,None,,,25.7554303,-80.2586271,33134,,,Engineering consultant,None,outscraper
Green Coast Engineers,+1 305-213-5951,,,25.910332999999998,-80.331193,33016,5.0,59.0,Structural engineer,None,outscraper
Brown and Caldwell,+1 305-418-4090,,,25.750142999999998,-80.25849,33134,,,Engineering consultant,None,outscraper
RWDI,+1 954-431-6800,,,25.754277599999998,-80.2592485,33134,,,Engineering consultant,None,outscraper
"​​Pinnacle Consulting Enterprises, Inc.",+1 305-262-1925,,,25.7456124,-80.25472429999999,33134,,,Civil engineering company,None,outscraper
AMERICAN SERVICES OF MIAMI,+1 305-598-5101,,,25.742819299999997,-80.25805,33134,3.4,56.0,Land surveyor,None,outscraper
EMTec Corporation,+1 305-461-3883,,,25.7077232,-80.2832859,33146,,,Engineering consultant,None,outscraper
Hidalgo Architectural Services,+1 786-619-5905,,,25.7684489,-80.2673808,33134,5.0,2.0,Architect,None,outscraper
Solco Engineering,+1 786-673-7688,,,25.750315999999998,-80.2308894,33145,5.0,3.0,Contractor,None,outscraper
TLC Engineering Solutions,+1 305-266-6553,,,25.783323499999998,-80.2907858,33126,5.0,4.0,Engineering consultant,None,outscraper
SOCOTEC,+1 888-224-9911,,,25.7452564,-80.2602031,33134,5.0,2.0,Engineering consultant,None,outscraper
CDM Smith Inc.,+1 305-372-7171,,,25.7340275,-80.2590105,33146,,,Engineering consultant,None,outscraper
Biomedical Engineering Department,+1 305-284-2445,,,25.7229872,-80.2788367,33146,5.0,3.0,Academic department,None,outscraper
Hazen & Sawyer,+1 305-443-4001,,,25.762493499999998,-80.2587034,33134,5.0,2.0,Engineering consultant,None,outscraper
Arcadis Miami,+1 786-268-3200,,,25.7511986,-80.2621918,33134,5.0,2.0,Engineering consultant,None,outscraper
LIVS Associates LLC.,+1 305-443-2933,,,25.7564426,-80.258545,33134,5.0,3.0,Engineering consultant,None,outscraper
Sync Engineering,+1 623-233-3300,,,25.727765599999998,-80.2395143,33133,,,Engineering consultant,None,outscraper
RAMCODE Consulting Engineers,+1 305-741-4466,,,25.773039699999998,-80.2645706,33126,,,Engineering consultant,None,outscraper
Department of Industrial Engineering,+1 305-284-2404,,,25.7230171,-80.2784159,33146,1.0,1.0,Academic department,None,outscraper
BIMitUp - Training & Coaching,+1 954-643-6044,,,25.7496549,-80.24197699999999,33145,5.0,39.0,Engineering consultant,None,outscraper
Bermello Ajamil & Partners Inc,+1 305-859-2050,,,25.728282,-80.2612532,33146,4.3,18.0,Engineering consultant,None,outscraper
Let's prototype,+1 786-402-1124,,,25.7515492,-80.256388,33134,4.6,11.0,Research and product development,None,outscraper
Perillo Construction Inc.,+1 305-441-0022,,,25.7532952,-80.2580065,33134,3.0,5.0,General contractor,None,outscraper
Gresham Smith,+1 786-532-2100,,,25.7521256,-80.25523419999999,33134,5.0,1.0,Engineer,None,outscraper
S B Architects / 10design,+1 305-856-2021,,,25.750105299999998,-80.2584693,33134,4.7,11.0,Architect,None,outscraper
"Environmental Consulting & Technology, Inc. (Coral Gables)",+1 786-292-7325,,,25.7517365,-80.2559326,33134,4.0,1.0,Environmental consultant,None,outscraper
EXP,+1 305-631-2208,,,25.752691799999997,-80.25992289999999,33134,,,Engineering consultant,None,outscraper
Engipartners,+1 833-888-3644,,,25.7554303,-80.2586271,33134,,,Engineer,None,outscraper
Quality Engineer,+1 305-564-9362,,,25.742307399999998,-80.238187,33133,,,Engineer,None,outscraper
Heyday Marketing,+1 305-783-3407,,,25.746609,-80.2574083,33134,4.9,99.0,Marketing agency,None,outscraper
Preo Communications - Best Digital Marketing Agency,+1 786-451-2859,,,25.7531371,-80.2562123,33134,5.0,27.0,Internet marketing service,None,outscraper
Pay Per Lead Marketing Agency,None,,,25.749108999999997,-80.2598902,33134,5.0,3.0,Advertising agency,None,outscraper
gFour Marketing,+1 305-856-8788,,,25.753322599999997,-80.2590953,33134,5.0,313.0,Marketing agency,None,outscraper
Kukic Advertising,+1 305-677-1621,,,25.7515492,-80.256388,33134,5.0,64.0,Marketing agency,None,outscraper
Stealth Media Marketing,+1 786-570-4816,,,25.751329899999998,-80.2590961,33134,4.9,79.0,Marketing agency,None,outscraper
The Bizarre Agency,+1 305-395-3133,,,25.7509373,-80.2284516,33145,5.0,123.0,Marketing agency,None,outscraper
NetsMiami Digital Marketing,+1 786-505-1114,,,25.754280599999998,-80.2590518,33134,4.6,19.0,Marketing agency,None,outscraper
IBIS Studio // Digital Marketing Agency,+1 305-454-8469,,,25.7515492,-80.256388,33134,5.0,21.0,Internet marketing service,None,outscraper
Smash Interactive Agency | Digital Marketing Agency Miami,+1 786-981-4758,,,25.722285,-80.3151668,33155,5.0,55.0,Marketing agency,None,outscraper
MICHELLE a creative agency,+1 305-799-9936,,,25.7515492,-80.256388,33134,4.2,10.0,Marketing agency,None,outscraper
Solved Puzzle,+1 305-487-7477,,,25.783436,-80.190181,33132,5.0,227.0,Marketing agency,None,outscraper
ZAG Creates,+1 786-468-8595,,,25.728306,-80.26003879999999,33133,5.0,11.0,Marketing agency,None,outscraper
Your Marketing Agency,+1 305-775-6689,,,25.732529,-80.2342656,33133,5.0,48.0,Marketing agency,None,outscraper
Deco Marketing LLC,+1 305-677-8767,,,25.7515492,-80.256388,33134,4.9,14.0,Marketing agency,None,outscraper
DSN HOUSE COLLECTIVE - Branding | Web | Motion | Videos | Consultancy,+1 305-456-7253,,,25.7518796,-80.25805,33134,5.0,23.0,Video production service,None,outscraper
Brito Marketing | Advertising Agency | Agencia de Publicidad | AI Marketing,+1 305-384-1141,,,25.7835999,-80.30050469999999,33126,4.9,87.0,Marketing agency,None,outscraper
Jolly Good Marketing,+1 305-686-0445,,,25.75083,-80.2284751,33145,5.0,98.0,Marketing agency,None,outscraper
Lovos Media Group,+1 786-774-7976,,,25.7503404,-80.2570322,33134,5.0,19.0,Website designer,None,outscraper
Outsmart Labs,+1 305-209-0807,,,25.774514,-80.19212449999999,33132,4.9,98.0,Marketing agency,None,outscraper
Marca Hispanic,+1 305-423-8300,,,25.753304399999998,-80.2579961,33134,4.5,2.0,Advertising agency,None,outscraper
Elf,+1 802-735-1298,,,25.752862399999998,-80.2550475,33134,5.0,2.0,Marketing agency,None,outscraper
Peter Jimenez Digital Marketing,+1 305-450-9255,,,25.7350742,-80.2614701,33146,5.0,15.0,Internet marketing service,None,outscraper
TREMGroup | Real Estate Marketing Agency,+1 888-617-2510,,,25.7499632,-80.2401637,33145,5.0,81.0,Marketing agency,None,outscraper
Anderson Collaborative,+1 305-777-0471,,,25.7340275,-80.2590105,33146,5.0,30.0,Marketing agency,None,outscraper
Raging Agency,+1 305-575-2683,,,25.797611099999997,-80.1885963,33137,5.0,134.0,Marketing agency,None,outscraper
Blank Digital Marketing,+1 786-470-4835,,,25.7564426,-80.258545,33134,4.2,5.0,Marketing agency,None,outscraper
Blue Daisy Media | Media Buying Agency in Miami,+1 305-442-4229,,,25.7454841,-80.25466279999999,33134,5.0,7.0,Marketing agency,None,outscraper
"MSS Media, Inc.",+1 305-358-8868,,,25.7503945,-80.2284612,33145,5.0,16.0,Marketing agency,None,outscraper
Digital Innovations Marketing Company,+1 305-413-3233,,,25.7554303,-80.2586271,33134,5.0,6.0,Marketing agency,None,outscraper
Alma Advertising Agency,+1 305-428-0094,,,25.7325762,-80.23405819999999,33133,5.0,10.0,Advertising agency,None,outscraper
1111 Media Group | Websites - Content - Social - SEO - Paid,+1 305-351-3103,,,25.760797,-80.23895139999999,33135,4.9,114.0,Marketing agency,None,outscraper
Nuzzledot - Digital & Social Media Marketing Agency,+1 305-704-8939,,,25.6803793,-80.31520859999999,33156,5.0,83.0,Marketing agency,None,outscraper
Latin Marketing Solutions - LMS | SEO & Digital Marketing Agency,None,,,25.7525528,-80.25705239999999,33134,5.0,3.0,Marketing agency,None,outscraper
WOW MKTG,+1 305-273-8373,,,25.763806499999998,-80.25643389999999,33134,4.4,10.0,Marketing agency,None,outscraper
Purposeful Agency - Video Production Company Miami,+1 561-512-0914,,,25.744150899999998,-80.2602461,33134,5.0,194.0,Marketing agency,None,outscraper
Brandstory Communications,+1 561-995-6560,,,25.751740899999998,-80.261132,33134,5.0,7.0,Marketing agency,None,outscraper
Panamera Branding Agency,+1 305-510-1229,,,25.750853,-80.2293175,33145,5.0,26.0,Branding agency,None,outscraper
Out of the Blue Advertising,+1 305-442-2431,,,25.752305,-80.26176699999999,33134,5.0,1.0,Advertising agency,None,outscraper
Cultivate PR & Social Media | a Sissy DeMaria + Stos agency,+1 305-663-3543,,,25.7515672,-80.2564433,33134,3.7,3.0,Marketing agency,None,outscraper
Socially Intuit,+1 786-265-9641,,,25.7554303,-80.2586271,33134,5.0,3.0,Marketing agency,None,outscraper
Ask Miami,None,,,25.7531698,-80.2580215,33134,4.9,38.0,Marketing consultant,None,outscraper
The Brand Collective,+1 305-442-9196,,,25.7570554,-80.2590604,33134,5.0,2.0,Marketing agency,None,outscraper
Pacific54,+1 305-515-5473,,,25.802450999999998,-80.201748,33127,4.8,27.0,Marketing agency,None,outscraper
neuelane,+1 305-800-6383,,,25.810559899999998,-80.2624925,33010,5.0,37.0,Marketing agency,None,outscraper
Agency Be,+1 305-437-8336,,,25.7294526,-80.2402781,33133,4.4,7.0,Marketing agency,None,outscraper
Spotlight Marketing & Public Relations,+1 786-953-5856,,,25.711323399999998,-80.2797734,33146,5.0,1.0,Public relations firm,None,outscraper
Pumped Inc,+1 305-371-3955,,,25.7515492,-80.256388,33134,5.0,3.0,Advertising agency,None,outscraper
rbb Communications,+1 305-448-7450,,,25.752305099999997,-80.2617672,33134,4.9,13.0,Public relations firm,None,outscraper
SEO Needed,+1 305-340-9171,,,25.748469099999998,-80.2581627,33134,5.0,18.0,Internet marketing service,None,outscraper
The Box Marketing Solutions,+1 786-309-3727,,,25.7503717,-80.2294205,33145,4.6,9.0,Advertising agency,None,outscraper
Essential Marketing Miami,+1 786-484-4693,,,25.7001548,-80.3608677,33173,5.0,19.0,Marketing agency,None,outscraper
Synergy Marketing & Promotions LLC,+1 305-495-7050,,,25.7616724,-80.2593562,33134,3.0,4.0,Marketing agency,None,outscraper
That Marketing Agency,+1 305-663-4227,,,25.687051,-80.3158267,33156,5.0,10.0,Marketing agency,None,outscraper
Markham Yard,+1 305-445-6642,,,25.7532952,-80.2580065,33134,5.0,5.0,Advertising agency,None,outscraper
THR33FOLD,+1 305-389-5909,,,25.7501206,-80.25845609999999,33134,5.0,1.0,Marketing agency,None,outscraper
Absolute Marketing,+1 561-705-7721,,,25.773925499999997,-80.18763779999999,33131,4.8,83.0,Internet marketing service,None,outscraper
INPULSE Agency,+1 305-400-4282,,,25.7515492,-80.256388,33134,5.0,4.0,Advertising agency,None,outscraper
American Book Craft,+1 754-264-8615,,,25.750449699999997,-80.2575593,33134,4.7,3.0,Marketing agency,None,outscraper
PROPER,+1 305-542-8737,,,25.731812899999998,-80.31545679999999,33155,5.0,10.0,Marketing agency,None,outscraper
Arbol Communication Group,None,,,25.720045,-80.26961829999999,33146,4.2,6.0,Advertising agency,None,outscraper
Hypereach Digital Marketing Miami,+1 786-593-3092,,,25.727430599999998,-80.31444189999999,33155,5.0,28.0,Marketing agency,None,outscraper
Suma Creative,+1 305-927-9440,,,25.7632943,-80.1909402,33131,5.0,28.0,Marketing agency,None,outscraper
Premier Worldwide Marketing,+1 305-445-1077,,,25.750425,-80.2459411,33145,5.0,1.0,Marketing consultant,None,outscraper
Coello & Company,+1 305-778-0280,,,25.7459956,-80.2609763,33134,5.0,13.0,Business management consultant,None,outscraper
SG Media Global Carlos Ohep Miami - SG Integra LLC,+1 786-309-3528,,,25.7542777,-80.2592485,33134,5.0,2.0,Marketing consultant,None,outscraper
The Hub Marketing,+1 305-374-9494,,,25.747697,-80.254789,33134,,,Marketing agency,None,outscraper
Marketites Marketing Firm,+1 305-998-8008,,,25.754277599999998,-80.2592485,33134,5.0,5.0,Marketing consultant,None,outscraper
Sykes Printing,+1 305-444-6505,,,25.7485301,-80.25932879999999,33134,4.9,76.0,Commercial printer,None,outscraper
RRC Agency,+1 954-224-0920,,,25.751548999999997,-80.25634509999999,33134,,,Advertising agency,None,outscraper
Daniel Montiel Marketing Coach y Real Estate Coach,+1 305-498-6737,,,25.7529118,-80.2550875,33134,5.0,29.0,Marketing consultant,None,outscraper
IDEAS IN MOTION,+1 786-344-0377,,,25.7485066,-80.2583531,33134,5.0,3.0,Internet marketing service,None,outscraper
First Light Media,+1 305-851-1643,,,25.7515492,-80.256388,33134,,,Marketing agency,None,outscraper
Espirito Santo Marketing Solutions,+1 305-461-2882,,,25.7438225,-80.2602998,33134,4.5,16.0,Graphic designer,None,outscraper
Vantage Communications | Digital Marketing & Advertising,+1 305-431-2581,,,25.7484754,-80.2580467,33134,,,Advertising agency,None,outscraper
Beastly Digital Agency,+1 305-349-3010,,,25.7559073,-80.2570973,33134,,,Marketing agency,None,outscraper
Andromeda: Tech-Focused Marketing Agency,None,,,25.7512804,-80.2595505,33134,5.0,2.0,Marketing agency,None,outscraper
Square Root Marketing,+1 786-558-9940,,,25.7484947,-80.2581494,33134,,,Marketing agency,None,outscraper
FecundFig,+1 407-214-4996,,,25.7542777,-80.2592485,33134,5.0,14.0,Marketing agency,None,outscraper
Construction Marketing Partners,None,,,25.752794899999998,-80.2550127,33134,,,Marketing agency,None,outscraper
Americas Market Intelligence,+1 305-441-9300,,,25.7518206,-80.2516362,33134,5.0,1.0,Market researcher,None,outscraper
The Wealthy Contractor Inc.,+1 844-892-5433,,,25.752672,-80.25729919999999,33134,5.0,258.0,Business development service,None,outscraper
Frshlabs | Miami Digital Marketing Agency,+1 305-209-9771,,,25.7720848,-80.1912988,33131,5.0,7.0,Marketing agency,None,outscraper
DV Advertising,+1 305-709-4799,,,25.7528912,-80.2550852,33134,,,Marketing agency,None,outscraper
VisQuanta,+1 786-686-6554,,,25.7513872,-80.25957439999999,33134,4.7,37.0,Marketing agency,None,outscraper
Wearhouse,+1 917-719-5938,,,25.7512868,-80.2595825,33134,5.0,6.0,Promotional products supplier,None,outscraper
"Sir Speedy Print, Signs, Marketing",+1 305-446-7628,,,25.7429304,-80.2586816,33134,4.4,20.0,Print shop,None,outscraper
The Profit Lab,+1 866-841-5360,,,25.7503608,-80.2569431,33134,5.0,6.0,Business management consultant,None,outscraper
Chemistry Cultura,+1 305-615-1111,,,25.7518055,-80.2591709,33134,,,Marketing agency,None,outscraper
kabookaboo,+1 305-569-9154,,,25.751427,-80.259658,33134,,,Marketing agency,None,outscraper
Fluid Marketplaces,+1 786-761-1614,,,25.7514017,-80.2580442,33134,,,Marketing agency,None,outscraper
Thomas Printworks,+1 305-461-3540,,,25.7435905,-80.2602715,33134,4.9,49.0,Commercial printer,None,outscraper
"Aday Interactive, Inc.",+1 305-209-8453,,,25.753335,-80.26164539999999,33134,,,Consultant,None,outscraper
Coral Execs,+1 305-574-9334,,,25.750449699999997,-80.2575593,33134,,,Marketing agency,None,outscraper
The Brand Coach,+1 786-252-7005,,,25.7515492,-80.256388,33134,,,Marketing consultant,None,outscraper
Juris Marketer,+1 786-474-4999,,,25.748493699999997,-80.25820569999999,33134,,,Marketing agency,None,outscraper
Lansight Technology,+1 305-445-8897,,,25.752639799999997,-80.2581721,33134,4.9,47.0,Computer support and services,None,outscraper
Slate Technology Solutions,+1 305-517-5864,,,25.7561523,-80.257297,33134,5.0,102.0,Computer support and services,None,outscraper
Stellar IT Solutions,+1 305-699-0607,,,25.7529118,-80.2550875,33134,5.0,54.0,Computer support and services,None,outscraper
Symmetry I.T.,+1 888-847-0018,,,25.7498081,-80.2605636,33134,5.0,3.0,Software company,None,outscraper
IT of United States - Managed IT Services & Support South Miami / Coral Gables Office,+1 305-440-0554,,,25.756018599999997,-80.25858889999999,33134,5.0,149.0,Computer support and services,None,outscraper
TeamLogic IT,+1 786-558-0048,,,25.7088063,-80.2821921,33146,5.0,10.0,Computer support and services,None,outscraper
"Datapro, Inc.",+1 305-374-0606,,,25.764884199999997,-80.2591406,33134,4.4,16.0,Software company,None,outscraper
Ponemus,+1 305-501-4778,,,25.7483574,-80.2584122,33134,5.0,11.0,Software company,None,outscraper
Virtuworks,+1 305-265-0447,,,25.7342865,-80.2568758,33146,4.9,241.0,Computer support and services,None,outscraper
The Retail Outsource,+1 305-539-3810,,,25.763837499999998,-80.25658899999999,33134,5.0,4.0,Corporate office,None,outscraper
B2B Cloud Solutions,+1 305-593-9934,,,25.7529118,-80.2550875,33134,5.0,5.0,Computer support and services,None,outscraper
CompassMSP,+1 833-444-2677,,,25.7477885,-80.25471449999999,33134,4.3,16.0,Computer support and services,None,outscraper
MyFloridaMSP LLC,+1 888-852-2408,,,25.7528912,-80.2550852,33134,4.9,28.0,Computer support and services,None,outscraper
IT Support Miami,+1 305-662-4755,,,25.7096451,-80.28200149999999,33146,4.6,10.0,Computer support and services,None,outscraper
SubIT Managed IT Services & Support,+1 305-602-8296,,,25.783870699999998,-80.32440059999999,33126,5.0,56.0,Computer support and services,None,outscraper
Symbits Inc,+1 866-422-0511,,,25.7639253,-80.2565621,33134,4.0,1.0,Computer consultant,None,outscraper
Spy World,+1 305-542-4600,,,25.7494667,-80.2565262,33134,4.9,684.0,Computer security service,None,outscraper
Alpha Bravo Development LLC,+1 305-614-9507,,,25.7753211,-80.1917953,33132,5.0,17.0,Software company,None,outscraper
Qualified Data Systems,+1 305-444-1212,,,25.7524962,-80.25690639999999,33134,,,Software company,None,outscraper
Lambda Software,+1 786-510-8131,,,25.7516099,-80.25657199999999,33134,5.0,1.0,Software company,None,outscraper
Quest Workspaces 2525 Ponce Coral Gables,+1 305-518-1101,,,25.748421,-80.258027,33134,5.0,501.0,Coworking space,None,outscraper
Fort Lauderdale Software Developers,+1 954-417-8133,,,25.7505094,-80.2248043,33145,5.0,3.0,Software company,None,outscraper
Geeks on Site,+1 888-360-4335,,,25.748515299999998,-80.258363,33134,4.2,71.0,Computer repair service,None,outscraper
Torre Construction & Development,+1 305-442-9494,,,25.748528,-80.25916509999999,33134,5.0,5.0,General contractor,None,outscraper
"Catalyst Pharmaceuticals, Inc.",+1 844-347-3277,,,25.7523052,-80.2617674,33134,4.4,19.0,Pharmaceutical company,None,outscraper
Gables Engineering Inc,+1 305-774-4400,,,25.7305852,-80.25946619999999,33146,4.3,32.0,Aerospace company,None,outscraper
Sykes Printing,+1 305-444-6505,,,25.7485301,-80.25932879999999,33134,4.9,76.0,Commercial printer,None,outscraper
gFour Marketing,+1 305-856-8788,,,25.753322599999997,-80.2590953,33134,5.0,313.0,Marketing agency,None,outscraper
H&CO | Coral Gables,+1 305-444-8800,,,25.7507202,-80.2589531,33134,4.1,21.0,Software company,None,outscraper
Quirch Foods HQ,+1 305-691-3535,,,25.746513999999998,-80.26196399999999,33134,4.5,29.0,Food products supplier,None,outscraper
IT of United States,+1 855-554-8872,,,25.7606686,-80.1916048,33131,5.0,104.0,Computer service,None,outscraper
Coral Gables Innovation and Technology Department,+1 305-460-5030,,,25.753400799999998,-80.2606855,33134,,,Institute of technology,None,outscraper
The Evaluation Company,+1 929-480-6977,,,25.7474891,-80.26149079999999,33134,3.4,183.0,Translation service,None,outscraper
LivoSecure,None,,,25.7490187,-80.2621223,33134,,,Software company,None,outscraper
Anushka Consulting LLC,+1 888-851-0711,,,25.728321299999998,-80.2599908,33133,5.0,2.0,Business management consultant,None,outscraper
DKL Consultant LLC,+1 786-428-8382,,,25.758546199999998,-80.2586925,33134,4.9,42.0,Tax consultant,None,outscraper
m2e Consulting Engineers,+1 305-998-0663,,,25.752691799999997,-80.25992289999999,33134,4.0,11.0,Engineering consultant,None,outscraper
"AML Consulting Solutions, Inc.",+1 855-265-8326,,,25.754280599999998,-80.2590518,33134,5.0,3.0,Consultant,None,outscraper
Consultgenix- Business Consulting Agency USA,+1 305-469-0133,,,25.7554303,-80.2586271,33134,,,Business management consultant,None,outscraper
Michell Consulting Group - Managed IT Services Company Miami,+1 800-442-5011,,,25.819422199999998,-80.3308205,33156,5.0,146.0,Software company,None,outscraper
AVA Consulting Corp,+1 305-972-2555,,,25.763935399999998,-80.28496229999999,33134,5.0,33.0,Insurance agency,None,outscraper
Storehouse Consulting Firm,+1 305-408-4078,,,25.7500549,-80.2560901,33134,5.0,1.0,Consultant,None,outscraper
Ocean Consulting - Marine Environmental Consultant,+1 305-921-9344,,,25.752948099999998,-80.2620352,33134,5.0,3.0,Environmental consultant,None,outscraper
PASS Consulting Corporation,+1 305-269-6975,,,25.7485349,-80.25805559999999,33134,,,Software company,None,outscraper
"DBCS, LLC",+1 305-902-3227,,,25.753184599999997,-80.25959619999999,33134,5.0,31.0,Business management consultant,None,outscraper
AI Consulting Services,None,,,25.752783599999997,-80.25727979999999,33134,,,Business management consultant,None,outscraper
Leo Quintana Consulting,+1 305-523-9203,,,25.748027099999998,-80.260049,33114,5.0,38.0,Computer consultant,None,outscraper
Open Plan Consulting,+1 844-428-2822,,,25.7498081,-80.2605636,33134,5.0,20.0,Consultant,None,outscraper
Stantec,+1 305-445-2900,,,25.763364799999998,-80.2587757,33134,4.0,2.0,Engineering consultant,None,outscraper
Co Underscore - Coral Gable's Applied Artificial Intelligence Firm,+1 908-821-2215,,,25.7633287,-80.2558267,33134,5.0,2.0,Consultant,None,outscraper
Prime Diaz Consulting,+1 305-622-0598,,,25.7503608,-80.2569431,33134,5.0,29.0,Consultant,None,outscraper
Kimley-Horn,+1 305-673-2025,,,25.7518672,-80.25580839999999,33134,5.0,8.0,Engineering consultant,None,outscraper
Citrin Cooperman,+1 212-697-1000,,,40.7594485,-73.9784253,10020,3.0,6.0,Accountant,None,outscraper
Prominent Financial Consultants,+1 305-396-2000,,,25.7564426,-80.258545,33134,4.7,46.0,Financial consultant,None,outscraper
EFIIE Consulting Group,+1 786-233-8515,,,25.7561237,-80.2572553,33134,5.0,9.0,Educational consultant,None,outscraper
Cueto Engineering,+1 786-563-3056,,,25.7536654,-80.2552659,33134,4.9,36.0,Structural engineer,None,outscraper
ARPE Engineering,+1 305-444-9809,,,25.7539293,-80.25921559999999,33134,5.0,1.0,Engineer,None,outscraper
"CN Advisory, LLC",+1 305-697-7562,,,25.734001799999998,-80.2590085,33146,5.0,4.0,Certified public accountant,None,outscraper
Impacta Consulting,+1 305-699-3242,,,25.7535141,-80.2552948,33134,,,Business management consultant,None,outscraper
Mentor Miami Consulting Services,+1 954-466-1940,,,25.7526318,-80.257162,33134,5.0,1.0,Consultant,None,outscraper
Genesis Systems Consulting,+1 305-476-1550,,,25.752381099999997,-80.2600093,33134,3.0,2.0,Computer consultant,None,outscraper
Coello & Company,+1 305-778-0280,,,25.7459956,-80.2609763,33134,5.0,13.0,Business management consultant,None,outscraper
"A&G - CPA Firm Coral Gables, FL",+1 786-838-7062,,,25.7410259,-80.2772445,33134,4.9,38.0,Certified public accountant,None,outscraper
"Environmental Consulting & Technology, Inc. (Coral Gables)",+1 786-292-7325,,,25.7517365,-80.2559326,33134,4.0,1.0,Environmental consultant,None,outscraper
3FM CONSULTING,+1 305-767-1120,,,25.7573492,-80.2590634,33134,4.0,28.0,Engineer,None,outscraper
SBO Consulting Group,+1 305-902-6567,,,25.748529299999998,-80.2583636,33134,5.0,1.0,Engineering consultant,None,outscraper
H&CO | Coral Gables,+1 305-444-8800,,,25.7507202,-80.2589531,33134,4.1,21.0,Certified public accountant,None,outscraper
Hamilton Business Consulting,+1 407-634-0668,,,25.797995099999998,-80.188572,33137,4.9,50.0,Business management consultant,None,outscraper
Samlut & Company,+1 305-461-9518,,,25.747948899999997,-80.2659548,33134,4.5,8.0,Accounting firm,None,outscraper
"Wilson Alvarez Consulting Group, Inc.",+1 305-386-6165,,,25.7480248,-80.26004449999999,33134,5.0,7.0,Computer consultant,None,outscraper
Progress Partners Consulting,+1 786-457-0113,,,25.7554303,-80.2586271,33134,,,Business management consultant,None,outscraper
Ulltium Consulting Inc,+1 305-476-2540,,,25.7527471,-80.2572888,33134,,,Business management consultant,None,outscraper
"ZOMMA Group, LLP",+1 305-444-8288,,,25.752454399999998,-80.2618392,33134,5.0,2.0,Accounting firm,None,outscraper
Leading & Learning,+1 305-856-1194,,,25.7554269,-80.2586212,33134,4.8,22.0,Tutoring service,None,outscraper
"Bard, Rao + Athanas Consulting Engineers, LLC",+1 305-529-1515,,,25.747996699999998,-80.2549636,33134,4.5,2.0,Engineering consultant,None,outscraper
Miami Medical Consultants,+1 305-669-0690,,,25.748949399999997,-80.25543359999999,33134,4.9,94.0,Medical group,None,outscraper
Raymond Consulting,+1 305-774-7056,,,25.755434599999997,-80.258605,33134,,,Business management consultant,None,outscraper
CYBS,+1 786-502-2986,,,25.753268499999997,-80.2590597,33134,5.0,1.0,Consultant,None,outscraper
Washington Economics Group Inc,+1 305-461-3811,,,25.747506599999998,-80.2615643,33134,4.0,2.0,Economic consultant,None,outscraper
Symmetry I.T.,+1 888-847-0018,,,25.7498081,-80.2605636,33134,5.0,3.0,Computer support and services,None,outscraper
Ces Consultants Inc,+1 305-827-2220,,,25.7325047,-80.256129,33146,5.0,2.0,Civil engineering company,None,outscraper
LMA Consultants,+1 305-224-8730,,,25.7541375,-80.27182049999999,33134,,,Consultant,None,outscraper
CPA Miami,+1 305-567-3152,,,25.733995099999998,-80.25899199999999,33146,4.7,47.0,Accounting firm,None,outscraper
The Evaluation Company,+1 929-480-6977,,,25.7474891,-80.26149079999999,33134,3.4,183.0,Translation service,None,outscraper
I Afford NY,+1 718-412-2600,,,40.6985065,-73.96078899999999,11205,4.8,348.0,Apartment rental agency,None,outscraper
"Verdeja and Alvarez, LLP",+1 305-446-3177,,,25.752288699999998,-80.2600535,33134,5.0,3.0,Accounting firm,None,outscraper
"Garcia Espinosa Miyares Rodriguez Trueba & Co., LLP",+1 305-529-5440,,,25.747832799999998,-80.25472529999999,33134,4.0,12.0,Certified public accountant,None,outscraper
The McGill Law Firm,+1 786-375-5621,,,25.747465299999998,-80.26175769999999,33134,5.0,70.0,Law firm,None,outscraper
JPR Consulting Services,+1 800-741-2330,,,25.7503404,-80.2570322,33134,,,Business management consultant,None,outscraper
International Compliance Solutions,+1 305-448-0014,,,25.747722,-80.25473989999999,33134,5.0,1.0,Consultant,None,outscraper
"Actuarial Factor, LLC",+1 786-397-9212,,,25.752835899999997,-80.255561,33134,,,Financial consultant,None,outscraper
"Forensic Accountants & Consultants, P.A.",+1 305-989-1230,,,25.7600327,-80.2593345,33134,5.0,1.0,Accounting firm,None,outscraper
HRTT Consulting LLC,+1 786-930-0723,,,25.7619117,-80.2585191,33134,,,Legal services,None,outscraper
"CORAL GABLES INTERNATIONAL BUSINESS ENTERPRISES, LLC.",+1 305-300-9241,,,25.7513179,-80.25958469999999,33134,5.0,2.0,Business management consultant,None,outscraper
"The Miami Group & Associates, Inc.",+1 305-972-4162,,,25.7513872,-80.25957439999999,33134,,,Business management consultant,None,outscraper
"​​Pinnacle Consulting Enterprises, Inc.",+1 305-262-1925,,,25.7456124,-80.25472429999999,33134,,,Civil engineering company,None,outscraper
Miami Restaurant Consulting,+1 305-781-4865,,,25.750567699999998,-80.2563895,33134,,,Consultant,None,outscraper
Spencer Stuart,+1 305-443-9911,,,25.7529118,-80.2550875,33134,5.0,1.0,Executive search firm,None,outscraper
"PAAST, P.L.",+1 305-567-0150,,,25.752381099999997,-80.2600093,33134,5.0,3.0,Accounting firm,None,outscraper
AbitOs Accountants + Advisors,+1 305-774-2945,,,25.7505737,-80.25971179999999,33134,4.0,12.0,Certified public accountant,None,outscraper
Ponemus,+1 305-501-4778,,,25.7483574,-80.2584122,33134,5.0,11.0,Software company,None,outscraper
Fraga Engineers,+1 305-444-8210,,,25.731986799999998,-80.2575232,33146,3.0,1.0,Engineering consultant,None,outscraper
"Gonzalez & Company, C.P.A., P.A.",+1 305-900-3333,,,25.7475539,-80.2619213,33134,5.0,9.0,Certified public accountant,None,outscraper
Victoria and Associates Career Services,+1 305-477-2233,,,25.7340275,-80.2590105,33146,4.1,9.0,Human resource consulting,None,outscraper
Ventures Consulting,+1 305-793-2898,,,25.759250599999998,-80.2190383,33145,,,Business management consultant,None,outscraper
Jordan Ricardo & Company P.L.,+1 305-447-8555,,,25.7523685,-80.2600623,33134,5.0,3.0,Accountant,None,outscraper
YORK,+1 305-229-8888,,,25.7278067,-80.25698299999999,33133,3.0,2.0,Business management consultant,None,outscraper
M L Rivero Associates Inc,+1 305-441-7060,,,25.7596387,-80.2586127,33134,3.0,2.0,Accountant,None,outscraper
Private Wealth Management of Coral Gables,+1 305-548-2247,,,25.7499042,-80.25759269999999,33134,4.0,4.0,Financial planner,None,outscraper
GARCIA SANTA MARIA DE ARMAS TRUJILLO PLLC,+1 305-448-0404,,,25.731843899999998,-80.2575596,33134,3.4,5.0,Accounting firm,None,outscraper
Cherry Bekaert,+1 786-693-6300,,,25.7459691,-80.25776809999999,33134,5.0,2.0,Accountant,None,outscraper
SOCOTEC,+1 888-224-9911,,,25.7452564,-80.2602031,33134,5.0,2.0,Engineering consultant,None,outscraper
GIF Consulting,+1 305-443-8010,,,25.7477885,-80.25471449999999,33134,,,Business management consultant,None,outscraper
LaPadula Carlson & Co CPA,+1 305-529-9300,,,25.747959899999998,-80.26591789999999,33134,5.0,1.0,Certified public accountant,None,outscraper
Busy Bee Consulting,+1 786-605-1500,,,25.745322599999998,-80.2595527,33134,,,Bookkeeping service,None,outscraper
Champion Legal,+1 305-444-9279,,,25.756115899999998,-80.2577151,33134,5.0,3.0,Graphic designer,None,outscraper
"KEW Legal, P.A. - Business and Real Estate Attorneys",+1 954-419-5593,,,25.752593899999997,-80.25979389999999,33134,5.0,53.0,Business attorney,None,outscraper
McKinsey & Company,+1 305-961-8600,,,25.767103,-80.1936293,33130,3.0,2.0,Consultant,None,outscraper
Tax Capital Group,+1 305-400-8800,,,25.7444821,-80.2596311,33134,4.6,11.0,Accounting firm,None,outscraper
"AGYLIT ADVISORS, LLC",+1 786-800-9444,,,25.7474891,-80.26149079999999,33134,,,Consultant,None,outscraper
"De La Hoz, Pérez & Barbeito, PLLC",+1 305-448-5585,,,25.7459109,-80.259103,33134,4.8,16.0,Business management consultant,None,outscraper
Barreto Group,+1 305-444-4648,,,25.7449032,-80.2595059,33134,1.4,10.0,Professional services,None,outscraper
Jensen Hughes,+1 305-401-3261,,,25.7503608,-80.2569431,33134,,,Fire protection consultant,None,outscraper
"Equitas International Consultants, LLC.",+1 305-317-2721,,,25.752672,-80.25729919999999,33134,,,Immigration & naturalization service,None,outscraper
DSN HOUSE COLLECTIVE - Branding | Web | Motion | Videos | Consultancy,+1 305-456-7253,,,25.7518796,-80.25805,33134,5.0,23.0,Video production service,None,outscraper
Arcadis Miami,+1 786-268-3200,,,25.7511986,-80.2621918,33134,5.0,2.0,Architect,None,outscraper
Hershell Gill Consulting Engineers,+1 305-667-3631,,,25.727046599999998,-80.26279219999999,33146,,,Engineering consultant,None,outscraper
The Brand Coach,+1 786-252-7005,,,25.7515492,-80.256388,33134,,,Marketing consultant,None,outscraper
TalentoHC,+1 424-305-6969,,,25.752610999999998,-80.2595995,33134,,,Business management consultant,None,outscraper
