business_name,phone,website,address,lat,lon,postcode,rating,review_count,category_raw,price,source
Aloft by Marriott Coral Gables,+1 305-442-0372,,,25.747643,-80.26310219999999,33134,3.9,823.0,Hotel,3 stars,outscraper
Courtyard by Marriott Miami Coral Gables,+1 305-443-2301,,,25.7538239,-80.2624606,33134,4.0,1345.0,Hotel,4 stars,outscraper
Hyatt Regency Coral Gables,+1 305-441-1234,,,25.7518784,-80.2558201,33134,4.5,1898.0,Hotel,4 stars,outscraper
Loews Coral Gables Hotel,+1 786-772-7600,,,25.7447406,-80.2574254,33134,4.6,736.0,Hotel,4 stars,outscraper
"THesis Hotel Miami Coral Gables, Curio Collection by Hilton",+1 305-667-5611,,,25.7127169,-80.278579,33146,4.2,816.0,Hotel,4 stars,outscraper
Four Points by Sheraton Coral Gables,+1 305-567-0534,,,25.7352462,-80.2576016,33146,4.2,843.0,Hotel,3 stars,outscraper
Biltmore Hotel Miami Coral Gables,+1 855-969-3080,,,25.7407941,-80.27867959999999,33134,4.5,2672.0,Hotel,4 stars,outscraper
"Hotel Colonnade Coral Gables, Autograph Collection",+1 305-441-2600,,,25.750383799999998,-80.2582532,33134,4.5,1533.0,Hotel,4 stars,outscraper
Extended Stay America Premier Suites- Miami - Coral Gables,+1 305-443-7444,,,25.7496551,-80.2532464,33145,3.9,781.0,Extended stay hotel,2 stars,outscraper
Mayfair House Hotel & Garden,+1 305-441-0000,,,25.7289547,-80.2413687,33133,4.6,1903.0,Hotel,5 stars,outscraper
"Arya Hotel and Suites Coconut Grove, WorldHotels Distinctive",+1 305-529-2828,,,25.727158799999998,-80.24088689999999,33133,4.1,1669.0,Hotel,4 stars,outscraper
Hotel St. Michel,+1 800-848-4683,,,25.752909,-80.258479,33134,4.5,420.0,Hotel,3 stars,outscraper
Best Western Plus Miami Intl Airport Hotel & Suites Coral Gables,+1 305-774-6100,,,25.771276999999998,-80.262816,33134,4.0,2890.0,Hotel,4 stars,outscraper
ChateauBleau Hotel,+1 305-448-2634,,,25.760781599999998,-80.2586978,33134,2.9,1037.0,Hotel,3 stars,outscraper
Hampton Inn Miami-Coconut Grove/Coral Gables,+1 305-448-2800,,,25.738502,-80.2393448,33133,4.3,1289.0,Hotel,3 stars,outscraper
Ponce de Leon Hotel,+1 305-444-9934,,,25.756194999999998,-80.25856399999999,33134,4.0,485.0,Hotel,2 stars,outscraper
Hilton Miami Airport Blue Lagoon,+1 305-262-1000,,,25.7819729,-80.2786043,33126,3.9,7140.0,Hotel,4 stars,outscraper
The Avenue Hotel Coral Gables,+1 786-545-2204,,,25.732384999999997,-80.26136699999999,33146,4.2,5.0,Hotel,None,outscraper
The Mutiny Hotel by Provident Hotels & Resorts,+1 866-610-1814,,,25.727172,-80.239808,33133,4.2,874.0,Hotel,4 stars,outscraper
Private Oasis at Arya,+1 305-798-8811,,,25.727273699999998,-80.2405395,33133,4.5,88.0,Hotel,None,outscraper
Courtyard by Marriott Miami Coconut Grove,+1 305-858-2500,,,25.7313686,-80.2359074,33133,3.9,865.0,Hotel,3 stars,outscraper
Gables Cove Hotel,+1 305-445-5453,,,25.7640401,-80.27161319999999,33134,3.7,62.0,Hotel,2 stars,outscraper
Hampton Inn & Suites by Hilton Miami Airport South Blue Lagoon,+1 305-262-5400,,,25.779042,-80.2880457,33126,4.4,1967.0,Hotel,3 stars,outscraper
Regency Miami Airport by Sonesta,+1 305-441-1600,,,25.781769999999998,-80.2649323,33126,3.6,3489.0,Hotel,3 stars,outscraper
Coral Reef Suites,+1 786-401-7854,,,25.691327899999997,-80.1599622,33149,3.2,306.0,Hotel,3 stars,outscraper
Miami Marriott Dadeland,+1 305-670-1035,,,25.685866299999997,-80.313626,33156,4.2,1722.0,Hotel,4 stars,outscraper
Sunset Inn South Miami,+1 786-545-2204,,,25.7041838,-80.28850659999999,33143,3.2,40.0,Inn,3 stars,outscraper
"The Ritz-Carlton Coconut Grove, Miami",+1 305-644-4680,,,25.7304471,-80.2380563,33133,4.5,1283.0,Hotel,5 stars,outscraper
Fairfield by Marriott Inn & Suites Miami Airport South,+1 786-456-2100,,,25.782716999999998,-80.263224,33126,4.0,1621.0,Hotel,3 stars,outscraper
Courtyard by Marriott Miami Airport,+1 305-642-8200,,,25.7847197,-80.2623035,33126,4.1,2068.0,Hotel,3 stars,outscraper
Holiday Inn Express & Suites Miami Airport East by IHG,+1 786-878-5555,,,25.7997895,-80.26368959999999,33142,4.2,2244.0,Hotel,3 stars,outscraper
Roami at Grove27,+1 833-305-3535,,,25.7557126,-80.2386954,33145,4.6,118.0,Hotel,4 stars,outscraper
Embassy Suites by Hilton Miami International Airport,+1 305-634-5000,,,25.8066574,-80.2615857,33142,3.6,6015.0,Hotel,4 stars,outscraper
Mr. C Miami Coconut Grove,+1 305-800-6672,,,25.7275563,-80.2419389,33133,4.6,583.0,Hotel,None,outscraper
Kompose Boutique Hotel Miami Airport,+1 786-796-0199,,,25.7992411,-80.2514537,33142,4.8,6513.0,Hotel,3 stars,outscraper
Hilton Garden Inn Miami Brickell South,+1 305-854-2070,,,25.7509858,-80.2034722,33129,3.9,1563.0,Hotel,3 stars,outscraper
La Quinta Inn & Suites by Wyndham Miami Airport East,+1 305-871-1777,,,25.8060372,-80.2622841,33142,3.3,3349.0,Hotel,2 stars,outscraper
Clarion Inn & Suites Miami International Airport,+1 305-921-4268,,,25.808235099999997,-80.2821426,33166,3.3,4762.0,Hotel,2 stars,outscraper
Homewood Suites by Hilton Miami-Airport/Blue Lagoon,+1 305-261-3335,,,25.7816843,-80.2845964,33126,4.0,2335.0,Extended stay hotel,3 stars,outscraper
"The Ritz-Carlton Key Biscayne, Miami",+1 305-365-4500,,,25.6915779,-80.1579217,33149,4.5,2896.0,Hotel,5 stars,outscraper
SpringHill Suites by Marriott Miami Airport South Blue Lagoon Area,+1 305-265-0144,,,25.7768986,-80.3064852,33126,3.8,2081.0,Hotel,3 stars,outscraper
Miami Vacation Rentals-Coconut Grove,+1 305-606-3421,,,25.727273699999998,-80.2405395,33133,4.4,31.0,Hotel,None,outscraper
Staybridge Suites Miami International Airport by IHG,+1 786-629-1413,,,25.7990189,-80.25516449999999,33142,4.2,1686.0,Extended stay hotel,3 stars,outscraper
Private Residences at Hotel Arya by SoFLA,+1 786-545-2204,,,25.727273699999998,-80.2405395,33133,,,Hotel,None,outscraper
Hampton Inn Miami Dadeland,+1 305-269-0072,,,25.694005999999998,-80.307039,33143,4.2,1282.0,Hotel,2 stars,outscraper
Aloft by Marriott Miami Dadeland,+1 305-595-6000,,,25.6879346,-80.3189242,33156,3.8,918.0,Hotel,3 stars,outscraper
Pullman Miami Airport,+1 305-264-4888,,,25.782143299999998,-80.291748,33126,4.0,4461.0,Hotel,4 stars,outscraper
Tower Hotel - Calle Ocho By At Mine Hospitality,+1 305-497-7553,,,25.766339,-80.218901,33135,4.6,297.0,Hotel,None,outscraper
Element by Marriott Miami International Airport,+1 305-636-1600,,,25.7994082,-80.2536571,33142,4.0,2734.0,Hotel,3 stars,outscraper
Extended Stay America Suites- Miami - Airport - Blue Lagoon,+1 305-260-0085,,,25.778164,-80.30358149999999,33126,3.7,1579.0,Extended stay hotel,2 stars,outscraper
InterContinental Miami by IHG,+1 305-577-1000,,,25.7721907,-80.18590309999999,33131,4.5,7811.0,Hotel,4 stars,outscraper
The Elser Hotel Miami,+1 786-472-1000,,,25.7788802,-80.1890556,33132,4.5,3227.0,Hotel,4 stars,outscraper
DoubleTree by Hilton Hotel Miami Airport & Convention Center,+1 305-261-3800,,,25.7786436,-80.3100043,33126,3.6,4434.0,Hotel,3 stars,outscraper
AC Hotel Miami Dadeland,+1 305-668-4490,,,25.691781199999998,-80.3157301,33156,4.4,512.0,Hotel,4 stars,outscraper
EVEN Hotel Miami - Airport by IHG,+1 305-636-7000,,,25.799238,-80.25221289999999,33142,3.8,1854.0,Wellness hotel,3 stars,outscraper
Home2 Suites by Hilton Miami Airport South Blue Lagoon,+1 305-567-2599,,,25.7815495,-80.2867709,33126,3.8,278.0,Extended stay hotel,3 stars,outscraper
EB Hotel Miami,+1 305-324-6835,,,25.808789899999997,-80.2661565,33166,4.6,3019.0,Hotel,4 stars,outscraper
Sonesta Miami Airport,+1 305-446-9000,,,25.7812117,-80.2649667,33126,4.1,3034.0,Hotel,3 stars,outscraper
Miami Airport Marriott,+1 305-649-5000,,,25.784108999999997,-80.2624202,33126,4.1,3499.0,Hotel,4 stars,outscraper
Miami Princess Hotel,+1 305-441-1862,,,25.7828566,-80.2649886,33126,3.5,888.0,Hotel,3 stars,outscraper
Residence Inn by Marriott Miami Airport,+1 305-642-8570,,,25.7837875,-80.26172609999999,33126,3.9,900.0,Hotel,3 stars,outscraper
Courtyard by Marriott Miami Dadeland,+1 305-670-1220,,,25.6860862,-80.3147798,33156,4.0,697.0,Hotel,3 stars,outscraper
InterContinental at Doral Miami by IHG,+1 305-468-1400,,,25.797556,-80.335944,33172,4.5,2897.0,Hotel,4 stars,outscraper
Hilton Miami Dadeland,+1 786-975-1920,,,25.6863738,-80.3420914,33176,4.3,1346.0,Hotel,4 stars,outscraper
Novotel Miami Brickell,+1 786-600-2600,,,25.7597839,-80.19692309999999,33129,4.2,3295.0,Hotel,4 stars,outscraper
Miami International Airport Hotel,+1 305-871-4100,,,25.7951496,-80.27858069999999,33122,4.1,28181.0,Hotel,3 stars,outscraper
Four Seasons Hotel Miami,+1 305-358-3535,,,25.7589641,-80.19208429999999,33131,4.7,2840.0,Hotel,5 stars,outscraper
YVE Hotel Miami,+1 305-358-4555,,,25.7760686,-80.1882174,33132,3.7,5659.0,Hotel,3 stars,outscraper
Miami Marriott Biscayne Bay,+1 305-374-3900,,,25.7909309,-80.1865475,33132,4.2,5543.0,Hotel,4 stars,outscraper
Tru by Hilton Miami West Brickell,+1 305-500-2700,,,25.7588239,-80.2027129,33129,4.4,922.0,Hotel,2 stars,outscraper
Moxy Miami Wynwood,+1 786-885-2670,,,25.8008842,-80.20045189999999,33127,4.1,297.0,Hotel,4 stars,outscraper
Fortune House Hotel,+1 305-349-5200,,,25.7594122,-80.1909976,33131,4.4,1442.0,Hotel,4 stars,outscraper
Hostal Calle 8,None,,,25.765264799999997,-80.2471826,33135,4.3,29.0,Hostel,None,outscraper
Comfort Inn & Suites Downtown Brickell-Port of Miami,+1 305-677-0947,,,25.7711671,-80.1918597,33131,3.6,3477.0,Hotel,None,outscraper
SpringHill Suites by Marriott Miami Downtown/Medical Center,+1 305-575-5300,,,25.786765199999998,-80.2103119,33136,4.0,1858.0,Hotel,3 stars,outscraper
Bentley Beach Club,+1 305-938-4600,,,25.769726499999997,-80.13260629999999,33139,4.4,594.0,Resort hotel,4 stars,outscraper
The Biscayne Hotel,+1 305-456-0432,,,25.8379637,-80.18441729999999,33138,4.2,350.0,Hotel,2 stars,outscraper
"The Standard Spa, Miami Beach",+1 305-673-1717,,,25.79175,-80.149086,33139,4.5,2611.0,Hotel,4 stars,outscraper
Days Inn by Wyndham Miami Airport North,+1 305-888-3661,,,25.8082964,-80.275032,33166,2.7,3119.0,Hotel,2 stars,outscraper
DoubleTree by Hilton Miami Doral,+1 305-639-9555,,,25.7905241,-80.3624328,33172,4.4,1203.0,Hotel,None,outscraper
TownePlace Suites by Marriott Miami Airport,+1 305-779-0900,,,25.7828178,-80.2626099,33126,4.2,1414.0,Hotel,3 stars,outscraper
"Best Value Inside City Miami, Near Airport, Beach, Center, Metro",+1 786-874-7501,,,25.810056099999997,-80.2338529,33142,4.5,20.0,Homestay,None,outscraper
Tru by Hilton Miami Airport South Blue Lagoon,+1 305-567-2599,,,25.7815495,-80.2867709,33126,4.1,534.0,Hotel,None,outscraper
Kasa El Paseo Miami Beach,+1 786-755-5032,,,25.787099899999998,-80.1320058,33139,4.5,1468.0,Hotel,3 stars,outscraper
Comfort Inn & Suites Miami International Airport,+1 305-888-3633,,,25.8087269,-80.27373419999999,33166,3.9,1314.0,Hotel,3 stars,outscraper
The Moore,+1 305-209-2100,,,25.8139687,-80.1914977,33137,4.6,251.0,Social club,None,outscraper
The Savoy Hotel & Beach Club ~ Miami Beach,+1 305-532-0200,,,25.773805499999998,-80.1319316,33139,4.6,1715.0,Hotel,4 stars,outscraper
The Catalina Hotel & Beach Club,+1 305-674-1160,,,25.7931243,-80.1298388,33139,4.0,5923.0,Hotel,3 stars,outscraper
Hotel Riu Plaza Miami Beach,+1 305-673-5333,,,25.8067344,-80.1237902,33140,4.0,4764.0,Hotel,4 stars,outscraper
sol y luna calle 8,None,,,25.7660648,-80.24754,33135,4.3,6.0,Motel,None,outscraper
Marriott Stanton South Beach,+1 305-536-7700,,,25.7704459,-80.1324447,33139,4.1,2515.0,Hotel,4 stars,outscraper
Gables Inn,+1 305-661-7999,,,25.7217254,-80.26757649999999,33146,3.5,437,Hotel,2 stars,outscraper
Miami Princess Hotel,+1 305-441-1862,,,25.7828566,-80.2649886,33126,3.5,888,Hotel,3 stars,outscraper
Clarion Inn & Suites Miami International Airport,+1 305-921-4268,,,25.808235099999997,-80.2821426,33166,3.3,4762,Hotel,2 stars,outscraper
Hostal Calle 8,None,,,25.765264799999997,-80.2471826,33135,4.3,29,Hostel,None,outscraper
Best Western Plus Miami Intl Airport Hotel & Suites Coral Gables,+1 305-774-6100,,,25.771276999999998,-80.262816,33134,4.0,2890,Hotel,4 stars,outscraper
ChateauBleau Hotel,+1 305-448-2634,,,25.760781599999998,-80.2586978,33134,2.9,1037,Hotel,3 stars,outscraper
enVision Hotel Miami International Airport,+1 305-261-4230,,,25.780730199999997,-80.3135392,33126,3.4,313,Hotel,2 stars,outscraper
La Quinta Inn & Suites by Wyndham Miami Airport East,+1 305-871-1777,,,25.8060372,-80.2622841,33142,3.3,3349,Hotel,2 stars,outscraper
Days Inn by Wyndham Miami Airport North,+1 305-888-3661,,,25.8082964,-80.275032,33166,2.7,3119,Hotel,2 stars,outscraper
Gables Cove Hotel,+1 305-445-5453,,,25.7640401,-80.27161319999999,33134,3.7,62,Hotel,2 stars,outscraper
Miami Hostel,+1 305-984-2854,,,25.764803699999998,-80.2181998,33135,4.3,22,Hotel,None,outscraper
Red Roof PLUS+ Miami Airport,+1 305-871-4221,,,25.8051286,-80.26316829999999,33142,3.5,4335,Hotel,2 stars,outscraper
Blue Little Havana,+1 305-413-8625,,,25.7715923,-80.2203885,33135,4.0,99,Hostel,None,outscraper
Quality Inn Miami South,+1 786-581-8409,,,25.634984,-80.3379363,33176,3.7,883,Hotel,2 stars,outscraper
sol y luna calle 8,None,,,25.7660648,-80.24754,33135,4.3,6,Motel,None,outscraper
Ponce de Leon Hotel,+1 305-444-9934,,,25.756194999999998,-80.25856399999999,33134,4.0,485,Hotel,2 stars,outscraper
Doral Inn & Suites Miami Airport West,+1 305-629-8755,,,25.783856399999998,-80.3290201,33126,3.8,2126,Hotel,3 stars,outscraper
Coral Reef Suites,+1 786-401-7854,,,25.691327899999997,-80.1599622,33149,3.2,306,Hotel,3 stars,outscraper
"Motel 6 Cutler Bay, FL - Miami",+1 305-686-2825,,,25.578267999999998,-80.36603629999999,33189,3.5,2439,Hotel,2 stars,outscraper
Rainbow Motel,+1 305-649-3987,,,25.765096,-80.234532,33135,4.0,46,Motel,None,outscraper
"Atrium Hotel, Trademark Collection by Wyndham",+1 855-489-1457,,,25.808856,-80.273095,33166,3.6,462,Hotel,2 stars,outscraper
Aloft by Marriott Coral Gables,+1 305-442-0372,,,25.747643,-80.26310219999999,33134,3.9,823,Hotel,3 stars,outscraper
Budget Host Inn,+1 305-248-2741,,,25.456978499999998,-80.4769754,33034,2.6,479,Motel,3 stars,outscraper
Ramada by Wyndham Miami Springs/Miami International Airport,+1 305-440-1502,,,25.8081872,-80.2777807,33166,3.8,3375,Hotel,2 stars,outscraper
The Biscayne Hotel,+1 305-456-0432,,,25.8379637,-80.18441729999999,33138,4.2,350,Hotel,2 stars,outscraper
Sunset Inn South Miami,+1 786-545-2204,,,25.7041838,-80.28850659999999,33143,3.2,40,Inn,3 stars,outscraper
Oceanside Hotel + Suites,+1 305-763-8125,,,25.8441083,-80.1212053,33140,3.8,2715,Hotel,3 stars,outscraper
B&B HOTEL Miami Airport,+1 305-203-5018,,,25.8085179,-80.2788935,33166,4.2,320,Hotel,None,outscraper
Regency Miami Airport by Sonesta,+1 305-441-1600,,,25.781769999999998,-80.2649323,33126,3.6,3489,Hotel,3 stars,outscraper
South River Suites,+1 305-455-3535,,,25.8866287,-80.368172,33178,3.8,249,Hotel,3 stars,outscraper
Four Points by Sheraton Coral Gables,+1 305-567-0534,,,25.7352462,-80.2576016,33146,4.2,843,Hotel,3 stars,outscraper
Kompose Boutique Hotel Miami Airport,+1 786-796-0199,,,25.7992411,-80.2514537,33142,4.8,6513,Hotel,3 stars,outscraper
Courtyard by Marriott Miami Coral Gables,+1 305-443-2301,,,25.7538239,-80.2624606,33134,4.0,1345,Hotel,4 stars,outscraper
Samantha Apartments by Lowkl,+1 786-385-4880,,,25.806317999999997,-80.125259,33140,3.7,237,Hotel,2 stars,outscraper
Palm Tree Club Miami Hotel,+1 305-865-7100,,,25.849015599999998,-80.1480694,33141,3.9,2185,Hotel,3 stars,outscraper
Garden Inn Homestead,+1 305-245-1260,,,25.4682005,-80.4721277,33030,3.6,1778,Motel,2 stars,outscraper
Sleep Inn Miami Airport,+1 305-735-3011,,,25.8087149,-80.2843364,33166,3.5,2498,Hotel,2 stars,outscraper
La Quinta Inn by Wyndham Miami Airport North,+1 305-599-9902,,,25.8099582,-80.3168282,33166,3.5,3029,Hotel,2 stars,outscraper
Tamiami Motel,None,,,25.764542199999998,-80.2667582,33134,3.8,44,Motel,None,outscraper
Quality Inn Miami Airport - Doral,+1 786-533-3636,,,25.8109009,-80.3226737,33166,3.0,2683,Hotel,2 stars,outscraper
Seaside All Suites Hotel,+1 305-866-7033,,,25.8609474,-80.12132299999999,33141,3.6,1682,Hotel,3 stars,outscraper
Wingate by Wyndham Miami Airport,+1 786-310-2752,,,25.8083639,-80.3231259,33166,4.1,1689,Hotel,3 stars,outscraper
The Palms Inn & Suites Kendall Miami,+1 305-270-0359,,,25.6898379,-80.3832498,33183,4.0,346,Hotel,None,outscraper
Econo Lodge Inn & Suites Florida City,+1 305-247-6633,,,25.459159099999997,-80.47477959999999,33034,2.4,318,Hotel,2 stars,outscraper
Sonesta Simply Suites Miami Airport Doral,+1 305-591-9099,,,25.800491599999997,-80.3408036,33172,4.3,935,Hotel,2 stars,outscraper
The Rover Miami,+1 786-522-5931,,,25.7650886,-80.2214784,33135,4.1,64,Hotel,None,outscraper
Spark by Hilton Miami Doral,+1 305-640-9896,,,25.8091634,-80.368804,33178,3.9,164,Hotel,2 stars,outscraper
Viajero Miami,+1 305-674-7800,,,25.7822088,-80.1315618,33139,4.7,2662,Hostel,4 stars,outscraper
Comfort Inn & Suites Downtown Brickell-Port of Miami,+1 305-677-0947,,,25.7711671,-80.1918597,33131,3.6,3477,Hotel,None,outscraper
Hotel Shelley,+1 305-531-3341,,,25.778971,-80.132205,33139,4.5,3846,Hotel,2 stars,outscraper
The Catalina Hotel & Beach Club,+1 305-674-1160,,,25.7931243,-80.1298388,33139,4.0,5923,Hotel,3 stars,outscraper
Ernesto Motel,+1 561-314-8455,,,25.771900799999997,-80.2615211,33134,3.5,168,Motel,None,outscraper
Baybreeze Apartments by Lowkl,+1 786-373-6691,,,25.7885903,-80.14204199999999,33139,3.5,249,Hotel,None,outscraper
EVEN Hotel Miami - Airport by IHG,+1 305-636-7000,,,25.799238,-80.25221289999999,33142,3.8,1854,Wellness hotel,3 stars,outscraper
Hampton Inn Miami-Coconut Grove/Coral Gables,+1 305-448-2800,,,25.738502,-80.2393448,33133,4.3,1289,Hotel,3 stars,outscraper
Tower Hotel - Calle Ocho By At Mine Hospitality,+1 305-497-7553,,,25.766339,-80.218901,33135,4.6,297,Hotel,None,outscraper
Best Western Plus Miami-Doral/Dolphin Mall,+1 305-463-7195,,,25.8091582,-80.36883069999999,33178,3.8,2114,Hotel,3 stars,outscraper
Posh Hostel South Beach,+1 305-398-7000,,,25.7785673,-80.1322659,33139,4.0,768,Hostel,3 stars,outscraper
Up Midtown Hotel,+1 305-571-5115,,,25.8099332,-80.18965759999999,33137,3.4,286,Hotel,2 stars,outscraper
Riviera Hotel South Beach,+1 305-538-7444,,,25.7958718,-80.1306256,33139,4.2,5337,Hotel,4 stars,outscraper
Holiday Inn Miami-International Airport by IHG,+1 305-885-1941,,,25.8091518,-80.26358979999999,33166,3.8,3835,Hotel,3 stars,outscraper
Runway Inn Miami Airport Hotel,+1 888-539-1941,,,25.8087716,-80.2728241,33166,2.8,1361,Hotel,2 stars,outscraper
Hialeah Executive Motel,+1 305-887-2718,,,25.825577799999998,-80.2840073,33010,3.5,251,Motel,2 stars,outscraper
Extacy Motel,+1 305-648-1385,,,25.7715416,-80.2763378,33134,4.1,44,Motel,None,outscraper
Waterside Hotel,+1 305-763-8901,,,25.858743,-80.122329,33141,3.7,1344,Hotel,3 stars,outscraper
Private Oasis at Arya,+1 305-798-8811,,,25.727273699999998,-80.2405395,33133,4.5,88,Hotel,None,outscraper
Hotel Croydon Miami Beach,+1 305-938-1145,,,25.8109048,-80.1235126,33140,4.5,4079,Hotel,4 stars,outscraper
Casa Rosa All Women's Hostel Miami,+1 786-449-6923,,,25.8205225,-80.1956232,33127,4.3,49,Hostel,None,outscraper
Hilton Miami Airport Blue Lagoon,+1 305-262-1000,,,25.7819729,-80.2786043,33126,3.9,7140,Hotel,4 stars,outscraper
The Avenue Hotel Coral Gables,+1 786-545-2204,,,25.732384999999997,-80.26136699999999,33146,4.2,5,Hotel,None,outscraper
Aqua Hotel,+1 305-538-4361,,,25.7882888,-80.1308035,33139,3.6,1574,Hotel,2 stars,outscraper
La Campina Motel,+1 305-442-1212,,,25.7644053,-80.267834,33134,3.3,179,Motel,None,outscraper
Pullman Miami Airport,+1 305-264-4888,,,25.782143299999998,-80.291748,33126,4.0,4461,Hotel,4 stars,outscraper
Notebook Hotel,+1 786-768-2586,,,25.814397699999997,-80.12335829999999,33140,2.3,355,Hotel,3 stars,outscraper
The Stiles Hotel,+1 305-674-7800,,,25.782128099999998,-80.1314857,33139,3.8,493,Hotel,4 stars,outscraper
Beds N' Drinks,+1 305-535-7415,,,25.791761899999997,-80.13096209999999,33139,3.7,1361,Hostel,2 stars,outscraper
Holiday Inn Express & Suites Miami Airport East by IHG,+1 786-878-5555,,,25.7997895,-80.26368959999999,33142,4.2,2244,Hotel,3 stars,outscraper
Jamaica Motel,+1 305-445-2685,,,25.7642965,-80.2709883,33134,3.7,241,Motel,None,outscraper
DoubleTree by Hilton Miami North I-95,+1 305-751-8001,,,25.8480851,-80.2085336,33150,3.7,991,Hotel,3 stars,outscraper
Freehand Miami,+1 305-531-2727,,,25.8045325,-80.1262402,33140,4.5,4811,Hotel,3 stars,outscraper
Greenview by Lowkl,+1 786-550-8053,,,25.791576,-80.13151599999999,33139,3.8,1542,Hotel,3 stars,outscraper
Dunns Josephine Hotel,+1 877-571-9311,,,25.7841778,-80.1999599,33136,3.9,196,Hotel,None,outscraper
La Quinta Inn & Suites by Wyndham Miami Airport West,+1 786-310-4298,,,25.799402999999998,-80.3386613,33172,3.9,2932,Hotel,3 stars,outscraper
Julia Motel,+1 305-642-5735,,,25.7720009,-80.244526,33135,3.5,166,Motel,None,outscraper
G G Motel,+1 786-817-3966,,,25.7714373,-80.2785036,33134,3.7,76,Motel,None,outscraper
Casa Ocean,+1 305-801-5348,,,25.772765999999997,-80.132609,33139,4.3,392,Hotel,None,outscraper
Sunshine Inn Motel,None,,,25.7714981,-80.275044,33134,3.3,191,Lodging,None,outscraper
Days Inn by Wyndham Florida City,+1 305-230-2322,,,25.4488041,-80.47444109999999,33034,3.1,1082,Hotel,2 stars,outscraper
Metropole Suites South Beach,+1 305-672-0009,,,25.7761572,-80.1323688,33139,4.3,1572,Hotel,4 stars,outscraper
Hampton Inn & Suites by Hilton Miami Airport South Blue Lagoon,+1 305-262-5400,,,25.779042,-80.2880457,33126,4.4,1967,Hotel,3 stars,outscraper
Hotel Miami Springs inn,+1 305-381-0743,,,25.808771399999998,-80.2724862,33166,3.0,333,Hotel,1 stars,outscraper
Miami River Inn,+1 786-834-4604,,,25.7721169,-80.2017552,33130,4.0,918,Hotel,3 stars,outscraper
Miami International Apartments by Lowkl,+1 786-373-6701,,,25.7814917,-80.1313778,33139,3.9,1046,Hotel,3 stars,outscraper
Hilton Garden Inn Miami Brickell South,+1 305-854-2070,,,25.7509858,-80.2034722,33129,3.9,1563,Hotel,3 stars,outscraper
Holiday Inn Express & Suites Miami - Hialeah by IHG,+1 305-362-7777,,,25.8829188,-80.3249348,33016,3.9,1405,Hotel,3 stars,outscraper
La Quinta Inn & Suites by Wyndham Miami Lakes,+1 305-821-8274,,,25.9140382,-80.3293419,33016,3.5,1150,Hotel,2 stars,outscraper
Best Western Plus Miami Executive Airport Hotel & Suites,+1 305-969-1600,,,25.6397096,-80.4204445,33186,4.2,1424,Hotel,None,outscraper
Sheraton Miami Airport Hotel & Executive Meeting Center,+1 305-871-3800,,,25.7944715,-80.2597229,33142,3.9,5150,Hotel,None,outscraper
Moxy Miami Wynwood,+1 786-885-2670,,,25.8008842,-80.20045189999999,33127,4.1,297,Hotel,None,outscraper
Lincoln Arms Suites,+1 786-541-2125,,,25.794054799999998,-80.1311439,33139,4.5,683,Hotel,None,outscraper
2 Bedroom House in the Heart of Miami + Parking,None,,,25.7575626,-80.231781,33145,4.95,128.0,House,None,outscraper
Charming Studio with shared Patio,None,,,25.761221,-80.2564621,33134,4.5628,175.0,Apartment,None,outscraper
Miami's Cozy Tropical Getaway,None,,,25.7428322,-80.247818,33133,4.8,92.0,Cottage,None,outscraper
Charming 2 bed/2 bath apt w/patio & parking,None,,,25.7614594,-80.2549744,33135,4.4473686,95.0,Apartment,None,outscraper
Luxury Miami! Managed by BNR Vacation Rentals,None,,,25.6986904,-80.2821503,33143,4.9444447,36.0,Apartment,None,outscraper
Center Miami Designer Home 3 BR sleeps 9,None,,,25.7576637,-80.2367783,33145,4.4,4.0,Cottage,None,outscraper
SF Beautiful Blue & Gold Studio with Ocean View,None,,,25.726795199999998,-80.2407685,33133,4.8616896,1006.0,Apartment,None,outscraper
Little Mykon – Cozy Duplex Unit Near Miami Spots,None,,,25.7634506,-80.2650833,33134,4.7093215,118.0,House,None,outscraper
"Lush tropical big home close to Airport, Calle 8, Coral Gables and lots more Miami amenities - Three-Bedroom House",None,,,25.756380099999998,-80.23542789999999,33145,4.4055552,27.0,Cottage,None,outscraper
"Cozy home, centrally located!",None,,,25.7704105,-80.2496185,33135,5.0,13.0,House,None,outscraper
I. Historic Home Key West style in Coconut Grove Yellow House,None,,,25.725089999999998,-80.25073239999999,33133,4.835714,56.0,House,None,outscraper
Historic Key West Style Home In South Coconut Grove Blue House,None,,,25.7224903,-80.24646,33133,4.874713,87.0,Cottage,None,outscraper
Location! New listing freshly designed. Huge yard!,None,,,25.703098299999997,-80.29599759999999,33143,4.946896,87.0,House,None,outscraper
Chic House near the Grove,None,,,25.744926399999997,-80.2423172,33133,5.0,2.0,House,None,outscraper
Palace at the Gables,None,,,25.7285652,-80.2581177,33133,5.0,4.0,Cottage,None,outscraper
"Renovated 4 Bedroom home, tastefully designed!",None,,,25.747501399999997,-80.2351379,33145,5.0,49.0,Cottage,None,outscraper
Cozy Modern Home with an Oasis,None,,,25.7453918,-80.24893949999999,33145,5.0,16.0,House,None,outscraper
FIFA Perfect | Deco Delight: Central Hub,None,,,25.7489261,-80.24973299999999,33145,4.881013,79.0,Cottage,None,outscraper
"Trendy 2 bedrooms 2 bathrooms Apt, Sleeps 5, Split King Bed, Free Parking, Pet OK",None,,,25.748535099999998,-80.2464981,33145,4.9,785.0,Apartment,None,outscraper
"Fully renovated 2-bedroom house in Coral Gables with AC, WiFi",None,,,25.7681808,-80.2709503,33134,5.0,7.0,House,None,outscraper
"Beautiful And Comfortable Home and studios - Relaxing Studio with Patio, 1 King bed, non smoking (no pool access)",None,,,25.76717,-80.2827301,33134,5.0,6.0,House,None,outscraper
Roami at Grove 27,None,,,25.755691499999998,-80.238739,33145,4.2,507.0,Apartment,None,outscraper
Lush & Spacious Tropical Retreat in Coconut Grove,None,,,25.734140399999998,-80.2389831,33133,4.9006286,191.0,House,None,outscraper
Modern Apartment by Coral Gables. 4mi Airport. 10mi Beach!,None,,,25.766729299999998,-80.2874832,33134,4.5,4.0,House,None,outscraper
Roami at Grove 27,None,,,25.755704899999998,-80.2387085,33145,5.0,8.0,House,None,outscraper
Roami at Grove 27 | 15 Min to Beach | 3BR,None,,,25.755683899999998,-80.2387085,33145,4.7297754,178.0,Apartment,None,outscraper
Roami at Grove 27 | Group Friendly | 4BR - 2 units,None,,,25.755683899999998,-80.2387009,33145,4.7799997,15.0,Apartment,None,outscraper
FIFA Perfect | Villa Palma: Heart of Miami | 5 min to Miracle Mile,None,,,25.759097999999998,-80.2644119,33134,4.7,24.0,House,None,outscraper
1bed/1bath apt w/ parking & patio great location !,None,,,25.761499399999998,-80.25499719999999,33135,4.714384,73.0,Apartment,None,outscraper
Mid-Century Modern Oasis,None,,,25.7265587,-80.2912674,33155,4.586364,77.0,House,None,outscraper
Renovated Key West 2/2 Cottage in Coconut Grove,None,,,25.729440699999998,-80.24587249999999,33133,4.8568606,688.0,Bungalow,None,outscraper
5 mins to Coral Gables/ Parking/ Fast Wi-Fi/ Laundry,None,,,25.7481556,-80.29060369999999,33155,4.6,48.0,Apartment,None,outscraper
Modern and Comfort Stay in Prime Location,None,,,25.7534657,-80.2265549,33145,2.5,2.0,Apartment,None,outscraper
Coconut Grove Area | Avocado Tree + BBQ | Sleeps 8,None,,,25.744442,-80.24086,33133,4.95,52.0,House,None,outscraper
Great neighborhood! Close to UM and Shopping,None,,,25.6986943,-80.2821503,33143,5.0,68.0,Villa,None,outscraper
Quintessential Coconut Grove Spanish House Hosting Up to 6,None,,,25.739729,-80.2246322,33133,4.8288465,52.0,House,None,outscraper
Cozy 1 bedroom unit located in a Condo /Hotel in the heart of Coconut Grove-Free Parking,None,,,25.7251796,-80.2413025,33133,4.7,14.0,Apartment,None,outscraper
SF Ocean View 2BD/2Bth @ Hotel IN Coconut Grove,None,,,25.727304399999998,-80.24005129999999,33133,4.831025,361.0,Apartment,None,outscraper
Beautiful Chic Home Near Coconut Grove & Brickell,None,,,25.7427559,-80.250061,33133,5.0,14.0,Cottage,None,outscraper
3BDR Modern/Top Location/Terrace/10min Airport and Coral Gables,None,,,25.7730294,-80.27339169999999,33126,5.0,8.0,Cottage,None,outscraper
Gated Miami Luxury Oasis Pool & BBQ 4 Bed 4 Bath,None,,,25.7421589,-80.2224884,33133,4.9,65.0,House,None,outscraper
Tropical Grove Bay 1/1 | Newly Renovated Escape,None,,,25.7294502,-80.2456818,33133,4.9103446,145.0,House,None,outscraper
Coconut Grove 2/2.5 Apartment: Amazing Views Includes Parking,None,,,25.7291851,-80.2372513,33133,4.91,11.0,Apartment,None,outscraper
Casa Coral with Pool & Charcoal BBQ area,None,,,25.754365999999997,-80.2528229,33145,4.4,16.0,House,None,outscraper
Tropical Cottage in Prime Airport Area,None,,,25.772913,-80.2970429,33126,4.0,66.0,Apartment,None,outscraper
Casa Coral with Pool Charcoal BBQ area - Three-Bedroom House,None,,,25.754369699999998,-80.2528229,33145,,,House,None,outscraper
Casa Coco: Private Designer Home Pool / Close to Brickell & Coconut Grove,None,,,25.7421494,-80.2299195,33133,4.5,24.0,Cottage,None,outscraper
Stylish Stay Close to UM City Vibes - Two-Bedroom House,None,,,25.742439299999997,-80.24384309999999,33133,4.7,8.0,House,None,outscraper
"Bright, warm, and cozy home in the heart of Miami. 4 bedrooms/4 bathrooms.",None,,,25.7402554,-80.2486115,33133,4.6,28.0,House,None,outscraper
Sol Miami 1 with free parking on premises,None,,,25.737709,-80.2538223,33133,4.4734373,64.0,Apartment,None,outscraper
"Casa la Miami, Centrally Located w/ Pool & Gym",None,,,25.7536354,-80.22435,33145,4.9,22.0,Villa,None,outscraper
"Coconut Grove Charm, City Convenience | Roami at Grove 27",None,,,25.7557202,-80.2386932,33145,4.984348,23.0,Apartment,None,outscraper
Dream House near Coral Gables & Coconut Grove,None,,,25.756177899999997,-80.2424545,33145,4.0,2.0,Cottage,None,outscraper
Lush 2BR Tropical Escape in Vibrant Coconut Grove,None,,,25.73559,-80.24269869999999,33133,4.9714284,35.0,House,None,outscraper
The Coconut Grove Hideaway,None,,,25.731668499999998,-80.25205989999999,33133,4.5,1.0,Cottage,None,outscraper
Grove Central 3Br+Den house. Yard w/BBQ. 5 mi Beach.,None,,,25.741146099999998,-80.2393646,33133,4.899071,323.0,House,None,outscraper
"My Time Boat House, Coconut Grove Miami",None,,,25.7329617,-80.2306213,33133,5.0,2.0,House,None,outscraper
iCoconutGrove - Luxurious Vacation Rentals in Coconut Grove - Beautiful City View Room in Coconut Grove (No Balcony or Kitchen),None,,,25.7273502,-80.240509,33133,5.0,8.0,House,None,outscraper
Vuelonet Travel Inc.,+1 754-216-3364,,,25.752639799999997,-80.2581721,33134,4.3,40.0,Travel agency,None,outscraper
Fonte Vacation Rentals - Brickell,+1 786-907-2502,,,25.768662499999998,-80.188727,33131,4.0,1.0,Hotel,None,outscraper
Miami Vacations Corporate Rentals,+1 305-661-3775,,,25.7485675,-80.2541866,33145,2.3,3.0,Furnished apartment building,None,outscraper
Coldwell Banker Realty,+1 305-667-4815,,,25.734001799999998,-80.2590085,33146,4.8,22.0,Real estate agency,None,outscraper
Dharma Home Suites Red Road Commons,+1 833-693-4276,,,25.7095664,-80.2860753,33143,4.4,30.0,Extended stay hotel,None,outscraper
Para Travel Corp,+1 305-501-5050,,,25.764606,-80.26731199999999,33134,4.5,105.0,Travel agency,None,outscraper
"Intimate Casita Mia minutes away from Airport, Calle 8, Brickell, Coral Gables, The beach and more!",None,,,25.7563896,-80.2354355,33145,4.35,29.0,Vacation Rental,None,outscraper
Charming two Bedroom in the Gables For Rent - Two-Bedroom House,None,,,25.7611198,-80.2695236,33134,,,House,None,outscraper
MIA Luxe Properties,+1 305-333-7798,,,25.727352,-80.240512,33133,3.8,5.0,Vacation home rental agency,4 stars,outscraper
Icon Residences by SS Vacation Rentals,None,,,25.768885599999997,-80.189617,33131,3.9,228.0,Vacation home rental agency,None,outscraper
"Portfolio Real Estate Group, Inc",+1 786-301-2949,,,25.728306,-80.26003879999999,33133,5.0,9.0,Real estate agency,None,outscraper
Ernesto Motel,+1 561-314-8455,,,25.771900799999997,-80.2615211,33134,3.5,168.0,Motel,None,outscraper
Amazing 3-bedroom modern home in Coral Gables area,None,,,25.7650948,-80.2731247,33134,,,Vacation Rental,None,outscraper
TrioHaven Property Management,+1 305-481-9522,,,25.754280599999998,-80.2590518,33134,5.0,1.0,Property management company,None,outscraper
CityView Balcony Pool Hottub. Wi-Fi. Full Kitchen,None,,,25.727350299999998,-80.2405014,33133,5.0,5.0,Apartment,None,outscraper
Historic Little Havana Oasis — Steps from Calle 8,None,,,25.7629147,-80.2261963,33135,4.8,538.0,House,None,outscraper
Beautiful Blue Gold Studio with Ocean View,None,,,25.726789399999998,-80.24076079999999,33133,4.8,5.0,Apartment,None,outscraper
Bayview Condo in Heart of Miami's Coconut Grove,None,,,25.7254696,-80.24038689999999,33133,4.9933944,218.0,Apartment,None,outscraper
Chic-Miami GoodVibesOnly – Mins to Brickell & Beaches,None,,,25.753707799999997,-80.22845459999999,33145,5.0,2.0,Cottage,None,outscraper
Casitas at Coconut Grove,None,,,25.7409115,-80.2397537,33133,5.0,3.0,Apartment,None,outscraper
Fabulous comfortable house in the heart of Miami.,None,,,25.785575899999998,-80.2572327,33126,,,Cottage,None,outscraper
Fully equipped Apt w/ parking near Cocowalk!,None,,,25.7420998,-80.2337036,33133,4.1746373,69.0,Apartment,None,outscraper
Private Cozy studio apartment,None,,,25.7672901,-80.277298,33134,4.6,62.0,Apartment,None,outscraper
Miami Magic,None,,,25.7330322,-80.2487488,33133,4.894336,113.0,Cottage,None,outscraper
Cozy Corner - Double Room with Private Bathroom,None,,,25.7660809,-80.2623977,33134,4.65,4.0,Vacation Rental,None,outscraper
Best location in Coconut Grove,None,,,25.7343159,-80.23768609999999,33133,4.75,2.0,Apartment,None,outscraper
FIFA 2026 Miami Escape + Free Parking,None,,,25.7533855,-80.2437439,33145,5.0,4.0,Cottage,None,outscraper
Renovated 3BR/3 En-Suite BA! Sleeps 8 w/ Gazebo,None,,,25.7442112,-80.2355499,33133,5.0,3.0,Cottage,None,outscraper
THE GROVE 9 10 MIN FROM THE BEACH In the heart of Coconut Grove and CocoWalk,None,,,25.731378499999998,-80.2413483,33133,3.0,6.0,Apartment,None,outscraper
"Sleeps 3, Cozy, Boho Style, in the heart of Miami -free parking",None,,,25.773662599999998,-80.24960329999999,33125,4.9,115.0,Apartment,None,outscraper
Connecting Rooms-Coconut Grove 21st Floor Parking Included,None,,,25.731019999999997,-80.2410202,33133,4.98,25.0,Apartment,None,outscraper
New! Casita Luxury Chic w/Parking Coconut Grove,None,,,25.7401695,-80.2394104,33133,,,House,None,outscraper
"Stylish Miami Home Near Brickell, Beach & Airport",None,,,25.7584305,-80.2219848,33145,4.91,8.0,House,None,outscraper
Stylish Miami Stay Free Parking near Coral Gables and MIA,None,,,25.7561645,-80.24239349999999,33145,5.0,2.0,Apartment,None,outscraper
Cozy 1-bedroom apartment in pleasant Miami with AC,None,,,25.7429733,-80.2443771,33133,,,Lodging,None,outscraper
5BR Spacious Home in Best Miami Location with Private Pool,None,,,25.760251999999998,-80.2394867,33145,,,Lodging,None,outscraper
LOCATION! Apartment in Coconut Grove with parking,None,,,25.734300599999997,-80.2373047,33133,,,Lodging,None,outscraper
"Earth-Toned Escape, Stylish Stay",None,,,25.7710781,-80.2404938,33135,,,Lodging,None,outscraper
LOCATION! Apartment in Coconut Grove with parking - One-Bedroom Apartment,None,,,25.734300599999997,-80.237297,33133,,,Lodging,None,outscraper
La Bella Home,None,,,25.751976,-80.2399978,33145,,,Lodging,None,outscraper
MIA - 4 BDR - 2 BTH - LAUNDRY ROOM - GAMEROOM - BBQ!,None,,,25.781641,-80.2632446,33126,,,Lodging,None,outscraper
Balcony Ocean View ! WiFi - Pool - Gym - Parking - King Studio,None,,,25.7272702,-80.24053959999999,33133,,,Lodging,None,outscraper
Equinox Bryant Park,+1 212-299-0562,,,40.754686,-73.985472,10036,3.9,162,Gym,None,outscraper
Life Time,+1 786-437-4400,,,25.728302199999998,-80.260038,33133,3.8,256,Fitness center,None,outscraper
SWEAT440 Fitness Gables,+1 888-507-9328,,,25.7336441,-80.2617956,33146,4.9,314,Gym,None,outscraper
RZone Fitness Coral Gables | Women's Fitness Studio,+1 786-321-3787,,,25.7478217,-80.2569252,33134,4.9,341,Gym,None,outscraper
Equinox Greenwich Avenue,+1 212-620-0103,,,40.7375937,-74.0019133,10014,3.3,215,Gym,None,outscraper
Equinox High Line,+1 212-367-0863,,,40.7438299,-74.00672469999999,10011,3.7,133,Gym,None,outscraper
Equinox Gramercy,+1 212-320-9870,,,40.7405489,-73.9855549,10010,3.9,109,Gym,None,outscraper
Equinox Wall Street,+1 212-964-6688,,,40.707538299999996,-74.0109028,10005,3.6,137,Gym,None,outscraper
LEGACY,+1 305-240-1096,,,25.7504584,-80.2555241,33134,4.7,77,Gym,None,outscraper
Equinox Rockefeller Center,+1 212-218-8600,,,40.7591792,-73.9780648,10111,4.3,198,Gym,None,outscraper
Equinox Tribeca,+1 212-566-6555,,,40.7141211,-74.00985159999999,10007,3.3,112,Gym,None,outscraper
Method X Fitness Coral Gables,+1 305-299-9666,,,25.748645999999997,-80.26440869999999,33134,4.8,176,Gym,None,outscraper
AIRLAB Fitness Coral Gables,+1 305-396-8548,,,25.7526427,-80.2553133,33134,5.0,36,Fitness center,None,outscraper
Orangetheory Fitness,+1 305-460-6006,,,25.7508029,-80.2609818,33134,4.8,244,Gym,None,outscraper
YouFit Gyms Coral Gables,+1 888-968-3481,,,25.7448393,-80.3104717,33155,4.1,938,Fitness center,None,outscraper
Equinox Coral Gables,+1 786-497-8200,,,25.7318154,-80.2607785,33146,3.6,117,Gym,None,outscraper
Ghost Gym Miami,+1 786-922-0006,,,25.7499398,-80.2426156,33145,4.9,190,Gym,None,outscraper
BÜNDA Coral Gables,+1 305-200-3117,,,25.7505706,-80.255271,33134,4.5,140,Gym,None,outscraper
F45 Training Coral Gables,+1 786-464-9919,,,25.7029976,-80.2907376,33143,4.9,142,Fitness center,None,outscraper
Fyt Personal Training,None,,,40.718740499999996,-73.9897616,10002,4.4,70,Personal trainer,None,outscraper
Push PTS - GYM & Fitness Center,+1 786-286-5648,,,25.7503192,-80.231706,33145,4.9,50,Fitness center,None,outscraper
Iron Bodyfit Coral Gables,+1 786-983-9889,,,25.7586607,-80.2592042,33134,5.0,101,Gym,None,outscraper
TruFusion Coral Gables,+1 305-851-5252,,,25.7513094,-80.2611423,33134,4.6,250,Yoga studio,None,outscraper
Break Free Movement,+1 305-456-8234,,,25.7330383,-80.2582243,33146,4.8,329,Yoga studio,None,outscraper
The Biltmore Hotel Fitness Center,+1 305-913-3102,,,25.740818599999997,-80.2784533,33134,4.3,7,Fitness center,None,outscraper
Old Bull Athletics: 1 on 1 Personal Training and Physical Therapy at Coral Gables,+1 786-615-3583,,,25.755379899999998,-80.25825809999999,33134,5.0,148,Gym,None,outscraper
Miami Iron Gym,+1 786-332-4025,,,25.746488,-80.35041799999999,33165,4.6,326,Gym,None,outscraper
54D Coral Gables,+1 786-817-7008,,,25.732798799999998,-80.25874689999999,33146,4.6,74,Gym,None,outscraper
Club Pilates,+1 305-209-5679,,,25.7499914,-80.2563607,33134,3.9,47,Pilates studio,None,outscraper
Corpolis,+1 786-273-1400,,,25.764267699999998,-80.271596,33134,4.8,32,Fitness center,None,outscraper
54D STEEL Coral Gables,+1 786-817-7008,,,25.7326917,-80.25885579999999,33146,5.0,28,Gym,None,outscraper
Body & Soul Miami,+1 305-441-2348,,,25.7323113,-80.2567936,33146,4.5,66,Gym,None,outscraper
Ignite Fit Training,+1 786-873-6007,,,25.744425,-80.26034059999999,33134,5.0,72,Personal trainer,None,outscraper
SWEAT440 Fitness Coconut Grove,+1 888-507-9328,,,25.729645299999998,-80.2402774,33133,4.9,258,Gym,None,outscraper
Patti and Allan Herbert Wellness Center,+1 305-284-8500,,,25.7159941,-80.2811306,33146,4.6,87,Gym,None,outscraper
Elev8 Pilates,+1 786-452-7688,,,25.761991599999998,-80.2589105,33134,5.0,45,Pilates studio,None,outscraper
The Athletic Compound,+1 305-519-0786,,,25.693528999999998,-80.3242686,33143,5.0,61,Gym,None,outscraper
SWEAT440 Fitness South Miami,+1 888-507-9328,,,25.703670799999998,-80.28779229999999,33143,5.0,202,Gym,None,outscraper
Equinox Bryant Park,+1 212-299-0562,,,40.754686,-73.985472,10036,3.9,162.0,Gym,None,outscraper
RZone Fitness Coral Gables | Women's Fitness Studio,+1 786-321-3787,,,25.7478217,-80.2569252,33134,4.9,341.0,Gym,None,outscraper
Equinox High Line,+1 212-367-0863,,,40.7438299,-74.00672469999999,10011,3.7,133.0,Gym,None,outscraper
Equinox Greenwich Avenue,+1 212-620-0103,,,40.7375937,-74.0019133,10014,3.3,215.0,Gym,None,outscraper
Equinox Wall Street,+1 212-964-6688,,,40.707538299999996,-74.0109028,10005,3.6,137.0,Gym,None,outscraper
LEGACY,+1 305-240-1096,,,25.7504584,-80.2555241,33134,4.7,77.0,Gym,None,outscraper
Equinox Gramercy,+1 212-320-9870,,,40.7405489,-73.9855549,10010,3.9,109.0,Gym,None,outscraper
Equinox Rockefeller Center,+1 212-218-8600,,,40.7591792,-73.9780648,10111,4.3,198.0,Gym,None,outscraper
Life Time,+1 786-437-4400,,,25.728302199999998,-80.260038,33133,3.8,256.0,Fitness center,None,outscraper
Equinox Tribeca,+1 212-566-6555,,,40.7141211,-74.00985159999999,10007,3.3,112.0,Gym,None,outscraper
SWEAT440 Fitness Gables,+1 888-507-9328,,,25.7336441,-80.2617956,33146,4.9,314.0,Gym,None,outscraper
The Biltmore Hotel Fitness Center,+1 305-913-3102,,,25.740818599999997,-80.2784533,33134,4.3,7.0,Fitness center,None,outscraper
Method X Fitness Coral Gables,+1 305-299-9666,,,25.748645999999997,-80.26440869999999,33134,4.8,176.0,Gym,None,outscraper
AIRLAB Fitness Coral Gables,+1 305-396-8548,,,25.7526427,-80.2553133,33134,5.0,36.0,Fitness center,None,outscraper
Equinox Coral Gables,+1 786-497-8200,,,25.7318154,-80.2607785,33146,3.6,117.0,Gym,None,outscraper
Tracy Anderson Method - Coral Gables,+1 786-542-5099,,,25.709761699999998,-80.28197589999999,33146,5.0,4.0,Fitness center,None,outscraper
Ghost Gym Miami,+1 786-922-0006,,,25.7499398,-80.2426156,33145,4.9,190.0,Gym,None,outscraper
Push PTS - GYM & Fitness Center,+1 786-286-5648,,,25.7503192,-80.231706,33145,4.9,50.0,Fitness center,None,outscraper
LA Fitness,+1 305-445-7140,,,25.750450999999998,-80.2497308,33145,2.7,1189.0,Gym,None,outscraper
F45 Training Coral Gables,+1 786-464-9919,,,25.7029976,-80.2907376,33143,4.9,142.0,Fitness center,None,outscraper
Break Free Movement,+1 305-456-8234,,,25.7330383,-80.2582243,33146,4.8,329.0,Yoga studio,None,outscraper
Old Bull Athletics: 1 on 1 Personal Training and Physical Therapy at Coral Gables,+1 786-615-3583,,,25.755379899999998,-80.25825809999999,33134,5.0,148.0,Gym,None,outscraper
54D STEEL Coral Gables,+1 786-817-7008,,,25.7326917,-80.25885579999999,33146,5.0,28.0,Gym,None,outscraper
54D Coral Gables,+1 786-817-7008,,,25.732798799999998,-80.25874689999999,33146,4.6,74.0,Physical fitness program,None,outscraper
Corpolis,+1 786-273-1400,,,25.764267699999998,-80.271596,33134,4.8,32.0,Fitness center,None,outscraper
TruFusion Coral Gables,+1 305-851-5252,,,25.7513094,-80.2611423,33134,4.6,250.0,Yoga studio,None,outscraper
TREMBLE,+1 833-873-6253,,,25.7330383,-80.2582243,33146,4.8,102.0,Pilates studio,None,outscraper
Ignite Fit Training,+1 786-873-6007,,,25.744425,-80.26034059999999,33134,5.0,72.0,Personal trainer,None,outscraper
Patti and Allan Herbert Wellness Center,+1 305-284-8500,,,25.7159941,-80.2811306,33146,4.6,87.0,Wellness center,None,outscraper
Life Spa Coral Gables,+1 786-437-4424,,,25.7282835,-80.26002299999999,33133,4.8,91.0,Spa and health club,None,outscraper
Life Time Work,+1 786-723-6009,,,25.728306,-80.26003879999999,33133,4.8,10.0,Coworking space,None,outscraper
Elev8 Pilates,+1 786-452-7688,,,25.761991599999998,-80.2589105,33134,5.0,45.0,Pilates studio,None,outscraper
[solidcore] Coral Gables,+1 786-305-6513,,,25.745869499999998,-80.2571171,33134,3.5,30.0,Pilates studio,None,outscraper
Club Pilates,+1 305-209-5679,,,25.7499914,-80.2563607,33134,3.9,47.0,Pilates studio,None,outscraper
Glow Pilates Reformer,+1 305-934-1154,,,25.7504234,-80.2615907,33134,4.9,142.0,Pilates studio,None,outscraper
Body Hot Pilates,+1 786-542-3059,,,25.751308899999998,-80.2594835,33134,4.9,454.0,Pilates studio,None,outscraper
City of Coral Gables Adult Activity Center,+1 305-461-6764,,,25.7487505,-80.2555702,33134,4.8,42.0,Senior citizen center,None,outscraper
YouFit Gyms Coral Gables,+1 888-968-3481,,,25.7448393,-80.3104717,33155,4.1,938.0,Fitness center,None,outscraper
Fitness1 Midtown,None,,,25.7422652,-80.257993,33134,,,Fitness center,None,outscraper
Miami Iron Gym,+1 786-332-4025,,,25.746488,-80.35041799999999,33165,4.6,326.0,Gym,None,outscraper
Coral Gables Golf & Country Club Athletic Club,+1 305-722-8779,,,25.753104999999998,-80.2740098,33134,4.3,7.0,Country club,None,outscraper
Conscious Movement Pilates,+1 786-953-7623,,,25.7265248,-80.2634506,33146,4.9,33.0,Pilates studio,None,outscraper
Stretch Zone,+1 786-636-1306,,,25.7430703,-80.2585551,33134,4.8,225.0,Wellness center,None,outscraper
Bodies By Pilates Studio Inc,+1 305-665-6046,,,25.7253574,-80.2627232,33146,5.0,1.0,Fitness center,None,outscraper
Vibronics,+1 305-496-6098,,,25.750358199999997,-80.258361,33134,4.8,18.0,Physical fitness program,None,outscraper
Pure Barre,+1 305-529-0036,,,25.749638299999997,-80.2618265,33134,4.5,76.0,Physical fitness program,None,outscraper
Lamour spa fl,+1 305-992-0630,,,25.755814899999997,-80.2582951,33134,4.8,183.0,Spa,None,outscraper
Mood Wellness Spa,+1 786-327-1713,,,25.749781799999997,-80.2603693,33134,4.2,83.0,Spa,None,outscraper
Pecan's Day Spa,+1 305-284-8636,,,25.748039499999997,-80.265258,33134,4.9,70.0,Day spa,None,outscraper
The Biltmore Spa Miami,+1 305-913-3187,,,25.740872,-80.2786119,33134,3.9,142.0,Spa,None,outscraper
The Spa at Loews Coral Gables,+1 786-772-7715,,,25.744987,-80.257656,33134,4.5,34.0,Day spa,None,outscraper
Spa Bar Miami,+1 305-812-3881,,,25.748632999999998,-80.26435099999999,33134,4.9,89.0,Day spa,None,outscraper
Life Spa Coral Gables,+1 786-437-4424,,,25.7282835,-80.26002299999999,33133,4.8,91.0,Spa and health club,None,outscraper
Classic Vantage Spa & Wellness,+1 786-953-6491,,,25.7539126,-80.25970509999999,33134,4.9,64.0,Day spa,None,outscraper
Serenity Spa Coral Gables,+1 786-800-9595,,,25.747537899999998,-80.25830049999999,33134,4.9,133.0,Massage spa,None,outscraper
Vali Spa Coral Gables,+1 786-292-6120,,,25.755382599999997,-80.2579899,33134,5.0,30.0,Spa,None,outscraper
Afrasense Massage Therapy,+1 754-265-9198,,,25.744150899999998,-80.2602461,33134,4.9,222.0,Massage spa,None,outscraper
Loly Spa Miami,+1 786-659-7859,,,25.7505715,-80.25588479999999,33134,5.0,156.0,Day spa,None,outscraper
Guapas Natural Spa,+1 786-516-1883,,,25.750481999999998,-80.25579719999999,33134,5.0,83.0,Spa and health club,None,outscraper
Golden Asian Massage & Spa,+1 305-569-7188,,,25.7486371,-80.25473989999999,33134,4.6,385.0,Massage spa,None,outscraper
Massage Envy,+1 305-648-7149,,,25.7491722,-80.2598503,33134,4.5,945.0,Massage spa,None,outscraper
Serenity Spa,+1 786-773-5125,,,25.7040392,-80.2861161,33143,4.8,162.0,Massage spa,None,outscraper
Toma Head Spa,+1 813-551-0306,,,25.7505715,-80.25588479999999,33134,5.0,128.0,Spa,None,outscraper
Lauren's Face the Day,+1 305-448-9400,,,25.7533027,-80.26257729999999,33134,5.0,21.0,Day spa,None,outscraper
Plenitude MedSpa,+1 786-400-1615,,,25.750415399999998,-80.26148189999999,33134,5.0,77.0,Medical spa,None,outscraper
The Healing Balm Holistic Wellness Spa,+1 786-657-8698,,,25.744150899999998,-80.2602461,33134,4.8,30.0,Massage therapist,None,outscraper
BodySense - Holistic Wellness Center & Spa,+1 305-854-3100,,,25.7502849,-80.2318655,33145,4.7,345.0,Massage therapist,None,outscraper
In The Clouds SPA Miami,+1 786-760-2569,,,25.7560948,-80.2579401,33134,5.0,33.0,Spa,None,outscraper
Mint Wellness Center,+1 954-203-5361,,,25.751588299999998,-80.2618933,33134,4.0,629.0,Spa,None,outscraper
Swan Spa,+1 305-460-0003,,,25.750518699999997,-80.2390197,33145,4.0,23.0,Spa,None,outscraper
MaRe Head Spa System,+1 305-915-0530,,,25.750481999999998,-80.25579719999999,33134,5.0,39.0,Spa,None,outscraper
Facial Mania Med Spa - Coral Gables,+1 305-376-7261,,,25.734361399999997,-80.2610912,33146,4.7,350.0,Medical spa,None,outscraper
Shangrila Massage Spa,+1 786-569-4118,,,25.7045353,-80.2883743,33143,4.9,104.0,Massage spa,None,outscraper
ISHA Beauty & Wellness Coral Gables - Facials & Body Treatments,+1 305-603-7536,,,25.747477699999997,-80.2553605,33134,4.9,823.0,Facial spa,None,outscraper
ALEXIS LAUREN | Coral Gables,+1 305-686-3393,,,25.7330243,-80.2582293,33146,5.0,492.0,Medical spa,None,outscraper
Head Spa Miami,+1 833-251-0829,,,25.7092556,-80.2816531,33146,4.7,70.0,Spa,None,outscraper
Avant-Garde Salon & Spa,+1 305-442-8136,,,25.7499675,-80.2578541,33134,4.9,1538.0,Beauty salon,None,outscraper
Med Aesthetics Miami,+1 305-356-7402,,,25.7539126,-80.25970509999999,33134,4.8,433.0,Medical spa,None,outscraper
Silver Mirror Facial Bar - Coral Gables,+1 786-988-0520,,,25.745427799999998,-80.2576065,33134,4.8,50.0,Facial spa,None,outscraper
Brenda body massage & spa Miami,+1 512-553-6387,,,25.749108999999997,-80.2598902,33134,4.5,2.0,Massage spa,None,outscraper
The Plump Room,+1 786-590-0209,,,25.7527181,-80.2582317,33134,5.0,192.0,Medical spa,None,outscraper
Liks Beauty and Wellness Spa- Facial and Body Contouring,+1 954-505-0734,,,25.7471303,-80.2618949,33134,4.9,182.0,Skin care clinic,None,outscraper
Very Intelligent Body Advanced Skin Care,+1 786-302-9764,,,25.755382599999997,-80.2579899,33134,5.0,54.0,Spa,None,outscraper
Heavenly Day Spa,+1 305-588-7626,,,25.7518976,-80.258932,33134,4.9,191.0,Massage spa,None,outscraper
Le Petit Spa Corp. - Coral Gables,+1 786-801-1140,,,25.7506389,-80.25533519999999,33134,4.9,133.0,Spa,None,outscraper
Models Dream Spa,+1 786-930-2023,,,25.750481999999998,-80.25579719999999,33134,5.0,25.0,Day spa,None,outscraper
The Tox Coral Gables,+1 305-848-9994,,,25.7334542,-80.2619137,33146,4.9,46.0,Spa,None,outscraper
Natalia Escabias Luxury Spa,+1 786-897-2143,,,25.7496932,-80.2525838,33145,4.9,76.0,Massage spa,None,outscraper
Elements Massage,+1 305-504-8092,,,25.6821888,-80.3135499,33156,4.9,1215.0,Massage therapist,None,outscraper
Skintique Miami,+1 305-569-0612,,,25.733961299999997,-80.2605549,33146,4.8,80.0,Spa,None,outscraper
Buddha Beauty Spa,+1 786-222-2908,,,25.7501489,-80.26055439999999,33134,5.0,9.0,Spa,None,outscraper
My Facial Room,+1 786-383-1599,,,25.7483991,-80.2542453,33145,4.9,101.0,Facial spa,None,outscraper
MOVA By Camila Perez,None,,,25.7522499,-80.2613492,33134,4.8,71.0,Spa,None,outscraper
Paradise Escape Massage Spa,+1 747-298-3834,,,25.750351799999997,-80.2582678,33134,,,Spa,None,outscraper
PRECISE TOUCH SPA,+1 305-815-9108,,,25.763438299999997,-80.284652,33134,5.0,14.0,Massage therapist,None,outscraper
Nails & Pearls Spa,+1 786-501-0283,,,25.7537365,-80.258436,33134,4.9,132.0,Nail salon,None,outscraper
Massage & Oriental Spa,+1 786-238-7948,,,25.7506648,-80.2351417,33145,4.5,144.0,Massage spa,None,outscraper
JB Beauty Lounge,+1 786-956-1011,,,25.751695899999998,-80.26042369999999,33134,5.0,126.0,Massage therapist,None,outscraper
Lure Hair & Beauty Spa,+1 786-631-3654,,,25.747186,-80.261343,33134,4.9,17.0,Spa and health club,None,outscraper
Medilight Aesthetic Clinic - Coral Gables,+1 786-413-0785,,,25.746866699999998,-80.2588033,33134,4.9,148.0,Medical spa,None,outscraper
Venetian Nail Spa Coral Way,+1 786-599-1217,,,25.7501817,-80.24958409999999,33145,3.2,404.0,Beauty salon,None,outscraper
Meraki spa & Wellness,+1 786-537-9219,,,25.748632999999998,-80.26435099999999,33134,5.0,6.0,Massage therapist,None,outscraper
Miabella Wellness & Spa,+1 786-479-6552,,,25.7484383,-80.3148983,33155,5.0,23.0,Massage spa,None,outscraper
The Spa at Equinox Coral Gables,+1 786-857-5483,,,25.7318663,-80.260595,33146,,,Spa,None,outscraper
Contour Spa Coral Gables,+1 407-492-7499,,,25.750481999999998,-80.25579719999999,33134,5.0,19.0,Wellness center,None,outscraper
Body Remedy Miami,+1 305-846-7596,,,25.7264444,-80.26333129999999,33146,4.9,325.0,Massage therapist,None,outscraper
Afrasense Massage Therapy,+1 754-265-9198,,,25.744150899999998,-80.2602461,33134,4.9,222.0,Massage spa,None,outscraper
Serenity Spa Coral Gables,+1 786-800-9595,,,25.747537899999998,-80.25830049999999,33134,4.9,133.0,Massage spa,None,outscraper
The Healing Balm Holistic Wellness Spa,+1 786-657-8698,,,25.744150899999998,-80.2602461,33134,4.8,30.0,Massage therapist,None,outscraper
Massage Envy,+1 305-648-7149,,,25.7491722,-80.2598503,33134,4.5,945.0,Massage spa,None,outscraper
Rm Physio miami,+1 786-587-4481,,,25.744150899999998,-80.2602461,33134,5.0,223.0,Sports massage therapist,None,outscraper
Golden Asian Massage & Spa,+1 305-569-7188,,,25.7486371,-80.25473989999999,33134,4.6,385.0,Massage spa,None,outscraper
spacebody,+1 305-684-3447,,,25.7279998,-80.2602869,33133,5.0,27.0,Massage therapist,None,outscraper
Meraki spa & Wellness,+1 786-537-9219,,,25.748632999999998,-80.26435099999999,33134,5.0,6.0,Massage therapist,None,outscraper
MOVA By Camila Perez,None,,,25.7522499,-80.2613492,33134,4.8,71.0,Spa,None,outscraper
Lamour spa fl,+1 305-992-0630,,,25.755814899999997,-80.2582951,33134,4.8,183.0,Spa,None,outscraper
Classic Vantage Spa & Wellness,+1 786-953-6491,,,25.7539126,-80.25970509999999,33134,4.9,64.0,Day spa,None,outscraper
PRECISE TOUCH SPA,+1 305-815-9108,,,25.763438299999997,-80.284652,33134,5.0,14.0,Massage therapist,None,outscraper
Massage Envy,+1 305-662-2622,,,25.7048466,-80.2852805,33143,4.7,993.0,Massage spa,None,outscraper
B.E Therapy,+1 786-357-7891,,,25.755382599999997,-80.2579899,33134,4.4,13.0,Massage spa,None,outscraper
BodySense - Holistic Wellness Center & Spa,+1 305-854-3100,,,25.7502849,-80.2318655,33145,4.7,345.0,Massage therapist,None,outscraper
Massage & Oriental Spa,+1 786-238-7948,,,25.7506648,-80.2351417,33145,4.5,144.0,Massage spa,None,outscraper
Shangrila Massage Spa,+1 786-569-4118,,,25.7045353,-80.2883743,33143,4.9,104.0,Massage spa,None,outscraper
Pecan's Day Spa,+1 305-284-8636,,,25.748039499999997,-80.265258,33134,4.9,70.0,Day spa,None,outscraper
Head Spa Miami,+1 833-251-0829,,,25.7092556,-80.2816531,33146,4.7,70.0,Spa,None,outscraper
Life Spa Coral Gables,+1 786-437-4424,,,25.7282835,-80.26002299999999,33133,4.8,91.0,Spa and health club,None,outscraper
Plenitude MedSpa,+1 786-400-1615,,,25.750415399999998,-80.26148189999999,33134,5.0,77.0,Medical spa,None,outscraper
Heavenly Day Spa,+1 305-588-7626,,,25.7518976,-80.258932,33134,4.9,191.0,Massage spa,None,outscraper
Oriental New spa Inc,+1 786-860-5894,,,25.764506899999997,-80.2575979,33134,5.0,4.0,Massage spa,None,outscraper
Loly Spa Miami,+1 786-659-7859,,,25.7505715,-80.25588479999999,33134,5.0,156.0,Day spa,None,outscraper
DBC Therapy Massage,+1 786-568-1948,,,25.7648182,-80.259314,33134,5.0,1.0,Massage therapist,None,outscraper
Brenda body massage & spa Miami,+1 512-553-6387,,,25.749108999999997,-80.2598902,33134,4.5,2.0,Massage spa,None,outscraper
Mood Wellness Spa,+1 786-327-1713,,,25.749781799999997,-80.2603693,33134,4.2,83.0,Spa,None,outscraper
MOVA By Camila Perez,None,,,40.740882899999995,-73.99251819999999,10010,4.8,74.0,Spa,None,outscraper
Bodywork by Bina - Miami,+1 213-709-4042,,,25.744150899999998,-80.2602461,33134,4.0,32.0,Massage therapist,None,outscraper
Le Masseur Services,+1 786-510-9144,,,25.7505715,-80.25588479999999,33134,5.0,15.0,Massage therapist,None,outscraper
Oriental Massage,+1 786-360-5887,,,25.7491184,-80.23789339999999,33145,4.7,469.0,Massage spa,None,outscraper
Alejandro León Body Therapy,+1 786-450-1444,,,25.7648182,-80.259314,33134,5.0,6.0,Massage spa,None,outscraper
Mary massage therapy,None,,,25.7092556,-80.2816531,33146,,,Spa,None,outscraper
Paradise Escape Massage Spa,+1 747-298-3834,,,25.750351799999997,-80.2582678,33134,,,Spa,None,outscraper
Massage Therapy of South Fl,+1 305-569-0888,,,25.771843,-80.26656489999999,33134,4.0,1.0,Massage therapist,None,outscraper
ALEXIS LAUREN | Coral Gables,+1 305-686-3393,,,25.7330243,-80.2582293,33146,5.0,492.0,Medical spa,None,outscraper
Liz Martin Massage,+1 786-681-0616,,,25.7513807,-80.2584238,33134,,,Massage therapist,None,outscraper
Toma Head Spa,+1 813-551-0306,,,25.7505715,-80.25588479999999,33134,5.0,128.0,Spa,None,outscraper
Elements Massage,+1 305-504-8092,,,25.6821888,-80.3135499,33156,4.9,1215.0,Massage therapist,None,outscraper
Massage Nicevibe (Coral Gables),+1 786-438-2554,,,25.7540054,-80.2878963,33155,5.0,4.0,Sports massage therapist,None,outscraper
Ocean Sun Spa -Facials & Skin Rejuvenation,+1 305-981-6153,,,25.747722,-80.25473989999999,33134,5.0,29.0,Facial spa,None,outscraper
Massage by Ari,+1 786-542-5006,,,25.7236585,-80.3164596,33155,4.9,290.0,Massage therapist,None,outscraper
In The Clouds SPA Miami,+1 786-760-2569,,,25.7560948,-80.2579401,33134,5.0,33.0,Spa,None,outscraper
Hoshino Therapy Centre,+1 305-666-2243,,,25.7254333,-80.2627329,33146,5.0,3.0,Acupuncture clinic,None,outscraper
Gables Optimal Health,+1 305-567-1973,,,25.7513981,-80.25843359999999,33134,5.0,15.0,Alternative medicine practitioner,None,outscraper
Guapas Natural Spa,+1 786-516-1883,,,25.750481999999998,-80.25579719999999,33134,5.0,83.0,Spa and health club,None,outscraper
Lorena's Massage,+1 786-609-1994,,,25.748408899999998,-80.3123671,33155,5.0,37.0,Massage therapist,None,outscraper
"Gyrotonic Coral Gables, An Exercise Spa featuring GYROTONIC® and Feldenkrais®",+1 303-956-5425,,,25.7087875,-80.2821833,33146,4.9,13.0,Wellness center,None,outscraper
Pause Coral Gables,+1 786-661-3461,,,25.745869499999998,-80.2571171,33134,5.0,143.0,Wellness center,None,outscraper
Natalia Escabias Luxury Spa,+1 786-897-2143,,,25.7496932,-80.2525838,33145,4.9,76.0,Massage spa,None,outscraper
The Tox NYC,+1 917-319-9858,,,40.7618891,-73.9610667,10065,4.9,398.0,Spa,None,outscraper
ISHA Beauty & Wellness Coral Gables - Facials & Body Treatments,+1 305-603-7536,,,25.747477699999997,-80.2553605,33134,4.9,823.0,Facial spa,None,outscraper
Facial Mania Med Spa - Coral Gables,+1 305-376-7261,,,25.734361399999997,-80.2610912,33146,4.7,350.0,Medical spa,None,outscraper
Dermal Era Holistic Med Spa,+1 305-707-2134,,,25.7654803,-80.2580042,33134,5.0,165.0,Medical spa,None,outscraper
SKYY BEAUTY & SPA,+1 786-502-7907,,,25.7092556,-80.2816531,33146,5.0,17.0,Spa,None,outscraper
ZEN LIFE HEALTH AND WELLNESS OF CORAL GABLES LLC,+1 786-464-0343,,,25.753322599999997,-80.2590953,33134,5.0,1.0,Health spa,None,outscraper
Hydrology Wellness,+1 305-930-7244,,,25.712883599999998,-80.2783851,33146,4.9,379.0,Wellness center,None,outscraper
Medilight Aesthetic Clinic - Coral Gables,+1 786-413-0785,,,25.746866699999998,-80.2588033,33134,4.9,148.0,Medical spa,None,outscraper
Yoga Joint Coral Gables,+1 786-334-5052,,,25.7526156,-80.25568539999999,33134,4.9,70.0,Yoga studio,None,outscraper
Break Free Movement,+1 305-456-8234,,,25.7330383,-80.2582243,33146,4.8,329.0,Yoga studio,None,outscraper
CorePower Yoga - Coral Gables,+1 833-448-2561,,,25.7448935,-80.2583191,33134,5.0,1.0,Yoga studio,None,outscraper
TruFusion Coral Gables,+1 305-851-5252,,,25.7513094,-80.2611423,33134,4.6,250.0,Yoga studio,None,outscraper
Suvayoga,+1 305-338-7038,,,25.7518708,-80.2583432,33134,5.0,17.0,Yoga studio,None,outscraper
Daily Flows Movement Studio,+1 786-710-3059,,,25.750505399999998,-80.243794,33145,5.0,35.0,Yoga studio,None,outscraper
Casa Vinyasa Miami,+1 786-238-7327,,,25.709183,-80.28236749999999,33146,4.9,179.0,Yoga studio,None,outscraper
Body Hot Pilates,+1 786-542-3059,,,25.751308899999998,-80.2594835,33134,4.9,454.0,Pilates studio,None,outscraper
Glow Pilates Reformer,+1 305-934-1154,,,25.7504234,-80.2615907,33134,4.9,142.0,Pilates studio,None,outscraper
Body & Brain Yoga Tai Chi,+1 305-443-7617,,,25.7550267,-80.25865639999999,33134,4.8,153.0,Yoga studio,None,outscraper
Alma Bella Yoga,+1 305-282-5345,,,25.7441553,-80.2602277,33134,5.0,5.0,Yoga studio,None,outscraper
Lightrail Yoga,+1 786-294-1264,,,25.740793,-80.2586511,33134,5.0,22.0,Yoga studio,None,outscraper
OM Movement,+1 786-452-8428,,,25.7275273,-80.24111839999999,33133,4.9,105.0,Yoga studio,None,outscraper
Conscious Movement Pilates,+1 786-953-7623,,,25.7265248,-80.2634506,33146,4.9,33.0,Pilates studio,None,outscraper
Open Door Yoga,+1 305-204-8319,,,25.7292278,-80.2400308,33133,5.0,94.0,Yoga studio,None,outscraper
Pilates Gaia,+1 786-899-0337,,,25.7476107,-80.2591569,33134,4.7,27.0,Pilates studio,None,outscraper
JETSET Pilates - Merrick Park,+1 305-882-9727,,,25.7336307,-80.2588011,33146,4.9,288.0,Pilates studio,None,outscraper
Elev8 Pilates,+1 786-452-7688,,,25.761991599999998,-80.2589105,33134,5.0,45.0,Pilates studio,None,outscraper
Thrive Yoga Miami,None,,,25.6918445,-80.28514229999999,33143,4.8,76.0,Yoga studio,None,outscraper
Mimi Yoga Coconut Grove,+1 954-790-3807,,,25.735854999999997,-80.2391538,33133,4.5,60.0,Yoga studio,None,outscraper
The Peacemaker,+1 813-786-5477,,,25.693528999999998,-80.3242686,33143,5.0,72.0,Yoga studio,None,outscraper
Mat & Maternity,+1 786-309-5784,,,25.7499395,-80.2630013,33134,5.0,7.0,Yoga studio,None,outscraper
Flying with Air - Yoga & Dance,+1 917-674-5684,,,25.7570464,-80.25917679999999,33134,5.0,585.0,Yoga studio,None,outscraper
Club Pilates,+1 305-209-5679,,,25.7499914,-80.2563607,33134,3.9,47.0,Pilates studio,None,outscraper
TREMBLE,+1 833-873-6253,,,25.7330383,-80.2582243,33146,4.8,102.0,Pilates studio,None,outscraper
ActiveSoul Wellness Studio,+1 786-865-7177,,,25.750446,-80.2160316,33145,4.9,56.0,Pilates studio,None,outscraper
Siddha Yoga Meditation Center,+1 305-446-2020,,,25.750442999999997,-80.2444311,33145,5.0,6.0,Yoga studio,None,outscraper
AIRLAB Fitness Coral Gables,+1 305-396-8548,,,25.7526427,-80.2553133,33134,5.0,36.0,Fitness center,None,outscraper
Live’n Yoga,+1 305-794-6709,,,25.7183708,-80.31202549999999,33155,4.8,22.0,Yoga studio,None,outscraper
Skanda Yoga Studio,+1 786-567-8124,,,25.7580426,-80.1991177,33129,4.9,168.0,Yoga studio,None,outscraper
Flow State Studios,None,,,25.729274699999998,-80.3133239,33155,5.0,25.0,Gym,None,outscraper
Fix King,None,,,25.7428715,-80.2777385,33134,,,Yoga studio,None,outscraper
"Gyrotonic Coral Gables, An Exercise Spa featuring GYROTONIC® and Feldenkrais®",+1 303-956-5425,,,25.7087875,-80.2821833,33146,4.9,13.0,Wellness center,None,outscraper
BE Pilates,+1 305-588-8813,,,25.7465171,-80.2576235,33134,5.0,4.0,Pilates studio,None,outscraper
hot yoga miami,+1 305-856-9922,,,25.750411,-80.2276657,33145,,,Yoga studio,None,outscraper
YogaInTheGrove,+1 929-944-2045,,,25.7314486,-80.2418481,33133,5.0,3.0,Yoga studio,None,outscraper
Fuze House,+1 305-972-9616,,,25.70406,-80.28748449999999,33143,4.8,58.0,Pilates studio,None,outscraper
Life Time,+1 786-437-4400,,,25.728302199999998,-80.260038,33133,3.8,256.0,Yoga studio,None,outscraper
A&D Hair Salon,+1 305-582-4184,,,25.7510846,-80.2227856,33145,5.0,102,Hair salon,None,outscraper
Avant-Garde Salon & Spa,+1 305-442-8136,,,25.7499675,-80.2578541,33134,4.9,1538,Hair salon,None,outscraper
Conde Hair Salon,+1 786-789-2232,,,25.747722,-80.25473989999999,33134,4.9,1136,Hair salon,None,outscraper
MG Hair Studios in Coral Gables. Best Hair Color Salon,+1 305-774-7151,,,25.748054999999997,-80.265025,33134,5.0,325,Hair salon,None,outscraper
Bliss Beautique,+1 786-254-7844,,,25.7515681,-80.2584608,33134,4.9,264,Hair salon,None,outscraper
Madison Reed Hair Color Bar Coral Gables,+1 305-487-8812,,,25.731928399999997,-80.2595853,33146,4.7,345,Hair salon,None,outscraper
Hair House by us,+1 305-607-4385,,,25.753316599999998,-80.26271559999999,33134,4.9,178,Hair salon,None,outscraper
Sol & Style Hair and Beauty Salon,+1 786-767-1324,,,25.756158,-80.25861239999999,33134,4.8,192,Hair salon,None,outscraper
Highlight Salon and Spa,+1 305-448-0707,,,25.753574999999998,-80.259006,33134,5.0,639,Hair salon,None,outscraper
Salons by JC Coral Gables on Miracle Mile,+1 305-209-9384,,,25.750481999999998,-80.25579719999999,33134,4.8,76,Beauty salon,None,outscraper
Quuant Hair Salon,+1 305-460-0097,,,25.7468151,-80.2587796,33134,5.0,101,Hair salon,None,outscraper
Avalon Salon,+1 305-445-2631,,,25.7489563,-80.25649539999999,33134,4.9,326,Hair salon,None,outscraper
Bossa Hair Salon,+1 786-609-6836,,,25.7047459,-80.28522389999999,33143,4.9,538,Beauty salon,None,outscraper
Muse In the Gables,+1 305-446-9696,,,25.7584661,-80.2592975,33134,4.8,54,Beauty salon,None,outscraper
Cosa bella beauty salon and spa,+1 305-444-0063,,,25.7631463,-80.26348329999999,33134,4.9,137,Beauty salon,None,outscraper
Emiliano Breit Salon & Spa,+1 786-899-0923,,,25.7477958,-80.25840629999999,33134,4.9,377,Hair salon,None,outscraper
Joncoiffure Hair Studio,+1 305-607-8942,,,25.748191199999997,-80.258845,33134,4.6,171,Hair salon,None,outscraper
H C Trends,+1 305-447-0189,,,25.7467208,-80.25885869999999,33134,4.8,32,Hair salon,None,outscraper
THE MANE GROUP SALON,+1 305-284-1095,,,25.7096289,-80.2817499,33146,4.9,141,Hair salon,None,outscraper
Henrrystylesalon,+1 305-447-8628,,,25.7632191,-80.2848817,33134,4.8,103,Hair salon,None,outscraper
Smith & Mendoza Salon,+1 305-444-1722,,,25.754049499999997,-80.2550981,33134,4.9,80,Hair salon,None,outscraper
Artisan Beauty Studio and Art Gallery,+1 305-444-0988,,,25.756790199999998,-80.25867769999999,33134,4.9,58,Hair salon,None,outscraper
Portfolio Salon,+1 305-443-0101,,,25.7497813,-80.2603616,33134,4.9,284,Hair salon,None,outscraper
Supercuts,+1 305-834-4943,,,25.7510175,-80.2584639,33134,4.6,804,Hair salon,None,outscraper
Studio Chroma by Andrea Fanan,+1 786-518-2920,,,25.7507312,-80.2576389,33134,4.8,63,Hair salon,None,outscraper
OXIONE BEAUTY & EXTENSIONS,+1 305-967-8452,,,25.7549669,-80.25854,33134,5.0,106,Hair salon,None,outscraper
Isabella Ladera Salón,+1 786-858-9098,,,25.7584624,-80.2587176,33134,4.8,237,Beauty salon,None,outscraper
Cachet Beauty Salon by Ana Vigil,+1 786-237-9149,,,25.7717755,-80.2644043,33134,4.9,105,Hairdresser,None,outscraper
Ramona Reyes Salon,+1 786-237-8804,,,25.7535141,-80.2552949,33134,4.9,112,Hair salon,None,outscraper
Danny Jelaca Salon,+1 305-604-9696,,,25.7341354,-80.2619074,33146,4.8,324,Hair salon,None,outscraper
Sage & Honey Hair Studio,+1 786-706-4428,,,25.7585911,-80.2608236,33134,4.8,34,Hair salon,None,outscraper
J•Nat Hair Studio,+1 786-315-8809,,,25.712870199999998,-80.27836409999999,33146,5.0,69,Hair salon,None,outscraper
Spacagna Italian Hair Design,+1 305-444-2374,,,25.749416999999998,-80.25597499999999,33134,4.9,238,Hair salon,None,outscraper
Adrian Torres Salon,+1 786-520-9169,,,25.7470711,-80.2613425,33134,4.8,166,Hair salon,None,outscraper
Luca Mencarini Beauty Salon,+1 305-461-2443,,,25.745274199999997,-80.2587459,33134,5.0,154,Hair salon,None,outscraper
Alchemy Hair Lab,+1 305-900-4436,,,25.7526244,-80.2612043,33134,4.9,416,Barber shop,None,outscraper
Kreative Trendz Hair Studio,+1 786-200-3508,,,25.712870199999998,-80.27836409999999,33146,4.9,79,Hair salon,None,outscraper
Red Carpet Salon and blowdry bar,+1 305-444-1211,,,25.7507307,-80.2576363,33134,4.9,90,Hair salon,None,outscraper
Hair Color by Rosa,+1 786-463-2469,,,25.7505715,-80.25588479999999,33134,4.6,42,Hair salon,None,outscraper
Bloom Hair Studio,+1 786-452-7608,,,25.758344599999997,-80.25851589999999,33134,4.8,17,Hair salon,None,outscraper
Gabriel Samra Hair Salon,+1 305-774-1449,,,25.7504505,-80.231434,33145,4.8,917,Beauty salon,None,outscraper
Ruben Echeverry by DIVAS HAIR SALÓN,+1 786-979-2269,,,25.753225699999998,-80.2627249,33134,4.9,120,Beauty salon,None,outscraper
Hi Tech Hair Salon,+1 305-448-2909,,,25.7092556,-80.2816531,33146,5.0,10,Beauty salon,None,outscraper
NOVA MAKEUP & HAIR,+1 786-219-9333,,,25.752639799999997,-80.2581721,33134,4.9,132,Hair salon,None,outscraper
231 Salon,+1 786-391-2996,,,25.7506608,-80.25943199999999,33134,4.8,34,Hair salon,None,outscraper
Vicky Tarrio Hair Salon,+1 786-554-4296,,,25.753369199999998,-80.2626997,33134,5.0,19,Hair salon,None,outscraper
Ugo di Roma Salon & Day Spa,+1 305-444-4661,,,25.7292103,-80.2399865,33133,4.9,433,Beauty salon,None,outscraper
Hair Emporium of Miami & Barber Shop,+1 305-381-5902,,,25.708558399999998,-80.2833363,33146,4.7,98,Hair salon,None,outscraper
Dominican Hair Salon,+1 786-973-7755,,,25.7312138,-80.2603584,33146,4.8,159,Hair salon,None,outscraper
The Beauty Space Miami,+1 305-461-0020,,,25.7505715,-80.25588479999999,33134,4.7,153,Hair salon,None,outscraper
Les Papillons Studio,+1 645-200-6884,,,25.751695899999998,-80.26042369999999,33134,5.0,71,Beauty salon,None,outscraper
Mimi's Touch,+1 305-442-4533,,,25.755836799999997,-80.25815949999999,33134,4.8,85,Beauty salon,None,outscraper
Sola Salons,+1 786-858-5764,,,25.7314728,-80.2594438,33146,4.6,30,Hair salon,None,outscraper
Life Spa Coral Gables,+1 786-437-4424,,,25.7282835,-80.26002299999999,33133,4.8,91,Hair salon,None,outscraper
DÉJÁ VU Hair Studio,+1 786-800-0380,,,25.747477999999997,-80.25530599999999,33134,4.7,61,Hair salon,None,outscraper
Cesar Lobo Studio,+1 786-479-9980,,,25.750481999999998,-80.25579719999999,33134,4.6,81,Hair salon,None,outscraper
Blondebarber Barbershop - Coral Gables,+1 786-501-0283,,,25.753702699999998,-80.2584529,33134,5.0,352,Barber shop,None,outscraper
FreeTime Beauty Salon & spa,+1 305-444-6141,,,25.750862299999998,-80.2287494,33145,4.8,272,Hair salon,None,outscraper
Hair by Erick,+1 305-934-9943,,,25.750451599999998,-80.2558131,33134,5.0,25,Hair salon,None,outscraper
Toma Head Spa,+1 813-551-0306,,,25.7505715,-80.25588479999999,33134,5.0,128,Spa,None,outscraper
NOIR Beauty Lounge,+1 305-922-3490,,,25.7511968,-80.2559577,33134,5.0,22,Hair salon,None,outscraper
3’s Company Hair Studio,+1 786-360-5423,,,25.7046939,-80.2846139,33143,5.0,26,Hair salon,None,outscraper
My Salon Suite of Coral Gables,+1 786-708-1658,,,25.755382599999997,-80.2579899,33134,4.4,28,Hair salon,None,outscraper
Phenix Salon Suites,+1 561-360-9748,,,25.748580699999998,-80.2543589,33145,4.5,49,Beauty salon,None,outscraper
YAMI COLOR LAB,+1 305-495-1304,,,25.7313346,-80.2607939,33146,5.0,18,Hair salon,None,outscraper
Mimi Lopez,+1 305-815-5041,,,25.7311686,-80.2576003,33146,5.0,34,Hair salon,None,outscraper
Salon Moncho Moreno,+1 305-448-8222,,,25.751230099999997,-80.25609589999999,33134,4.7,48,Hair salon,None,outscraper
The Pampered Parlor,+1 786-238-7007,,,25.733961299999997,-80.2605549,33146,4.9,66,Hair salon,None,outscraper
GV STUDIO,+1 305-646-8582,,,25.7650248,-80.23802409999999,33135,4.9,115,Hair salon,None,outscraper
CR Beauty Studio LLC,+1 305-444-7443,,,25.7501157,-80.2604022,33134,5.0,134,Hair salon,None,outscraper
Siutse Hair Extensions,+1 305-456-2989,,,25.7502954,-80.2591387,33134,4.9,1101,Hair salon,None,outscraper
StyledxDaniela Hair Studio,+1 786-759-1270,,,25.7315145,-80.2601638,33146,5.0,18,Hair salon,None,outscraper
YS Hair Studio,+1 305-773-5151,,,25.712870199999998,-80.27836409999999,33146,5.0,21,Hair salon,None,outscraper
Gleam Hair Studio,+1 305-667-7008,,,25.7029635,-80.28624169999999,33143,4.9,515,Hair salon,None,outscraper
phūla,+1 786-542-9124,,,25.761845299999997,-80.2588203,33134,5.0,60,Beauty salon,None,outscraper
Gables Salon Spa,+1 786-266-1804,,,25.7642991,-80.2598684,33134,4.8,30,Beauty salon,None,outscraper
Julian Hair Studio,+1 305-374-6988,,,25.750739,-80.2309216,33145,4.7,116,Hairdresser,None,outscraper
ZenHair,+1 305-936-4247,,,25.7501405,-80.26096249999999,33134,3.8,39,Hair salon,None,outscraper
Olazabal Hair & Skin Salon,+1 305-445-9691,,,25.747961999999998,-80.265242,33134,4.6,11,Beauty salon,None,outscraper
Paris Claire Salon,+1 305-448-5514,,,25.749641,-80.26168,33134,4.8,16,Hair salon,None,outscraper
Blo Blow Dry Bar Coral Gables,+1 305-901-5432,,,25.731873999999998,-80.2609899,33146,4.5,403,Hair salon,None,outscraper
Hairtouch By Rafael,+1 917-637-0447,,,25.7501297,-80.2603926,33134,4.5,66,Hair salon,None,outscraper
James styles hair salón,+1 305-588-1645,,,25.7493731,-80.3343773,33155,5.0,501,Hair salon,None,outscraper
DO MY HAIR Salon / Head Spa,+1 786-360-1018,,,25.7507147,-80.21943209999999,33145,4.8,67,Hair salon,None,outscraper
ARYOM Hair Studio,+1 305-333-2146,,,25.731427999999998,-80.2601406,33146,4.5,13,Hair salon,None,outscraper
Shine hair salon and spa,+1 786-439-7121,,,25.7506007,-80.22160889999999,33145,4.8,88,Hair salon,None,outscraper
Aragon Bliss Salon,+1 305-444-7443,,,25.7501157,-80.2604022,33134,4.6,41,Beauty salon,None,outscraper
Collection Hair Studio,+1 786-340-2064,,,25.7448762,-80.2589862,33134,4.7,12,Hair salon,None,outscraper
Forever Young Skin & Hair Spa #3,+1 800-379-6347,,,25.734267,-80.2604604,33146,4.4,608,Hair salon,None,outscraper
Lizmellobeauty,+1 401-573-3988,,,25.7315145,-80.2601638,33146,5.0,13,Hair salon,None,outscraper
Forever Young Skin & Hair Spa #6,+1 800-379-6347,,,25.7496944,-80.2617714,33134,4.6,117,Beauty salon,None,outscraper
MARZ BEAUTY,+1 786-797-3019,,,25.753396,-80.26259619999999,33134,4.9,22,Nail salon,None,outscraper
Beauty Mall Suites Coral Gables,+1 786-610-6255,,,25.7092556,-80.2816531,33146,4.8,18,Beauty salon,None,outscraper
Shinieshears,+1 786-775-7105,,,25.7506097,-80.2594111,33134,4.9,27,Hair salon,None,outscraper
Golden Touch Haircuts & Blowdry,+1 305-284-2330,,,25.717800999999998,-80.2773007,33146,4.2,49,Hair salon,None,outscraper
H2O Salon & Spa,None,,,25.758741999999998,-80.2607908,33134,4.0,1,Beauty salon,None,outscraper
AD Beauty Atelier,+1 786-803-8540,,,25.7518708,-80.2583432,33134,5.0,11,Hair salon,None,outscraper
Nicest Barbers Barbershop,+1 786-203-7668,,,25.753941299999997,-80.25984009999999,33134,5.0,1028,Hair salon,None,outscraper
Colour Parlor,+1 305-480-5404,,,25.7483057,-80.3106528,33155,4.6,163,Hair salon,None,outscraper
Antonello Pasci Organic Salon &Goodies,+1 305-443-7959,,,25.754552399999998,-80.2619629,33134,4.8,18,Beauty salon,None,outscraper
Barber Studio M.I,+1 305-337-9335,,,25.7505798,-80.2558665,33134,5.0,256.0,Barber shop,None,outscraper
Dundun’s - Barber Shop Coral Gables,+1 786-689-5516,,,25.748580699999998,-80.2543589,33145,5.0,408.0,Barber shop,None,outscraper
Nicest Barbers Barbershop,+1 786-203-7668,,,25.753941299999997,-80.25984009999999,33134,5.0,1028.0,Barber shop,None,outscraper
Blondebarber Barbershop - Coral Gables,+1 786-501-0283,,,25.753702699999998,-80.2584529,33134,5.0,352.0,Barber shop,None,outscraper
ManCave for Men - The Plaza Coral Gables Barbershop,+1 786-977-1977,,,25.7443076,-80.2581079,33134,4.9,42.0,Barber shop,None,outscraper
The Well Groomed Gentleman - Barbershop,+1 786-353-2196,,,25.749372299999997,-80.257373,33134,4.7,1581.0,Barber shop,None,outscraper
Elite Barbershop & Salon Lounge,+1 239-579-0229,,,26.648415999999997,-82.00750699999999,33991,4.8,46.0,Barber shop,None,outscraper
Yovany Barber Shop,+1 239-777-6567,,,26.6405042,-81.9994373,33991,4.5,285.0,Barber shop,None,outscraper
Armando Palacios Barber Studio - Coral Gables,+1 786-469-1573,,,25.7504816,-80.23936359999999,33145,5.0,521.0,Barber shop,None,outscraper
A-Man Barbershop,+1 305-282-7081,,,25.750481999999998,-80.25579719999999,33134,5.0,129.0,Barber shop,None,outscraper
The Spot Barbershop - Ponce,+1 786-592-5290,,,25.756900899999998,-80.2590551,33134,4.6,411.0,Barber shop,None,outscraper
The Spot Barbershop - Coral Way,+1 786-592-5199,,,25.750450999999998,-80.2497308,33145,4.7,442.0,Barber shop,None,outscraper
Grind Hard Barbershop,+1 786-506-9831,,,25.748565799999998,-80.2540557,33145,5.0,203.0,Barber shop,None,outscraper
The Men’s Room Barbershop,+1 305-815-5865,,,25.755373199999998,-80.25799289999999,33134,4.9,158.0,Barber shop,None,outscraper
Alchemy Hair Lab,+1 305-900-4436,,,25.7526244,-80.2612043,33134,4.9,416.0,Barber shop,None,outscraper
Yuly Barbershop and Men's Grooming in Coral Gables,+1 786-449-0340,,,25.750481999999998,-80.25579719999999,33134,5.0,64.0,Barber shop,None,outscraper
Next Level Barber Shop,+1 239-347-7992,,,26.6484834,-81.9753487,33991,4.8,128.0,Barber shop,None,outscraper
Edge & Co Barbershop,+1 239-789-3863,,,26.6495273,-81.98523639999999,33991,4.9,73.0,Barber shop,None,outscraper
Masterpiece Barbers Barbershop,+1 786-760-1876,,,25.7505715,-80.25588479999999,33134,5.0,198.0,Barber shop,None,outscraper
OPTIMUS BARBERSHOP,+1 305-606-6081,,,25.7507719,-80.23117769999999,33145,4.6,113.0,Barber shop,None,outscraper
Samicutz,+1 786-970-8623,,,25.755382599999997,-80.2579899,33134,4.9,27.0,Barber shop,None,outscraper
Haircuts by Nicholas,+1 801-448-6451,,,25.7177041,-80.2772674,33146,5.0,8.0,Barber shop,None,outscraper
ManKind Grooming & Services,+1 305-446-2500,,,25.750211699999998,-80.2605892,33134,4.7,205.0,Barber shop,None,outscraper
Hot Heads Barber Shop,+1 305-662-4135,,,25.7116221,-80.2795233,33146,4.9,72.0,Barber shop,None,outscraper
Upper Kutz LLC,+1 305-456-1872,,,25.712448,-80.2779102,33146,4.8,29.0,Barber shop,None,outscraper
Anyelo Barber Shop,+1 239-667-2128,,,25.764391,-80.2729062,33134,5.0,12.0,Barber shop,None,outscraper
Scissorhands Studio,+1 786-718-5975,,,25.753702699999998,-80.2584529,33134,5.0,61.0,Barber shop,None,outscraper
Armando Palacios Barber Studio - Brickell,+1 305-400-1709,,,25.751183599999997,-80.2160001,33145,5.0,943.0,Barber shop,None,outscraper
Iwaki Barber,+1 786-470-9629,,,25.7485675,-80.2541866,33145,5.0,23.0,Barber shop,None,outscraper
El Uniko Barber shop,+1 305-444-4650,,,25.771712899999997,-80.2724513,33134,4.8,160.0,Barber shop,None,outscraper
Rafael’s Barber Shop,+1 305-448-9235,,,25.7530437,-80.2614959,33134,4.8,38.0,Barber shop,None,outscraper
Hair Emporium of Miami & Barber Shop,+1 305-381-5902,,,25.708558399999998,-80.2833363,33146,4.7,98.0,Barber shop,None,outscraper
Fajardo's,+1 305-854-3142,,,25.7507126,-80.2336756,33145,4.7,58.0,Barber shop,None,outscraper
Gentleman’s Grove Barbershop,+1 786-391-4401,,,25.735854999999997,-80.2391538,33133,5.0,334.0,Barber shop,None,outscraper
Golden Touch Haircuts & Blowdry,+1 305-284-2330,,,25.717800999999998,-80.2773007,33146,4.2,49.0,Barber shop,None,outscraper
Fade Masters of Miami,+1 786-615-4005,,,25.727734299999998,-80.2460282,33133,4.7,308.0,Barber shop,None,outscraper
The Spot Barbershop - South Miami,+1 786-625-7810,,,25.6952711,-80.2997647,33143,4.8,532.0,Barber shop,None,outscraper
Barbershop 's Finest,+1 305-280-7308,,,25.749671,-80.248919,33145,4.7,93.0,Barber shop,None,outscraper
Magic's Barbershop,+1 786-600-9772,,,25.7336414,-80.3282467,33155,4.9,159.0,Barber shop,None,outscraper
Thumbs Up Miami Barbershop,+1 305-400-8940,,,25.7679153,-80.2143138,33130,4.6,239.0,Barber shop,None,outscraper
FRESH & FADED BARBERSHOP,+1 305-216-7095,,,25.772551,-80.2382621,33135,4.9,191.0,Barber shop,None,outscraper
Just Faded Barber Shop,+1 786-873-5105,,,25.7719539,-80.22049799999999,33135,4.8,252.0,Barber shop,None,outscraper
ElegantBlendz Barber shop,+1 786-525-5441,,,25.7543553,-80.238607,33145,4.7,87.0,Barber shop,None,outscraper
Supercuts,+1 305-834-4943,,,25.7510175,-80.2584639,33134,4.6,804.0,Barber shop,None,outscraper
Kings Of Thrones Barbershop,+1 305-305-0196,,,25.767840999999997,-80.2142995,33130,4.7,176.0,Barber shop,None,outscraper
Larry's Barber Shop,+1 305-667-2256,,,25.704786,-80.2814902,33143,4.7,96.0,Barber shop,None,outscraper
West Flagler Barber Shop Miami Fl,+1 786-315-7375,,,25.7708193,-80.2811686,33134,4.8,164.0,Barber shop,None,outscraper
Barbershop God is Love,+1 786-560-6692,,,25.7485675,-80.2541866,33145,5.0,36.0,Barber shop,None,outscraper
The Classic Barbershop,+1 305-666-5554,,,25.7056181,-80.29033439999999,33143,4.6,179.0,Barber shop,None,outscraper
J & P Barber Shop,+1 786-656-8974,,,25.7717948,-80.252971,33135,4.8,108.0,Barber shop,None,outscraper
Barber shop by Diego Tovar,+1 786-818-9639,,,25.746519799999998,-80.24714929999999,33145,5.0,30.0,Barber shop,None,outscraper
The original 24th street Barbershop,+1 786-255-9460,,,25.752684499999997,-80.287632,33155,4.6,80.0,Barber shop,None,outscraper
Da spot barbershop llc,+1 305-684-4033,,,25.7743614,-80.2145668,33128,5.0,343.0,Barber shop,None,outscraper
PRESTIGE BARBER SHOP UNISEX,+1 786-280-0960,,,25.764563,-80.2396072,33135,4.9,138.0,Barber shop,None,outscraper
Supercuts,+1 305-224-8864,,,25.7037151,-80.28568349999999,33143,4.7,745.0,Barber shop,None,outscraper
Alonso barbershop,+1 305-303-8130,,,25.7650945,-80.2338037,33135,4.9,95.0,Barber shop,None,outscraper
Evolution barbershop flager,+1 786-569-8544,,,25.770095899999998,-80.3072637,33144,5.0,528.0,Barber shop,None,outscraper
Julio E Barber,+1 786-694-8853,,,25.7507713,-80.23117769999999,33145,5.0,24.0,Barber shop,None,outscraper
Mister BarberShop,+1 305-487-3977,,,25.7339481,-80.3241925,33155,4.8,157.0,Barber shop,None,outscraper
Coronet barber shop,+1 305-907-9057,,,25.7323231,-80.33121349999999,33155,4.9,236.0,Barber shop,None,outscraper
Marianao Barber Shop,+1 786-514-5272,,,25.7712346,-80.27428239999999,33134,4.9,47.0,Barber shop,None,outscraper
The King Barber Shop,+1 305-442-0944,,,25.7646442,-80.2746942,33134,4.5,85.0,Barber shop,None,outscraper
Zona Barbershop,+1 786-747-4959,,,25.772992799999997,-80.22702079999999,33135,4.7,97.0,Barber shop,None,outscraper
La Rosa Barbershop,+1 728-202-8858,,,25.7408322,-80.2539286,33133,5.0,17.0,Barber shop,None,outscraper
Noodles BarberShop,+1 786-563-5889,,,25.7790802,-80.2467614,33125,4.8,50.0,Barber shop,None,outscraper
1 Flagler Barbershop,+1 305-548-9611,,,25.7724242,-80.2274695,33135,4.9,77.0,Barber shop,None,outscraper
Hair House by us,+1 305-607-4385,,,25.753316599999998,-80.26271559999999,33134,4.9,178.0,Hair salon,None,outscraper
Grand Avenue Empire Barbershop,+1 786-534-8661,,,25.727920299999997,-80.2538271,33133,5.0,4.0,Barber shop,None,outscraper
Flores Brothers Barber Shop,+1 786-517-1139,,,25.74841,-80.311853,33155,4.9,211.0,Barber shop,None,outscraper
The factory Barbershop,+1 786-444-2436,,,25.783465999999997,-80.2302052,33125,4.7,87.0,Barber shop,None,outscraper
Energy Barbershop,+1 305-790-0397,,,25.765303,-80.241152,33135,4.9,285.0,Barber shop,None,outscraper
Farandula Barbershop I,+1 305-456-4570,,,25.7629873,-80.298992,33144,4.6,70.0,Barber shop,None,outscraper
Yanior's Barber Shop,+1 305-263-1411,,,25.748449299999997,-80.3128662,33155,4.9,72.0,Barber shop,None,outscraper
Florida Fresh Cuts,+1 305-781-2938,,,25.779137199999997,-80.2606418,33126,5.0,272.0,Barber shop,None,outscraper
Avant-Garde Salon & Spa,+1 305-442-8136,,,25.7499675,-80.2578541,33134,4.9,1538.0,Hair salon,None,outscraper
Grove Batu Barbershop,+1 305-456-2058,,,25.7293989,-80.24034189999999,33133,4.8,130.0,Barber shop,None,outscraper
Havana Men Barber Shop,+1 786-353-2748,,,25.7323955,-80.304475,33155,4.4,132.0,Barber shop,None,outscraper
231 Salon,+1 786-391-2996,,,25.7506608,-80.25943199999999,33134,4.8,34.0,Hair salon,None,outscraper
New York New York Barber Shop,+1 305-264-5588,,,25.770543,-80.28880199999999,33144,4.8,59.0,Barber shop,None,outscraper
Classico barbershop & Salon,+1 786-740-2087,,,25.7720088,-80.22038359999999,33135,4.9,81.0,Barber shop,None,outscraper
Macro Hair Lab,+1 787-646-8332,,,25.748568,-80.254187,33145,4.9,19.0,Barber shop,None,outscraper
SERGITO KOOL CUTS BARBER SHOP.,+1 786-925-4636,,,25.772731699999998,-80.2304916,33135,4.9,175.0,Barber shop,None,outscraper
The Spot Barbershop - Downtown Miami,+1 786-627-4711,,,25.7733472,-80.1898142,33131,4.8,700.0,Barber shop,None,outscraper
Almendares Barbershop,+1 305-527-5971,,,25.7625747,-80.31226269999999,33144,5.0,163.0,Barber shop,None,outscraper
The Corner Barbershop,+1 305-302-3865,,,25.765845,-80.225006,33135,4.7,194.0,Barber shop,None,outscraper
The Spot Barbershop - Dadeland,+1 786-592-5146,,,25.686718,-80.3126844,33156,4.9,596.0,Barber shop,None,outscraper
La Barberia - The Original Cuban Barbershop,+1 305-643-9006,,,25.765535999999997,-80.22090999999999,33135,4.6,134.0,Barber shop,None,outscraper
Roland Barber shop & Beauty Salon,+1 786-277-0432,,,25.779255,-80.27050559999999,33126,4.9,143.0,Barber shop,None,outscraper
Charles Barber Shop,None,,,25.7277956,-80.2544728,33133,4.2,21.0,Barber shop,None,outscraper
LuxuryBarbershop,+1 786-881-1740,,,25.7634582,-80.28462209999999,33134,,,Barber shop,None,outscraper
Tony Touch Hair & Scalp,+1 786-709-0689,,,25.7092556,-80.2816531,33146,5.0,1.0,Barber shop,None,outscraper
ManCave for Men - River Landing Miami Barbershop,+1 305-363-5741,,,25.7851763,-80.22003389999999,33125,4.8,150.0,Barber shop,None,outscraper
Miami Old School Barbershop,+1 786-890-5107,,,25.8029665,-80.1898277,33137,5.0,252.0,Barber shop,None,outscraper
Bloom Hair Studio,+1 786-452-7608,,,25.758344599999997,-80.25851589999999,33134,4.8,17.0,Hair salon,None,outscraper
La Bella Salon,+1 305-444-1412,,,25.749092899999997,-80.2553932,33134,4.8,238.0,Barber shop,None,outscraper
JDCutzzzz,+1 786-295-8951,,,25.7505715,-80.25588479999999,33134,5.0,1.0,Barber shop,None,outscraper
Tavel Barber Shop,+1 786-488-3752,,,25.765687099999997,-80.2135052,33130,4.7,228.0,Barber shop,None,outscraper
Yaribarber,+1 813-836-5504,,,25.764391,-80.2729062,33134,,,Barber shop,None,outscraper
Nails & Pearls Spa,+1 786-501-0283,,,25.7537365,-80.258436,33134,4.9,132.0,Nail salon,None,outscraper
Niki Beauty Bar Coral Gables - Nails & Coffee,+1 786-781-3061,,,25.7495135,-80.2555239,33134,4.8,380.0,Nail salon,None,outscraper
Icon Nails Spa,+1 305-364-5628,,,25.7503763,-80.26187019999999,33134,4.2,206.0,Nail salon,None,outscraper
GLOSS Nail Bar/GLOSS Naturals - Coral Gables,+1 305-569-7700,,,25.7497813,-80.2600209,33134,4.6,464.0,Nail salon,None,outscraper
Barby Nails Spa,+1 305-433-5441,,,25.749086,-80.2591364,33134,4.8,881.0,Nail salon,None,outscraper
My Time Nail Bar,+1 305-332-7305,,,25.748161099999997,-80.2642219,33134,4.2,133.0,Nail salon,None,outscraper
D & M Nails,+1 754-314-7082,,,25.7055385,-80.2838955,33146,4.9,52.0,Nail salon,None,outscraper
Speranza Nails Boutique - Coral Gables,+1 786-593-2969,,,25.750481999999998,-80.25579719999999,33134,4.7,230.0,Nail salon,None,outscraper
Peony Nail Lounge,+1 305-522-8988,,,25.751695899999998,-80.26042369999999,33134,5.0,44.0,Nail salon,None,outscraper
Mi Nail Bar Coral Gables,+1 786-953-6365,,,25.7492546,-80.2565808,33134,4.2,227.0,Nail salon,None,outscraper
NATURAL NAILS BY JABEV,+1 305-939-8717,,,25.7092556,-80.2816531,33146,5.0,33.0,Nail salon,None,outscraper
Morenitas Nails Miami,+1 786-792-4841,,,25.751695899999998,-80.26042369999999,33134,5.0,42.0,Spa,None,outscraper
Nails by Yc,+1 786-869-1842,,,25.751695899999998,-80.26042369999999,33134,5.0,140.0,Nail salon,None,outscraper
Elevated Glamour,+1 305-384-8075,,,25.7497778,-80.2605085,33134,5.0,25.0,Nail salon,None,outscraper
Nails and lashes paradise,+1 786-716-8778,,,25.7498081,-80.2605636,33134,5.0,47.0,Beauty salon,None,outscraper
N0vanailzz,None,,,25.7549669,-80.25854,33134,5.0,24.0,Nail salon,None,outscraper
Crazy For Nails Corp,+1 786-380-2558,,,25.7570809,-80.2585682,33134,5.0,32.0,Nail salon,None,outscraper
Guapa !,+1 786-851-0388,,,25.751695899999998,-80.26042369999999,33134,5.0,36.0,Nail salon,None,outscraper
Nails Del Rosario,+1 786-479-5899,,,25.7500608,-80.2606272,33134,5.0,46.0,Nail salon,None,outscraper
Nails & Style,+1 786-826-8183,,,25.755382599999997,-80.2579899,33134,5.0,17.0,Nail salon,None,outscraper
The Dazzle Nails Boutique,+1 305-962-6090,,,25.7312138,-80.2603584,33146,5.0,31.0,Nail salon,None,outscraper
MANIPEDI Boutique,+1 786-290-1813,,,25.7507278,-80.23400529999999,33145,5.0,46.0,Nail salon,None,outscraper
Sury Nail Art,+1 786-254-7363,,,25.763935399999998,-80.28496229999999,33134,4.9,390.0,Nail salon,None,outscraper
Brilis Nails Studio,+1 786-477-2482,,,25.7092556,-80.2816531,33146,5.0,80.0,Beauty salon,None,outscraper
Venetian Nail Spa Coral Way,+1 786-599-1217,,,25.7501817,-80.24958409999999,33145,3.2,404.0,Nail salon,None,outscraper
Gables Nails Salon,+1 305-529-5800,,,25.754575,-80.25899199999999,33134,3.7,154.0,Nail salon,None,outscraper
Ritzy's Nails,+1 305-562-8336,,,25.7123289,-80.27815009999999,33146,5.0,16.0,Nail salon,None,outscraper
Midas Nails,+1 786-281-9883,,,25.749798799999997,-80.2605049,33134,5.0,76.0,Nail salon,None,outscraper
Ola’s Beauty Room,+1 351-222-3295,,,25.7092556,-80.2816531,33146,5.0,55.0,Nail salon,None,outscraper
Oh Mary Nails,+1 786-982-4755,,,25.748039499999997,-80.265258,33134,5.0,14.0,Nail salon,None,outscraper
Coral Luxury Nail Bar,+1 786-502-8669,,,25.7555452,-80.2591297,33134,4.0,117.0,Nail salon,None,outscraper
Belle nail boutiques,+1 305-456-9723,,,25.7570648,-80.2585914,33134,4.6,100.0,Nail salon,None,outscraper
The Nail Bar,+1 786-452-7484,,,25.7712656,-80.27187719999999,33134,4.1,455.0,Nail salon,None,outscraper
Nailsart by Karla,None,,,25.753574999999998,-80.259006,33134,5.0,52.0,Nail salon,None,outscraper
Living Room Nail Studio,+1 786-708-1405,,,25.712870199999998,-80.27836409999999,33146,5.0,7.0,Nail salon,None,outscraper
Flagler Nails,+1 305-722-0505,,,25.770700899999998,-80.28110889999999,33134,4.5,142.0,Nail salon,None,outscraper
Mina Tu Spa Nails salon in Coral Gables,+1 786-773-8335,,,25.7485675,-80.2541866,33145,4.8,23.0,Nail salon,None,outscraper
Forever Young Skin & Hair Spa #6,+1 800-379-6347,,,25.7496944,-80.2617714,33134,4.6,117.0,Beauty salon,None,outscraper
BNT Nails Salon 1,+1 305-569-7659,,,25.750729,-80.25753499999999,33134,4.3,119.0,Nail salon,None,outscraper
Asian Nails and Spa,+1 786-431-1312,,,25.733690799999998,-80.2604209,33146,3.3,135.0,Nail salon,None,outscraper
K&D Nails,+1 305-224-2994,,,25.742148,-80.2540374,33133,5.0,46.0,Nail salon,None,outscraper
Tribe of X nails,+1 305-894-6692,,,25.753574999999998,-80.259006,33134,5.0,10.0,Nail salon,None,outscraper
Emy’s Secret,+1 786-895-7628,,,25.751695899999998,-80.26042369999999,33134,5.0,35.0,Nail salon,None,outscraper
Lamour spa fl,+1 305-992-0630,,,25.755814899999997,-80.2582951,33134,4.8,183.0,Spa,None,outscraper
Menta y Canela Nail Salon,+1 786-664-1199,,,25.7539476,-80.2553054,33134,4.1,261.0,Nail salon,None,outscraper
Belleza Bliss,+1 786-854-1022,,,25.7497419,-80.249061,33145,5.0,89.0,Nail salon,None,outscraper
Mariposa Nails,+1 786-771-2673,,,25.7505715,-80.25588479999999,33134,5.0,12.0,Nail salon,None,outscraper
Havana Beauty Co.,+1 305-445-2262,,,25.764153099999998,-80.27858959999999,33134,4.7,24.0,Beauty salon,None,outscraper
Slava Nails Studio,+1 754-215-9312,,,25.7563069,-80.25447849999999,33145,4.9,248.0,Beauty salon,None,outscraper
Luxy Nails Bar,+1 786-725-8407,,,25.7478241,-80.2542872,33145,5.0,96.0,Beauty salon,None,outscraper
MARZ BEAUTY,+1 786-797-3019,,,25.753396,-80.26259619999999,33134,4.9,22.0,Nail salon,None,outscraper
KTY Nails,+1 305-490-4233,,,25.748837299999998,-80.3219635,33155,4.9,41.0,Nail salon,None,outscraper
Cosa bella beauty salon and spa,+1 305-444-0063,,,25.7631463,-80.26348329999999,33134,4.9,137.0,Beauty salon,None,outscraper
Vanity Nails,+1 786-425-7715,,,25.7578298,-80.23097159999999,33145,4.5,66.0,Nail salon,None,outscraper
BOHO Nail SPA - South Miami,+1 305-661-5566,,,25.703004999999997,-80.2860508,33143,4.6,100.0,Nail salon,None,outscraper
Brickell Mobile Nails,+1 786-943-3001,,,25.750137799999997,-80.25598049999999,33134,5.0,9.0,Nail salon,None,outscraper
Silvianas European Skin Care & Day Spa,+1 305-442-4431,,,25.729174,-80.24107029999999,33133,4.7,48.0,Nail salon,None,outscraper
Holistic Nails Studio,+1 786-468-4038,,,25.7505715,-80.25588479999999,33134,5.0,3.0,Nail salon,None,outscraper
Artistic Movement,+1 786-461-5760,,,25.7315145,-80.2601638,33146,5.0,17.0,Nail salon,None,outscraper
Bliss Beautique,+1 786-254-7844,,,25.7515681,-80.2584608,33134,4.9,264.0,Beauty salon,None,outscraper
Princess Nails Salon,+1 305-676-4551,,,25.748851199999997,-80.3226861,33155,4.6,297.0,Nail salon,None,outscraper
Lovely Nails,+1 305-567-0272,,,25.764076799999998,-80.2660963,33134,4.6,47.0,Nail salon,None,outscraper
Bloombar Nail Lounge,+1 305-603-7169,,,25.734415499999997,-80.28859039999999,33155,4.6,714.0,Nail salon,None,outscraper
Avant-Garde Salon & Spa,+1 305-442-8136,,,25.7499675,-80.2578541,33134,4.9,1538.0,Beauty salon,None,outscraper
Isabella Ladera Salón,+1 786-858-9098,,,25.7584624,-80.2587176,33134,4.8,237.0,Beauty salon,None,outscraper
Princess and queen nails spa,+1 786-444-1788,,,25.750481999999998,-80.25579719999999,33134,3.0,4.0,Nail salon,None,outscraper
Karlyklawzz nail studio,+1 786-532-0345,,,25.712870199999998,-80.27836409999999,33146,5.0,3.0,Nail salon,None,outscraper
MC BEAUTY NAILS,+1 786-468-3364,,,25.7493633,-80.3327669,33155,5.0,84.0,Nail salon,None,outscraper
Life Spa Coral Gables,+1 786-437-4424,,,25.7282835,-80.26002299999999,33133,4.8,91.0,Nail salon,None,outscraper
KMB Glam Studio,+1 786-832-7371,,,25.7585888,-80.2608223,33134,5.0,5.0,Nail salon,None,outscraper
Naturally Polish'D,+1 786-831-0757,,,25.753574999999998,-80.259006,33134,4.6,20.0,Nail salon,None,outscraper
Le Petit Spa Corp. - Coral Gables,+1 786-801-1140,,,25.7506389,-80.25533519999999,33134,4.9,133.0,Spa,None,outscraper
CR Beauty Studio LLC,+1 305-444-7443,,,25.7501157,-80.2604022,33134,5.0,134.0,Nail salon,None,outscraper
Sip and Polish Nail Bar,+1 786-858-1580,,,25.733514399999997,-80.3311769,33155,4.9,104.0,Nail salon,None,outscraper
Love Nail Salon - South Miami,+1 305-458-1260,,,25.701555199999998,-80.2924821,33143,4.7,463.0,Nail salon,None,outscraper
Mila Beauty Salon,+1 786-389-0720,,,25.7640204,-80.2786691,33134,4.9,94.0,Nail salon,None,outscraper
Miluxe2Nailz,+1 786-909-7292,,,25.749798799999997,-80.2605049,33134,5.0,4.0,Nail salon,None,outscraper
T T Nails,+1 305-642-1533,,,25.772282,-80.256306,33134,4.0,302.0,Nail salon,None,outscraper
Nails Oriental,+1 305-260-2347,,,25.7485338,-80.31487299999999,33155,4.7,72.0,Nail salon,None,outscraper
Nine Senses Spa,+1 305-812-7636,,,25.7039448,-80.2860725,33143,5.0,110.0,Nail salon,None,outscraper
Miry's Nails Salon,+1 305-490-2187,,,25.756117999999997,-80.25743469999999,33134,5.0,10.0,Nail salon,None,outscraper
Apple Nails,+1 786-238-5155,,,25.7683187,-80.2744778,33134,,,Nail salon,None,outscraper
Aragon Bliss Salon,+1 305-444-7443,,,25.7501157,-80.2604022,33134,4.6,41.0,Nail salon,None,outscraper
RC Beauty Nails by Ruth,+1 305-338-3291,,,25.7092556,-80.2816531,33146,5.0,5.0,Nail salon,None,outscraper
Vn Nails,+1 305-858-6949,,,25.7501075,-80.2372736,33145,3.8,69.0,Beauty salon,None,outscraper
Highlight Salon and Spa,+1 305-448-0707,,,25.753574999999998,-80.259006,33134,5.0,639.0,Hair salon,None,outscraper
Emporium Unisex Salon BEST NAIL SALON IN MIAMI,+1 786-800-9990,,,25.763923,-80.282159,33134,4.8,36.0,Nail salon,None,outscraper
Q's studios,+1 786-359-4006,,,25.7035666,-80.2850385,33143,4.7,302.0,Nail salon,None,outscraper
Ana K Studios,+1 754-232-9630,,,25.7315145,-80.2601638,33146,5.0,5.0,Nail salon,None,outscraper
H C Trends,+1 305-447-0189,,,25.7467208,-80.25885869999999,33134,4.8,32.0,Beauty salon,None,outscraper
Emiliano Breit Salon & Spa,+1 786-899-0923,,,25.7477958,-80.25840629999999,33134,4.9,377.0,Hair salon,None,outscraper
Salons by JC Coral Gables on Miracle Mile,+1 305-209-9384,,,25.750481999999998,-80.25579719999999,33134,4.8,76.0,Beauty salon,None,outscraper
Neat Waxing,+1 305-442-9195,,,25.7500595,-80.26057759999999,33134,4.9,160.0,Nail salon,None,outscraper
Mimi's Touch,+1 305-442-4533,,,25.755836799999997,-80.25815949999999,33134,4.8,85.0,Beauty salon,None,outscraper
Beauty Mall Suites Coral Gables,+1 786-610-6255,,,25.7092556,-80.2816531,33146,4.8,18.0,Beauty salon,None,outscraper
Miracle Nails,+1 305-461-9798,,,25.7489264,-80.24615089999999,33145,3.6,137.0,Nail salon,None,outscraper
OXIONE BEAUTY & EXTENSIONS,+1 305-967-8452,,,25.7549669,-80.25854,33134,5.0,106.0,Nail salon,None,outscraper
Portfolio Salon,+1 305-443-0101,,,25.7497813,-80.2603616,33134,4.9,284.0,Beauty salon,None,outscraper
Creations by L & L LLC,+1 305-774-1080,,,25.757136199999998,-80.2587343,33134,4.8,26.0,Nail salon,None,outscraper
The Well Groomed Gentleman - Barbershop,+1 786-353-2196,,,25.749372299999997,-80.257373,33134,4.7,1581.0,Nail salon,None,outscraper
Bliss Beautique,+1 786-254-7844,,,25.7515681,-80.2584608,33134,4.9,264,Beauty salon,None,outscraper
Avant-Garde Salon & Spa,+1 305-442-8136,,,25.7499675,-80.2578541,33134,4.9,1538,Beauty salon,None,outscraper
Conde Hair Salon,+1 786-789-2232,,,25.747722,-80.25473989999999,33134,4.9,1136,Hair salon,None,outscraper
Sol & Style Hair and Beauty Salon,+1 786-767-1324,,,25.756158,-80.25861239999999,33134,4.8,192,Hair salon,None,outscraper
Highlight Salon and Spa,+1 305-448-0707,,,25.753574999999998,-80.259006,33134,5.0,639,Hair salon,None,outscraper
A&D Hair Salon,+1 305-582-4184,,,25.7510846,-80.2227856,33145,5.0,102,Hair salon,None,outscraper
Hair House by us,+1 305-607-4385,,,25.753316599999998,-80.26271559999999,33134,4.9,178,Hair salon,None,outscraper
Salons by JC Coral Gables on Miracle Mile,+1 305-209-9384,,,25.750481999999998,-80.25579719999999,33134,4.8,76,Beauty salon,None,outscraper
Cosa bella beauty salon and spa,+1 305-444-0063,,,25.7631463,-80.26348329999999,33134,4.9,137,Beauty salon,None,outscraper
Les Papillons Studio,+1 645-200-6884,,,25.751695899999998,-80.26042369999999,33134,5.0,71,Beauty salon,None,outscraper
La Bella Salon,+1 305-444-1412,,,25.749092899999997,-80.2553932,33134,4.8,238,Beauty salon,None,outscraper
CR Beauty Studio LLC,+1 305-444-7443,,,25.7501157,-80.2604022,33134,5.0,134,Beauty salon,None,outscraper
Avalon Salon,+1 305-445-2631,,,25.7489563,-80.25649539999999,33134,4.9,326,Beauty salon,None,outscraper
Muse In the Gables,+1 305-446-9696,,,25.7584661,-80.2592975,33134,4.8,54,Beauty salon,None,outscraper
Emiliano Breit Salon & Spa,+1 786-899-0923,,,25.7477958,-80.25840629999999,33134,4.9,377,Hair salon,None,outscraper
Niki Beauty Bar Coral Gables - Nails & Coffee,+1 786-781-3061,,,25.7495135,-80.2555239,33134,4.8,380,Nail salon,None,outscraper
Beauty Atelier,+1 786-620-8055,,,25.7652295,-80.2579968,33134,5.0,30,Beauty salon,None,outscraper
Artisan Beauty Studio and Art Gallery,+1 305-444-0988,,,25.756790199999998,-80.25867769999999,33134,4.9,58,Beauty salon,None,outscraper
Madison Reed Hair Color Bar Coral Gables,+1 305-487-8812,,,25.731928399999997,-80.2595853,33146,4.7,345,Hair salon,None,outscraper
Quuant Hair Salon,+1 305-460-0097,,,25.7468151,-80.2587796,33134,5.0,101,Hair salon,None,outscraper
Leader Service,+1 305-858-1020,,,25.7505761,-80.22227889999999,33145,4.9,365.0,Auto repair shop,None,outscraper
J C Auto Services,+1 305-403-0097,,,25.771065699999998,-80.2878367,33134,5.0,24.0,Auto repair shop,None,outscraper
A Auto Tech Inc,+1 305-448-4100,,,25.7338563,-80.2566882,33146,4.8,299.0,Auto body shop,None,outscraper
Tires Plus,+1 786-671-3880,,,25.7347517,-80.2564821,33146,4.5,1001.0,Tire shop,None,outscraper
Coral Gables Mobile Auto Repair,+1 786-964-1866,,,25.7267987,-80.2631522,33146,5.0,1.0,Auto repair shop,None,outscraper
M C Auto Tech,+1 305-662-6273,,,25.706404799999998,-80.2894105,33143,4.9,35.0,Auto repair shop,None,outscraper
Green's Garage,+1 305-444-8881,,,25.749578399999997,-80.2462346,33145,4.6,824.0,Auto repair shop,None,outscraper
European Auto Service Center,+1 305-446-0061,,,25.7352706,-80.2558105,33146,4.7,69.0,Auto repair shop,None,outscraper
MTJ Paint and Body Shop Miami Fl,+1 305-632-1914,,,25.8156181,-80.2487931,33142,4.7,1067.0,Auto body shop,None,outscraper
German Car Care,+1 305-774-1024,,,25.7265744,-80.2611206,33133,4.5,87.0,Auto repair shop,None,outscraper
Flagler Auto Repair,+1 305-269-3080,,,25.7551775,-80.2877706,33155,4.6,148.0,Auto repair shop,None,outscraper
Alex Express Auto Repair,+1 786-443-5409,,,25.757672499999998,-80.236931,33145,4.9,37.0,Auto repair shop,None,outscraper
Tire Kingdom,+1 786-598-8327,,,25.735312699999998,-80.2552369,33146,4.5,952.0,Tire shop,None,outscraper
Tony’s Vehicle Solutions,+1 786-703-9084,,,25.765735,-80.25485599999999,33135,4.8,1235.0,Auto repair shop,None,outscraper
Jiffy Lube,+1 305-661-9928,,,25.7318504,-80.3032169,33155,4.4,737.0,Oil change service,None,outscraper
"Gold Wing Motors, Inc.",+1 305-447-0144,,,25.7485611,-80.31695789999999,33155,4.7,256.0,Auto repair shop,None,outscraper
Japanese Auto Tech Inc,+1 305-445-0948,,,25.756612099999998,-80.2389279,33145,4.6,95.0,Auto repair shop,None,outscraper
Miami's Quality Auto Repair,+1 305-574-9099,,,25.7284848,-80.3084442,33155,4.7,893.0,Auto repair shop,None,outscraper
Rey's Auto Repair Shop,+1 305-541-7339,,,25.767990299999997,-80.2193274,33135,4.9,675.0,Auto repair shop,None,outscraper
AUTO HC LLC,None,,,25.7468902,-80.2600015,33134,,,Auto radiator repair service,None,outscraper
Mobile Mechanic R&R,+1 305-218-9761,,,25.8006936,-80.2325485,33142,4.8,249.0,Car repair and maintenance service,None,outscraper
Fuel & Foam Detailing,+1 305-414-1885,,,25.756018599999997,-80.25858889999999,33134,4.9,57.0,Car detailing service,None,outscraper
AUTO REPAIRS BY RICK. Inc,+1 786-715-8690,,,25.729261299999997,-80.3085937,33155,4.6,28.0,Auto repair shop,None,outscraper
Goodyear Auto Service,+1 305-446-8101,,,25.7347148,-80.2536722,33133,4.1,345.0,Tire shop,None,outscraper
CALIX TIRES INC,+1 305-444-0103,,,25.7641678,-80.2672293,33134,4.7,143.0,Tire shop,None,outscraper
Star Auto Services Inc,+1 305-265-4585,,,25.748604399999998,-80.3072889,33155,4.6,36.0,Auto repair shop,None,outscraper
Countach Inc.,+1 305-443-1468,,,25.731997,-80.256704,33146,3.6,92.0,Auto body shop,None,outscraper
Lx Mobile tire shop & wheel fix,+1 786-988-1966,,,25.751026,-80.2388284,33145,5.0,406.0,Tire shop,None,outscraper
Cervantes auto repair,+1 786-975-9796,,,25.7573556,-80.2390594,33145,2.3,6.0,Auto repair shop,None,outscraper
Tires King of Miami 2,+1 305-445-7244,,,25.7450729,-80.2384163,33133,4.7,396.0,Tire shop,None,outscraper
Lazaro Auto Service LLC,+1 305-661-0338,,,25.765730599999998,-80.2549544,33135,4.7,41.0,Auto repair shop,None,outscraper
German Motorsports Inc,+1 786-402-4700,,,25.732891,-80.256424,33146,4.6,16.0,Auto repair shop,None,outscraper
Giralda Place Parking Garage,+1 615-238-2250,,,25.751373899999997,-80.260295,33134,4.5,46.0,Parking garage,None,outscraper
Mobile Auto Mechanic & Vehicle Inspection Services,+1 786-705-1341,,,26.028824999999998,-80.1638698,33020,5.0,811.0,Car repair and maintenance service,None,outscraper
Miami Auto Repair Shop Brakes Tune Ups Multiser Versailles,+1 786-474-1311,,,25.765152099999998,-80.2478759,33135,4.0,39.0,Auto repair shop,None,outscraper
AC Repair Experts Coral Gables,+1 786-600-4595,,,25.7503608,-80.2569431,33134,5.0,1.0,Air conditioning contractor,None,outscraper
"Manny's Auto Service, Inc.",+1 305-262-9921,,,25.7774066,-80.2863916,33126,4.5,215.0,Auto repair shop,None,outscraper
Villa Clara Tire Store,None,,,25.7707136,-80.2828692,33134,4.4,100.0,Tire shop,None,outscraper
Sierra Auto Service,+1 305-476-9223,,,25.7657326,-80.2549239,33135,4.7,61.0,Auto repair shop,None,outscraper
Fangio's Car Clinic,+1 305-444-4449,,,25.7657346,-80.2548557,33135,4.7,47.0,Auto repair shop,None,outscraper
Gables Tire Center,+1 786-388-6974,,,25.7506479,-80.2876617,33155,4.4,59.0,Car repair and maintenance service,None,outscraper
Mercedes-Benz of Coral Gables Oil Change,+1 855-893-3296,,,25.746550499999998,-80.2611423,33134,,,Oil change service,None,outscraper
Tedric Car Towings,+1 786-675-6929,,,25.7497813,-80.2600209,33134,,,Tire shop,None,outscraper
Coral Gables AC Repair,+1 786-475-6549,,,25.684413499999998,-80.3125731,33156,5.0,4.0,Air conditioning contractor,None,outscraper
Mercedes-Benz of Coral Gables Service Center,+1 786-284-1010,,,25.746550499999998,-80.2611423,33134,3.9,121.0,Auto repair shop,None,outscraper
Bud's Paint & Body Shop,+1 305-446-7392,,,25.7328632,-80.2581594,33146,4.2,70.0,Auto body shop,None,outscraper
US1 Tires Auto Services,+1 888-910-1970,,,25.736722699999998,-80.24563619999999,33133,3.4,45.0,Tire shop,None,outscraper
Interior On Wheels,+1 786-355-7813,,,25.766351999999998,-80.2774996,33134,5.0,3.0,Leather cleaning service,None,outscraper
Zenith AC Repairs Coral Gables,+1 786-823-3070,,,25.7069922,-80.2833948,33146,4.8,9.0,Air conditioning repair service,None,outscraper
Auto Tech Import,+1 305-638-3066,,,25.808477699999997,-80.20685399999999,33127,4.7,90.0,Auto repair shop,None,outscraper
Vertex Automotive,+1 305-442-2727,,,25.7342642,-80.25608869999999,33146,4.4,173.0,Auto repair shop,None,outscraper
Tires & More Auto Center,+1 305-445-2025,,,25.761691799999998,-80.2467192,33135,4.5,92.0,Tire shop,None,outscraper
Ceramic Pro MH (Coral Gables),+1 305-582-6282,,,25.7345565,-80.25221359999999,33133,5.0,234.0,Car detailing service,None,outscraper
Pro Body Shop of Miami,+1 305-445-8181,,,25.7496099,-80.24653099999999,33145,4.4,58.0,Auto repair shop,None,outscraper
396 Alhambra - LAZ Parking Garage,+1 305-448-1726,,,25.7512698,-80.2613696,33134,2.8,4.0,Parking lot,None,outscraper
MZ Performance,+1 305-603-7599,,,25.7718226,-80.2647571,33134,4.8,121.0,Motorcycle parts store,None,outscraper
UrbanChill AC Repairs Coral Gables,+1 786-882-8468,,,25.7517413,-80.2573532,33134,4.7,13.0,Air conditioning repair service,None,outscraper
OA Auto Air Parts & Services Corporation,+1 305-443-6181,,,25.7650257,-80.2476195,33135,3.6,170.0,Auto air conditioning service,None,outscraper
Parking Garage 4,None,,,25.748628,-80.261607,33134,4.1,17.0,Parking garage,None,outscraper
El Rey Del Parche 2,+1 305-586-5524,,,25.757492799999998,-80.2389635,33145,3.9,32.0,Auto repair shop,None,outscraper
Supreme Auto Glass Inc,+1 305-876-5656,,,25.752143,-80.2446125,33145,5.0,107.0,Auto glass shop,None,outscraper
THE COLLECTION Service Center,+1 786-628-7650,,,25.734686699999997,-80.2590524,33146,3.4,14.0,Car repair and maintenance service,None,outscraper
The Collection,+1 305-444-5555,,,25.734402499999998,-80.2594341,33146,4.6,3657.0,Car dealer,None,outscraper
Affordable Auto Repair,+1 305-594-0034,,,25.831375899999998,-80.33158,33166,4.6,94.0,Auto repair shop,None,outscraper
Peakon Door's Repairs,+1 225-541-1548,,,25.7709405,-80.27106739999999,33134,,,Transmission shop,None,outscraper
QUIROS PEDRO R PE,+1 305-446-0061,,,25.7325269,-80.25619979999999,33146,,,Auto repair shop,None,outscraper
Laz Parking - Gables Grand Plaza Parking Garage,+1 305-529-1921,,,25.7508929,-80.2616132,33134,2.2,13.0,Parking lot,None,outscraper
UrMaind Car Towings,+1 305-443-2199,,,25.7338494,-80.2610765,33146,,,Tire shop,None,outscraper
AutoNation Chevrolet Coral Gables Service Center,+1 305-707-0139,,,25.7645619,-80.26294399999999,33134,4.3,565.0,Auto repair shop,None,outscraper
Carmania of Coral Gables,+1 786-446-9446,,,25.7717267,-80.27297639999999,33134,4.4,112,Car dealer,None,outscraper
The Collection,+1 305-444-5555,,,25.734402499999998,-80.2594341,33146,4.6,3657,Car dealer,None,outscraper
Mercedes-Benz of Coral Gables,+1 786-284-1010,,,25.7460004,-80.26008949999999,33134,4.8,5403,Mercedes-Benz dealer,None,outscraper
AutoNation Chevrolet Coral Gables,+1 305-707-0139,,,25.7648334,-80.2626495,33134,4.3,4687,Chevrolet dealer,None,outscraper
Land Rover Coral Gables,+1 305-476-4000,,,25.7300492,-80.25760749999999,33133,4.8,1780,Land Rover dealer,None,outscraper
The Collection Aston Martin,+1 786-885-3486,,,25.7346866,-80.2590524,33146,4.8,86,Car dealer,None,outscraper
THE COLLECTION Audi,+1 786-885-3479,,,25.7346525,-80.2593358,33146,4.8,4434,Audi dealer,None,outscraper
Polestar Miami,+1 786-963-7025,,,25.749069199999997,-80.2615125,33134,5.0,28,Car dealer,None,outscraper
Tropical Used Cars,+1 305-290-3080,,,25.771162,-80.2869039,33134,4.4,241,Chevrolet dealer,None,outscraper
THE COLLECTION Porsche,+1 786-885-3481,,,25.7346866,-80.2590524,33146,4.8,1934,Porsche dealer,None,outscraper
Jaguar Coral Gables,+1 305-476-4000,,,25.7300492,-80.25760749999999,33133,4.8,411,Jaguar dealer,None,outscraper
Formula Miami,+1 305-443-1515,,,25.7346427,-80.2562208,33146,4.8,164,Car dealer,None,outscraper
The Collection Ferrari,+1 786-885-3490,,,25.7347054,-80.25922589999999,33146,4.6,104,Ferrari dealer,None,outscraper
Deel Volkswagen Coral Gables,+1 305-448-3335,,,25.7353015,-80.2521931,33133,4.6,2642,Volkswagen dealer,None,outscraper
U Auto Lease,+1 305-901-6161,,,25.754280599999998,-80.2590518,33134,5.0,16,Car leasing service,None,outscraper
Giralda Place Parking Garage,+1 615-238-2250,,,25.751373899999997,-80.260295,33134,4.5,46,Parking garage,None,outscraper
THE COLLECTION Alfa Romeo,+1 786-885-3487,,,25.7346866,-80.2590524,33146,4.6,47,Alfa Romeo dealer,None,outscraper
Ocean Auto Club,+1 786-718-1225,,,25.732879099999998,-80.3115382,33155,4.6,318,Car dealer,None,outscraper
Ferco Motors,+1 305-541-3386,,,25.7717277,-80.2239268,33135,4.5,2868,Car dealer,None,outscraper
Ussery Automotive Group,+1 305-567-3444,,,25.7459953,-80.26097639999999,33134,3.0,6,Mercedes-Benz dealer,None,outscraper
Society Cleaners - Dry Cleaning Company,+1 305-444-6611,,,25.764364999999998,-80.259816,33134,4.7,243,Dry cleaner,None,outscraper
Grove Cleaners,+1 305-567-9007,,,25.7556454,-80.25913059999999,33134,4.2,126,Dry cleaner,None,outscraper
Coral Way Cleaners,+1 305-446-1345,,,25.746070399999997,-80.2618462,33134,4.6,43,Dry cleaner,None,outscraper
Oxxo Care Cleaners Merrick Park,+1 305-441-2996,,,25.733038999999998,-80.2609883,33146,4.4,129,Dry cleaner,None,outscraper
Giralda Cleaners Inc,+1 305-447-2532,,,25.7514932,-80.2573622,33134,3.2,18,Dry cleaner,None,outscraper
Catalonia Cleaners Gables,+1 786-391-0094,,,25.7445852,-80.2603283,33134,4.0,11,Dry cleaner,None,outscraper
LaSalle Dry Cleaners,+1 305-446-6458,,,25.750306199999997,-80.2626039,33134,3.3,31,Dry cleaner,None,outscraper
Gables Laundry,+1 305-443-1110,,,25.758689099999998,-80.2592382,33134,3.9,147,Laundromat,None,outscraper
Rey's,+1 305-443-0839,,,25.7503299,-80.2625917,33134,3.3,27,Dry cleaner,None,outscraper
Mr Jeff Cleaners,+1 786-505-0201,,,25.7046305,-80.2850677,33143,4.4,58,Dry cleaner,None,outscraper
Mr Jeff Cleaners,+1 305-446-3013,,,25.7501084,-80.2412054,33145,4.1,59,Dry cleaner,None,outscraper
Pierre’s French Cleaners,+1 305-441-1015,,,25.751834199999998,-80.2602063,33134,5.0,8,Dry cleaner,None,outscraper
Oxxo Care Cleaners Coral Gables,+1 305-661-6126,,,25.706631899999998,-80.283895,33146,4.3,115,Dry cleaner,None,outscraper
La Elegante Cleaners,+1 305-444-8711,,,25.7649568,-80.25760799999999,33134,4.3,16,Dry cleaner,None,outscraper
One Stop Dry Cleaning | Getqlean,+1 305-860-1444,,,25.750825,-80.231151,33145,4.3,87,Dry cleaner,None,outscraper
Devon Cleaners,+1 305-662-5888,,,25.7087194,-80.2830987,33146,2.7,11,Dry cleaner,None,outscraper
Natural Press,+1 305-854-1044,,,25.7507219,-80.2316914,33145,4.0,33,Dry cleaner,None,outscraper
Chase Bank,+1 305-442-0089,,,25.7522,-80.2615,33134,3.5,32.0,Bank,None,outscraper
Chase Bank,+1 305-444-0754,,,25.7500322,-80.239447,33145,3.1,60.0,Bank,None,outscraper
Bank of America (with Drive-thru ATM),+1 305-442-2787,,,25.751024599999997,-80.2589732,33134,2.5,156.0,Bank,None,outscraper
Chase Bank,+1 305-569-0083,,,25.749606,-80.25435399999999,33145,3.0,48.0,Bank,None,outscraper
Chase Bank,+1 305-443-3969,,,25.7338,-80.25829999999999,33146,3.0,20.0,Bank,None,outscraper
Regions Bank,+1 305-774-5671,,,25.7458884,-80.2592725,33134,4.3,50.0,Bank,None,outscraper
Northern Trust,+1 305-529-7700,,,25.748473,-80.2658927,33134,3.8,10.0,Investment bank,None,outscraper
Citizens,+1 305-341-2465,,,25.7514926,-80.2590082,33134,3.3,21.0,Bank,None,outscraper
Bank of America Financial Center,+1 305-669-6694,,,25.709241,-80.28284099999999,33146,2.9,44.0,Bank,None,outscraper
Flagstar Bank,+1 305-774-0049,,,25.7469444,-80.2582255,33134,4.2,16.0,Bank,None,outscraper
FirstBank Florida - Coral Gables,+1 305-442-1220,,,25.7449901,-80.2586271,33134,4.0,41.0,Bank,None,outscraper
Ocean Bank,+1 305-446-1919,,,25.747440599999997,-80.2619868,33134,4.9,47.0,Bank,None,outscraper
Seacoast Bank,+1 786-814-4747,,,25.7516747,-80.2620099,33134,3.6,10.0,Bank,None,outscraper
Bank of America Financial Center,+1 305-446-2343,,,25.7281987,-80.24578869999999,33133,3.3,32.0,Bank,None,outscraper
First Citizens Bank,+1 305-639-7200,,,25.7452608,-80.26008039999999,33134,3.8,16.0,Bank,None,outscraper
PNC Bank,+1 786-804-6311,,,25.7466005,-80.2589782,33134,3.5,33.0,Bank,None,outscraper
Chase Bank,+1 305-442-8127,,,25.759244,-80.259204,33134,3.8,55.0,Bank,None,outscraper
Truist,+1 305-442-3200,,,25.752691799999997,-80.25992289999999,33134,3.0,35.0,Bank,None,outscraper
SouthState Bank,+1 786-362-8560,,,25.752126,-80.255234,33134,3.4,11.0,Bank,None,outscraper
"First Horizon Bank - Coral Gables, FL - Ponce Leon Blvd",+1 305-442-9991,,,25.7534964,-80.2585527,33134,4.6,31.0,Bank,None,outscraper
Valley Bank,+1 305-341-8558,,,25.7533294,-80.25844769999999,33134,3.3,11.0,Bank,None,outscraper
First American Bank,+1 305-500-9501,,,25.747978099999997,-80.2653668,33134,4.3,20.0,Bank,None,outscraper
Bradesco Bank,+1 305-789-7000,,,25.7443076,-80.2581079,33134,3.1,58.0,Bank,None,outscraper
Ocean Bank,+1 305-665-8041,,,25.7047192,-80.28524809999999,33143,4.8,19.0,Bank,None,outscraper
Synovus Bank,+1 888-796-6887,,,25.7525528,-80.25705239999999,33134,5.0,3.0,Bank,None,outscraper
Citi,+1 786-235-9303,,,25.7512737,-80.2623716,33134,2.8,59.0,Bank,None,outscraper
Belmont Bank & Trust,+1 786-425-3350,,,25.7539126,-80.25970509999999,33134,5.0,39.0,Bank,None,outscraper
TD Bank,+1 305-448-8995,,,25.7493689,-80.2584826,33134,3.7,65.0,Bank,None,outscraper
Grove Bank & Trust,+1 305-444-6665,,,25.752613,-80.262675,33134,5.0,10.0,Bank,None,outscraper
Seacoast Bank,+1 305-666-8488,,,25.705713,-80.28255,33146,4.6,9.0,Bank,None,outscraper
Bank of America (with Drive-thru ATM),+1 305-445-9068,,,25.7478786,-80.2546881,33134,2.0,64.0,Bank,None,outscraper
Truist - ATM,+1 305-442-3200,,,25.7524037,-80.2589582,33134,5.0,1.0,ATM,None,outscraper
City National Bank of Florida,+1 305-445-1941,,,25.7457806,-80.26218829999999,33134,3.7,26.0,Bank,None,outscraper
United Community,+1 305-421-2250,,,25.740727399999997,-80.2581093,33134,5.0,10.0,Bank,None,outscraper
First Citizens Bank,+1 305-740-5057,,,25.702839299999997,-80.2862281,33143,3.7,6.0,Bank,None,outscraper
Bank OZK,+1 305-507-1743,,,25.759923,-80.25923259999999,33134,4.4,19.0,Bank,None,outscraper
Popular Bank,+1 786-953-1325,,,25.7508321,-80.2584638,33134,4.1,18.0,Bank,None,outscraper
Centennial Bank,+1 786-413-1260,,,25.7525528,-80.25705239999999,33134,4.0,8.0,Bank,None,outscraper
Wells Fargo Bank,+1 305-569-1924,,,25.7481415,-80.2581957,33134,3.5,39.0,Bank,None,outscraper
Citi,+1 786-245-4854,,,25.714972799999998,-80.2757894,33146,2.8,34.0,Bank,None,outscraper
Sunstate Bank,+1 305-567-0600,,,25.7451492,-80.26229409999999,33134,4.0,9.0,Bank,None,outscraper
Wells Fargo Bank,+1 202-628-3356,,,38.9157435,-77.0217213,20001,3.9,36.0,Bank,None,outscraper
BankUnited of Coral Gables - Miracle Mile,+1 786-648-6330,,,25.749746,-80.26058499999999,33145,3.7,9.0,Bank,None,outscraper
Chase Bank,+1 305-740-0618,,,25.707784999999998,-80.284474,33146,3.4,58.0,Bank,None,outscraper
Wells Fargo Bank,+1 305-447-6200,,,25.7534268,-80.2590129,33134,3.5,41.0,Bank,None,outscraper
Pacific National Bank,+1 305-539-7570,,,25.750520599999998,-80.25951599999999,33134,4.2,5.0,Bank,None,outscraper
Wells Fargo Bank,+1 305-567-4270,,,25.7512196,-80.22180589999999,33145,4.0,84.0,Bank,None,outscraper
US Century Bank,+1 305-448-5557,,,25.751446299999998,-80.262316,33134,3.9,7.0,Bank,None,outscraper
EagleBank,+1 202-628-7300,,,38.9017233,-77.02211989999999,20001,2.2,19.0,Bank,None,outscraper
Industrial Bank,+1 202-722-2000,,,38.9172182,-77.02734509999999,20001,4.2,12.0,Bank,None,outscraper
TD Bank,+1 202-289-6175,,,38.9010421,-77.0217055,20001,2.6,61.0,Bank,None,outscraper
Chase Bank,+1 571-373-5677,,,38.908442,-77.02370739999999,20001,4.9,8.0,Bank,None,outscraper
"Private Bank, Bank of America",+1 800-878-7878,,,25.7523052,-80.2617674,33134,,,Trust bank,None,outscraper
Wells Fargo Bank,+1 305-663-6106,,,25.704683499999998,-80.2838297,33143,3.5,30.0,Bank,None,outscraper
Atlantic Union Bank,+1 202-296-5407,,,38.9034052,-77.0212712,20001,4.7,28.0,Bank,None,outscraper
Amerant Bank,+1 305-460-4001,,,25.7517811,-80.259157,33134,4.1,108.0,Bank,None,outscraper
PNC Bank,+1 202-835-5736,,,38.9006939,-77.0217066,20001,2.5,36.0,Bank,None,outscraper
Capital One Bank,+1 202-890-4518,,,38.9167984,-77.03152899999999,20009,3.1,46.0,Bank,None,outscraper
First Bank of Miami,+1 305-444-1140,,,25.750419299999997,-80.2582702,33134,,,Bank,None,outscraper
Truist,+1 786-598-4700,,,25.750929799999998,-80.2295783,33145,3.5,19.0,Bank,None,outscraper
Chase Bank,+1 303-255-4082,,,39.885438099999995,-104.9394938,80233,2.9,73.0,Bank,None,outscraper
PNC Bank,+1 303-452-3000,,,39.884043899999995,-104.94088049999999,80233,1.3,3.0,Bank,None,outscraper
Charles Schwab,+1 305-774-4860,,,25.751735399999998,-80.2572661,33134,3.5,21.0,Financial consultant,None,outscraper
EverBank,+1 305-448-8568,,,25.7513732,-80.255326,33134,3.0,10.0,Bank,None,outscraper
Biscayne Bank,+1 305-740-5057,,,25.7028455,-80.28621729999999,33143,5.0,2.0,Bank,None,outscraper
Banco Del Pichincha-Miami Agency,+1 305-372-3601,,,25.751446299999998,-80.262316,33134,2.0,36.0,Bank,None,outscraper
Chase Bank,+1 786-450-5500,,,25.728199999999998,-80.2426,33133,4.4,37.0,Bank,None,outscraper
Diamond Banc,+1 786-605-9593,,,25.7529135,-80.25509149999999,33134,5.0,667.0,Jewelry buyer,None,outscraper
Supreme Lending - Coral Gables,+1 786-485-4175,,,25.7444821,-80.2596311,33134,5.0,46.0,Mortgage lender,None,outscraper
Corporate Cash Credit,+1 203-528-0587,,,25.7616724,-80.2593562,33134,5.0,14.0,Credit counseling service,None,outscraper
Bancredito International Bank,None,,,25.757074499999998,-80.2591482,33134,,,Bank,None,outscraper
Benworth Capital,+1 305-444-9730,,,25.7476383,-80.2696411,33134,4.7,2078.0,Mortgage lender,None,outscraper
Grove Bank & Trust,+1 305-756-4550,,,25.6975959,-80.29729329999999,33143,5.0,15.0,Bank,None,outscraper
Canvas Credit Union Thornton Branch,+1 303-691-2345,,,39.9144826,-104.98096989999999,80233,2.8,189.0,Credit union,None,outscraper
Ocean Bank,+1 305-266-9500,,,25.7336012,-80.32493889999999,33155,4.6,66.0,Bank,None,outscraper
Bank of Colorado,+1 303-280-0022,,,39.914529699999996,-104.9759871,80233,4.7,112.0,Bank,None,outscraper
City National Private,+1 305-447-1899,,,25.7454634,-80.2624072,33134,,,Bank,None,outscraper
Wells Fargo ATM,+1 800-869-3557,,,25.7533374,-80.2589983,33134,1.5,2.0,ATM,None,outscraper
Anthem Bank & Trust,+1 305-376-4144,,,25.7529118,-80.2550875,33134,,,Bank,None,outscraper
Terrabank,+1 305-448-4898,,,25.7503282,-80.246049,33145,5.0,10.0,Bank,None,outscraper
TD Bank,+1 718-290-1200,,,40.6944745,-73.9919613,11201,3.0,7.0,Bank,None,outscraper
Capital One Café,+1 305-506-9000,,,25.7493993,-80.2557667,33134,4.4,150.0,Bank,None,outscraper
Chase Bank ATM,None,,,40.7077585,-74.00885029999999,10005,5.0,1.0,ATM,None,outscraper
Euroclear Bank,+1 646-835-5400,,,40.7069615,-74.0097684,10005,3.0,2.0,Bank,None,outscraper
Chase ATM,+1 800-935-9935,,,40.708076899999995,-74.0090838,10005,5.0,1.0,ATM,None,outscraper
Chase ATM,+1 800-935-9935,,,40.7023063,-73.9871343,11201,3.7,3.0,ATM,None,outscraper
Revenued,+1 877-662-3489,,,25.747444599999998,-80.2557199,33134,4.7,409.0,Financial institution,None,outscraper
Clearstream Banking,+1 212-309-8888,,,40.705157299999996,-74.01113959999999,10004,5.0,1.0,Bank,None,outscraper
Amscot - The Money Superstore,+1 305-714-9939,,,25.7643211,-80.261009,33134,4.6,276.0,Loan agency,None,outscraper
CHBC Brokerage Group Corporation (US),None,,,40.7069615,-74.0097684,10005,,,Bank,None,outscraper
Private Wealth Management | U.S. Bank,+1 833-961-6944,,,25.748469099999998,-80.2581627,33134,,,Financial planner,None,outscraper
Chase Bank ATM,None,,,40.707853799999995,-74.00898049999999,10038,2.0,1.0,ATM,None,outscraper
FedEx Office Print & Ship Center,+1 305-445-2208,,,25.7488732,-80.25828899999999,33134,3.3,241.0,Shipping and mailing service,None,outscraper
The UPS Store,+1 305-441-7161,,,25.7554134,-80.2586287,33134,4.5,242.0,Shipping and mailing service,None,outscraper
Citizens ATM,+1 305-341-2466,,,25.7514914,-80.259002,33134,2.3,3.0,ATM,None,outscraper
Ocean Bank ATM,+1 844-623-2648,,,25.747643,-80.26310219999999,33134,,,ATM,None,outscraper
Bank of America ATM (Drive-thru),+1 844-401-8500,,,25.747968699999998,-80.2546617,33134,2.4,7.0,ATM,None,outscraper
Bankomat,None,,,40.7114328,-73.9997535,10038,4.0,1.0,ATM,None,outscraper
BCP Miami Agency,+1 305-448-0971,,,25.7526229,-80.2572919,33134,2.2,17.0,Bank,None,outscraper
ATM Gristedes 544,+1 800-627-3999,,,40.6974255,-73.9921541,11201,3.0,1.0,Bank,None,outscraper
University Credit Union,+1 786-425-5000,,,25.712833,-80.2859168,33143,4.4,102.0,Credit union,None,outscraper
Credit Union,None,,,25.719952499999998,-80.2777747,33146,,,Building,None,outscraper
Amigos Tutoring (Coral Gables),+1 305-763-2913,,,25.7503945,-80.2284612,33145,5,110,Tutoring service,None,outscraper
On Point Tutoring,+1 305-521-9421,,,25.711398199999998,-80.279476,33146,5,465,Tutoring service,None,outscraper
GradePower Learning Coral Gables,+1 305-680-0164,,,25.746916,-80.2592547,33134,5,12,Tutoring service,None,outscraper
Fred Astaire Dance Studios,+1 305-443-0085,,,25.7507318,-80.2568665,33134,5.0,57,Dance school,None,outscraper
The Core Dance Center,+1 786-539-3238,,,25.7503371,-80.2442794,33145,4.8,20,Dance school,None,outscraper
Arthur Murray Dance Studio Coral Gables,+1 305-444-6136,,,25.7452586,-80.2588681,33134,4.7,39,Dance school,None,outscraper
Miami International Dance Academy,+1 305-986-8470,,,25.7716095,-80.2715999,33134,4.7,37,Ballet school,None,outscraper
Miami Royal Ballet Dance School,+1 305-396-8839,,,25.7329886,-80.2604404,33146,4.9,50,Dance school,None,outscraper
Central Christian Church (CCC Gables),+1 305-446-6132,,,25.757997999999997,-80.259844,33134,4.9,54.0,Christian church,None,outscraper
Coral Gables Congregational United Church of Christ,+1 305-448-7421,,,25.7425203,-80.2784914,33134,4.8,373.0,United Church of Christ,None,outscraper
Generation Church,None,,,25.7165851,-80.2715072,33146,5.0,47.0,Christian church,None,outscraper
Christ Journey Church,+1 305-448-4425,,,25.7413247,-80.2671127,33134,4.8,116.0,Church,None,outscraper
Church of the Little Flower,+1 305-446-9950,,,25.7445403,-80.2813513,33134,4.6,171.0,Catholic church,None,outscraper
St. Augustine Church & Catholic Student Center at the University of Miami,+1 305-661-1648,,,25.7185824,-80.28326469999999,33146,4.8,291.0,Catholic church,None,outscraper
First United Methodist Church of Coral Gables & The Growing Place School,+1 305-445-2578,,,25.749174399999998,-80.2649775,33134,4.9,14.0,United Methodist church,None,outscraper
Coral Gables Baptist Church,+1 305-665-4072,,,25.718774999999997,-80.269834,33146,5.0,14.0,Baptist church,None,outscraper
St George Antiochian Orthodox Cathedral,+1 305-444-6541,,,25.7451844,-80.2613389,33134,4.8,38.0,Eastern Orthodox Church,None,outscraper
St. Mark's Lutheran Church,+1 305-444-0425,,,25.7353582,-80.2625958,33134,5.0,16.0,Lutheran church,None,outscraper
St James Evangelical Lutheran,+1 305-443-0014,,,25.7609411,-80.2575792,33134,4.2,13.0,Church,None,outscraper
Granada Church,+1 305-444-8435,,,25.7347413,-80.2727202,33134,4.8,133.0,Presbyterian church,None,outscraper
Central Christian Church - Food Distribution Center,+1 305-446-6132,,,25.757942099999998,-80.2598241,33134,4.9,22.0,Food bank,None,outscraper
"Chapel of the Venerable Bede, Episcopal Church Center at University of Miami",+1 305-284-2333,,,25.7176489,-80.27493659999999,33146,4.9,16.0,Episcopal church,None,outscraper
La Roca Miami,+1 520-245-7020,,,25.7315145,-80.2601638,33146,4.9,35.0,Christian church,None,outscraper
St Philip's Episcopal Church and School,+1 305-444-6366,,,25.748293699999998,-80.2782568,33134,4.7,40.0,Episcopal church,None,outscraper
Our Lady of Sorrows Catholic Church,+1 305-447-8911,,,25.771655799999998,-80.273946,33134,4.8,212.0,Catholic church,None,outscraper
Saint Thomas Episcopal Church,+1 305-661-3436,,,25.6893174,-80.2839608,33156,4.5,8.0,Episcopal church,None,outscraper
First UTD Methodist Church of Coral Gables,+1 305-445-2578,,,25.7490511,-80.2656717,33134,,,United Methodist church,None,outscraper
Spanish Church of God Inc,+1 305-443-6381,,,25.766415499999997,-80.2630648,33134,4.8,6.0,Church,None,outscraper
Coconut Grove Church of Christ,+1 305-448-0504,,,25.728871299999998,-80.2534785,33133,5.0,5.0,Church of Christ,None,outscraper
Calvary Church of the Nazarene,+1 305-445-7595,,,25.7462609,-80.24639119999999,33145,4.9,18.0,Church of the Nazarene,None,outscraper
Providence Road Church,+1 786-245-5772,,,25.740945099999998,-80.2463976,33133,4.8,57.0,Baptist church,None,outscraper
National Shrine of Our Lady of Charity,+1 305-854-2404,,,25.7408878,-80.2113859,33133,4.9,4459.0,Catholic church,None,outscraper
Plymouth Congregational Church,+1 305-444-6521,,,25.722588599999998,-80.2482054,33133,4.7,151.0,Church,None,outscraper
Iglesia Bautista Libre Ebenezer,+1 305-443-2431,,,25.768653699999998,-80.2632979,33134,5.0,24.0,Baptist church,None,outscraper
Shrine of Our Lady of Regla,+1 305-642-7878,,,25.7670413,-80.22715819999999,33135,4.8,131.0,Orthodox church,None,outscraper
Reality Church Miami,+1 305-204-2211,,,25.7428013,-80.2292123,33133,4.7,30.0,Church,None,outscraper
St. Hugh Catholic Church,+1 305-444-8363,,,25.7236928,-80.2468341,33133,4.8,285.0,Catholic church,None,outscraper
Temple Judea,+1 305-667-5657,,,25.7187478,-80.2707916,33146,4.8,56.0,Reform synagogue,None,outscraper
Cuarta Iglesia De Cristo Cientifico,+1 786-478-8301,,,25.771898699999998,-80.2622248,33134,5.0,1.0,Church,None,outscraper
Greater St Paul A.M.E. Church,+1 305-448-2742,,,25.7267103,-80.25322849999999,33133,4.8,26.0,Methodist church,None,outscraper
St Theresa Convent,+1 305-448-0662,,,25.7438996,-80.28131429999999,33134,5.0,2.0,Church,None,outscraper
Baptist Student Union,+1 305-667-1066,,,25.7181128,-80.27525659999999,33146,5.0,2.0,Church,None,outscraper
Sts. Peter & Paul Catholic Church,+1 305-858-2621,,,25.7606716,-80.2121741,33129,4.7,253.0,Catholic church,None,outscraper
St Raymond of Peñafort Catholic Church,+1 305-446-2427,,,25.755560199999998,-80.2515262,33145,4.8,459.0,Catholic church,None,outscraper
Fellowship of Christian Athlts,+1 305-445-1600,,,25.7490623,-80.2651111,33134,5.0,1.0,Religious organization,None,outscraper
Ministerio Manases,+1 305-639-8611,,,25.7454459,-80.2455351,33133,5.0,53.0,Church,None,outscraper
Coral Gables Community Foundation,+1 305-446-9670,,,25.7501157,-80.2604022,33134,5.0,1.0,Foundation,None,outscraper
Center for Social Change,+1 786-235-8030,,,25.7509339,-80.2286556,33145,4.7,42.0,Non-profit organization,None,outscraper
HandsOn South Florida (Miami),+1 305-504-4510,,,25.7509107,-80.2286894,33145,4.3,6.0,Non-profit organization,None,outscraper
Refugee Assistance Alliance,None,,,25.7554303,-80.2586271,33134,5.0,2.0,Non-profit organization,None,outscraper
Together for kids USA,+1 786-416-4889,,,25.7690937,-80.2632982,33134,5.0,3.0,Non-profit organization,None,outscraper
The International SeaKeepers Society,+1 786-924-6209,,,25.7505737,-80.25971179999999,33134,5.0,30.0,Non-profit organization,None,outscraper
Peacock Foundation Inc,+1 305-373-1386,,,25.7340275,-80.2590105,33146,5.0,1.0,Foundation,None,outscraper
Fundacion Manos del Sur,+1 305-860-6529,,,25.711398199999998,-80.279476,33146,,,Non-profit organization,None,outscraper
Junior Achievement of Greater Miami,+1 305-687-3977,,,25.7517365,-80.2559326,33134,4.3,3.0,Non-profit organization,None,outscraper
Junior League of Miami,+1 305-443-0160,,,25.7482357,-80.2693961,33134,4.6,10.0,Non-profit organization,None,outscraper
Hispanic Coalition,+1 305-262-0060,,,25.7711598,-80.2874628,33134,4.9,7.0,Non-profit organization,None,outscraper
Live Like Bella Childhood Cancer Foundation,+1 786-505-3914,,,25.7527656,-80.2581902,33134,5.0,5.0,Non-profit organization,None,outscraper
Ronald McDonald House Charities of South Florida,+1 305-324-5683,,,25.7887472,-80.2130495,33136,4.8,137.0,Social services organization,None,outscraper
Foundation of the Americas,+1 305-300-8881,,,25.740818599999997,-80.2784533,33134,,,Foundation,None,outscraper
Community Coalition Inc,+1 305-854-2882,,,25.7503945,-80.2284612,33145,5.0,2.0,Non-profit organization,None,outscraper
Global Ties Miami,+1 305-421-6344,,,25.7460402,-80.25467549999999,33134,5.0,3.0,Non-profit organization,None,outscraper
"AlphaNet, Inc.",+1 800-577-2638,,,25.741067299999997,-80.25858629999999,33134,3.7,6.0,Non-profit organization,None,outscraper
Mosaic Miami,+1 305-755-6096,,,25.7480491,-80.2633553,33134,,,Non-profit organization,None,outscraper
Order of Malta Cuba,+1 786-888-6494,,,25.7475539,-80.2619213,33134,5.0,1.0,Non-profit organization,None,outscraper
COPD Foundation,+1 866-731-2673,,,25.741395999999998,-80.25865979999999,33134,4.0,4.0,Non-profit organization,None,outscraper
City Year Miami,+1 786-406-7900,,,25.7532952,-80.2580065,33134,5.0,2.0,Non-profit organization,None,outscraper
Coconut Grove Cares,+1 305-446-6216,,,25.7268121,-80.2557939,33133,4.9,18.0,Non-profit organization,None,outscraper
Alpha-1 Foundation,+1 305-567-9888,,,25.7410812,-80.25865309999999,33134,5.0,4.0,Non-profit organization,None,outscraper
American Children's Orchestras,+1 305-285-2303,,,25.7503691,-80.2294216,33145,4.3,6.0,Social services organization,None,outscraper
BLUE Missions,+1 888-702-2583,,,25.724518399999997,-80.3135452,33155,5.0,43.0,Non-profit organization,None,outscraper
Push Forward Project,+1 786-509-9671,,,25.7471815,-80.2608451,33134,,,Non-profit organization,None,outscraper
Spotlight Miami,None,,,25.7503808,-80.2589327,33134,,,Non-profit organization,None,outscraper
Exchange for Change,+1 305-771-3241,,,25.777369699999998,-80.2642345,33126,4.5,2.0,Non-profit organization,None,outscraper
THE ROCK FOUNDATION,None,,,25.748493699999997,-80.25820569999999,33134,3.8,4.0,Association / Organization,None,outscraper
Sunshine For All,+1 305-285-3217,,,25.75112,-80.21890189999999,33145,4.5,24.0,Non-profit organization,None,outscraper
The Children's Movement of Florida,+1 305-646-7230,,,25.7521052,-80.2135078,33129,,,Non-profit organization,None,outscraper
Big Brothers Big Sisters of Miami,+1 305-644-0066,,,25.7773978,-80.26422769999999,33126,4.6,90.0,Non-profit organization,None,outscraper
Montgomery Botanical Center,+1 305-667-3800,,,25.6630401,-80.2809056,33156,4.6,157.0,Non-profit organization,None,outscraper
Entertaining Donations,+1 561-705-1258,,,25.7499745,-80.25996529999999,33124,,,Non-profit organization,None,outscraper
Municipios-Cuba En El Exilio,+1 305-447-8866,,,25.7784163,-80.2710093,33126,4.6,5.0,Social services organization,None,outscraper
Amigos For Kids,+1 305-279-1155,,,25.7508023,-80.22939,33145,5.0,1.0,Social services organization,None,outscraper
The Lucy Project,+1 786-520-6306,,,25.7545823,-80.2098654,33129,5.0,2.0,Non-profit organization,None,outscraper
"South Florida Community Development Coalition, Inc.",+1 786-237-2125,,,25.776590499999998,-80.2150812,33128,5.0,1.0,Non-profit organization,None,outscraper
The Women's Fund Miami-Dade,+1 305-441-0506,,,25.727493799999998,-80.2533461,33133,5.0,3.0,Non-profit organization,None,outscraper
The Miami Foundation,+1 305-371-2711,,,25.7766403,-80.19439349999999,33128,4.7,15.0,Non-profit organization,None,outscraper
Fashion Night on Brickell,+1 561-301-7766,,,25.7534663,-80.22655449999999,33145,5.0,2.0,Non-profit organization,None,outscraper
Dominican Joe Foundation,+1 239-989-9042,,,25.7526318,-80.257162,33134,,,Association / Organization,None,outscraper
Citizens for a Better South Florida,+1 305-648-0000,,,25.7750499,-80.2216309,33125,,,Non-profit organization,None,outscraper
Mindful Kids Miami,+1 305-270-3262,,,25.7152007,-80.26519259999999,33146,,,Non-profit organization,None,outscraper
Coconut Grove Crisis Food Program - Food Distribution Center,None,,,25.7265744,-80.2489933,33133,4.5,19.0,Food bank,None,outscraper
Dunspaugh Dalton Foundation,+1 305-668-4192,,,25.706944999999997,-80.28349,33146,,,Non-profit organization,None,outscraper
Leesfield Family Foundation,+1 305-854-4900,,,25.741469799999997,-80.23288269999999,33133,5.0,1.0,Foundation,None,outscraper
Parkinson's Foundation,+1 800-473-4636,,,25.7833372,-80.29083729999999,33126,5.0,3.0,Non-profit organization,None,outscraper
CMR Construction Group,+1 786-305-6289,,,25.748227,-80.2560404,33134,4.8,49.0,Construction company,None,outscraper
Gables Construction Group,+1 305-459-1177,,,25.740818599999997,-80.2784533,33134,5.0,6.0,Construction company,None,outscraper
Fab's Construction & Remodeling,+1 305-833-8062,,,25.757054399999998,-80.25916629999999,33134,4.8,25.0,Construction company,None,outscraper
One Stop Construction,+1 305-442-2799,,,25.7692983,-80.2641263,33134,4.7,81.0,Construction company,None,outscraper
Cutting Edge Innovative,+1 786-957-7775,,,25.7535608,-80.2548839,33134,4.8,56.0,Construction company,None,outscraper
Torre Construction & Development,+1 305-442-9494,,,25.748528,-80.25916509999999,33134,5.0,5.0,Construction company,None,outscraper
"Trinity Construction Group, LLC.",+1 786-431-5770,,,25.7256251,-80.26231829999999,33146,4.9,30.0,Construction company,None,outscraper
FXD Construction,+1 305-456-1243,,,25.7456756,-80.26129569999999,33134,4.8,25.0,Contractor,None,outscraper
"Abascal Group, Inc. Residential + Commercial Construction",+1 305-498-5035,,,25.733601399999998,-80.2790819,33146,5.0,10.0,Construction company,None,outscraper
RC Coast Construction,+1 786-291-7892,,,25.7478038,-80.2542787,33145,5.0,7.0,Construction company,None,outscraper
On Point Construction - G&B LLC,+1 786-209-7900,,,25.7516099,-80.25657199999999,33134,5.0,4.0,Construction company,None,outscraper
Beauchamp Construction Co Inc,+1 305-445-0819,,,25.753371599999998,-80.25912029999999,33134,4.3,7.0,General contractor,None,outscraper
New Age Construction Group,+1 786-786-1006,,,25.7513056,-80.2590908,33134,5.0,12.0,Concrete contractor,None,outscraper
RYD Builders,+1 954-681-2257,,,25.7088063,-80.2821921,33146,5.0,23.0,General contractor,None,outscraper
Juneau Construction Company,+1 305-438-7666,,,25.7521795,-80.25494909999999,33134,4.8,4.0,General contractor,None,outscraper
Madison Construction Group Inc.,+1 305-220-8997,,,25.7241672,-80.3147829,33155,5.0,15.0,Construction company,None,outscraper
Oceanside Construction & Remodeling,+1 786-866-9670,,,25.756111399999998,-80.25821239999999,33134,,,Construction company,None,outscraper
The Origin Building Group LLC,+1 305-849-9014,,,25.7586385,-80.217426,33145,4.9,99.0,General contractor,None,outscraper
MT Construction Group,+1 786-882-3877,,,25.830171,-80.18902299999999,33137,4.8,65.0,Construction company,None,outscraper
Perillo Construction Inc.,+1 305-441-0022,,,25.7532952,-80.2580065,33134,3.0,5.0,Construction company,None,outscraper
Century Homebuilders Group,+1 305-599-8100,,,25.7556849,-80.25864589999999,33134,3.7,89.0,Real estate developer,None,outscraper
Hidalgo Construction,+1 305-569-0060,,,25.746790599999997,-80.25827369999999,33134,4.0,4.0,Contractor,None,outscraper
Milton Construction,+1 305-444-5435,,,25.7473097,-80.238327,33145,5.0,1.0,Construction company,None,outscraper
Admer Construction Group,+1 305-697-5970,,,25.783494599999997,-80.2916493,33126,4.8,18.0,Construction company,None,outscraper
Construction VOSS,+1 305-481-9626,,,25.7325047,-80.256129,33146,4.3,6.0,Construction company,None,outscraper
Golden Sands General Contractors,+1 305-633-3336,,,25.7642122,-80.2562925,33134,4.8,16.0,General contractor,None,outscraper
John Bell Construction,+1 305-458-5666,,,25.7335717,-80.2924369,33155,4.8,18.0,General contractor,None,outscraper
Milton Construction,+1 305-444-8326,,,25.740009699999998,-80.25470709999999,33134,3.2,5.0,General contractor,None,outscraper
Art's Roofing & Construction,+1 954-526-1699,,,25.741532,-80.2627701,33134,5.0,138.0,Construction company,None,outscraper
CC Homes,+1 305-424-2203,,,25.7537731,-80.26116139999999,33134,3.7,83.0,Home builder,None,outscraper
Cisca Construction,+1 305-595-2246,,,25.6873997,-80.3138316,33156,4.9,51.0,Construction company,None,outscraper
AI FOR CONTRACTORS,+1 305-951-9305,,,25.748219799999998,-80.2700998,33134,,,Construction company,None,outscraper
Albany Homes Construction Inc.,+1 786-964-7969,,,25.7245287,-80.26371189999999,33146,3.9,11.0,Construction company,None,outscraper
Maranata Construction,+1 305-269-4838,,,25.775045799999997,-80.2884316,33126,4.5,14.0,General contractor,None,outscraper
FCE - Florida Construction and Engineering,+1 305-883-7601,,,25.7481883,-80.2581702,33134,5.0,3.0,Construction company,None,outscraper
G.M.L. Construction | Home Remodeling Contractor,+1 786-724-5054,,,25.7262505,-80.31714509999999,33155,5.0,33.0,Construction company,None,outscraper
Ortega Construction Company,+1 305-808-0999,,,25.783516799999997,-80.2916388,33126,4.4,12.0,General contractor,None,outscraper
Atlantic Crystals Construction,+1 855-817-8115,,,25.752709799999998,-80.2582005,33134,5.0,2.0,Contractor,None,outscraper
Coast Construction Miami,+1 786-470-9825,,,25.8699649,-80.20959549999999,33150,4.9,100.0,Building firm,None,outscraper
Core Builder Group,+1 305-773-7841,,,25.7427262,-80.3107813,33155,5.0,28.0,Construction company,None,outscraper
Angel Construction & Remodeling,+1 786-730-7435,,,25.749011199999998,-80.2623306,33134,5.0,2.0,Construction company,None,outscraper
JRG Construction Group,+1 305-785-6293,,,25.741814299999998,-80.3081723,33155,5.0,14.0,General contractor,None,outscraper
GD Construction LLC,+1 305-200-5596,,,25.7436877,-80.2266635,33133,5.0,7.0,Construction company,None,outscraper
EZ General Contractor LLC,+1 786-412-5710,,,25.742574299999998,-80.3217241,33155,4.9,109.0,Construction company,None,outscraper
HB Construction LLC,+1 305-856-8828,,,25.7271203,-80.262759,33146,5.0,4.0,Construction company,None,outscraper
Gables Grove Construction Management,+1 305-266-5095,,,25.7252425,-80.3160439,33155,4.9,7.0,Construction company,None,outscraper
KAST Construction - Miami Office,+1 305-507-5700,,,25.7294789,-80.2598826,33146,3.0,4.0,Construction company,None,outscraper
CDW Construction,+1 305-771-5957,,,25.7529118,-80.2550875,33134,5.0,1.0,General contractor,None,outscraper
Aston Construction,+1 305-767-7896,,,25.7548392,-80.2879142,33155,5.0,8.0,Custom home builder,None,outscraper
David A Landy Construction Company Inc.,+1 305-662-3888,,,25.7258511,-80.31161999999999,33155,5.0,6.0,Construction company,None,outscraper
Contractors on Demand LLC,+1 786-209-7900,,,25.7516099,-80.25657199999999,33124,,,Construction company,None,outscraper
Ace Construction,+1 305-892-8453,,,25.8853629,-80.19244479999999,33161,4.7,36.0,Construction company,None,outscraper
Mocca Construction,+1 305-964-8440,,,25.734023999999998,-80.2572596,33146,4.7,15.0,Contractor,None,outscraper
JP GENERAL CONSTRUCTION,+1 786-351-0834,,,25.8909871,-80.1843279,33161,4.6,43.0,General contractor,None,outscraper
Florida Entry Builders LLC,+1 305-564-3499,,,25.723910099999998,-80.31424559999999,33155,5.0,40.0,Custom home builder,None,outscraper
ORIGIN Construction,+1 305-573-8030,,,25.8435305,-80.1882114,33138,4.8,23.0,Construction company,None,outscraper
QCM Builders,+1 305-282-1822,,,25.706117499999998,-80.25334389999999,33133,5.0,5.0,Construction company,None,outscraper
SAMA Construction,+1 305-443-1308,,,25.7649449,-80.2590953,33134,5.0,1.0,General contractor,None,outscraper
ICH Builders,+1 305-461-7289,,,25.7096451,-80.28200149999999,33146,5.0,1.0,Construction company,None,outscraper
Dade Construction Corp.,+1 786-564-7623,,,25.6545469,-80.4072991,33186,5.0,100.0,Construction company,None,outscraper
Coral Construction Group,+1 645-225-0166,,,25.5968703,-80.3536087,33157,5.0,17.0,Construction company,None,outscraper
Gomez Construction Co,+1 305-661-7660,,,25.729207,-80.3090447,33155,4.8,6.0,General contractor,None,outscraper
Lucky Concrete Coral Gables,+1 786-692-4274,,,25.748645999999997,-80.26440869999999,33134,5.0,4.0,Concrete contractor,None,outscraper
Next Gen Construction & Demolition,+1 786-202-5693,,,25.6864842,-80.31480169999999,33156,4.8,20.0,Demolition contractor,None,outscraper
Oldebrecht Construction Inc,+1 305-445-1165,,,25.752862,-80.25960789999999,33134,3.7,3.0,Construction company,None,outscraper
Foster Construction Group Inc,+1 305-441-0407,,,25.7300346,-80.2610605,33146,3.0,2.0,Construction company,None,outscraper
4 Point Construction of Florida,+1 305-986-0028,,,25.7503608,-80.2569431,33134,,,General contractor,None,outscraper
Crawford Development LLC,+1 305-663-1122,,,25.7503404,-80.2570322,33134,3.7,3.0,General contractor,None,outscraper
OZ Construction Services Group Inc,+1 786-467-7200,,,25.7586758,-80.253806,33145,5.0,5.0,Construction company,None,outscraper
GOYA Corp,+1 305-441-2482,,,25.752191,-80.2611532,33134,2.3,3.0,Construction company,None,outscraper
"Shear Construction & Management, LLC",+1 305-668-7668,,,25.6806476,-80.3155355,33156,5.0,4.0,Construction company,None,outscraper
South Pointe Construction,+1 305-858-0784,,,25.7505565,-80.225574,33145,4.0,7.0,Architect,None,outscraper
ForeverPools,+1 305-965-0306,,,25.7475874,-80.2619771,33134,4.9,157.0,Swimming pool contractor,None,outscraper
Deco Concrete Inc.,+1 305-828-5158,,,25.748515299999998,-80.258363,33134,4.4,67.0,Concrete contractor,None,outscraper
"Vico Contractors, inc.",+1 786-718-5383,,,25.749641399999998,-80.2606199,33134,,,Construction company,None,outscraper
Yates & Co,+1 305-446-0406,,,25.7522694,-80.25983719999999,33134,5.0,1.0,Real estate developer,None,outscraper
MG Developer,+1 305-718-4575,,,25.7415326,-80.26278239999999,33134,4.4,9.0,Real estate developer,None,outscraper
"Green Home Roofing, Inc",+1 786-521-0022,,,25.748469099999998,-80.2581627,33134,4.9,138.0,General contractor,None,outscraper
Luxon Construction,+1 786-862-6033,,,25.7445178,-80.2596452,33134,,,General contractor,None,outscraper
Creara Company,+1 305-476-0401,,,25.7500593,-80.2609246,33134,,,Concrete contractor,None,outscraper
The Calta Group,+1 786-360-1989,,,25.743865399999997,-80.2581265,33134,4.2,5.0,Real estate developer,None,outscraper
"Waypoint Contracting, Inc.",+1 786-608-1406,,,25.7837818,-80.32437999999999,33126,5.0,47.0,General contractor,None,outscraper
Coral Gables Celestia Crest Roofing Contractors,+1 305-845-4979,,,25.7429289,-80.2654757,33134,5.0,1.0,Roofing contractor,None,outscraper
Shoma Group,+1 786-437-8658,,,25.7464837,-80.2594404,33134,4.6,29.0,Real estate developer,None,outscraper
Codina Partners,+1 305-529-1300,,,25.7537377,-80.2610263,33134,3.0,12.0,Real estate developer,None,outscraper
LEGO Construction Co.,+1 305-381-8421,,,25.7863004,-80.2112901,33136,3.7,13.0,Construction company,None,outscraper
Gecko Group,+1 305-443-8482,,,25.755895799999998,-80.2573274,33134,,,Construction company,None,outscraper
GCA Inc,+1 305-666-3639,,,25.7088063,-80.2821921,33146,5.0,2.0,Professional services,None,outscraper
Wechsler Development Group,+1 305-525-8237,,,25.7560573,-80.2585945,33134,5.0,6.0,Construction company,None,outscraper
"Rausa Builders, Corp",+1 305-554-5711,,,25.7319039,-80.3093337,33155,4.3,24.0,General contractor,None,outscraper
Nimble Construction LLC,+1 305-600-9400,,,25.751373899999997,-80.260295,33134,,,Construction company,None,outscraper
The Canero Group,+1 305-444-5004,,,25.7509983,-80.2599345,33134,5.0,7.0,Real estate developer,None,outscraper
H Builders Corp.,None,,,25.748475499999998,-80.2596203,33134,,,Custom home builder,None,outscraper
"Sisper Power & Construction Services 1, LLC",+1 786-922-1369,,,25.7554303,-80.2586271,33134,,,Construction company,None,outscraper
Cummins Cederberg - Coastal & Marine Engineering,+1 305-741-6155,,,25.752686999999998,-80.2599649,33134,3.5,4.0,Civil engineering company,None,outscraper
The Village at Coral Gables Model Home,+1 786-833-6398,,,25.746375999999998,-80.2706826,33134,5.0,1.0,Real estate developer,None,outscraper
Reyusa inc,+1 786-773-9371,,,25.747715499999998,-80.26951,33134,,,Construction company,None,outscraper
DoubleDay Engineering,+1 305-209-2396,,,25.7515492,-80.256388,33134,4.7,15.0,Structural engineer,None,outscraper
Fab's Construction & Remodeling,+1 305-833-8062,,,25.757054399999998,-80.25916629999999,33134,4.8,25.0,General contractor,None,outscraper
CMR Construction Group,+1 786-305-6289,,,25.748227,-80.2560404,33134,4.8,49.0,General contractor,None,outscraper
Gables Construction Group,+1 305-459-1177,,,25.740818599999997,-80.2784533,33134,5.0,6.0,Construction company,None,outscraper
One Stop Construction,+1 305-442-2799,,,25.7692983,-80.2641263,33134,4.7,81.0,Construction company,None,outscraper
Cutting Edge Innovative,+1 786-957-7775,,,25.7535608,-80.2548839,33134,4.8,56.0,Construction company,None,outscraper
FXD Construction,+1 305-456-1243,,,25.7456756,-80.26129569999999,33134,4.8,25.0,Contractor,None,outscraper
RC Coast Construction,+1 786-291-7892,,,25.7478038,-80.2542787,33145,5.0,7.0,Construction company,None,outscraper
Torre Construction & Development,+1 305-442-9494,,,25.748528,-80.25916509999999,33134,5.0,5.0,General contractor,None,outscraper
AI FOR CONTRACTORS,+1 305-951-9305,,,25.748219799999998,-80.2700998,33134,,,Construction company,None,outscraper
"Trinity Construction Group, LLC.",+1 786-431-5770,,,25.7256251,-80.26231829999999,33146,4.9,30.0,Construction company,None,outscraper
Oceanside Construction & Remodeling,+1 786-866-9670,,,25.756111399999998,-80.25821239999999,33134,,,Construction company,None,outscraper
"Safcoconstruction, Inc.",+1 786-655-6464,,,25.7526363,-80.2611969,33134,5.0,12.0,Construction company,None,outscraper
RYD Builders,+1 954-681-2257,,,25.7088063,-80.2821921,33146,5.0,23.0,General contractor,None,outscraper
"Abascal Group, Inc. Residential + Commercial Construction",+1 305-498-5035,,,25.733601399999998,-80.2790819,33146,5.0,10.0,Construction company,None,outscraper
Art's Roofing & Construction,+1 954-526-1699,,,25.741532,-80.2627701,33134,5.0,138.0,Roofing contractor,None,outscraper
Beauchamp Construction Co Inc,+1 305-445-0819,,,25.753371599999998,-80.25912029999999,33134,4.3,7.0,General contractor,None,outscraper
Hidalgo Construction,+1 305-569-0060,,,25.746790599999997,-80.25827369999999,33134,4.0,4.0,Contractor,None,outscraper
Perillo Construction Inc.,+1 305-441-0022,,,25.7532952,-80.2580065,33134,3.0,5.0,General contractor,None,outscraper
Albany Homes Construction Inc.,+1 786-964-7969,,,25.7245287,-80.26371189999999,33146,3.9,11.0,General contractor,None,outscraper
L & Q Handyman & Construction,+1 305-602-5622,,,25.7506506,-80.2514211,33145,5.0,32.0,Handyman/Handywoman/Handyperson,None,outscraper
Atlantic Crystals Construction,+1 855-817-8115,,,25.752709799999998,-80.2582005,33134,5.0,2.0,Contractor,None,outscraper
Construction VOSS,+1 305-481-9626,,,25.7325047,-80.256129,33146,4.3,6.0,Construction company,None,outscraper
Coral Gables Residential Roofing Contractors Pros,+1 645-231-0972,,,25.756515999999998,-80.2737121,33134,5.0,1.0,Roofing contractor,None,outscraper
Madison Construction Group Inc.,+1 305-220-8997,,,25.7241672,-80.3147829,33155,5.0,15.0,Construction company,None,outscraper
Golden Sands General Contractors,+1 305-633-3336,,,25.7642122,-80.2562925,33134,4.8,16.0,General contractor,None,outscraper
Milton Construction,+1 305-444-5435,,,25.7473097,-80.238327,33145,5.0,1.0,Construction company,None,outscraper
EZ General Contractor LLC,+1 786-412-5710,,,25.742574299999998,-80.3217241,33155,4.9,109.0,General contractor,None,outscraper
Milton Construction,+1 305-444-8326,,,25.740009699999998,-80.25470709999999,33134,3.2,5.0,General contractor,None,outscraper
Admer Construction Group,+1 305-697-5970,,,25.783494599999997,-80.2916493,33126,4.8,18.0,Construction company,None,outscraper
Lucky Concrete Coral Gables,+1 786-692-4274,,,25.748645999999997,-80.26440869999999,33134,5.0,4.0,Concrete contractor,None,outscraper
John Bell Construction,+1 305-458-5666,,,25.7335717,-80.2924369,33155,4.8,18.0,General contractor,None,outscraper
FCE - Florida Construction and Engineering,+1 305-883-7601,,,25.7481883,-80.2581702,33134,5.0,3.0,Construction company,None,outscraper
Rothstar Construction,+1 305-442-4462,,,25.7445178,-80.2596452,33134,5.0,2.0,Construction company,None,outscraper
The Wealthy Contractor Inc.,+1 844-892-5433,,,25.752672,-80.25729919999999,33134,5.0,258.0,Business development service,None,outscraper
Oldebrecht Construction Inc,+1 305-445-1165,,,25.752862,-80.25960789999999,33134,3.7,3.0,Construction company,None,outscraper
Core Builder Group,+1 305-773-7841,,,25.7427262,-80.3107813,33155,5.0,28.0,General contractor,None,outscraper
Contractors on Demand LLC,+1 786-209-7900,,,25.7516099,-80.25657199999999,33124,,,Construction company,None,outscraper
SAMA Construction,+1 305-443-1308,,,25.7649449,-80.2590953,33134,5.0,1.0,General contractor,None,outscraper
Angel Construction & Remodeling,+1 786-730-7435,,,25.749011199999998,-80.2623306,33134,5.0,2.0,Corporate office,None,outscraper
Maranata Construction,+1 305-269-4838,,,25.775045799999997,-80.2884316,33126,4.5,14.0,General contractor,None,outscraper
GD Construction LLC,+1 305-200-5596,,,25.7436877,-80.2266635,33133,5.0,7.0,General contractor,None,outscraper
Armando Gonzalez Remodeling Inc.,+1 786-236-5512,,,25.7496294,-80.34002459999999,33165,4.8,74.0,General contractor,None,outscraper
G.M.L. Construction | Home Remodeling Contractor,+1 786-724-5054,,,25.7262505,-80.31714509999999,33155,5.0,33.0,Construction company,None,outscraper
A-9 Remodeling & Design,+1 786-357-7978,,,25.754890699999997,-80.2566385,33134,5.0,15.0,General contractor,None,outscraper
New Age Construction Group,+1 786-786-1006,,,25.7513056,-80.2590908,33134,5.0,12.0,Concrete contractor,None,outscraper
Coral Construction Group,+1 645-225-0166,,,25.5968703,-80.3536087,33157,5.0,17.0,Construction company,None,outscraper
"Ocean Blue Contractors, Inc.",+1 305-234-6065,,,25.7504995,-80.2247721,33145,5.0,4.0,General contractor,None,outscraper
MT Construction Group,+1 786-882-3877,,,25.830171,-80.18902299999999,33137,4.8,65.0,General contractor,None,outscraper
Aston Construction,+1 305-767-7896,,,25.7548392,-80.2879142,33155,5.0,8.0,Custom home builder,None,outscraper
CF Construction and Remodeling,+1 786-251-5790,,,25.7359701,-80.3786588,33165,5.0,19.0,Construction company,None,outscraper
Foster Construction Group Inc,+1 305-441-0407,,,25.7300346,-80.2610605,33146,3.0,2.0,Construction company,None,outscraper
Gables Grove Construction Management,+1 305-266-5095,,,25.7252425,-80.3160439,33155,4.9,7.0,Construction company,None,outscraper
"PCL Construction, Inc.",+1 305-396-8700,,,25.755761099999997,-80.2586565,33134,5.0,1.0,Construction company,None,outscraper
RapidRoof Experts,+1 786-349-9436,,,25.7500994,-80.2581895,33134,5.0,4.0,Roofing contractor,None,outscraper
"Vico Contractors, Inc.",None,,,25.7554303,-80.2586271,33134,,,General contractor,None,outscraper
ForeverPools,+1 305-965-0306,,,25.7475874,-80.2619771,33134,4.9,157.0,Swimming pool contractor,None,outscraper
Deco Concrete Inc.,+1 305-828-5158,,,25.748515299999998,-80.258363,33134,4.4,67.0,Concrete contractor,None,outscraper
GOYA Corp,+1 305-441-2482,,,25.752191,-80.2611532,33134,2.3,3.0,Construction company,None,outscraper
C G Handyman,+1 305-440-4533,,,25.725441,-80.26264499999999,33146,4.4,7.0,Handyman/Handywoman/Handyperson,None,outscraper
Creara Company,+1 305-476-0401,,,25.7500593,-80.2609246,33134,,,Concrete contractor,None,outscraper
Ardurra,+1 305-602-4602,,,25.7513418,-80.2590994,33134,1.0,1.0,Civil engineering company,None,outscraper
Coral Gables Overhead Door & Gate Services Inc,+1 305-770-6299,,,25.7489775,-80.2623775,33134,5.0,5.0,Garage door supplier,None,outscraper
Luxon Construction,+1 786-862-6033,,,25.7445178,-80.2596452,33134,,,General contractor,None,outscraper
Hydroterra Engineering Group,+1 305-200-8796,,,25.7484523,-80.2581276,33134,5.0,12.0,Civil engineering company,None,outscraper
Odebrecht,+1 305-341-8800,,,25.75253,-80.259276,33134,2.5,2.0,Contractor,None,outscraper
Elekron Electric Inc,+1 786-423-5230,,,25.7503608,-80.2569431,33134,5.0,236.0,Electrician,None,outscraper
Home | B&R Group Inc.,+1 415-697-2787,,,25.747215699999998,-80.260847,33134,4.0,1.0,Contractor,None,outscraper
4 D Construction LLC,+1 305-460-6300,,,25.7423131,-80.2580065,33134,,,Construction company,None,outscraper
Coral Gables Garage Door Experts,+1 645-600-1156,,,25.7506181,-80.2589641,33134,5.0,3.0,Garage door supplier,None,outscraper
Horizon Design & Construction,+1 786-326-5767,,,25.7459875,-80.2615426,33134,,,Construction company,None,outscraper
Yates & Co,+1 305-446-0406,,,25.7522694,-80.25983719999999,33134,5.0,1.0,Real estate developer,None,outscraper
"Waypoint Contracting, Inc.",+1 786-608-1406,,,25.7837818,-80.32437999999999,33126,5.0,47.0,General contractor,None,outscraper
Gables & Grove Painting,+1 305-908-1838,,,25.7481969,-80.2700357,33134,4.8,139.0,Painting,None,outscraper
Codina Partners,+1 305-529-1300,,,25.7537377,-80.2610263,33134,3.0,12.0,Real estate developer,None,outscraper
LEGO Construction Co.,+1 305-381-8421,,,25.7863004,-80.2112901,33136,3.7,13.0,Construction company,None,outscraper
Cummins Cederberg - Coastal & Marine Engineering,+1 305-741-6155,,,25.752686999999998,-80.2599649,33134,3.5,4.0,Civil engineering company,None,outscraper
The Calta Group,+1 786-360-1989,,,25.743865399999997,-80.2581265,33134,4.2,5.0,Real estate developer,None,outscraper
MG Developer,+1 305-718-4575,,,25.7415326,-80.26278239999999,33134,4.4,9.0,Real estate developer,None,outscraper
Alan Pastors constracting,+1 701-394-2412,,,25.748469099999998,-80.2581627,33134,,,Roofing contractor,None,outscraper
Nimble Construction LLC,+1 305-600-9400,,,25.751373899999997,-80.260295,33134,,,Construction company,None,outscraper
Gregory A Dixon Corp,+1 305-753-2827,,,25.753343899999997,-80.2617367,33134,,,Construction company,None,outscraper
Reyusa inc,+1 786-773-9371,,,25.747715499999998,-80.26951,33134,,,Construction company,None,outscraper
Coral Gables A Sliding Door Repair,+1 786-312-1043,,,25.7481883,-80.2581702,33134,4.9,63.0,Window installation service,None,outscraper
DoubleDay Engineering,+1 305-209-2396,,,25.7515492,-80.256388,33134,4.7,15.0,General contractor,None,outscraper
"Rausa Builders, Corp",+1 305-554-5711,,,25.7319039,-80.3093337,33155,4.3,24.0,General contractor,None,outscraper
Sunshine Painting Contractors Miami,None,,,25.7538761,-80.2613245,33134,,,Painting,None,outscraper
EcoGreen Handyman,+1 786-292-0840,,,25.747975099999998,-80.266077,33134,,,Handyman/Handywoman/Handyperson,None,outscraper
Contemporary Builders Inc,+1 305-662-6840,,,25.6873146,-80.32040119999999,33156,5.0,1.0,General contractor,None,outscraper
Best Wallpaper Installer Miami,+1 754-239-2209,,,25.751446299999998,-80.262316,33134,5.0,14.0,Wallpaper installer,None,outscraper
Marbleon,None,,,25.748645999999997,-80.26440869999999,33134,,,Wallpaper installer,None,outscraper
Atlantic Building Corporation,+1 305-447-0536,,,25.753322599999997,-80.2590953,33134,,,General contractor,None,outscraper
The Village at Coral Gables Model Home,+1 786-833-6398,,,25.746375999999998,-80.2706826,33134,5.0,1.0,Real estate developer,None,outscraper
The Canero Group,+1 305-444-5004,,,25.7509983,-80.2599345,33134,5.0,7.0,Real estate developer,None,outscraper
H Builders Corp.,None,,,25.748475499999998,-80.2596203,33134,,,Custom home builder,None,outscraper
Coral Gables Plumbing Co,+1 305-254-3434,,,25.648274699999998,-80.3340806,33176,4.8,223.0,Plumber,None,outscraper
AS Plumbing & Heating Coral Gables,+1 305-686-4751,,,25.7335779,-80.26149079999999,33146,5.0,5.0,Plumber,None,outscraper
Coral Gables Plumbers,+1 305-600-5510,,,25.7069603,-80.2572618,33133,1.0,1.0,Plumber,None,outscraper
Miami 24/7 Plumbing - Miami Emergency Plumbers,+1 305-440-0878,,,25.759981099999997,-80.24667629999999,33145,4.9,234.0,Plumber,None,outscraper
Coral Plumbing & Services,+1 645-215-3850,,,25.732791199999998,-80.26136009999999,33146,5.0,2.0,Plumber,None,outscraper
Bay Plumbing Co,+1 305-446-8141,,,25.7392245,-80.2427618,33133,3.9,10.0,Plumber,None,outscraper
Coral Reef Plumbing,+1 305-361-6769,,,25.7828202,-80.31365339999999,33126,4.3,46.0,Plumber,None,outscraper
The Plumbers,+1 305-697-3490,,,25.7267078,-80.3166628,33155,4.9,85.0,Plumber,None,outscraper
Horne Plumbing,+1 305-666-8583,,,25.6956569,-80.3022931,33143,5.0,67.0,Plumber,None,outscraper
All Test Plumbing and Repairs,+1 786-964-7025,,,25.6940694,-80.3234536,33143,5.0,40.0,Plumber,None,outscraper
Gulf Plumbing Inc,+1 786-829-7631,,,25.7262798,-80.308471,33155,5.0,13.0,Plumber,None,outscraper
Precision Mechanical and Plumbing,+1 786-485-4994,,,25.727627299999998,-80.3133513,33155,4.6,59.0,Plumber,None,outscraper
AKO Plumbing Corp.,+1 305-269-8033,,,25.775955,-80.231325,33125,4.8,37.0,Plumber,None,outscraper
Prince Valiant Inspections,+1 786-370-1689,,,25.765353299999997,-80.2579224,33134,4.9,29.0,Home inspector,None,outscraper
Cutting Edge Innovative,+1 786-957-7775,,,25.7535608,-80.2548839,33134,4.8,56.0,Construction company,None,outscraper
RC Coast Construction,+1 786-291-7892,,,25.7478038,-80.2542787,33145,5.0,7.0,Construction company,None,outscraper
L & Q Handyman & Construction,+1 305-602-5622,,,25.7506506,-80.2514211,33145,5.0,32.0,Handyman/Handywoman/Handyperson,None,outscraper
Mohr corp plumbing,+1 305-962-6978,,,25.741004999999998,-80.2989158,33155,4.3,21.0,Plumber,None,outscraper
"Ferguson Bath, Kitchen & Lighting Gallery",+1 305-507-6221,,,25.7335623,-80.2582219,33146,3.9,98.0,Bathroom supply store,None,outscraper
One Stop Construction,+1 305-442-2799,,,25.7692983,-80.2641263,33134,4.7,81.0,Construction company,None,outscraper
Alpha Foundations,+1 786-745-7911,,,25.771127699999997,-80.2741554,33134,4.9,144.0,Concrete contractor,None,outscraper
Kaminskiy Care and Repair Handyman Services,+1 786-527-2055,,,25.756018599999997,-80.25858889999999,33134,,,Handyman/Handywoman/Handyperson,None,outscraper
Curly’s Home Service & Repair,+1 305-359-3868,,,25.756018599999997,-80.25858889999999,33134,,,Remodeler,None,outscraper
Water Damage Restoration 24H Near you,+1 239-388-3425,,,25.7486617,-80.2461732,33145,5.0,20.0,Water damage restoration service,None,outscraper
Colmar Construction Corp,+1 786-686-8639,,,25.7282834,-80.2600236,33133,5.0,5.0,General contractor,None,outscraper
D and D Plumbing,+1 305-979-0516,,,25.7531368,-80.25360739999999,33145,2.1,7.0,Plumber,None,outscraper
"South East Plumbing, Inc.",+1 305-262-3424,,,25.7548393,-80.2879142,33155,5.0,14.0,Plumber,None,outscraper
ARPE Engineering,+1 305-444-9809,,,25.7539293,-80.25921559999999,33134,5.0,1.0,Engineer,None,outscraper
"Safcoconstruction, Inc.",+1 786-655-6464,,,25.7526363,-80.2611969,33134,5.0,12.0,Construction company,None,outscraper
"USA Plumbing & Septic, Inc. - Plumber Miami",+1 305-856-1696,,,25.799149999999997,-80.24092999999999,33142,4.2,21.0,Plumber,None,outscraper
The Public Adjusters Advantage,+1 305-445-5388,,,25.7640368,-80.2594237,33134,4.2,13.0,Loss adjuster,None,outscraper
Fab's Construction & Remodeling,+1 305-833-8062,,,25.757054399999998,-80.25916629999999,33134,4.8,25.0,Remodeler,None,outscraper
Fuse Speciality Appliances & Plumbing,+1 305-433-6189,,,25.740883699999998,-80.2367494,33133,4.6,379.0,Appliance store,None,outscraper
Gables Construction Group,+1 305-459-1177,,,25.740818599999997,-80.2784533,33134,5.0,6.0,Construction company,None,outscraper
Demolition Masters Inc,+1 305-448-7511,,,25.763411599999998,-80.2846509,33134,4.2,5.0,Demolition contractor,None,outscraper
Miami 305 Plumbing,+1 305-833-3404,,,25.715612,-80.3732811,33165,5.0,147.0,Plumber,None,outscraper
Brothers Backflow Plumbing & Gas Contractors,+1 305-267-3992,,,25.725227,-80.3165025,33155,4.1,12.0,Plumber,None,outscraper
Amerifirst Construction Corp - CGC # 1507077,+1 305-306-1415,,,25.7554303,-80.2586271,33134,5.0,22.0,Construction company,None,outscraper
MAW Wellness,+1 305-677-9897,,,25.749428599999998,-80.2560232,33134,4.8,288.0,Water filter supplier,None,outscraper
Linda Home Center,+1 305-444-4120,,,25.7645725,-80.26617159999999,33134,3.9,69.0,Hardware store,None,outscraper
Oasis Plumbing,+1 305-834-4321,,,25.8956335,-80.1704294,33161,4.9,575.0,Plumber,None,outscraper
Father and Son Plumbing,+1 954-440-7640,,,25.9803307,-80.1549335,33009,4.8,198.0,Plumber,None,outscraper
Immerz Water Damage,+1 786-227-5188,,,25.744838899999998,-80.2612077,33134,,,Water damage restoration service,None,outscraper
"Sisper Power & Construction Services 1, LLC",+1 786-922-1369,,,25.7554303,-80.2586271,33134,,,Construction company,None,outscraper
Gables Ponce,+1 786-733-8956,,,25.729346399999997,-80.26070229999999,33146,4.5,313.0,Apartment rental agency,None,outscraper
MSPG Law Group,+1 305-444-1887,,,25.764946899999998,-80.259072,33134,4.4,116.0,Attorney,None,outscraper
m2e Consulting Engineers,+1 305-998-0663,,,25.752691799999997,-80.25992289999999,33134,4.0,11.0,Engineering consultant,None,outscraper
Moises|Gross,+1 305-306-3055,,,25.762759,-80.2628976,33134,4.7,48.0,Insurance attorney,None,outscraper
"Bard, Rao + Athanas Consulting Engineers, LLC",+1 305-529-1515,,,25.747996699999998,-80.2549636,33134,4.5,2.0,Engineering consultant,None,outscraper
JB Cabinets and Home Design,+1 786-803-8823,,,25.7643985,-80.2729334,33134,5.0,4.0,Bathroom supply store,None,outscraper
Elekron Electric Inc,+1 786-423-5230,,,25.7503608,-80.2569431,33134,5.0,236.0,Electrician,None,outscraper
Xmart Power Electric,+1 800-741-5257,,,25.709761699999998,-80.28197589999999,33146,4.9,36.0,Electrician,None,outscraper
Miami Electrical Services,+1 844-987-9393,,,25.759684699999998,-80.2307507,33145,4.7,20.0,Electrician,None,outscraper
Duncan Electrical Service,+1 305-315-4904,,,25.7333571,-80.26098089999999,33146,4.3,19.0,Electrician,None,outscraper
Alex All Electric,+1 786-362-9679,,,25.7296181,-80.3360848,33165,4.9,120.0,Electrician,None,outscraper
My Angel Service,+1 305-399-4211,,,25.7755123,-80.2348695,33125,5.0,31.0,Electrician,None,outscraper
OnCall Electric,+1 786-597-7574,,,25.733528099999997,-80.3225453,33155,4.7,12.0,Electrician,None,outscraper
Road Runner Electric Inc,+1 305-267-1013,,,25.726665399999998,-80.31425209999999,33155,4.4,36.0,Electrician,None,outscraper
Electrik Pros,+1 305-239-4959,,,25.7832631,-80.28141959999999,33126,4.8,225.0,Electrician,None,outscraper
1st Choice Electrician,+1 786-434-7322,,,25.751066599999998,-80.22578159999999,33145,5.0,6.0,Electrician,None,outscraper
First Choice Electrical of Miami,+1 786-315-8688,,,25.777464199999997,-80.3160752,33126,5.0,22.0,Electrician,None,outscraper
ELECTRICAL SYSTEM M CORP,None,,,25.7643901,-80.28121399999999,33134,,,Electrical supply store,None,outscraper
ELECTRICAL SYSTEM M CORP,None,,,25.7643901,-80.28121399999999,33134,,,Electrical supply store,None,outscraper
CPS Electric Inc,+1 786-224-9656,,,25.7890242,-80.2413325,33125,4.7,13.0,Electrician,None,outscraper
Trusted Electrical Solutions,+1 786-342-9582,,,25.6408462,-80.3809855,33176,5.0,237.0,Electrician,None,outscraper
Mister Sparky,+1 305-203-0964,,,25.6537547,-80.38280139999999,33176,4.7,2081.0,Electrician,None,outscraper
ARPE Engineering,+1 305-444-9809,,,25.7539293,-80.25921559999999,33134,5.0,1.0,Engineer,None,outscraper
Cueto Engineering,+1 786-563-3056,,,25.7536654,-80.2552659,33134,4.9,36.0,Structural engineer,None,outscraper
Max Appliance Repair Miami,+1 786-733-9343,,,25.7472164,-80.2608375,33134,4.9,221.0,Appliance repair service,None,outscraper
Pro-Precision Electrical Contracting LLC,+1 305-439-1784,,,25.562511699999998,-80.3476191,33190,4.9,56.0,Electrician,None,outscraper
Coral Gable Appliance Repair Men,+1 786-465-6780,,,25.726719799999998,-80.2630212,33146,5.0,4.0,Small appliance repair service,None,outscraper
RC Coast Construction,+1 786-291-7892,,,25.7478038,-80.2542787,33145,5.0,7.0,Construction company,None,outscraper
Zenith AC Repairs Coral Gables,+1 786-823-3070,,,25.7069922,-80.2833948,33146,4.8,9.0,Air conditioning repair service,None,outscraper
"Safcoconstruction, Inc.",+1 786-655-6464,,,25.7526363,-80.2611969,33134,5.0,12.0,Construction company,None,outscraper
Modern Homes,+1 786-322-0471,,,25.7289376,-80.25606619999999,33133,,,Television repair service,None,outscraper
2555 Ponce De Leon,+1 305-444-8900,,,25.7480035,-80.258028,33134,4.8,60.0,Business center,None,outscraper
UrbanChill AC Repairs Coral Gables,+1 786-882-8468,,,25.7517413,-80.2573532,33134,4.7,13.0,Air conditioning repair service,None,outscraper
Giralda Place Parking Garage,+1 615-238-2250,,,25.751373899999997,-80.260295,33134,4.5,46.0,Parking garage,None,outscraper
Cool It Air Conditioning Repair,+1 305-850-6490,,,25.7341412,-80.2610479,33146,4.6,34.0,Air conditioning repair service,None,outscraper
Wiremasters Electric Inc,+1 305-378-4011,,,25.6494359,-80.3373086,33176,4.4,35.0,Electrician,None,outscraper
Leader Service,+1 305-858-1020,,,25.7505761,-80.22227889999999,33145,4.9,365.0,Auto repair shop,None,outscraper
Sub-Zero Repair Services,+1 800-651-4528,,,25.7570464,-80.25917679999999,33134,5.0,25.0,Appliance repair service,None,outscraper
Electric Sun Tanning Salons,+1 786-717-5234,,,25.70901,-80.28571409999999,33143,5.0,572.0,Tanning salon,None,outscraper
OBE Power Charging Station,+1 888-951-1118,,,25.760436499999997,-80.25936639999999,33134,5.0,1.0,Electric vehicle charging station,None,outscraper
Cutting Edge Innovative,+1 786-957-7775,,,25.7535608,-80.2548839,33134,4.8,56.0,Construction company,None,outscraper
ChargePoint Charging Station,None,,,25.747479,-80.26899,33134,5.0,1.0,Electric vehicle charging station,None,outscraper
AS Plumbing & Heating Coral Gables,+1 305-686-4751,,,25.7335779,-80.26149079999999,33146,5.0,5.0,Plumber,None,outscraper
Polestar Miami,+1 786-963-7025,,,25.749069199999997,-80.2615125,33134,5.0,28.0,Car dealer,None,outscraper
DoubleDay Engineering,+1 305-209-2396,,,25.7515492,-80.256388,33134,4.7,15.0,Structural engineer,None,outscraper
SERVPRO of Wynwood,+1 305-377-2325,,,25.750106499999998,-80.2373132,33145,5.0,12.0,Water damage restoration service,None,outscraper
Allelusso Shades Miami - Quality Electric Blinds- Affordable Roller Shades.,+1 305-632-0922,,,25.7554303,-80.2586271,33134,4.9,92.0,Window treatment store,None,outscraper
Cyberall Group USA,+1 305-766-7099,,,25.7475539,-80.2619213,33134,,,Electrical equipment supplier,None,outscraper
Sub Zero Service Center,+1 786-292-3241,,,25.752593899999997,-80.25979389999999,33134,1.0,1.0,Refrigerator repair service,None,outscraper
Electric Ice Cryo South Miami Cryotherapy Cold Therapy Coral Gables Florida,+1 786-717-5249,,,25.708986099999997,-80.28583309999999,33143,5.0,87.0,Day spa,None,outscraper
Century Homebuilders Group,+1 305-599-8100,,,25.7556849,-80.25864589999999,33134,3.7,89.0,Real estate developer,None,outscraper
Miele Experience Center Coral Gables,+1 786-673-0280,,,25.73245,-80.25875099999999,33146,4.4,83.0,Appliance store,None,outscraper
Ilumeyco International LLC,+1 305-921-9391,,,25.7542777,-80.2592485,33134,,,Electrical equipment supplier,None,outscraper
Signature HVAC Master Services,+1 251-493-1758,,,25.7498337,-80.26088299999999,33134,5.0,1.0,Air conditioning repair service,None,outscraper
Coral Gables Garage Door Pros,+1 786-894-0256,,,25.7312138,-80.2603584,33146,5.0,2.0,Garage door supplier,None,outscraper
Department of Electrical and Computer Engineering,+1 305-284-3291,,,25.7225729,-80.27892709999999,33146,4.5,2.0,Academic department,None,outscraper
Miami Power Company,+1 305-778-5045,,,25.9570336,-80.175325,33179,5.0,6.0,Electrician,None,outscraper
BrightMaid Home Service,None,,,25.7498337,-80.26088299999999,33134,5.0,1.0,House clearance service,None,outscraper
Enercon Group Inc,+1 305-445-0647,,,25.7459837,-80.2608882,33134,,,Electric utility company,None,outscraper
EVgo Car Charging Station,+1 877-494-3833,,,25.748977099999998,-80.26446779999999,33134,2.5,44.0,Electric vehicle charging station,None,outscraper
Miami Outdoor Lighting,+1 877-557-7772,,,25.7525203,-80.2571148,33134,5.0,4.0,Lighting contractor,None,outscraper
"CONDO 1111, LLC",None,,,25.753299799999997,-80.25800129999999,33134,,,Air conditioning repair service,None,outscraper
No Boundaries Sport,+1 305-444-3206,,,25.7503034,-80.2591405,33134,4.7,528.0,Bicycle Shop,None,outscraper
AmpUp Charging Station,+1 305-460-2022,,,25.751804999999997,-80.259171,33134,,,Electric vehicle charging station,None,outscraper
CITY OF CORAL GABLES,None,,,25.7473358,-80.25594319999999,33134,2.5,2.0,Parking lot,None,outscraper
ChargePoint Charging Station,+1 888-758-4389,,,25.753444,-80.25957199999999,33134,,,Electric vehicle charging station,None,outscraper
Coral Appliance Pros,+1 305-845-9320,,,25.759240899999998,-80.2589235,33134,,,Appliance repair service,None,outscraper
Green's Garage,+1 305-444-8881,,,25.749578399999997,-80.2462346,33145,4.6,824.0,Auto repair shop,None,outscraper
"Miami Best Electric, Inc.",+1 786-853-8065,,,25.8932546,-80.2886351,33014,5.0,4.0,Electrician,None,outscraper
Blink Charging Station,+1 888-998-2546,,,25.747916699999998,-80.263443,33134,,,Electric vehicle charging station,None,outscraper
ARM by SIASA,None,,,25.7444821,-80.2596311,33134,,,Electrical supply store,None,outscraper
