business_name,phone,website,address,lat,lon,postcode,rating,review_count,category_raw,price,source
'Canes Central,(305) 284-4247,https://canescentral.miami.edu/,"1307 Stanford Dr, Coral Gables, FL 33146",,,,2.8,,['University'],,serpapi
100 Montaditos Coral Gables,,https://us.100montaditos.com/,"327 Alhambra Cir, Coral Gables, FL 33134",,,,4.2,,"['Spanish restaurant', 'Beer hall', 'Breakfast restaurant', 'Caterer', 'Event venue', 'Lunch restaurant', 'Restaurant', 'Sandwich shop', 'Tapas restaurant', 'Wine bar']",,serpapi
1939 historic building Loews Coral Gables Hotel,(786) 772-7600,https://www.loewshotels.com/coral-gables,"2950 Coconut Grove Dr, Coral Gables, FL 33134",,,,4.6,,"['Hotel', 'Conference center', 'Wedding venue']",,serpapi
19th Hole Sports Bar & Grill,,,"13610 Deering Bay Dr, Coral Gables, FL 33158",,,,5,,American restaurant,,serpapi
24/7 Nursing Care Inc.,(786) 518-3622,https://www.24-7nursingcare.com/,"9425 Sunset Dr #170, Miami, FL 33173",,,,4.4,,Home health care service,,serpapi
3 Chefs and a Chicken,(786) 953-4811,https://3chefsandachicken.com/3chefsandachicken-xso1yr?utm_source=google,"6601 SW 57th Ave, Miami, FL 33146",,,,4.3,,"['Chicken restaurant', 'Caribbean restaurant', 'Family restaurant', 'Fast food restaurant', 'Health food restaurant', 'Latin American restaurant']",,serpapi
30+ years experience BrightView Landscape,(305) 258-8011,https://www.brightview.com/local/homestead-fl/landscape-services,"4155 E Mowry Dr, Homestead, FL 33033",,,,4.5,,Landscaper,,serpapi
"30,000 sq ft meeting space Comber Hall",(855) 969-3080,https://biltmorehotel.com/coral-gables-event-venues/meeting-rooms/?utm_source=google&utm_medium=organic&utm_campaign=gmb-listing,"1200 Anastasia Ave suite w, Coral Gables, FL 33134",,,,4.5,,Event venue,,serpapi
"305 Drive Inc., Limousine Service",(305) 310-9357,http://www.305-drive.com/,"1100 S Miami Ave, Miami, FL 33130",,,,4.9,,"['Limousine service', 'Chauffeur service']",,serpapi
305 Peruvian Modern Cuisine,+1 786-409-7144,https://305peruvian.com/?utm_source=google,"261 SW 8th St, Miami, FL 33130, United States",,,,4.8,,"['Peruvian restaurant', 'Asian fusion restaurant', 'Caterer', 'Family restaurant', 'Latin American restaurant', 'Restaurant', 'Seafood restaurant', 'Sushi restaurant']",,serpapi
305 Pink Pack,(305) 859-1224,https://www.305pinkpack.org/,,,,,5,,"['Non-profit organization', 'Service establishment']",,serpapi
305 Senior,(786) 441-8800,http://www.palacecoralgables.com/,"1 Andalusia Ave, Coral Gables, FL 33134",,,,4.9,,Assisted living facility,,serpapi
"4000 Ponce, LLC (CMC Group)",(305) 372-0550,http://cmcgroupmiami.com/,"1550 Biscayne Blvd #300, Miami, FL 33132",,,,3,,Real estate developer,,serpapi
450 Gradi,(786) 391-1276,https://450-gradi.com/,"130 Miracle Mile, Coral Gables, FL 33134",,,,4.8,,['Italian restaurant'],,serpapi
4KIDS of South Florida,(954) 979-7911,https://www.4kids.us/,"2717 W Cypress Creek Rd, Fort Lauderdale, FL 33309",,,,4.8,35,Foster care service,,serpapi
"4MG Mortgage, LLC",,http://4mgmortgage.com/,"1501 Venera Ave #230, Miami, FL 33146",,,,5,,['Mortgage broker'],,serpapi
7-Eleven,(305) 446-1533,https://www.7-eleven.com/locations/fl/coral-gables/3960-sw-8th-street-10535?utm_source=G&utm_medium=local&utm_campaign=google-local,"3960 SW 8th St, Coral Gables, FL 33134",,,,3.3,,Convenience store,,serpapi
924 bird rd coral gable,,,"Coral Gables, FL 33146",,,,,,,,serpapi
A&G CPA Firm,(786) 838-7062,http://www.agcpafirm.com/,"1200 Anastasia Ave #412, Coral Gables, FL 33134",,,,4.9,,['Certified public accountant'],,serpapi
A1 Underground & Plumbing Services,(954) 872-0018,https://undergroundplumbers.com/,"4875 SW 57th Terrace, Davie, FL 33314",,,,4.8,,['Plumber'],,serpapi
A4 Graphic Design,(786) 397-8359,http://www.a4graphic.com/,"3362 Coral Wy, Miami, FL 33145",,,,4.9,,"['Commercial printer', 'Graphic designer', 'Sign shop', 'Uniform store', 'Website designer']",,serpapi
AAA Insurance,(305) 270-6450,https://locator.acg.aaa.com/fl/miami/aaa-kendall,"7074 SW 117th Ave, Kendall, FL 33183",,,,4.2,,Travel agency,,serpapi
AAA Million Auto Parts,(305) 642-5821,http://www.aaamillion.com/,"311 SW 22nd Ave, Miami, FL 33135",,,,4.5,,Auto parts store,,serpapi
AC Hotel Miami Dadeland,(305) 668-4490,https://www.marriott.com/en-us/hotels/miacd-ac-hotel-miami-dadeland/overview/?scid=f2ae0541-1279-4f24-b197-a979c79310b0,"7695 N Kendall Dr, Miami, FL 33156",,,,4.4,,"['Hotel', 'Meeting planning service']",,serpapi
accounting,(305) 448-0542,http://bpaaccounting.com/,"2030 Douglas Rd STE 119, Coral Gables, FL 33134",,,,5,,Accountant,,serpapi
Accounting to Scale,(305) 503-2814,http://www.accountingtoscale.com/,"8055 Coral Wy, Miami, FL 33155",,,,5,,"['Accounting firm', 'Bookkeeping service', 'Certified public accountant', 'Tax preparation']",,serpapi
Ace Hardware,(305) 284-1123,http://www.acehardware.com/store-details/15975?utm_source=google&utm_medium=local&utm_campaign=localmaps&utm_content=15975,"5749 Bird Rd, Miami, FL 33155",,,,4.3,,Hardware store,,serpapi
ActionCOACH Team Sage,(305) 396-8779,http://actioncoachteamsage.com/,"2544 Swanson Ave, Coconut Grove, FL 33133",,,,4.7,,['Business management consultant'],,serpapi
Activate Swag,(800) 214-3408,http://activateswag.com/,"4302 SW 73rd Ave Suite 2, Miami, FL 33155",,,,4.6,,['Marketing agency'],,serpapi
Actors' Playhouse at the Miracle Theatre,(305) 444-9293,http://www.actorsplayhouse.org/,"280 Miracle Mile, Coral Gables, FL 33134",,,,4.7,,['Performing arts theater'],,serpapi
Actually Organized,(786) 512-0241,https://www.actuallyorganized.net/,,,,,5,,Custom home builder,,serpapi
ADRIANA HOYOS,(305) 424-1088,http://www.adrianahoyos.com/,"2725 Salzedo St, Coral Gables, FL 33134",,,,3.8,,['Furniture store'],,serpapi
Advance Auto Parts,(305) 448-1466,https://stores.advanceautoparts.com/fl/coral-gables/4380-sw-8th-st?utm_medium=local&utm_source=yext-gmb&utm_content=gmb-2016-12-29&utm_campaign=aap,"4380 SW 8th St, Coral Gables, FL 33134",,,,4.5,,"['Auto parts store', 'Car accessories store', 'Car battery store', 'Tool rental service', 'Truck accessories store']",,serpapi
Advanced Automation Programming,(305) 902-1651,http://www.aapmiami.com/,"401 Miracle Mile suite 100, Coral Gables, FL 33134",,,,5,,Home automation company,,serpapi
advertising,(305) 677-1621,http://kukicadvertising.com/,"95 Merrick Wy Suite 300, Coral Gables, FL 33134",,,,5,,Advertising agency,,serpapi
Agave Holdings,+1 305-723-9898,https://www.maizyagave.com/,"375 Miracle Mile, Miami, FL 33134, United States",,,,4.7,,Mexican restaurant,,serpapi
"Agave Plaza Trustee, LLC",(305) 459-8131,https://theplazacoralgables.com/,"2811 Ponce de Leon Blvd, Coral Gables, FL 33134",,,,3.9,,Leisure center,,serpapi
AI Digital,(305) 260-7577 ext. 1222,https://www.americadigital.com/,"2525 Ponce De Leon Blvd., Suite 250 Coral Gables, Miami, FL 33134",,,,,,Media company,,serpapi
Airlab Fitness,(305) 396-8548,https://www.airlabfitness.com/,"35 Alhambra Plz, Coral Gables, FL 33134",,,,5,,['Fitness center'],,serpapi
Airports,(305) 876-7000,https://www.miami-airport.com/,"2100 NW 42nd Ave, Miami, FL 33142",,,,3.9,,International airport,,serpapi
AJP Ventures Corp.,,,"2990 Ponce de Leon, Coral Gables, FL 33134, United States",,,,5,,['Business management consultant'],,serpapi
Akashi Japanese Restaurant,(305) 665-6261,http://www.akashisushi.com/,"5830 S Dixie Hwy, South Miami, FL 33143",,,,4.3,,"['Japanese restaurant', 'Asian restaurant', 'Family restaurant', 'Fine dining restaurant', 'Sushi restaurant']",,serpapi
Al-Amir,(786) 603-9400,,"6420 Bird Rd, Miami, FL 33155",,,,4.6,,['Lebanese restaurant'],,serpapi
Albany Homes Construction Inc.,(786) 964-7969,http://www.albanyhomes.us/,"500 S Dixie Hwy, Coral Gables, FL 33146",,,,3.9,,"['General contractor', 'Construction company', 'Handyman/Handywoman/Handyperson']",,serpapi
Albite Law Group PA,(305) 985-3740,,"6547 Coral Wy, Miami, FL 33155",,,,4.8,,"['Attorney', 'Immigration attorney', 'Insurance attorney']",,serpapi
Aldi,(855) 955-2534,https://www.aldi.us/stores/l/fl/miami/3750-s-dixie-hwy/fa44,"3750 S Dixie Hwy, Miami, FL 33133",,,,4.3,,Supermarket,,serpapi
Alegro Music Center,(305) 740-9400,,"6869 SW 8th St, Miami, FL 33144",,,,4.6,,Musical instrument store,,serpapi
Algo Law Firm,(305) 723-1876,https://www.algofirm.com/,"815 Ponce de Leon Blvd suite 101, Coral Gables, FL 33134",,,,4.3,,['Law firm'],,serpapi
Alhambra Station Cafe,(305) 441-2676,https://www.toasttab.com/alhambrastationcafe/v3,"255 Alhambra Cir #170, Coral Gables, FL 33134",,,,4.4,,"['Restaurant', 'Cafe', 'Coffee shop']",,serpapi
Alianza Strategies,(305) 381-5116,http://www.alianzalawfirm.com/contact.html,"2100 Coral Wy, Coral Gables, FL 33145",,,,5,,Legal services,,serpapi
"Alice Bravo & Assoc., LLC",(305) 209-9019,http://www.pabravo.com/,"2525 Ponce de Leon Blvd Ste 300, Coral Gables, FL 33134",,,,,,Legal services,,serpapi
All Atlantic Benefits,(305) 809-8211,https://www.allatlanticbenefits.com/,"200 S Park Rd Suite 475, Hollywood, FL 33021",,,,,,Health insurance agency,,serpapi
"All My Sons Moving & Storage of Miami, LLC",(305) 363-1655,https://www.allmysons.com/miami/index.aspx?utm_source=GMBlisting&utm_medium=organic&phone=305-363-1655,"111 NE 1st St 8th Floor #1004, Miami, FL 33132",,,,3.8,,Moving and storage service,,serpapi
allCanes,(305) 661-9011,http://www.allcanes.com/,"5831 Ponce de Leon Blvd, Coral Gables, FL 33146",,,,4.7,,"['Sportswear store', 'Sports memorabilia store']",,serpapi
"Allen Dyer Doppelt + Gilchrist, P.A",(305) 374-8303,https://allendyer.com/,"121 Alhambra Plz Suite 1250, Coral Gables, FL 33134",,,,1,,['Law firm'],,serpapi
Allen Morris Company,(305) 443-1000,http://www.allenmorris.com/,"121 Alhambra Plz #1600, Coral Gables, FL 33134",,,,5,,"['Corporate office', 'Commercial real estate agency', 'Office space rental agency', 'Property management company', 'Real estate agency', 'Real estate developer']",,serpapi
Alliant Insurance Services Inc,(305) 421-0900,https://alliant.com/,"804 Douglas Rd Suite 830, Coral Gables, FL 33134",,,,,,Insurance broker,,serpapi
AllianzTrade,(305) 269-1955,https://www.allianz-trade.com/en_US.html,"10451 NW 117th Ave #101, Miami, FL 33178",,,,5,,Insurance agency,,serpapi
Allied North America Insurance Brokerage Of FL LLC,(305) 265-0112,https://nsigroup.org/contact/coral-gables-fl-insurance/,"2122 SW 67th Ave, Miami, FL 33155",,,,5,,Home insurance agency,,serpapi
Aloft Miami Dadeland,(305) 595-6000,https://www.marriott.com/en-us/hotels/miamd-aloft-miami-dadeland/overview/?scid=f2ae0541-1279-4f24-b197-a979c79310b0,"7600 N Kendall Dr, Miami, FL 33156",,,,3.8,,"['Hotel', 'Meeting planning service']",,serpapi
Alpha Claims Consultants,(786) 496-2377,http://alphaclaimscorp.com/,"8362 Pines Blvd Suite 402, Pembroke Pines, FL 33024",,,,4.4,,Business management consultant,,serpapi
Alzheimers Association,(800) 272-3900,https://www.alz.org/,"2828 Coral Wy #103, Miami, FL 33145",,,,,,Association / Organization,,serpapi
AMan Barber Shop,(305) 282-7081,https://www.a-manbarbershop.com/,"2 Aragon Ave Suite #33, Coral Gables, FL 33134",,,,5,,['Barber shop'],,serpapi
AMC Sunset Place 24,(305) 740-8904,https://www.amctheatres.com/movie-theatres/miami-ft-lauderdale/amc-sunset-place-24?utm_medium=organic&utm_source=google&utm_campaign=local,"5701 Sunset Dr #300, South Miami, FL 33143",,,,4.2,,"['Movie theater', 'IMAX theater']",,serpapi
Amerant Bank,(305) 460-4001,https://www.amerantbank.com/branches/fl/coral-gables/220-alhambra-circle,"220 Alhambra Cir, Coral Gables, FL 33134",,,,4,,Bank,,serpapi
America Red Cross - South Florida,(305) 644-1200,https://www.redcross.org/local/florida/south-florida/about-us/locations/greater-miami-the-keys.html?CID=organic_gmb_listings,"335 SW 27th Ave, Miami, FL 33135",,,,4.6,,"['Non-profit organization', 'Charity', 'Volunteer organization']",,serpapi
American Airlines,(800) 433-7300,,"901 Ponce de Leon Blvd, Coral Gables, FL 33134",,,,4.2,,['Airline'],,serpapi
American Cancer Society,(786) 535-7147,https://www.cancer.org/,"9500 S Dadeland Blvd #710, Miami, FL 33156",,,,3,,['Association / Organization'],,serpapi
American Heart Association,(305) 631-4740,http://www.heart.org/,"2600 SW 3rd Ave STE 900, Miami, FL 33129",,,,5,,"['Non-profit organization', 'Association / Organization']",,serpapi
American Legion Post 98,(305) 400-8043,http://www.alpost98.org/,"303 Alhambra Cir, Coral Gables, FL 33134",,,,4.9,16,['Veterans organization'],,serpapi
American Red Cross,(305) 644-1200,https://www.redcross.org/local/florida/south-florida/about-us/locations/greater-miami-the-keys.html?CID=organic_gmb_listings,"335 SW 27th Ave, Miami, FL 33135",,,,4.6,,Non-profit organization,,serpapi
American Transportation & Limo,+1 305-885-5002,https://americanlimofl.com/?utm_campaign=gmb,"3319 NW 74th Ave, Miami, FL 33122, United States",,,,4.9,,"['Limousine service', 'Airport shuttle service', 'Bus charter', 'Chauffeur service', 'Transportation service', 'Wedding service']",,serpapi
Americana Kitchen At Loews,(786) 772-7600,https://www.americanakitchen.com/,"2950 Coconut Grove Dr, Coral Gables, FL 33134",,,,4.4,,"['Restaurant', 'Bar']",,serpapi
Amscot,(305) 714-9939,https://www.amscot.com/location/branch-224/3980-sw-8th-st-coral-gables-fl-33134?utm_source=GMB&utm_medium=organic&utm_content=branch224&utm_campaign=website_button,"3980 SW 8th St, Coral Gables, FL 33134",,,,4.5,,"['Loan agency', 'Check cashing service', 'Money order service', 'Money transfer service', 'Notary public']",,serpapi
"Ana B. Garcia, CPA",(786) 763-3221,http://www.anabgarciacpa.com/,"13640 N Kendall Dr Suite 1039, Miami, FL 33186",,,,5,,['Certified public accountant'],,serpapi
Animal Clinic of Miami-Dade,(305) 262-8888,https://animalclinicofmiadade.com/,"2134 Ludlam Rd, Miami, FL 33155",,,,4.5,,"['Veterinarian', 'Animal hospital']",,serpapi
Ann Taylor,+1 305-567-8959,https://www.anntaylor.com/store/fl/coral-gables/358-san-lorenzo-avenue?y_source=1_MTY1NzM5OS03MTUtbG9jYXRpb24ud2Vic2l0ZQ%3D%3D,"358 San Lorenzo Ave, Coral Gables, FL 33146, United States",,,,4,,"[""Women's clothing store"", 'Clothing store', 'Fashion accessories store', 'Jewelry store', 'Shoe store']",,serpapi
Anne Rezac Design,(786) 558-5855,https://nandezdesign.com/,"2234 Coral Wy, Miami, FL 33145",,,,4.8,,General contractor,,serpapi
Anthony R. Abraham Foundation,(305) 446-9670,https://gablesfoundation.org/,"288 Aragon Ave Suite D, Coral Gables, FL 33134",,,,5,,['Foundation'],,serpapi
Apizza Brooklyn,(786) 216-7153,http://www.apizzabrooklyn.com/,"5755 Bird Rd, Miami, FL 33155",,,,4.4,,"['Italian restaurant', 'Pizza restaurant']",,serpapi
APS Security Group Inc.,(305) 591-8282,http://apsmiami.com/,"4679 SW 72nd Ave, Miami, FL 33155",,,,5,,"['Security system installation service', 'Audio visual equipment supplier', 'Fire alarm supplier', 'Security service', 'Security system supplier', 'Home audio store']",,serpapi
Ara Gallery Cultural Center,(305) 446-5578,https://americascollection.com/,"4213 Ponce de Leon Blvd, Coral Gables, FL 33146",,,,4.9,,Art gallery,,serpapi
Arby's,(305) 265-2011,http://www.arbys.com/locations/us/fl/miami/6760-sw-8th-st/store-167?utm_source=google-my-business&utm_medium=organic&utm_campaign=website-link&y_source=1_MjAyMzUyNTAwMC03MTUtbG9jYXRpb24ud2Vic2l0ZQ%3D%3D,"6760 SW 8th St, Miami, FL 33144",,,,4.3,,Fast food restaurant,,serpapi
Arcano  Sabores de Esencia Hispana,(305) 530-8332,https://arcanomiami.com/?utm_source=google,"259 Giralda Ave, Coral Gables, FL 33134",,,,4.8,,"['Latin American restaurant', 'Caterer', 'Cocktail bar', 'Gluten-free restaurant', 'Hamburger restaurant', 'Sandwich shop', 'Spanish restaurant', 'Tapas restaurant', 'Vegetarian restaurant', 'Wine bar']",,serpapi
Architectural Design Collaborative Inc.,(305) 442-1188,http://www.adcinternational.net/,"235 Alcazar Ave, Coral Gables, FL 33134",,,,5,,['Architect'],,serpapi
Archivist Cafe,(305) 284-4577,https://dineoncampus.com/miami,"1300 Memorial Dr, Coral Gables, FL 33146",,,,5,,['Cafe'],,serpapi
Arco Agent Insurance Inc,(305) 421-6355,http://www.arcoagent.com/,"2000 Ponce de Leon Blvd, Coral Gables, FL 33134",,,,3,,['Insurance agency'],,serpapi
Area Stage Company,(305) 666-2078,https://www.areastage.org/,"5701 Sunset Dr Suite 286, South Miami, FL 33143",,,,4.9,,"['Arts organization', ""Children's theater"", 'Dance school', 'Drama school', 'Event venue', 'Performing arts theater', 'Theater company', 'Theater production', 'Vocal instructor']",,serpapi
Arias & Abbass Your Attorneys,(786) 530-4357,https://talktomyattorneys.com/,"8725 NW 18th Terrace suite 313, Doral, FL 33172",,,,5,242,"['Personal injury attorney', 'Law firm']",,serpapi
Aromas del Peru,(305) 476-5885,https://aromasperu.com/aromasdelperucoralgables?utm_source=google,"110 Giralda Ave, Coral Gables, FL 33134",,,,4.9,,['Peruvian restaurant'],,serpapi
ARTE CUCINE,+1 786-538-8633,https://artecucine.net/,"221 Miracle Mile, Coral Gables, FL 33134, United States",,,,5,,['Kitchen furniture store'],,serpapi
Arthur J. Gallagher,(305) 592-6080,https://locations.ajg.com/us/fl/miami/9155-south-dadeland-boulevard?utm_source=google&utm_medium=Google_My_Business&utm_campaign=GMB_website_click_9155+South+Dadeland+Boulevard+Miami&y_source=1_MzE5NjgxMjctNzE1LWxvY2F0aW9uLndlYnNpdGU%3D,"9155 S Dadeland Blvd Suite 1112, Miami, FL 33156",,,,,,Insurance agency,,serpapi
Arthur Murray Coral Gables Dance Studio,(305) 444-6136,https://arthur-murray.com/,"2916 Ponce de Leon Blvd, Coral Gables, FL 33134",,,,4.8,,Ballroom dance instructor,,serpapi
Arthur Murray International Inc.,(305) 445-9645,https://www.arthurmurray.com/,"1077 Ponce de Leon Blvd, Coral Gables, FL 33134",,,,3.9,,"['Corporate office', 'Ballroom dance instructor', 'Dance company', 'Dance school']",,serpapi
Artigiano Inc.,(305) 569-9970,https://www.artigianomiami.com/,"4212 Laguna St, Coral Gables, FL 33146",,,,4.9,,"[""Men's clothing store"", 'Clothing store', 'Custom tailor', 'Jeans shop', 'Fashion accessories store', 'Formal wear store', ""Men's tailor"", 'Shoe repair shop', 'Shoe store', 'Sportswear store']",,serpapi
"Arvani Group, LLC",(305) 803-0313,http://arvanibwllc.com/contactus.htm,"147 Alhambra Cir #241, Coral Gables, FL 33134",,,,1,,['Contractor'],,serpapi
ArX Creative,(305) 443-7733,http://www.arxsolutions.com/,"1805 Ponce de Leon Blvd, Coral Gables, FL 33134",,,,4.3,,['Graphic designer'],,serpapi
"Ascendant Insurance Solutions, LLC",(305) 820-4360,http://www.ascendantgroup.com/,"2199 Ponce de Leon Blvd #500, Miami, FL 33144",,,,2.9,,Insurance company,,serpapi
"Ascendo Resources, LLC",(305) 423-1221,https://ascendo.com/,"2 Alhambra Plz PH 2A, Coral Gables, FL 33134",,,,4.4,,"['Recruiter', 'Human resource consulting']",,serpapi
Ascension Global Staffing & Executive Search,(786) 503-1910,https://ascensionsearch.com/,"7480 SW 40th St suite 605, Miami, FL 33155",,,,4,,Executive search firm,,serpapi
Ascension/Descension,(239) 677-7786,http://ascensionhealingcenterswfl.com/,"1059 NE Pine Island Rd Unit #5, Cape Coral, FL 33909",,,,4.8,,['Metaphysical supply store'],,serpapi
Asia Grocery,(786) 268-7700,,"6785 SW 56th St, Miami, FL 33155",,,,4.6,,Asian grocery store,,serpapi
Asian Thai Kitchen,(305) 323-9294,https://www.asianthaikitchensushi.com/,"3135 Grand Ave, Miami, FL 33133",,,,4.5,,Thai restaurant,,serpapi
Attractions,(305) 603-8067,http://coralgablesmuseum.org/,"285 Aragon Ave, Coral Gables, FL 33134",,,,4.4,,Tourist attraction,,serpapi
Au Advisors,(305) 774-6822,https://www.blockadvisors.com/tax-office-near-me/florida/coral-gables/8470/?otppartnerid=9308&campaignid=pw_mcm_9308_9762&utm_medium=local,"2417 Ponce de Leon Blvd, Coral Gables, FL 33134",,,,4.9,,Tax preparation service,,serpapi
Audi,(786) 885-3479,https://www.thecollectionaudimiami.com/,"200 Bird Rd, Coral Gables, FL 33146",,,,4.8,,"['Audi dealer', 'Car dealer']",,serpapi
Audio Visual Company,(305) 696-4800,http://www.audiovisualsvc.com/,"4472 NW 74th Ave, Miami, FL 33166",,,,5,,Audiovisual equipment rental service,,serpapi
Audrey Ross Team  Compass Florida,(305) 661-4003,https://www.miamirealestate.com/,"4699 Ponce de Leon Blvd, Coral Gables, FL 33146",,,,4.5,,"['Real estate agency', 'Real estate agent', 'Real estate consultant']",,serpapi
Audrey Ross Team - Compass,+1 305-661-4003,https://www.miamirealestate.com/,"4699 Ponce de Leon Blvd, Coral Gables, FL 33146, United States",,,,4.5,,"['Real estate agency', 'Real estate agent', 'Real estate consultant']",,serpapi
Aurora Academy,(303) 367-5983,http://www.aacademy.org/,"10251 E 1st Ave, Aurora, CO 80010",,,,,,Charter school,,serpapi
AutoNation Chevrolet,(305) 707-0139,https://www.autonationchevroletcoralgables.com/?&utm_source=local&utm_medium=organic&utm_campaign=*000012248*GMB,"4181 SW 8th St, Coral Gables, FL 33134",,,,4.3,,"['Chevrolet dealer', 'Auto parts store', 'Auto repair shop', 'Car accessories store', 'Car dealer', 'Truck dealer', 'Used car dealer', 'Used truck dealer']",,serpapi
AutoZone,(305) 644-1570,https://www.autozone.com/locations/fl/miami/1200-sw-27th-ave.html?cmpid=LOC:US:EN:AD:NL:1000000:GEN:1051,"1200 SW 27th Ave, Miami, FL 33135",,,,4.5,,Auto parts store,,serpapi
"Avante Insurance Group, LLC",(305) 648-7070,https://www.avante-nea.com/,"8700 W Flagler St Suite 401, Miami, FL 33174",,,,3.5,,Insurance agency,,serpapi
AvantGarde Salon & Spa,(305) 442-8136,https://avantgardesalonandspa.com/,"155 Miracle Mile, Miami, FL 33134",,,,4.9,,"['Hair salon', 'Beauty salon', 'Hair extension technician', 'Hairdresser']",,serpapi
Avenues of Excellence Inc.,(786) 749-2276,https://www.avenuesofexcellence.com/,"1 Alhambra Plz PH floor, Coral Gables, FL 33134",,,,5,,['Training center'],,serpapi
Avis,(305) 648-2252,https://www.avis.com/en/locations/us/fl/coral-gables/lhcgf,"2950 Coconut Grove Dr, Coral Gables, FL 33134",,,,1,,Car rental agency,,serpapi
Azucar Nightclub,(786) 252-2996,,"2301 SW 32nd Ave, Miami, FL 33145",,,,3.9,372,"['Gay night club', 'Bar', 'Gay bar', 'Night club']",,serpapi
Azzendo Wealth Advisors,(305) 648-9814,http://www.azzendo.com/,"901 Ponce de Leon Blvd STE 501, Coral Gables, FL 33134",,,,4.5,4,"['Financial planner', 'Financial consultant', 'Investment service']",,serpapi
Bacardi USA,+1 305-573-8511,http://www.bacardiusa.com/,"3011 Ponce de Leon Blvd Suite 900, Coral Gables, FL 33134, United States",,,,4.7,,['Alcohol manufacturer'],,serpapi
Bachour Bakery,(305) 203-0552,http://www.antoniobachour.com/,"2020 Salzedo St, Miami, FL 33134",,,,4.6,,"['Restaurant', 'Bakery']",,serpapi
Bachour Restaurant and Bakery,(305) 203-0552,http://www.antoniobachour.com/,"2020 Salzedo St, Miami, FL 33134",,,,4.6,,"['Restaurant', 'Bakery']",,serpapi
Ball & Chain,(305) 643-7820,https://ballandchainmiami.com/,"1513 SW 8th St, Miami, FL 33135",,,,4.6,,"['Live music bar', 'Cuban restaurant', 'Event venue', 'Jazz club', 'Live music venue', 'Lounge', 'Night club', 'Wedding venue']",,serpapi
Ball Janik,(786) 770-8665,https://www.balljanik.com/,"100 SE 2nd St Suite 4100, Miami, FL 33131",,,,5,,['Law firm'],,serpapi
Banesco USA,(786) 725-3000,https://www.banescousa.com/,"150 Alhambra Cir Suite 100, Coral Gables, FL 33134",,,,3.9,,"['Bank', 'ATM']",,serpapi
Banfield Pet Hospital,(786) 796-2241,https://www.banfield.com/locations/veterinarians/fl/coral-gables/crg?utm_source=yext&utm_medium=yext&utm_campaign=yext&cid=yext_local,"3176 SW 22nd St, Coral Gables, FL 33145",,,,3.7,,"['Veterinarian', 'Animal hospital', 'Veterinary pharmacy']",,serpapi
Bank of America,(305) 442-2787,https://locators.bankofamerica.com/fl/coralgables/financial-centers-coral-gables-9739.html?utm_source=GMBlisting&utm_medium=organic,"2308 Ponce de Leon Blvd, Coral Gables, FL 33134",,,,2.5,,Bank,,serpapi
banking,+1 305-442-0089,https://www.chase.com/locator/banking/us/fl/coral-gables/355-alhambra-cir?jp_cmp=rb%2FLocalListings%2Faff%2Fbranch%2Fna&y_source=1_MjAzOTExMi03MTUtbG9jYXRpb24ud2Vic2l0ZQ%3D%3D,"355 Alhambra Cir Ste 100, Coral Gables, FL 33134, United States",,,,3.5,,Bank,,serpapi
BankMiami,(305) 372-3601,https://pichinchamiami.com/,"396 Alhambra Cir PH2, Coral Gables, FL 33134",,,,2,,Bank,,serpapi
BankUnited,(786) 648-6330,https://www.bankunited.com/,"299 Miracle Mile, Coral Gables, FL 33145",,,,2.6,,Bank,,serpapi
"Banna Fakhoury, PA",,https://bannamiami.com/,"119 Washington Ave Suite 102, Miami Beach, FL 33139",,,,5,,Real estate agent,,serpapi
Baptist Health South Florida,(786) 662-7000,http://baptisthealth.net/,"6855 Red Rd, Coral Gables, FL 33143",,,,3.3,,Corporate office,,serpapi
Baptist Rehabilitation Hospital,(786) 308-2000,https://baptisthealth.net/locations/physical-rehabilitation-centers/baptist-health-physical-therapy-and-rehabilitation---coral-gables?utm_source=yext&utm_medium=google&utm_campaign=listing&y_source=1_MTIwNTAzMTAtNzE1LWxvY2F0aW9uLndlYnNpdGU%3D,"1222 S Dixie Hwy, Coral Gables, FL 33146",,,,4.7,,"['Occupational therapist', 'Rehabilitation center']",,serpapi
Barbell,(786) 755-3259,https://www.startingstrengthgyms.com/miami/,"8400 S Dixie Hwy Suite 102, Miami, FL 33143",,,,5,,Gym,,serpapi
Barbershop God is Love,(786) 560-6692,https://god-is-love-1995.square.site/,"2263 SW 37th Ave Ste 131, Miami, FL 33145",,,,5,,['Barber shop'],,serpapi
Barnes & Noble,(305) 446-4152,https://stores.barnesandnoble.com/store/2739,"152 Miracle Mile, Coral Gables, FL 33134",,,,4.6,,"['Book store', 'Cafe', ""Children's book store"", 'Hobby store', 'Toy store']",,serpapi
Barracuda,(305) 918-9013,https://www.instagram.com/barracudagrove/,"3035 Fuller St, Coconut Grove, FL 33133",,,,4.4,,"['Bar & grill', 'American restaurant', 'Bar', 'Restaurant', 'Seafood restaurant', 'Sports bar']",,serpapi
Barrington Academy,(770) 474-0772,http://www.barringtonacademy.com/,"810 Flat Rock Rd, Stockbridge, GA 30281",,,,4.4,,Preschool,,serpapi
Batteries + Bulbs,(305) 661-4567,https://www.batteriesplus.com/store-locator/fl/miami/batteries-plus-854?utm_source=gmb&utm_medium=local&utm_campaign=bpb&storecode=854,"6400 S Dixie Hwy Suite 3, Miami, FL 33143",,,,4.2,,Car battery store,,serpapi
Bay Plumbing Company,(305) 446-8141,https://www.bayplumbingco.com/,"3029 SW 28th St, Miami, FL 33133",,,,3.2,,['Plumber'],,serpapi
Bayshore Club Bar & Grill,(305) 209-1200,https://www.bayshoreclubmiami.com/,"3391 Pan American Dr, Miami, FL 33133",,,,4.9,,['Bar & grill'],,serpapi
Bayview Pace,(844) 518-2343,http://bayviewpace.com/,"4425 Ponce de Leon Blvd, Coral Gables, FL 33146",,,,5,,['Financial institution'],,serpapi
Bean Automotive Group Lexus of Kendall/Kendall Toyota,(305) 665-6581,https://www.kendalltoyota.com/,"10943 S Dixie Hwy, Pinecrest, FL 33156",,,,4.5,,Toyota dealer,,serpapi
"Beasley, Demos & Brown, LLC",(305) 669-3131,https://www.beasleydemos.com/,"201 Alhambra Cir #801, Coral Gables, FL 33134",,,,4.7,,"['Employment attorney', 'Trial attorney']",,serpapi
Beauty & The Butcher,(305) 665-9661,https://www.beautyandthebutchermiami.com/,"6915 Southwest 57th Avenue, S Red Rd, Coral Gables, FL 33143",,,,4.9,,['American restaurant'],,serpapi
Beehive Juice Bar,(305) 663-1300,https://www.beehivejuicebarandcafe.getsauce.com/?utm_source=GMB&utm_medium=Website%20button&utm_id=Beehive%20Juice%20Bar%20And%20Cafe,"6490 SW 40th St, Miami, FL 33155",,,,4.6,,"['Restaurant', 'Health food store', 'Juice shop', 'Vegan restaurant', 'Vegetarian restaurant']",,serpapi
Bell Rosquete Reyes Esteban PLLC,(305) 570-1610,http://brresq.com/,"999 Ponce de Leon Blvd Suite 810, Coral Gables, FL 33134",,,,5,,['Law firm'],,serpapi
Belleza Femenina,(305) 269-1969,http://bfshapewear.com/,"6224 SW 8th St, West Miami, FL 33144",,,,4.6,,"[""Women's clothing store"", 'Lingerie store']",,serpapi
Bellezza,(305) 648-1936,,"801 Santiago St, Coral Gables, FL 33134",,,,3.9,,Tattoo removal service,,serpapi
Bello Dental Center,(305) 264-2666,http://www.bellodental.com/,"6567 SW 24th St, Miami, FL 33155",,,,4.9,,['Dental clinic'],,serpapi
Belmont Bank & Trust,(786) 425-3350,https://www.belmontbank.com/about-us/location-details.html?id=12673,"2020 Ponce de Leon Blvd, Coral Gables, FL 33134",,,,5,,['Bank'],,serpapi
Belmont Village Senior Living,(305) 422-1397,https://www.belmontvillage.com/locations/coral-gables-florida/?utm_source=gmb&utm_medium=organic&utm_content=gmb-website,"4111 Salzedo St, Coral Gables, FL 33146",,,,4.8,,['Assisted living facility'],,serpapi
Benitez Dental Center,(786) 442-2122,https://benitezdentalcenter.com/,"401 Coral Wy Suite 300, Coral Gables, FL 33134",,,,4.9,,"['Dentist', 'Cosmetic dentist']",,serpapi
Bennett Capital Partners Mortgage Brokers,(800) 457-9057,https://www.bcpmortgage.com/,"1101 Brickell Ave STE 800, Miami, FL 33131",,,,5,,"['Mortgage broker', 'Credit counseling service', 'Loan agency', 'Mortgage lender', 'Real estate consultant']",,serpapi
"Bercow Radell Fernandez Larkin and Tapanes, PLLC.",(305) 374-5300,http://brzoninglaw.com/,"200 S Biscayne Blvd Ste 300, Miami, FL 33131",,,,5,,['Law firm'],,serpapi
Berger Singerman,(954) 525-9900,http://www.bergersingerman.com/,"201 E Las Olas Blvd Suite 1500, Fort Lauderdale, FL 33301",,,,4,,Law firm,,serpapi
Berkshire Hathaway HomeServices EWM Realty,(305) 960-2500,http://www.ewm.com/,"550 S Dixie Hwy, Coral Gables, FL 33146",,,,4.6,,Real estate agency,,serpapi
"Bermello, Ajamil & Partners, Inc.",(305) 859-2050,https://www.bermelloajamil.com/,"4711 S Le Jeune Rd, Coral Gables, FL 33146",,,,4.7,,"['Architecture firm', 'Engineering consultant', 'Interior designer', 'Landscape architect']",,serpapi
Best Buy,(305) 662-7073,https://stores.bestbuy.com/fl/miami/8450-s-dixie-hwy-557.html/?ref=NS&loc=ns100,"8450 S Dixie Hwy, Miami, FL 33143",,,,4.3,,Electronics store,,serpapi
"Best Practices Title, LLC",(305) 662-1600,https://bestpracticestitle.com/,"1607 Ponce de Leon Blvd STE 203, Coral Gables, FL 33134",,,,5,,['Title company'],,serpapi
Better Addiction Care,(305) 634-3409,http://www.bwom.org/,"800 NW 28th St, Miami, FL 33127",,,,4.3,102,Addiction treatment center,,serpapi
Better Business Bureau Serving SE Florida & the Caribbean,(561) 842-1918,https://www.bbb.org/sefl,"4411 Beacon Cir, West Palm Beach, FL 33407",,,,4.9,,Non-profit organization,,serpapi
Bevi,,http://drinkbeve.com/,"1800 SW 3rd Ave Suite 100, Miami, FL 33129",,,,,,Beverage distributor,,serpapi
beyome,(804) 656-5007,https://www.beycome.com/,"5701 Sunset Dr # 224, South Miami, FL 33143",,,,4.4,,['Real estate agency'],,serpapi
BG Integrative Studio,+1 305-747-9465,http://bgintegrativestudio.com/,"3812 SW 8th St, Coral Gables, FL 33134, United States",,,,4.7,,"['Beauty salon', 'Hair extension technician', 'Medical spa', 'Tattoo artist', 'Tattoo removal service']",,serpapi
Bid Daddy's Wine & Liquors,(305) 444-2093,http://www.bigdaddysliquors.com/,"2988 SW 27th Ave, Miami, FL 33133",,,,4.6,,Liquor store,,serpapi
Big Brothers Big Sisters of Miami,(305) 644-0066,http://www.bbbsmiami.org/,"550 NW 42nd Ave, Miami, FL 33126",,,,4.6,,['Non-profit organization'],,serpapi
Bike Tech,(305) 856-5731,https://www.facebook.com/profile.php?id=61571070950866,"2237 Coral Wy, Miami, FL 33145",,,,4.6,,Bicycle Shop,,serpapi
Bioenergy Wellness South Miami,(954) 873-0794,https://www.ombrightwellnessacupuncture.com/,"2828 Coral Wy #106, Coral Gables, FL 33145",,,,5,,Reiki therapist,,serpapi
"Bioseafood, LLC",(305) 386-1772,http://www.aquabestseafood.com/,"10711 SW 104th St, Miami, FL 33176",,,,5,,Seafood wholesaler,,serpapi
Birdie Bistro,(305) 567-3100,https://birdiebistro.co/,"2001 Granada Blvd, Coral Gables, FL 33134",,,,4.5,,['Diner'],,serpapi
Birdie's Bistro,(305) 567-3100,https://birdiebistro.co/,"2001 Granada Blvd, Coral Gables, FL 33134",,,,4.5,,['Diner'],,serpapi
BJ's Wholesale Club,(305) 262-0243,https://www.bjs.com/cl/miami/0367/?trc=locl%7Cggmb%7Cweb%7Cxlob%7Cxlob%7Clocdist%7C0367%7Cstore%7C20240816,"7050 Coral Wy, Miami, FL 33155",,,,4.1,,"['Warehouse club', 'Bakery', 'Deli', 'Electronics store', 'Gas station', 'Grocery store', 'Liquor store', 'Lottery retailer', 'Optician', 'Propane supplier']",,serpapi
Blacklane,(786) 647-6420,http://www.blackcarservicemiami.com/,"340 W Flagler St Suite 1009, Miami, FL 33130",,,,4.8,,"['Limousine service', 'Airport shuttle service', 'Chauffeur service', 'Transportation service']",,serpapi
Blackmore Consulting,,https://blackmorestrategy.com/,,,,,5,,"['Marketing agency', 'Service establishment', 'Marketing consultant']",,serpapi
Blanca Fragrance Factory,+1 786-703-5746,https://www.blancafragrancefactory.com/,"262 Giralda Ave, Coral Gables, FL 33134, United States",,,,5,,['Perfume store'],,serpapi
Blare Media,,https://blarefilms.net/,"8370 SW 35th Terrace, Miami, FL 33155",,,,,,Video production service,,serpapi
Bliss Beautique,(786) 254-7844,https://blissbeautique.com/?y_source=1_MTA2NTQxMDY1NC03MTUtbG9jYXRpb24ud2Vic2l0ZQ%3D%3D,"2255 Ponce de Leon Blvd, Coral Gables, FL 33134",,,,4.9,,"['Hair salon', 'Beauty product supplier', 'Beauty salon', 'Hair extension technician', 'Hairdresser']",,serpapi
Bliss Imprints & Gifts,(305) 661-2030,http://blissimprints.com/,"293 Miracle Mile, Miami, FL 33134",,,,4.9,,"['Invitation printing service', 'Corporate gift supplier', 'Gift shop', 'Gift wrap store', 'Party store', 'Print shop', 'Promotional products supplier', 'Stationery store', 'Wedding service', 'Wedding store']",,serpapi
Blue Columbia Holdings,(214) 276-6376,https://www.vumigroup.com/,"5301 Waterford District Dr #500, Miami, FL 33126",,,,3.6,,['Health insurance agency'],,serpapi
BLUE Missions,(888) 702-2583,https://www.bluemissions.org/,"7350 SW 48th St, Miami, FL 33155",,,,5,,['Non-profit organization'],,serpapi
Blue Sky Food by the Pound,(786) 803-8568,,"11300 NW 87th Ct # 144, Hialeah Gardens, FL 33018",,,,4.1,,Restaurant,,serpapi
"Blueprint IT Consulting, LLC",(754) 702-8066,http://www.blueprintlearninggroup.com/,"3663 SW 8th St #204, Miami, FL 33135",,,,,,Consultant,,serpapi
BMS Insurance Agency of Florida LLC,(305) 774-1112,https://agroupservices.com/?utm_source=google&utm_medium=local&utm_campaign=google-local-72420,"1 Alhambra Plz PH floor, Coral Gables, FL 33134",,,,4.9,,Home insurance agency,,serpapi
Bob's Watches,+1 305-517-1361,https://www.bobswatches.com/usa/rolex-watches-miami,"2980 McFarlane Rd #222, Miami, FL 33133, United States",,,,3,,['Watch store'],,serpapi
BOCA Group,(212) 983-7010,http://www.bocagroup.com/,"East Mezzanine, 200 Park Ave, New York, NY 10166",,,,5,,Elevator service,,serpapi
Bodega Taqueria y Tequila,(786) 785-1501,https://www.bodegataqueria.com/,"317 Miracle Mile, Coral Gables, FL 33134",,,,4.1,,"['Mexican restaurant', 'Bar']",,serpapi
Bolivar & Humboldt,(786) 702-3681,http://www.bolivarmiamibeach.com/,"841 Washington Ave, Miami Beach, FL 33139",,,,4.5,,Colombian restaurant,,serpapi
Boo Zamek,(305) 798-8685,https://ashleycusack.com/,"550 S Dixie Hwy, Coral Gables, FL 33146",,,,5,,Real estate agent,,serpapi
Borbolla Insurance Agencies Inc,(877) 217-7445,https://agents.allstate.com/borbolla-insurance-agencies-inc-coral-gables-fl.html?utm_source=GMB&utm_medium=Website,"320 Sevilla Ave Ste 202, Coral Gables, FL 33134",,,,4.7,,"['Insurance agency', 'Auto insurance agency', 'Home insurance agency', 'Insurance company', 'Life insurance agency', 'Motorcycle insurance agency', ""Renter's insurance agency""]",,serpapi
"Borkat Plumbing Services, LLC",(305) 244-6023,https://borkatplumbing.com/,"7193 N Waterway Dr, Miami, FL 33155",,,,5,,['Plumber'],,serpapi
Bosss Hair Salon,(786) 609-6836,http://www.bossahairsalon.com/,"6929 Red Rd, Coral Gables, FL 33143",,,,4.9,,Beauty salon,,serpapi
Boston Market,(305) 444-0209,https://www.bostonmarket.com/location/fl/miami/3600-sw-22nd-street?utm_source=Yext&utm_medium=click&utm_campaign=listings&utm_content=1067,"3600 SW 22nd St, Miami, FL 33145",,,,3.8,,"['American restaurant', 'Caterer', 'Chicken restaurant', 'Restaurant']",,serpapi
Bouchon,(305) 990-1360,https://www.thomaskeller.com/coral-gables-florida/bouchon-bistro,"2101 Galiano St, Coral Gables, FL 33134",,,,4.2,,"['French restaurant', 'American restaurant', 'Bistro']",,serpapi
Bounds Law Offices,(305) 728-1350,http://www.boundslawoffices.com/,"2655 S Le Jeune Rd #805, Coral Gables, FL 33134",,,,3,,"['Attorney', 'Business attorney', 'Business banking service', 'Estate litigation attorney', 'Estate planning attorney', 'Probate attorney', 'Real estate attorney']",,serpapi
BP,(305) 446-1231,https://map.bp.com/en-US/US/gas-station/coral-gables/bp/18830227992963313400100000000000,"296 Andalusia Ave, Coral Gables, FL 33134",,,,2.4,,Gas station,,serpapi
BP Shop,(305) 446-1231,https://map.bp.com/en-US/US/gas-station/coral-gables/bp/18830227992963313400100000000000,"296 Andalusia Ave, Coral Gables, FL 33134",,,,2.4,,Gas station,,serpapi
Braman Honda,(305) 747-7967,https://www.bramanhonda.com/?utm_source=google&utm_medium=organic&utm_campaign=gbp_sales,"7000 Coral Wy, Miami, FL 33155",,,,4.6,,['Honda dealer'],,serpapi
Branches,(305) 442-8306,http://www.branchesfl.org/,"11500 NW 12th Ave, Miami, FL 33168",,,,4.6,,Non-profit organization,,serpapi
Brand Poets,(786) 732-7466,https://brandpoets.com/,"8220 SW 148th Dr, Palmetto Bay, FL 33158",,,,4.7,,"['Marketing consultant', 'Advertising agency', 'Branding agency', 'Graphic designer', 'Marketing agency', 'Website designer']",,serpapi
Breakthrough T1D,,http://www.citybeautiful.net/,Florida,,,,,,,,serpapi
"Brito, PLLC",(305) 614-4071,http://britopllc.com/,"2121 Ponce de Leon Blvd # 650, Coral Gables, FL 33134",,,,4.7,,['Attorney'],,serpapi
Brote (Sprout),(561) 765-2216,https://www.sprouts.com/store/fl/coconut-grove/miami-27th-ave/,"2750 SW 27th Terrace #102, Miami, FL 33133",,,,4.3,,Grocery store,,serpapi
Brown & Brown Insurance Services Inc.,,,"8825 NW 21st Terrace, Doral, FL 33172",,,,5,,Insurance agency,,serpapi
Brown & Brown RS Insurance Services LLC,(941) 893-2200,http://bbrown.com/,"7984 Cooper Creek Blvd #101, University Park, FL 34201",,,,3.7,,Insurance agency,,serpapi
"Brown Law Group, P.A.",(305) 667-3244,,"6739 SW 40th St, Miami, FL 33155",,,,4.7,,Legal services,,serpapi
BrownForman Beverages,,http://www.citybeautiful.net/,Florida,,,,,,,,serpapi
Brownstone Law,(786) 753-5721,https://www.brownstonelaw.com/appellate-lawyer/florida-appeals/appellate-attorneys-in-miami-florida/?utm_source=google&utm_medium=organic&utm_campaign=google_business_profile,"2520 Coral Wy, Miami, FL 33145",,,,5,,"['Attorney', 'Criminal justice attorney', 'General practice attorney', 'Law firm']",,serpapi
Bru Med Travel & Tours,(305) 262-1727,http://www.brumedtravel.com/,"6557 Coral Wy, Miami, FL 33155",,,,4.6,,"['Travel agency', 'Car rental agency', 'Cruise agency', 'Sightseeing tour agency', 'Tour agency']",,serpapi
Bugatti Bistro,(305) 441-2545,https://www.bugattirestaurant.com/,"2504 Ponce de Leon Blvd, Coral Gables, FL 33134",,,,4.5,,"['Italian restaurant', 'Fine dining restaurant', 'Pizza restaurant', 'Restaurant']",,serpapi
Burger King,(305) 448-4311,https://burgerking.com/store-locator/store/71,"395 Alcazar Ave, Coral Gables, FL 33134",,,,3.9,,"['Restaurant', 'Fast food restaurant']",,serpapi
Bust of Jose Marti,,,"917-999 E Ponce De Leon Blvd, Coral Gables, FL 33134",,,,4.1,,Statuary,,serpapi
Caballero Rivero Dignity Memorial,(305) 445-9508,https://www.dignitymemorial.com/funeral-homes/florida/miami/caballero-rivero-little-havana/9548?utm_source=google_my_business&utm_medium=organic,"3344 SW 8th St, Miami, FL 33135",,,,4.8,363,Funeral home,,serpapi
Cabanas Consulting,(305) 513-3639,,"9850 NW 41st St Suite 140, Doral, FL 33178",,,,5,,Accounting firm,,serpapi
Cafe Bonjour,(305) 661-4714,https://www.cafebonjourmiamifl.com/,"6222 S Dixie Hwy, South Miami, FL 33143",,,,4.5,,Bistro,,serpapi
Cafe Demetrio,(305) 448-4949,http://www.cafedemetrio.com/,"300 Alhambra Cir, Coral Gables, FL 33134",,,,4.4,,"['Cafe', 'Breakfast restaurant', 'Brunch restaurant', 'Coffee shop', 'Lunch restaurant']",,serpapi
Cafe Grumpy - Coral Gables,(305) 364-5012,http://www.cafegrumpy.com/,"2516 Ponce de Leon Blvd, Coral Gables, FL 33134",,,,4.5,,['Coffee shop'],,serpapi
Caffe Vialetto,(305) 446-5659,http://www.caffevialetto.com/,"4019 S Le Jeune Rd, Coral Gables, FL 33134",,,,4.5,,['Italian restaurant'],,serpapi
California Pizza Kitchen,(305) 774-9940,https://www.cpk.com/location/details/Miracle-Mile,"300 Miracle Mile, Coral Gables, FL 33134",,,,4.2,,"['Pizza restaurant', 'American restaurant', 'Caterer', 'Cocktail bar', 'New American restaurant']",,serpapi
Calista - Greek Seafood Taverna,(786) 310-7660,http://www.calistataverna.com/,"150 Giralda Ave, Coral Gables, FL 33134",,,,4.6,,['Greek restaurant'],,serpapi
Calista Taverna,(786) 310-7660,http://www.calistataverna.com/,"150 Giralda Ave, Coral Gables, FL 33134",,,,4.6,,['Greek restaurant'],,serpapi
Calle Ocho,(305) 771-4617,,"762 A SW 18th Ave, Miami, FL 33135",,,,4.5,,Business center,,serpapi
Calvary Church,(305) 233-5433,http://calvaryconnect.com/,"6565 SW 127th Ave, Miami, FL 33183",,,,4.8,286,Church,,serpapi
Camillus House,(305) 374-1065,http://www.camillus.org/,"1603 NW 7th Ave, Miami, FL 33136",,,,4,726,"['Homeless service', 'Domestic abuse treatment center', 'Non-profit organization']",,serpapi
Camner Center for Resources,+1 305-284-2211,http://www.miami.edu/,"1320 S Dixie Hwy, Coral Gables, FL 33146, United States",,,,4.6,,Private university,,serpapi
"Candor Title & Closing Services, LLC",(305) 203-2582,http://www.candortitle.com/,"1607 Ponce de Leon Blvd STE 206, Coral Gables, FL 33134",,,,5,,['Title company'],,serpapi
Canton Rose Restaurant,(305) 661-0610,,"4038 SW 67th Ave, Miami, FL 33155",,,,4.1,,"['Chinese restaurant', 'Delivery Restaurant', 'Restaurant']",,serpapi
Capital One,(305) 506-9000,https://www.capitalone.com/local/southflorida-miraclemile?utm_source=PowerListings&utm_medium=Local&utm_campaign=Yext,"50 Miracle Mile, Coral Gables, FL 33134",,,,4.3,,Coffee shop,,serpapi
Capsexpress International,(305) 593-5132,https://ce-intl.com/,"8501 NW 17th St # 101, Doral, FL 33126",,,,4,,Logistics service,,serpapi
Car Repair,(305) 444-8881,https://www.greensgaragemiami.com/,"2221 SW 32nd Ave, Miami, FL 33145",,,,4.6,,Auto repair shop,,serpapi
Carolina Ale House,(786) 401-6650,https://www.carolinaalehouse.com/,"8669 NW 36th St, Doral, FL 33166",,,,4.1,,American restaurant,,serpapi
Carve & Burn Designs Inc.,,https://carveandburn.com/,"4444 SW 71st Ave STE 106, Miami, FL 33155",,,,5,,"['Engraver', 'Glass engraving service', 'Glass etching service']",,serpapi
Casa Familia Inc.,(786) 505-8887,https://casafamiliainc.org/,"11025 SW 84th St, Miami, FL 33173",,,,3.8,,['Apartment complex'],,serpapi
Casa Juancho,(305) 642-2452,http://www.casajuancho.com/,"2436 SW 8th St, Miami, FL 33135",,,,4.5,,"['Spanish restaurant', 'Bar', 'Event venue', 'Restaurant']",,serpapi
Casa Neos,(305) 800-6367,https://www.casa-neos.com/,"40 SW North River Dr, Miami, FL 33128",,,,4.8,,"['Mediterranean restaurant', 'Bar', 'Brunch restaurant', 'Restaurant', 'Seafood restaurant']",,serpapi
Cascade Pool Cafe at The Biltmore Hotel Miami,(305) 913-3189,https://www.biltmorehotel.com/dining/cascade/?utm_source=google&utm_medium=organic&utm_campaign=gmb-listing,"1200 Anastasia Ave Suite B, Coral Gables, FL 33134",,,,4.4,,"['American restaurant', 'Bar & grill', 'Cocktail bar']",,serpapi
Cashier,(305) 668-9727,https://thecheckcashingstore.com/StoreDetails/StoreDetails?US/FL/Coral-Gables/451-South-Dixie-Highway/33146/361,"451 S Dixie Hwy, Coral Gables, FL 33146",,,,4.9,,Check cashing service,,serpapi
Catering,(786) 757-9208,,,,,,5,,Caterer,,serpapi
Catering by Les,(305) 669-5221,http://www.cateringbyles.com/,"7049 SW 47th St, Miami, FL 33155",,,,4.9,,['Caterer'],,serpapi
Catering by Lovables,(305) 751-1101,http://www.cateringbylovables.com/,"2167 S Bayshore Dr, Miami, FL 33133",,,,3.3,,['Caterer'],,serpapi
Cathedral del Pueblo,(305) 446-9950,http://cotlf.org/,"2711 Indian Mound Trail, Coral Gables, FL 33134",,,,4.5,148,Tourist attraction,,serpapi
Cava,(305) 433-7666,https://www.cavamiami.com/,"3850 SW 8th St, Coral Gables, FL 33134",,,,4.5,,"['Spanish restaurant', 'Bar', 'Dinner theater', 'Flamenco theater', 'Live music venue']",,serpapi
Cecile,(305) 397-8206,http://www.cecilebakerycafe.com/,"5744 Sunset Dr, South Miami, FL 33143",,,,4.5,,"['Cafe', 'Restaurant']",,serpapi
Centennial Bank,(786) 413-1260,https://www.my100bank.com/location/121-alhambra-plaza-suite-1515?utm_source=extnet&utm_medium=yext,"121 Alhambra Plz Ste 1750, Coral Gables, FL 33134",,,,4.2,,['Bank'],,serpapi
Central Christian Church,(305) 446-6132,https://www.cccgables.org/,"222 Menores Ave #3906, Coral Gables, FL 33134",,,,4.9,54,['Christian church'],,serpapi
Certo Italian Restaurant,(305) 456-3200,https://certomiami.com/,"1200 SW 57th Ave, West Miami, FL 33144",,,,4.9,,"['Italian restaurant', 'Brunch restaurant', 'Catering food and drink supplier', 'Event venue', 'Lunch restaurant', 'Pizza delivery', 'Pizza restaurant', 'Pizza Takeout', 'Seafood restaurant', 'Wine bar']",,serpapi
Chapman Partnership,(305) 329-3000,http://chapmanpartnership.org/,"1550 N Miami Ave, Miami, FL 33136",,,,3.3,,"['Non-profit organization', 'Donations center', 'Homeless service', 'Homeless shelter', 'Medical clinic', 'Social services organization', 'Soup kitchen', 'Volunteer organization']",,serpapi
ChargePoint,(888) 758-4389,https://www.chargepoint.com/,"10 Aragon Ave, Coral Gables, FL 33134",,,,,,Electric vehicle charging station,,serpapi
Charlotte Lorber Powell,(754) 800-4149,,"1550 Madruga Ave, Coral Gables, FL 33146",,,,3,2,['Counselor'],,serpapi
Chase,(305) 442-0089,https://www.chase.com/locator/banking/us/fl/coral-gables/355-alhambra-cir?jp_cmp=rb%2FLocalListings%2Faff%2Fbranch%2Fna&y_source=1_MjAzOTExMi03MTUtbG9jYXRpb24ud2Vic2l0ZQ%3D%3D,"355 Alhambra Cir Ste 100, Coral Gables, FL 33134",,,,3.5,,Bank,,serpapi
Chase Motor,(786) 615-6079,https://www.chase-motor.com/,"6700 SW 24th St, Miami, FL 33155",,,,4,,['Car dealer'],,serpapi
Chevron,(305) 265-9990,https://www.chevronwithtechron.com/station/,"6901 Coral Wy, Miami, FL 33155",,,,3.5,,Gas station,,serpapi
Chicken Kitchen,(305) 669-2099,http://www.chickenkitchen.com/?utm_source=local&utm_medium=organic&utm_campaign=gmb&utm_content=south-dixie-coral-gables,"400 S Dixie Hwy, Coral Gables, FL 33146",,,,4.2,,Health food restaurant,,serpapi
Children's Home Society of Florida,(305) 755-6500,https://chsfl.org/,"17501 SW 117th Ave, Miami, FL 33157",,,,4.2,,"['Non-profit organization', 'Volunteer organization']",,serpapi
Chill-N,(786) 534-4858,https://www.chilln.com/,"3415 Main Hwy, Miami, FL 33133",,,,4.6,,Ice cream shop,,serpapi
Chipotle,(786) 441-2385,https://locations.chipotle.com/fl/miami/2235-sw-37th-ave?utm_source=google&utm_medium=yext&utm_campaign=yext_listings?restaurant=1918,"2235 SW 37th Ave, Miami, FL 33145",,,,3.9,,"['Fast food restaurant', 'Mexican restaurant']",,serpapi
ChoiceMD,(305) 777-0219,http://choicemd.com/,"4000 Ponce de Leon Blvd #470, Coral Gables, FL 33146",,,,3,,['Wellness program'],,serpapi
Christ Journey Church,(305) 448-4425,http://www.christjourney.org/,"624 Anastasia Ave, Coral Gables, FL 33134",,,,4.8,113,"['Church', 'Religious organization']",,serpapi
Ciao Moving & Storage,(305) 425-9895,https://ciaomoving.com/?utm_source=google&utm_medium=organic&utm_campaign=CoralGablesGBP,"3000 Coral Wy APT 1415, Coral Gables, FL 33145",,,,4.9,,"['Mover', 'Moving and storage service']",,serpapi
Cici Skincare,(305) 498-4500,http://www.ciciskincare.com/,"6701 Sunset Dr # 105, Miami, FL 33143",,,,4.9,,"['Spa', 'Beauty salon', 'Beauty supply store', 'Day spa', 'Facial spa', 'Medical spa']",,serpapi
Cinepolis Luxury Cinemas,(786) 628-1260,https://www.cinepolisusa.com/coconut/home?preferred=true,"3015 Grand Ave, Miami, FL 33133",,,,3.8,,"['Movie theater', 'Bar', 'Event venue', 'Restaurant']",,serpapi
Circle K,(305) 443-6972,,"4941 SW 8th St, Coral Gables, FL 33134",,,,2.7,,Convenience store,,serpapi
Circles and Waves XX,(305) 442-1430,,"126 Miracle Mile, Coral Gables, FL 33134",,,,4.5,,Swimwear store,,serpapi
Citibank,(786) 235-9303,https://www.citi.com/?utm_source=gmb&utm_medium=yext&y_source=1_Mjg5MTY4MDItNzE1LWxvY2F0aW9uLndlYnNpdGU%3D,"396 Alhambra Cir, Coral Gables, FL 33134",,,,2.7,,Bank,,serpapi
City National Bank of Florida,(305) 445-1941,https://www.citynational.com/,"2855 S Le Jeune Rd Suite 100, Coral Gables, FL 33134",,,,3.8,,"['Bank', 'ATM']",,serpapi
City of South Miami City Hall,(305) 663-6338,https://www.southmiamifl.gov/,"6130 Sunset Dr, South Miami, FL 33143",,,,3.7,,City Hall,,serpapi
City Permit,(305) 460-5235,http://www.coralgables.com/,"405 Biltmore Way, Coral Gables, FL 33134",,,,2.5,,Government office,,serpapi
City Year Miami,(786) 406-7900,http://cityyear.org/miami,"2121 Ponce de Leon Blvd SUITE 350, Coral Gables, FL 33134",,,,5,,['Non-profit organization'],,serpapi
Claim Check Consultants,(866) 463-4009,https://claimcheckconsultants.com/,"2665 S Bayshore Dr Suite 220, Coconut Grove, FL 33133",,,,5,,Loss adjuster,,serpapi
Classic Collision Coral Gables,+1 305-262-6990,https://classiccollision.com/locations/classic-collision-coral-gables/,"2675 SW 69th Ct, Miami, FL 33155, United States",,,,3.4,,"['Auto body shop', 'Auto dent removal service', 'Auto repair shop', 'Car detailing service']",,serpapi
CLAUDIE RESTAURANT,(305) 990-1101,https://www.claudierestaurant.com/,"1101 Brickell Ave S-113, Miami, FL 33131",,,,4.8,,"['French restaurant', 'Cocktail bar', 'Fine dining restaurant', 'Mediterranean restaurant', 'Restaurant', 'Wine bar']",,serpapi
Clear Channel Outdoor,(305) 592-6250,https://clearchanneloutdoor.com/,"5800 NW 77th Ct, Doral, FL 33166",,,,3.8,,Media company,,serpapi
Coach Ron Fraser,(305) 447-6510,http://www.coach.com/,"342 San Lorenzo Ave, Coral Gables, FL 33146",,,,,,Leather goods store,,serpapi
Coastal Construction Group,(305) 559-4900,http://www.coastalconstruction.com/,"5959 Waterford District Dr #200, Miami, FL 33126",,,,4.4,,Contractor,,serpapi
Coblan Italian Kitchen Store,(786) 461-5353,http://www.coblanstore.com/,"1805 NW 97th Ave, Miami, FL 33172",,,,5,,"['Kitchen furniture store', 'Bathroom remodeler', 'Countertop store', 'Furniture store', 'Interior designer', 'Kitchen remodeler']",,serpapi
Coconut Grove Chiropractic,(305) 443-4636,http://www.grovechiropractic.com/,"3400 Coral Wy Suite # 101 Suite # 101, Miami, FL 33145",,,,5,,"['Chiropractor', 'Doctor']",,serpapi
Coconut Grove Farmers Market,(305) 238-7747,http://www.glaserorganicfarms.com/,"3300 Grand Ave, Miami, FL 33133",,,,4.5,,Farmers' market,,serpapi
Coconut Grove Playhouse,,,"3514-3518 Main Hwy, Miami, FL 33133, United States",,,,3.7,,['Historical landmark'],,serpapi
CocoWalk,(305) 444-0777,https://www.cocowalk.com/,"3015 Grand Ave, Coconut Grove, FL 33133",,,,4.2,,['Shopping mall'],,serpapi
Codina Partners,(305) 529-1300,http://www.codina.com/,"2020 Salzedo St 5th floor, Coral Gables, FL 33134",,,,3,,['Real estate developer'],,serpapi
Coffee for the Soul,(786) 953-6594,https://www.cfscoffee.com/,"256 Giralda Ave, Coral Gables, FL 33134",,,,4.8,,"['Coffee shop', 'Breakfast restaurant', 'Cafe', 'Consultant', 'Lunch restaurant', 'Restaurant']",,serpapi
Coin Laundry of America 6,,,"6557 Bird Rd, Miami, FL 33155",,,,2.8,,['Laundromat'],,serpapi
Coldwell Banker Coral Gables,+1 305-667-4815,https://www.coldwellbankerhomes.com/fl/coral-gables/office/coral-gables/oid_820/?utm_source=google&utm_medium=organic&utm_campaign=gmb&utm_content=FL_Coral_Gables,"4000 Ponce de Leon Blvd Suite 700, Coral Gables, FL 33146, United States",,,,4.6,,Real estate agency,,serpapi
Coldwell Banker Realty,(305) 667-4815,https://www.coldwellbankerhomes.com/fl/coral-gables/office/coral-gables/oid_820/?utm_source=google&utm_medium=organic&utm_campaign=gmb&utm_content=FL_Coral_Gables,"4000 Ponce de Leon Blvd Suite 700, Coral Gables, FL 33146",,,,4.6,,Real estate agency,,serpapi
College of Arts and Sciences,(305) 284-4117,http://www.as.miami.edu/,"College of Arts and Sciences, 1252 Memorial Dr, Coral Gables, FL 33146",,,,4.6,,"['University', 'Private university', 'Public university']",,serpapi
College of Engineering,(305) 284-2404,https://www.coe.miami.edu/,"1251 Memorial Dr, Coral Gables, FL 33146",,,,4.1,,"['Private university', 'Academic department']",,serpapi
Color Me Mine,(305) 665-0646,http://southmiami.colormemine.com/,"The Shops At Sunset Place, 5701 Sunset Dr #223, South Miami, FL 33143",,,,4.4,,Painting studio,,serpapi
Comcast Advertising,(888) 877-9799,https://www.comcastadvertising.com/,"2901 SW 149th Ave, Miramar, FL 33027",,,,5,,Advertising agency,,serpapi
Comic Kids,(305) 661-3406,,"6650 Bird Rd, Miami, FL 33155",,,,4.5,,Comic book store,,serpapi
Commodore Inn the Grove,(786) 671-8884,http://www.commodoreinnthegrove.com/,"3162 Commodore Plaza #1, Miami, FL 33133",,,,4.5,,['Hotel'],,serpapi
Community of Christ,(305) 448-7421,http://www.gablesucc.org/,"3010 De Soto Blvd, Coral Gables, FL 33134",,,,4.8,363,United Church of Christ,,serpapi
Compass Real Estate,(305) 851-2820,http://www.compass.com/,"4699 Ponce de Leon Blvd, Coral Gables, FL 33146",,,,2.1,,Real estate agency,,serpapi
Compass Real Estate Coral Gables,(305) 851-2820,http://www.compass.com/,"4699 Ponce de Leon Blvd, Coral Gables, FL 33146",,,,2.1,,Real estate agency,,serpapi
Concierge Moving Services,(786) 384-5271,https://conciergemovingservices.com/,"7235 NW 54th St Suite 101, Miami, FL 33166",,,,5,,Moving and storage service,,serpapi
Cono Pizza,+1 305-639-8492,https://www.menufarandulapizzeria.com/,"1200 SW 67th Ave, Miami, FL 33144, United States",,,,4.4,,Pizza restaurant,,serpapi
Constellation Group,(305) 377-8333,http://groupconstellation.com/,"95 Merrick Wy Suite 518, Coral Gables, FL 33134",,,,3.5,,['Real estate developer'],,serpapi
construction,(786) 305-6289,https://www.cmrconstructiongroup.com/,"75 Valencia Ave Suite 703, Coral Gables, FL 33134",,,,4.8,,General contractor,,serpapi
Consulate General of Barbados,(305) 442-1994,,"2121 Ponce de Leon Blvd #1300, Coral Gables, FL 33134",,,,5,,Foreign consulate,,serpapi
Consulate General of Brazil,,https://www.gov.br/mre/pt-br/consulado-miami,"3150 Southwest 38th Avenue #100, Consulate General of Brazil, Ground floor, Miami, FL 33146, United States",,,,4.6,,['Foreign consulate'],,serpapi
Consulate General of Paraguay,(305) 374-9090,http://www.consulparmiami.org/,"2655 S Le Jeune Rd Suite 910, Coral Gables, FL 33134",,,,4.7,,['Foreign consulate'],,serpapi
Consulate General of Peru,(786) 713-2400,http://www.consulado.pe/es/Miami,"1401 Ponce de Leon Blvd, Coral Gables, FL 33134",,,,4.1,,['Foreign consulate'],,serpapi
Consulate General of Spain,(305) 446-5511,http://www.exteriores.gob.es/Consulados/MIAMI/,"2655 S Le Jeune Rd #203, Coral Gables, FL 33134",,,,3.5,,Foreign consulate,,serpapi
Consulate of Hungary,(305) 448-2131,http://www.consulate-miami.com/hungary.html,"1550 Madruga Ave, Coral Gables, FL 33146",,,,3.1,,Foreign consulate,,serpapi
"ContactLink, LLC",(305) 677-8432,,"2100 Ponce de Leon Blvd #601, Coral Gables, FL 33134",,,,4,,Insurance agency,,serpapi
Continental Academy,(800) 285-3514,http://www.continentalacademy.com/,"15327 NW 60th Ave #235, Miami Lakes, FL 33014",,,,,,Private educational institution,,serpapi
CookinGenie,(833) 436-4387,https://cookingenie.com/,"3702 W Spruce St #1372, Tampa, FL 33607",,,,5,,Personal chef service,,serpapi
Copper 29 Bar,(786) 830-9640,http://www.copper29bar.com/,"206 Miracle Mile, Coral Gables, FL 33134",,,,4.3,,"['Bar', 'American restaurant', 'Brunch restaurant', 'Live music bar', 'Restaurant']",,serpapi
Copy Express,+1 305-442-0952,http://copyexpressmiami.com/,"1414 Ponce de Leon Blvd, Coral Gables, FL 33134, United States",,,,4.2,,['Copy shop'],,serpapi
Coral Church,(305) 448-7421,http://www.gablesucc.org/,"3010 De Soto Blvd, Coral Gables, FL 33134",,,,4.8,363,United Church of Christ,,serpapi
Coral Gables Acupuncture,+1 305-446-3009,https://miamiacupuncture.com/,"2645 Douglas Rd suite 501, Miami, FL 33133, United States",,,,4.9,,Acupuncture clinic,,serpapi
Coral Gables Adult & Continuing Education Center,(305) 443-4871,https://sites.google.com/view/coral-gables-adult/english?authuser=0,"Enter from Le Jeune Road, 450 Bird Rd Bldg #9, Coral Gables, FL 33146",,,,5,,"['English language school', 'Adult education school', 'General education school']",,serpapi
Coral Gables Adult Education Center,(305) 443-4871,https://sites.google.com/view/coral-gables-adult/english?authuser=0,"Enter from Le Jeune Road, 450 Bird Rd Bldg #9, Coral Gables, FL 33146",,,,5,,"['English language school', 'Adult education school', 'General education school']",,serpapi
Coral Gables Art Cinema,(786) 472-2249,http://gablescinema.com/,"260 Aragon Ave, Coral Gables, FL 33134",,,,4.8,,"['Movie theater', 'Non-profit organization']",,serpapi
Coral Gables Car Accident Lawyer Group,(305) 446-9702,https://accidentlawgrouppa.com/,"2655 S Le Jeune Rd Suite 550, Coral Gables, FL 33134",,,,4.3,22,Personal injury attorney,,serpapi
Coral Gables Cardiology Associates,(305) 443-5291,http://www.coralgablescardiology.com/,"475 Biltmore Way Suite 201, Coral Gables, FL 33134",,,,5,,"['Internist', 'Cardiologist']",,serpapi
Coral Gables City Hall,(305) 446-6800,http://www.coralgables-fl.gov/,"405 Biltmore Way, Coral Gables, FL 33134",,,,4.2,,['Government office'],,serpapi
Coral Gables Community Foundation,(305) 446-9670,https://gablesfoundation.org/,"288 Aragon Ave Suite D, Coral Gables, FL 33134",,,,5,,['Foundation'],,serpapi
Coral Gables Congregational Church,(305) 448-7421,http://www.gablesucc.org/,"3010 De Soto Blvd, Coral Gables, FL 33134",,,,4.8,363,"['United Church of Christ', 'Church', 'Historical landmark', 'Place of worship', 'Wedding chapel', 'Wedding venue']",,serpapi
Coral Gables Dentistry,(305) 567-1992,https://www.coralgablesdentistry.com/,"3326 Ponce de Leon Blvd, Coral Gables, FL 33134",,,,5,,Dentist,,serpapi
Coral Gables Development Services,(305) 460-5235,http://www.coralgables.com/,"405 Biltmore Way, Coral Gables, FL 33134",,,,2.5,,Government office,,serpapi
Coral Gables Executive Physicians,(305) 446-9940,https://www.cgepmd.com/?utm_source=google&utm_medium=gbp&utm_campaign=local,"800 Douglas Rd Ste 125, Miami, FL 33134",,,,5,,Internist,,serpapi
Coral Gables Eye Care,(305) 444-8331,https://clarineyecare.com/coral-gables-eye-doctor/,"58 Miracle Mile, Coral Gables, FL 33134",,,,4.7,,"['Optometrist', 'Contact lenses supplier', 'Eye care center', 'Glasses repair service', 'Optician', 'Sunglasses store']",,serpapi
Coral Gables Graphics,(305) 351-3210,,,,,,5,,"['Custom t-shirt store', 'Embroidery service', 'Service establishment', 'Graphic designer', 'Promotional products supplier', 'Sticker manufacturer']",,serpapi
Coral Gables Hospital,(305) 445-8461,https://www.coralgableshospital.org/,"3100 Douglas Rd, Coral Gables, FL 33134",,,,3.8,,['Medical Center'],,serpapi
Coral Gables International Art Center,(786) 362-5132,http://www.sanctuaryofthearts.org/,"410 Andalusia Ave, Coral Gables, FL 33134",,,,4.9,,Arts organization,,serpapi
Coral Gables Lodge No. 260,,https://coralgablesmason.org/,"41 Valencia Ave, Coral Gables, FL 33134",,,,4.8,,['Fraternal organization'],,serpapi
Coral Gables Magazine,(305) 452-0501,https://globalmiamimagazine.com/,"1200 Anastasia Ave #217, Coral Gables, FL 33134",,,,,,Publisher,,serpapi
Coral Gables Physical Therapy,(305) 441-5258,https://www.pinecrestpt.com/,"4110 Aurora St, Coral Gables, FL 33146",,,,4.7,,Physical therapy clinic,,serpapi
Coral Gables Plumbing,(305) 280-9196,https://www.coralgablesplumbing.com/,"13101 SW 87th Ave, Miami, FL 33176",,,,4.8,,Plumber,,serpapi
Coral Gables Professional Firefighters Assn.,(305) 460-5571,https://www.coralgables.com/department/fire,"2151 Salzedo St, Coral Gables, FL 33134",,,,4.2,,Fire station,,serpapi
Coral Gables Tag Agency,+1 305-444-1138,http://www.autotagagency.net/locations/coral-gables-tag-agency/,"1418 Ponce de Leon Blvd, Coral Gables, FL 33134, United States",,,,4.8,,['Auto tag agency'],,serpapi
Coral Gables Trust Company,(786) 497-1212,https://cgtrust.com/,"255 Alhambra Cir #333, Coral Gables, FL 33134",,,,4.2,,['Financial consultant'],,serpapi
Coral Gables Waterway,,,"Coral Gables, FL 33143",,,,3.7,,['Channel'],,serpapi
Coral Gables Woman's Club,(305) 448-7080,http://coralgableswomansclub.org/,"1001 E Ponce De Leon Blvd, Coral Gables, FL 33134",,,,4.6,,"['Banquet hall', 'Club', 'Event venue']",,serpapi
Coral Wealth Management,(305) 671-3915,https://www.coralwm.com/?utm_source=omg-gbp&utm_medium=webclick,"20801 Biscayne Blvd STE 403, Miami, FL 33180",,,,5,,Financial planner,,serpapi
"Cordo Claims Group, LLC",(877) 552-6736,http://cordoclaims.com/,"12350 SW 132nd Ct STE 102, Miami, FL 33186",,,,5,,['Loss adjuster'],,serpapi
CorEvents Inc.,(786) 351-9325,http://www.cor-events.com/,,,,,4.8,,"['Event management company', 'Service establishment']",,serpapi
Cortadito Coffee House,+1 786-410-0175,https://cortaditocoffeehouse.com/,"200 Miracle Mile, Coral Gables, FL 33134, United States",,,,4.6,,"['Coffee shop', 'Bakery', 'Breakfast restaurant', 'Catering food and drink supplier', 'Cuban restaurant', 'Espresso bar', 'Juice shop', 'Pastry shop', 'Restaurant', 'Sandwich shop']",,serpapi
Cortadito Coffee House Coral Gables,(786) 410-0175,https://cortaditocoffeehouse.com/,"200 Miracle Mile, Coral Gables, FL 33134",,,,4.6,,"['Coffee shop', 'Bakery', 'Breakfast restaurant', 'Catering food and drink supplier', 'Cuban restaurant', 'Espresso bar', 'Juice shop', 'Pastry shop', 'Restaurant', 'Sandwich shop']",,serpapi
Cosford Cinema,(305) 284-4627,http://www.cosfordcinema.com/,"5030 Brunson Dr, Coral Gables, FL 33146",,,,4.5,,['Movie theater'],,serpapi
Costazul Peruvian Cuisine,(786) 360-3775,https://costazulmiami.com/,"160 Giralda Ave, Coral Gables, FL 33134",,,,4.9,,"['Peruvian restaurant', 'Latin American restaurant', 'Restaurant', 'Seafood restaurant']",,serpapi
Counseling Center,(305) 448-8325,https://miamicounseling.com/,"111 Majorca Ave B, Coral Gables, FL 33134",,,,4.5,75,Counselor,,serpapi
Courtyard by Marriott Miami at Dolphin Mall,(305) 994-9343,https://www.marriott.com/en-us/hotels/miadm-courtyard-miami-at-dolphin-mall/overview/?scid=f2ae0541-1279-4f24-b197-a979c79310b0,"11275 NW 12th St, Doral, FL 33172",,,,4.4,,"['Hotel', 'Meeting planning service']",,serpapi
Courtyard Marriott Miami Coral Gables,(305) 443-2301,https://www.marriott.com/en-us/hotels/miagb-courtyard-miami-coral-gables/overview/?scid=f2ae0541-1279-4f24-b197-a979c79310b0,"2051 S Le Jeune Rd, Coral Gables, FL 33134",,,,4.1,,"['Hotel', 'Meeting planning service']",,serpapi
Courtyard Miami Coconut Grove,(305) 858-2500,https://www.marriott.com/en-us/hotels/miagv-courtyard-miami-coconut-grove/overview/?scid=f2ae0541-1279-4f24-b197-a979c79310b0,"2649 S Bayshore Dr, Miami, FL 33133",,,,3.9,,"['Hotel', 'Meeting planning service']",,serpapi
Courtyard Miami Coral Gables,(305) 443-2301,https://www.marriott.com/en-us/hotels/miagb-courtyard-miami-coral-gables/overview/?scid=f2ae0541-1279-4f24-b197-a979c79310b0,"2051 S Le Jeune Rd, Coral Gables, FL 33134",,,,4.1,,"['Hotel', 'Meeting planning service']",,serpapi
Coutler Discount,(305) 446-2325,,"1800 Ponce de Leon Blvd, Coral Gables, FL 33134",,,,4.2,,Discount store,,serpapi
Coyo Taco,(786) 629-7929,https://coyo-taco.com/coral-gables/,"126 Giralda Ave, Coral Gables, FL 33134",,,,4.1,,Taco restaurant,,serpapi
Craft With A Purpose,(786) 772-6932,https://www.craftmiami.us/,"127 Giralda Ave, Coral Gables, FL 33134",,,,4.9,,Restaurant,,serpapi
"Crawford Real Estate Holdings, LLC",(305) 663-1122,https://www.crawfordresidences.com/,"1701 Ponce de Leon Blvd Suite 203, Coral Gables, FL 33134",,,,3.7,,General contractor,,serpapi
creative & publicity,(305) 799-9936,http://www.michelleagency.com/,"95 Merrick Wy 3rd floor, Coral Gables, FL 33134",,,,4.2,,Marketing agency,,serpapi
Cricket Wireless,(786) 580-3102,https://www.cricketwireless.com/stores/fl/coral-gables/4823-sw-8th-st-spc-no4823?utm_source=Google&utm_medium=Organic_Search&utm_campaign=Yext_Listings,"4823 SW 8th St Spc NO4823, Coral Gables, FL 33134",,,,4.8,,Cell phone store,,serpapi
Crown,(786) 621-9463,https://crownwineandspirits.com/,"1590 S Dixie Hwy, Coral Gables, FL 33146",,,,4.7,,Liquor store,,serpapi
Cuban Museum,(305) 529-5400,http://thecuban.org/,"1200 Coral Wy, Miami, FL 33145",,,,4.8,,Museum,,serpapi
Cueto Law Group,(786) 882-5710,https://cuetolawgroup.com/,"4000 Ponce de Leon Blvd #470, Coral Gables, FL 33146",,,,4.9,,"['Business attorney', 'Estate litigation attorney', 'Estate planning attorney', 'Law firm', 'Attorney', 'Real estate attorney', 'Trial attorney']",,serpapi
"Cueto Law Group, P.L.",(786) 882-5710,https://cuetolawgroup.com/,"4000 Ponce de Leon Blvd #470, Coral Gables, FL 33146",,,,4.9,,"['Business attorney', 'Estate litigation attorney', 'Estate planning attorney', 'Law firm', 'Attorney', 'Real estate attorney', 'Trial attorney']",,serpapi
Cushman & Wakefield,(305) 371-4411,https://www.cushmanwakefield.com/en/united-states/offices/miami?utm_source=google&utm_medium=organic&utm_campaign=gmb_uberall_USA026,"333 SE 2nd Ave #3900, Miami, FL 33131",,,,1.6,,"['Commercial real estate agency', 'Office space rental agency', 'Property maintenance', 'Property management company', 'Real estate agency', 'Real estate agent', 'Real estate appraiser', 'Real estate consultant', 'Real estate developer', 'Real estate surveyor']",,serpapi
CVS Pharmacy,(305) 459-7202,https://www.cvs.com/store-locator/coral-gables-fl-pharmacies/1906-ponce-de-leon-blvd-coral-gables-fl-33134/storeid=17786?WT.mc_id=LS_GOOGLE_RX_17786,"1906 Ponce de Leon Blvd, Coral Gables, FL 33134",,,,4,,Pharmacy,,serpapi
Dade County Federal Credit Union,(305) 471-5080,https://www.dcfcu.org/,"111 NW 1st St, Miami, FL 33128",,,,3.5,,Federal credit union,,serpapi
Dade Maytag Home Appliance Center,(786) 733-9343,https://www.maxappliancerepairmiami.com/,"301 Almeria Ave Suite 110, Coral Gables, FL 33134",,,,4.9,,Appliance repair service,,serpapi
Dairy Queen,(305) 665-1387,http://www.dairyqueen.com/,"4040 SW 67th Ave, Miami, FL 33155",,,,4.4,,Ice cream shop,,serpapi
Dance Sway,(305) 607-3144,https://dancesway.com/,"7140 Bird Rd, Miami, FL 33155",,,,4.8,,"['Dance school', 'Ballroom dance instructor', 'Dance hall', 'Salsa classes']",,serpapi
Daniel's,(305) 912-2639,https://www.danielssteak.com/miami/,"1500 San Ignacio Ave, Coral Gables, FL 33146",,,,4.8,,['Steak house'],,serpapi
David S. Willig Chartered,(305) 860-1881,,"2837 SW 3rd Ave, Miami, FL 33129",,,,4.6,,['Attorney'],,serpapi
David William Hotel Condo Association,(305) 903-1867,,"700 Biltmore Way, Coral Gables, FL 33134",,,,4.6,,['Association / Organization'],,serpapi
Daybreak,(305) 284-4577,https://dineoncampus.com/miami,"1211 Wm E Walsh Ave, Coral Gables, FL 33146",,,,5,,['Restaurant'],,serpapi
"DC Financial Services, LLC",(305) 951-8381,https://dcfinservices.com/,"9830 SW 77th Ave # 210, Miami, FL 33156",,,,4.9,,Credit counseling service,,serpapi
"De La Hoz, Perez & Barbeito, PLLC",(305) 448-5585,http://www.dpbcpa.com/,"2800 Ponce de Leon Blvd Suite 1020, Coral Gables, FL 33134",,,,4.8,,"['Certified public accountant', 'Accounting firm', 'Business management consultant', 'Financial audit', 'Tax consultant']",,serpapi
"De Maio Immigration Law, PLLC",(786) 232-9120,https://www.demaio-law.com/,"2121 Ponce de Leon Blvd # 550, Coral Gables, FL 33134",,,,5,124,"['Immigration attorney', 'Law firm', 'Legal services']",,serpapi
Dean of Students Office,(608) 263-5700,https://doso.students.wisc.edu/,"70 Bascom Hall, 500 Lincoln Dr, Madison, WI 53706",,,,5,,Academic department,,serpapi
Debowsky Design Group,,http://www.citybeautiful.net/,Florida,,,,,,,,serpapi
DeColores Collision Center,(305) 649-0595,https://decolorescollisioncenter.com/,"280 SW 22nd Ave, Miami, FL 33135",,,,4.2,,['Auto body shop'],,serpapi
Dedicated Public Adjusters,(305) 607-2870,https://dedicatedpa.com/contact/,"14707 S Dixie Hwy Suite 200, Palmetto Bay, FL 33176",,,,3.7,,['Insurance agency'],,serpapi
DeleiteS | Events & Catering,(786) 412-8414,https://www.deleitesevents.com/,,,,,5,,"['Caterer', 'Service establishment']",,serpapi
Delgado Garcia Communications,(305) 608-2167,,"5880 SW 46th Terrace, Miami, FL 33155",,,,,,Advertising agency,,serpapi
Delia Izquierdo Insurance Agency Inc,(305) 442-2182,http://www.deliaizquierdoinsurance.com/,"7171 Coral Wy suite 309, Miami, FL 33155",,,,5,,['Insurance agency'],,serpapi
Delta Air Lines,,https://www.delta.com/us/en/delta-sky-club/locations,"Departures, Miami, FL 33126",,,,4.1,,Travel lounge,,serpapi
Derma Era Holistic Med Spa,(305) 707-2134,https://dermalera.zoca.com/?utm_source=googlemaps&utm_medium=googlemaps&utm_campaign=googlemaps,"717 Ponce de Leon Blvd STE 206, Miami, FL 33134",,,,5,,"['Medical spa', 'Facial spa', 'Massage therapist', 'Waxing hair removal service']",,serpapi
Design Resource Center,,,"63 Merrick Wy, Coral Gables, FL 33134, United States",,,,5,,Corporate office,,serpapi
Designhouse,(305) 456-7253,https://dsnhousecollective.com/,"150 Alhambra Cir Suite 1001, Coral Gables, FL 33134",,,,5,,Marketing agency,,serpapi
Diced,(786) 773-2190,http://dicedfood.com/,"2342 SW 67th Ave, Miami, FL 33155",,,,4.5,,Health food restaurant,,serpapi
Digital Bay Tech,(786) 727-2190,http://www.digitalbaytech.com/,"13611 S Dixie Hwy #379, Miami, FL 33176",,,,4.3,,['Home automation company'],,serpapi
Digital Bay Tech | Smart Home Automation,(786) 727-2190,http://www.digitalbaytech.com/,"13611 S Dixie Hwy #379, Miami, FL 33176",,,,4.3,,Home automation company,,serpapi
Digital Future Marketing,(404) 583-5904,http://www.futurevintageagency.com/,,,,,5,,Marketing agency,,serpapi
Digital Radiology Inc.,(954) 834-6362,https://lifeimagingfla.com/contact/?utm_source=gmb_auth,"2344 Douglas Rd, Coral Gables, FL 33134",,,,4.9,,Medical diagnostic imaging center,,serpapi
Dion Generators Solutions,(305) 450-8787,https://diongenerators.com/,"12931 SW 84th Avenue Rd, Miami, FL 33156",,,,4.8,,"['Electric generator shop', 'Electrical installation service', 'Electrician']",,serpapi
Direct Processing Network,(855) 955-6111,http://www.directprocessingnetwork.com/,"12915 SW 132nd St STE 4B, Miami, FL 33186",,,,4.8,,['Software company'],,serpapi
DMG Corporation,(305) 510-9766,,,,,,1,,"['Cleaning service', 'Service establishment']",,serpapi
Doc B's Restaurant + Bar,(786) 864-1220,https://docbsrestaurant.com/locations/coral-gables,"301 Miracle Mile, Coral Gables, FL 33134",,,,4.7,,"['American restaurant', 'Bar', 'Restaurant']",,serpapi
Doc Digital SEM,(954) 737-3031,https://docdigitalsem.com/locations/fort-lauderdale-digital-marketing-agency/?utm_source=google&utm_medium=gmb_fort_lauderdale&utm_campaign=local_seo,"501 E Las Olas Blvd #300, Fort Lauderdale, FL 33301",,,,5,,Internet marketing service,,serpapi
Doctors Hospital,(786) 308-3000,https://baptisthealth.net/locations/hospitals/doctors-hospital?utm_source=yext&utm_medium=google&utm_campaign=listing&y_source=1_MTIwNTAyMzUtNzE1LWxvY2F0aW9uLndlYnNpdGU%3D,"5000 University Dr, Coral Gables, FL 33146",,,,4.8,,['Hospital'],,serpapi
Dogtown,(305) 448-5225,https://www.barkfetchrun.com/?utm_source=google&utm_medium=organic&utm_campaign=gbp,"3686 Grand Ave, Miami, FL 33133",,,,4.5,,Dog day care center,,serpapi
Dojo Izakaya,(305) 849-3456,http://www.dojomiami.com/,"148 Giralda Ave, Coral Gables, FL 33134",,,,4.4,,['Food and drink'],,serpapi
Dollar General,(786) 633-4430,https://www.dollargeneral.com/store-directory/fl/miami/12984,"5175 SW 8th St, Miami, FL 33134",,,,4.2,,"['Dollar store', 'Convenience store', 'Discount store', 'Drug store', 'Gift shop', 'Grocery store', 'Toy store']",,serpapi
Dollar Tree,(786) 864-1585,https://locations.dollartree.com/fl/miami/3301-coral-way-103?utm_source=google&utm_medium=organic&utm_campaign=maps,"3301 Coral Wy #103, Miami, FL 33145",,,,4.1,,Dollar store,,serpapi
Domino's,(305) 448-7900,https://www.dominos.com/en/?utm_source=google&utm_medium=loclist&utm_campaign=localmaps_menutest,"1400 Ponce de Leon Blvd, Coral Gables, FL 33134",,,,3.3,678,Pizza delivery,,serpapi
Don Pan International Bakery,,http://www.donpan.com/,"400 S Dixie Hwy, Coral Gables, FL 33146",,,,4,,"['Venezuelan restaurant', 'Bakery', 'Cake shop', 'Restaurant']",,serpapi
Don Quixote De La Mancha,(305) 444-9293,http://www.actorsplayhouse.org/,"280 Miracle Mile, Coral Gables, FL 33134",,,,4.7,,['Performing arts theater'],,serpapi
Donlevy-Rosen & Rosen,(305) 447-0061,http://protectyou.com/,"2121 Ponce de Leon Blvd # 320, Coral Gables, FL 33134",,,,5,,['Attorney'],,serpapi
Donut with Balls Number 28,+1 305-203-0552,http://www.antoniobachour.com/,"2020 Salzedo St, Miami, FL 33134, United States",,,,4.6,,Bakery,,serpapi
DoodyCalls of Miami,(305) 520-7904,https://www.doodycalls.com/miami/?utm_source=GMrB&utm_medium=organic&utm_campaign=CoralGables,,,,,5,,"['Waste management service', 'Debris removal service', 'Service establishment', 'Lawn care service', 'Pet supply store', 'Tent rental service', 'Turf supplier']",,serpapi
Door Dash,,,,,,,1.7,,Corporate office,,serpapi
Dopazo & Associates Insurance Services,(305) 470-8500,http://www.dopazoinsurance.com/,"10723 SW 104th St, Miami, FL 33176",,,,4.8,,"['Insurance agency', 'Auto insurance agency', 'Health insurance agency', 'Home insurance agency']",,serpapi
Double C,(305) 800-6672,http://www.mrccoconutgrove.com/,"2988 McFarlane Rd, Coconut Grove, FL 33133",,,,4.6,,Hotel,,serpapi
Douglas Elliman,(305) 695-6060,https://www.elliman.com/florida/office/510-b-705-111646/coral-gables?utm_source=GMB&utm_medium=Organic_search&utm_campaign=GMB_Coral_Gables_FL,"1515 Sunset Dr #10, Coral Gables, FL 33143",,,,5,,"['Real estate agency', 'Commercial real estate agency', 'Real estate agent', 'Real estate consultant']",,serpapi
Dream Team Law,(855) 255-8326,https://www.dreamteamfightsforyou.com/,"1120 Ponce de Leon Blvd, Coral Gables, FL 33134",,,,4.7,209,['Personal injury attorney'],,serpapi
"Dream Team Law, PLLC",(855) 255-8326,https://www.dreamteamfightsforyou.com/,"1120 Ponce de Leon Blvd, Coral Gables, FL 33134",,,,4.7,209,['Personal injury attorney'],,serpapi
Drip N Bodied,(305) 908-9282,http://www.dripnbodied.com/,"1001 Ponce de Leon Blvd Suite A, Coral Gables, FL 33134",,,,5,,['Medical spa'],,serpapi
Drury Law Firm,(305) 615-1617,http://hddlawfirm.com/,"1200 Anastasia Ave #240, Coral Gables, FL 33134",,,,5,,Law firm,,serpapi
Dukanee Beauty Supply,(305) 666-7830,http://www.dukaneebeautysupply.com/,"7101 SW 8th St, Miami, FL 33144",,,,4.9,,Beauty supply store,,serpapi
DUNDUNs - Barbershop Coral Gables,(786) 689-5516,https://dundunbarbershop.com/,"2263 SW 37th Ave, Coral Gables, FL 33145",,,,5,,['Barber shop'],,serpapi
Dunkin',(305) 444-1805,https://www.dunkindonuts.com/?utm_source=google&utm_medium=local&utm_campaign=localmaps&utm_content=300797,"2720 S Dixie Hwy E, Miami, FL 33133",,,,3.8,,Coffee shop,,serpapi
E. Gomez CPA LLC,(305) 497-0552,https://www.egomezcpa.com/,"4000 Ponce de Leon Blvd #470, Coral Gables, FL 33146",,,,4.9,,"['Certified public accountant', 'Accounting firm', 'Bookkeeping service', 'Tax consultant', 'Tax preparation']",,serpapi
Early Learning Coalition of MiamiDade/Monroe,(305) 646-7220,http://www.elcmdm.org/,"2555 Ponce de Leon Blvd STE 210, Coral Gables, FL 33134",,,,3.8,,['Non-profit organization'],,serpapi
"Easescreen America, LLC",(305) 592-0909,http://www.screentechusa.com/,"1601 NW 72nd Ave, Miami, FL 33126",,,,4,,['Exporter'],,serpapi
Ecig Shop Miami,(786) 542-6255,https://www.vapensmokeshop.com/,"467 S Dixie Hwy, Coral Gables, FL 33146",,,,4.5,,Tobacco shop,,serpapi
education,(305) 443-4871,https://sites.google.com/view/coral-gables-adult/english?authuser=0,"Enter from Le Jeune Road, 450 Bird Rd Bldg #9, Coral Gables, FL 33146",,,,5,,English language school,,serpapi
Edward Bernier,,http://www.citybeautiful.net/,Florida,,,,,,,,serpapi
Edward Jones,+1 305-460-9594,https://www.edwardjones.com/us-en/financial-advisor/nicolas-eterovic?y_source=1_NDE3NjAxNi03MTUtbG9jYXRpb24ud2Vic2l0ZQ%3D%3D,"150 Alhambra Cir STE 1170, Coral Gables, FL 33134, United States",,,,,,Financial consultant,,serpapi
Einstein Bros. Bagels,(305) 284-1134,,"1350 Miller Dr, Coral Gables, FL 33146",,,,4,,"['Bagel shop', 'Bakery', 'Breakfast restaurant', 'Cafe']",,serpapi
El Atlacatl,(305) 649-8000,http://www.elatlacatlmiami.com/,"3199 SW 8th St, Miami, FL 33135",,,,4.2,,Salvadoran restaurant,,serpapi
El Car Wash,(866) 305-4329,https://elcarwash.com/fl/car-wash-in-coral-gables/,"5201 SW 8th St, Coral Gables, FL 33134",,,,4.8,,"['Car wash', 'Car detailing service']",,serpapi
El Churrascaso Grill Bird Road,,https://www.instagram.com/elchurrascasogrill_birdroad?igsh=Y2FnczI3ZHN2ZnVz,"6505 SW 40th St, Miami, FL 33155",,,,4.4,,['Restaurant'],,serpapi
El Mago de las Fritas,(305) 266-8486,http://elmagodelasfritas.com/,"5828 SW 8th St, Miami, FL 33144",,,,4.8,,"['Cuban restaurant', 'Caribbean restaurant', 'Latin American restaurant']",,serpapi
El Palacio de los Jugos,(786) 616-8913,https://elpalaciodelosjugos.com/?utm_source=google&utm_medium=organic&utm_campaign=gbp-listing&utm_content=SW-16-y-27-Ave,"1545 SW 27th Ave, Miami, FL 33145",,,,4.3,,Cuban restaurant,,serpapi
El Quart Segell,(305) 448-8224,https://lacasitacubancuisine.com/,"3805 SW 8th St, Coral Gables, FL 33134",,,,4.5,,"['Cuban restaurant', 'Spanish restaurant']",,serpapi
El Rey de las Fritas,(305) 644-6054,https://elreydelasfritas.com/,"1821 SW 8th St, Miami, FL 33135",,,,4.5,,"['Cuban restaurant', 'Breakfast restaurant', 'Brunch restaurant', 'Hamburger restaurant', 'Restaurant']",,serpapi
El Shaddai Skincare Day Spa,(305) 284-8636,http://pecansdayspacoralgables.com/,"520 Biltmore Way, Coral Gables, FL 33134",,,,4.9,,Day spa,,serpapi
El Taquitos,(305) 846-9608,https://www.eltaquito.restaurant/,"1380 SW 8th St, Miami, FL 33135",,,,4.1,,Mexican restaurant,,serpapi
Element Miami International Airport,(305) 636-1600,https://www.marriott.com/en-us/hotels/miael-element-miami-international-airport/overview/?scid=f2ae0541-1279-4f24-b197-a979c79310b0,"3525 NW 25th St, Miami, FL 33142",,,,4,,"['Hotel', 'Meeting planning service']",,serpapi
Elia At Sebastian's Cafe,(786) 558-4548,https://newman-alumni-center.com/about-2/sebastians-cafe/,"6200 San Amaro Dr, Coral Gables, FL 33146",,,,4.9,,['Cafe'],,serpapi
Eliptek Technology Group,(888) 601-5351,https://elevateconsult.com/contact-us/,"1172 S Dixie Hwy, Coral Gables, FL 33146",,,,5,,['Computer security service'],,serpapi
Ella Paradis,(833) 880-8833,,"8880 NW 20th St STE K-L, Miami, FL 33172",,,,5,1,['Adult entertainment store'],,serpapi
Emmy Squared Pizza,+1 786-607-3669,,"230 Miracle Mile, Coral Gables, FL 33134, United States",,,,4.4,,"['Restaurant', 'Pizza restaurant']",,serpapi
Enrique Munoz,(305) 261-7777,http://www.enriquemunozstudio.com/,"6055 SW 8th St, West Miami, FL 33144",,,,4.5,,"['Photographer', 'Photo lab', 'Portrait studio', 'Wedding photographer']",,serpapi
Epic Smiles Miami,(786) 245-6181,https://dentistlittlehavana.com/?utm_source=google&utm_medium=social&utm_campaign=Epic+Smiles+Miami&utm_term=Dentist+Little+Havana,"2525 SW 8th St, Miami, FL 33135",,,,4.9,,"['Dentist', 'Cosmetic dentist', 'Dental clinic']",,serpapi
Episcopal Church Center,(305) 284-2333,http://www.umchapel.org/,"1150 Stanford Dr, Coral Gables, FL 33146",,,,4.9,16,Episcopal church,,serpapi
Equinox Coral Gables,(786) 497-8200,https://www.equinox.com/clubs/florida/coralgables?cid=gmb,"370 San Lorenzo Ave, Coral Gables, FL 33146",,,,3.6,,"['Gym', 'Physical fitness program', 'Pilates studio', 'Spa', 'Yoga studio']",,serpapi
Equipaws Pet Services,(305) 794-3733,http://www.equipawspetservices.com/,"5825 Sunset Dr # 306, South Miami, FL 33143",,,,4.9,,"['Dog walker', 'Pet sitter']",,serpapi
Equitable Advisors,(305) 670-4400,https://www.equitablesouthflorida.com/,"9130 S Dadeland Blvd # 1400, Miami, FL 33156",,,,,,Business to business service,,serpapi
Erba,(305) 712-7788,http://erbamiami.com/,"227 S Dixie Hwy, Coral Gables, FL 33133",,,,4.3,,['Italian restaurant'],,serpapi
Erba Miami,(305) 712-7788,http://erbamiami.com/,"227 S Dixie Hwy, Coral Gables, FL 33133",,,,4.3,,['Italian restaurant'],,serpapi
Erica Simons,(305) 668-0496,https://www.drsimonplasticsurgery.com/,"3850 Bird Rd STE 201, Miami, FL 33146",,,,4.5,240,Plastic surgeon,,serpapi
Erin Anding,(607) 351-4818,https://erinhuyler.ewm.com/,"550 S Dixie Hwy, Coral Gables, FL 33146",,,,5,,Real estate consultant,,serpapi
ESQ.title | Real Estate Law,(305) 501-2836,https://www.esqtitle.law/?utm_source=google&utm_medium=local,"121 Alhambra Plz 15th Floor, Coral Gables, FL 33134",,,,5,,Real estate attorney,,serpapi
Essence Boutique,(305) 448-6777,https://www.essencemiami.com/collections/whats-new,"78 Miracle Mile, Coral Gables, FL 33134",,,,4.9,,"[""Women's clothing store"", 'Boutique', 'Clothing store', 'Shoe store']",,serpapi
"Estetica Le Fate, LLC",(786) 626-2860,http://lefatespa.com/,"3872 Grand Ave, Miami, FL 33133",,,,5,,Spa,,serpapi
Esthetics by Salima,(786) 768-1234,https://estheticsbyhalima.com/?y_source=1_MTAxNjMxNzE2NC03MTUtbG9jYXRpb24ud2Vic2l0ZQ%3D%3D,"6931 SW 57th Ave, Coral Gables, FL 33146",,,,5,,Medical spa,,serpapi
Esthetique Spa,(305) 569-0612,http://www.skintiquemiami.com/,"4100 Salzedo St STE 7, Coral Gables, FL 33146",,,,4.8,,Spa,,serpapi
Estrella Insurance,(305) 262-7800,https://agents.estrellainsurance.com/en-us/fl/miami/327.html?utm_source=google&utm_medium=cpc,"3701 SW 8th St, Miami, FL 33134",,,,4.9,,Auto insurance agency,,serpapi
Evangelism for Christ Church,(305) 446-6132,https://www.cccgables.org/,"222 Menores Ave #3906, Coral Gables, FL 33134",,,,4.9,54,Christian church,,serpapi
Evensky & Katz / Foldes Financial Wealth Management,(305) 448-8882,http://www.evensky.com/,"4000 Ponce de Leon Blvd #850, Coral Gables, FL 33146",,,,5,,['Financial planner'],,serpapi
EverBank,(305) 448-8568,https://www.everbank.com/,"20 Giralda Ave, Coral Gables, FL 33134",,,,3,,['Bank'],,serpapi
Executive Tropic Garden Hotel,(305) 267-4490,http://www.executivefantasyhotels.com/,"6925 SW 8th St, Miami, FL 33144",,,,4.3,387,"['Love hotel', 'Hotel']",,serpapi
Explore Foster Miami,(305) 455-6000,,"401 NW 2nd Ave # S10, Miami, FL 33128",,,,3.8,30,Foster care service,,serpapi
Express Travel (a Gray Dawes Company),(305) 341-1200,http://www.expresstravelus.com/,"201 Alhambra Cir #502, Coral Gables, FL 33134",,,,3.9,,Travel agency,,serpapi
Extensis HR,,http://www.citybeautiful.net/,Florida,,,,,,,,serpapi
Extra Space Storage,(786) 501-2207,https://www.extraspace.com/storage/facilities/us/florida/miami/7576/?cid=org::maps&utm_source=google&utm_medium=organic&utm_campaign=org::maps,"2434 SW 28th Ln, Miami, FL 33133",,,,5,,Self-storage facility,,serpapi
Exxon,(305) 666-6396,https://www.exxon.com/en/find-station/200316004,"375 S Dixie Hwy, Coral Gables, FL 33133",,,,4.3,,Gas station,,serpapi
Facade Bakery,,https://www.instagram.com/facademiami/,"271 Giralda Ave, Coral Gables, FL 33131",,,,4.2,,['Bakery'],,serpapi
Fairchild Tropical Botanic Garden,(305) 667-1651,https://fairchildgarden.org/,"Old Cutler Rd, Coral Gables, FL 33156",,,,4.8,,"['Botanical garden', 'Art center', 'Garden', 'Tourist attraction']",,serpapi
Family Dollar,(305) 341-1984,https://locations.familydollar.com/fl/miami/5978-sw-64th-street?utm_source=google&utm_medium=organic&utm_campaign=maps,"5978 SW 64th St #101, Miami, FL 33143",,,,4.1,,Dollar store,,serpapi
Family Medical Group Gables,(305) 306-0233,https://thefamilymedgroup.com/locations/coral-gables/,"1330 SW 22nd St Suite 401, Miami, FL 33145",,,,4.9,473,['Medical clinic'],,serpapi
"Fantasy, 1958",,http://www.citybeautiful.net/,Florida,,,,,,,,serpapi
FCC USA (Soccer for Peace Foundation),(305) 460-5600,https://www.coralgables.com/community-recreation/fitness-athletics/fitness-athletics-programs,"405 University Dr, Coral Gables, FL 33134",,,,2.7,,['Soccer club'],,serpapi
Ferdinand Funeral Homes & Crematory,(305) 631-0001,http://ferdinandfuneralhomes.com/,"250 E 4th Ave, Hialeah, FL 33010",,,,4.9,142,"['Funeral home', 'Cremation service']",,serpapi
Ferrari,(786) 885-3490,https://miami.ferraridealers.com/en-US/,"200 Bird Rd, Coral Gables, FL 33146",,,,4.6,,"['Ferrari dealer', 'Car accessories store', 'Car dealer', 'Chauffeur service', 'Motor vehicle dealer', 'Used car dealer']",,serpapi
Fiallo Design,(305) 429-0088,https://fiallodesign.com/,,,,,5,,"['Interior designer', 'Service establishment']",,serpapi
FIBA (International Basketball Federation),(305) 539-3744,http://www.fiba.net/,"80 SW 8th St Suite 2170, Miami, FL 33130",,,,5,,Non-profit organization,,serpapi
Fine Line Furniture & Accessories,(305) 661-4414,https://finelinefurnitureandaccessories.com/,"4217 Ponce de Leon Blvd, Coral Gables, FL 33146",,,,5,,"['Furniture store', 'Home goods store', 'Interior designer']",,serpapi
Fine Line Furniture and Accessories,(305) 661-4414,https://finelinefurnitureandaccessories.com/,"4217 Ponce de Leon Blvd, Coral Gables, FL 33146",,,,5,,"['Furniture store', 'Home goods store', 'Interior designer']",,serpapi
Fintech Espresso,(305) 639-8218,https://groucommunity.com/,"4100 Salzedo St STE 5, Coral Gables, FL 33146",,,,4.8,,Coffee shop,,serpapi
First American Bank,+1 305-500-9501,https://www.firstambank.com/About/Connect/Branch-and-ATM-Locations/Coral-Gables-FL,"540 Biltmore Way, Coral Gables, FL 33134, United States",,,,4.3,,"['Bank', 'ATM', 'Financial institution']",,serpapi
First Baptist Church of South Miami,(305) 559-0241,http://coralpark.org/,"8755 SW 16th St, Miami, FL 33165",,,,4.8,126,['Baptist church'],,serpapi
First Citizens Bank,(305) 639-7200,https://locations.firstcitizens.com/fl/coral-gables/250-palermo-avenue,"250 Palermo Ave, Coral Gables, FL 33134",,,,3.8,,['Bank'],,serpapi
First Horizon Bank,(305) 442-9991,https://www.firsthorizon.com/bank/fl/banking-in-miami?utm_source=organic&utm_medium=business%20listings&utm_campaign=yext,"2109 Ponce de Leon Blvd, Coral Gables, FL 33134",,,,4.2,,Bank,,serpapi
First Solution Insurance,+1 305-667-6530,http://www.firstsolutioninsurance.com/,"6530 Coral Wy, Miami, FL 33155, United States",,,,5,,['Insurance broker'],,serpapi
First UMC Coral Gables  Church,(305) 445-2578,http://www.welovecoralgables.org/,"536 Coral Wy, Coral Gables, FL 33134",,,,4.9,12,United Methodist church,,serpapi
First United Methodist Church of Miami,(305) 445-2578,http://www.welovecoralgables.org/,"536 Coral Wy, Coral Gables, FL 33134",,,,4.9,12,United Methodist church,,serpapi
FirstBank Florida,(305) 442-1220,http://www.1firstbank.com/fl/en,"2990 Ponce de Leon Blvd, Coral Gables, FL 33134",,,,4,,"['Bank', 'ATM']",,serpapi
FIS Global,(305) 471-5842,,"Miami, FL 33166",,,,,,Bank,,serpapi
fitness,(305) 461-1090,https://www.rzonefitness.com/,"112 Valencia Ave, Coral Gables, FL 33134",,,,4.9,,Gym,,serpapi
Fitness First,(786) 437-4400,https://www.lifetime.life/locations/fl/coral-gables.html?utm_source=google&utm_medium=local&utm_campaign=google-local-club,"237 S Dixie Hwy, Coral Gables, FL 33133",,,,3.8,,Gym,,serpapi
Five Guys,(305) 740-5972,https://restaurants.fiveguys.com/1540-s-dixie-highway-(us-1),"1540 S Dixie Hwy US 1, Coral Gables, FL 33146",,,,4.3,,"['Fast food restaurant', 'American restaurant', 'Hamburger restaurant', 'Hot dog restaurant', 'Hot dog stand', 'Restaurant']",,serpapi
Flagstar,(305) 774-0049,https://www.flagstar.com/coral-gables-flagstar-bank-florida-2240.html,"2701 Ponce de Leon Blvd, Coral Gables, FL 33134",,,,4.2,,['Bank'],,serpapi
"Fleites Law, P.A.",(305) 902-5562,https://fleiteslaw.com/,"1800 SW 27th Ave #500, Miami, FL 33145",,,,3.3,,"['Attorney', 'Immigration attorney', 'Law firm', 'Personal injury attorney']",,serpapi
Flor de Flamenco,(305) 433-7666,https://www.cavamiami.com/,"3850 SW 8th St, Coral Gables, FL 33134",,,,4.5,,Flamenco theater,,serpapi
Florida Blue,(305) 256-5480,https://www.floridablue.com/center/miami,"8895 SW 136th St, Miami, FL 33176",,,,3.9,,Health insurance agency,,serpapi
Florida Construction & Engineering,(305) 883-7601,http://www.fcebuild.com/,"2555 Ponce de Leon Blvd #230, Coral Gables, FL 33134",,,,5,,['Construction company'],,serpapi
Florida Education Institute,(305) 444-1515,https://www.fei.edu/,"5818 SW 8th St, West Miami, FL 33144",,,,4.3,,Educational institution,,serpapi
Florida Grand Opera,(800) 741-1010,https://www.fgo.org/,"1501 Biscayne Blvd #210, Miami, FL 33132",,,,4.5,,"['Opera company', 'Event ticket seller', 'Performing arts theater']",,serpapi
Florida International University,(305) 348-2000,http://www.fiu.edu/,"11200 SW 8th St, Miami, FL 33199",,,,4.4,,"['University', 'Public university', 'School']",,serpapi
Florida Lemark Corporation,(305) 593-1442,https://www.floridalemark.com/,"8750 NW 36th St Suite 200, Doral, FL 33178",,,,5,,['Construction company'],,serpapi
Florida Power & Light,(800) 342-5375,http://www.fpl.com/,"4200 W Flagler St, Miami, FL 33134",,,,1.9,,['Electric utility company'],,serpapi
Florida Restaurant & Lodging Association,(850) 224-2250,http://www.frla.org/,"230 S Adams St, Tallahassee, FL 32301",,,,3.4,,Association / Organization,,serpapi
Florida Retail Federation,+1 850-222-4082,http://www.frf.org/,"227 S Adams St, Tallahassee, FL 32301, United States",,,,1.8,,Association / Organization,,serpapi
Florida State Day Celebrations Inc.,(305) 662-4742,https://clubofknights.com/,"270 Catalonia Ave, Coral Gables, FL 33134",,,,4.7,,Wedding venue,,serpapi
Flossy Smiles Dental Implants & Esthetics: Dr. Gio,(786) 384-6455,https://www.flossysmiles.com/?utm_source=google&utm_medium=local&utm_campaign=gmb,"385 Alhambra Cir a, Coral Gables, FL 33134",,,,4.9,,"['Dental implants provider', 'Cosmetic dentist', 'Dentist', 'Oral surgeon', 'Orthodontist']",,serpapi
Flowers & Services,(305) 444-0883,http://www.bfleur.com/,"333 Alcazar Ave, Coral Gables, FL 33134",,,,4.6,,Florist,,serpapi
Fluentica,,http://www.citybeautiful.net/,Florida,,,,,,,,serpapi
Focaccia Bistro,(305) 476-8292,,"3111 Grand Ave, Coconut Grove, FL 33133",,,,3.8,,['Italian restaurant'],,serpapi
Fogo de Chao Brazilian Steakhouse,(786) 297-8788,https://fogodechao.com/location/coral-gables/,"2801 Ponce de Leon Blvd, Coral Gables, FL 33134",,,,4.8,,"['Brazilian restaurant', 'Restaurant', 'Steak house']",,serpapi
Fogo de Chao Coral Gables,(786) 297-8788,https://fogodechao.com/location/coral-gables/,"2801 Ponce de Leon Blvd, Coral Gables, FL 33134",,,,4.8,,"['Brazilian restaurant', 'Restaurant', 'Steak house']",,serpapi
"Fohhn Audio Americas, LLC",(305) 446-8055,http://www.soundperformance.com/,"2960 Ponce de Leon Blvd, Coral Gables, FL 33134",,,,5,,['Store'],,serpapi
Fontaine Retirement Group,(305) 386-7667,http://www.fontaine-retirement.com/,"5730 SW 74th St Suite 800, South Miami, FL 33143",,,,4,,['Financial planner'],,serpapi
Fontana Italian Biltmore Hotel Miami,(305) 913-3189,https://www.biltmorehotel.com/dining/fontana/?utm_source=google&utm_medium=organic&utm_campaign=gmb-listing,"1200 Anastasia Ave Suite C, Coral Gables, FL 33134",,,,4.4,,"['Italian restaurant', 'Bar', 'Brunch restaurant']",,serpapi
Fontana Ristorante,(305) 913-3189,https://www.biltmorehotel.com/dining/fontana/?utm_source=google&utm_medium=organic&utm_campaign=gmb-listing,"1200 Anastasia Ave Suite C, Coral Gables, FL 33134",,,,4.4,,"['Italian restaurant', 'Bar', 'Brunch restaurant']",,serpapi
Food & Drink Station,(786) 772-6932,https://www.craftmiami.us/,"127 Giralda Ave, Coral Gables, FL 33134",,,,4.9,,Cafe,,serpapi
Forma Dental,(786) 841-8030,https://www.formadental.co/,"69 Merrick Wy, Coral Gables, FL 33134",,,,5,,"['Dentist', 'Cosmetic dentist', 'Dental clinic', 'Dental hygienist', 'Dental implants periodontist', 'Emergency dental service', 'Endodontist', 'Oral surgeon', 'Periodontist', 'Prosthodontist']",,serpapi
Formula One Sports Cars,(305) 443-1515,http://formulamiami.com/,"3800 Bird Rd, Miami, FL 33146",,,,4.8,,['Car dealer'],,serpapi
Fortun Insurance,(305) 445-3535,http://www.oneinsuranceservices.com/,"365 Palermo Ave, Coral Gables, FL 33134",,,,3,,Insurance agency,,serpapi
Four Points by Sheraton Coral Gables,(305) 567-0534,https://www.marriott.com/en-us/hotels/fllfp-four-points-coral-gables/overview/?scid=f2ae0541-1279-4f24-b197-a979c79310b0,"3861 SW 40th St, Coral Gables, FL 33146",,,,4.2,,"['Hotel', 'Meeting planning service']",,serpapi
Francesco,(305) 797-4039,https://francesco-restaurant.com/,"278 Miracle Mile, Coral Gables, FL 33134",,,,4.8,,['Restaurant'],,serpapi
Frank Rolfes,(305) 476-7100,http://www.rascoklock.com/,"2555 Ponce de Leon Blvd #600, Coral Gables, FL 33134",,,,4.5,,Attorney,,serpapi
Fred Astaire Dance Studios  Coral Gables,(305) 443-0085,https://www.fredastaire.com/coral-gables/,"2320 Galiano St, Coral Gables, FL 33134",,,,5,,"['Dance school', 'Ballroom dance instructor', 'Dance club', 'Dance company', 'Dance hall', 'Dance store', 'Event venue', 'Social club', 'Wedding service']",,serpapi
Freddo Traditional Gelato,,https://usa.freddo.com/,"176 Giralda Ave, Coral Gables, FL 33134",,,,3.9,,"['Ice cream shop', 'Cafeteria', 'Dessert shop', 'Frozen dessert supplier']",,serpapi
Freebee,,http://www.ridefreebee.com/,,,,,4.5,,"['Transportation service', 'Advertising agency', 'Service establishment']",,serpapi
Frenchies Dinner,(305) 442-4554,http://frenchiesdiner.net/,"2618 Galiano St, Coral Gables, FL 33134",,,,4.5,,"['French restaurant', 'Bistro', 'Diner', 'Restaurant']",,serpapi
Fresco,(305) 854-8479,https://www.frescoymas.com/,"1525 Coral Wy, Miami, FL 33145",,,,4.2,,Grocery store,,serpapi
Fresh Del Monte Produce Inc.,(305) 520-8400,http://www.freshdelmonte.com/,"241 Sevilla Ave, Coral Gables, FL 33134",,,,3.9,,['Corporate campus'],,serpapi
Friends of The Underline,(305) 603-9895,http://www.theunderline.org/,"SW 1st Ave, Miami, FL 33130",,,,4.6,,['Park'],,serpapi
Fritz & Franz Bierhaus,(305) 774-1883,,"60 Merrick Wy, Coral Gables, FL 33134",,,,4.5,,"['German restaurant', 'Bar & grill', 'Restaurant', 'Sports bar']",,serpapi
Frost School of Music,(305) 284-2241,https://www.frost.miami.edu/,"1314 Miller Dr, Coral Gables, FL 33146",,,,4.7,,['Music school'],,serpapi
Frost Science Museum,(305) 434-9600,https://www.frostscience.org/,"1101 Biscayne Blvd, Miami, FL 33132",,,,4.4,,Science museum,,serpapi
Full-service construction company O'Hara Landscape and Maintenance Inc,(561) 328-8240,https://www.oharalandscape.com/,"1001 25th Ct unit 1, West Palm Beach, FL 33407",,,,4.1,,['Landscaper'],,serpapi
Fusion MD Cosmetic Surgery,(305) 686-1122,https://www.fusionmdcosmeticsurgery.com/?utm_source=google&utm_medium=organic&utm_campaign=gbp,"550 Biltmore Way Suite 105, Coral Gables, FL 33134",,,,4.8,214,Plastic surgeon,,serpapi
Futura Optical,(305) 643-1010,https://www.futuraeyedoctors.com/,"1846 SW 8th St, Miami, FL 33135",,,,4.7,,Eye care center,,serpapi
"G Alvarez Studio, Inc.",(305) 371-8400,http://www.galvarezstudio.com/,"800 Douglas Rd #180, Coral Gables, FL 33134",,,,5,,['Interior architect office'],,serpapi
"G.H. Factor, LLC",(305) 749-5361,http://www.ghfactor.net/,"671 W 18th St, Hialeah, FL 33010",,,,5,,"['Financial institution', 'Finance broker']",,serpapi
Gables Animal Clinic,(305) 381-5694,https://gablesanimalclinic.com/?utm_source=google&utm_medium=organic&utm_campaign=gmbwebsite,"1607 Ponce de Leon Blvd STE 105, Coral Gables, FL 33134",,,,4.7,,"['Veterinarian', 'Animal hospital']",,serpapi
Gables Cigars,(305) 631-2139,,"2324 Salzedo St, Coral Gables, FL 33134",,,,5,,['Cigar shop'],,serpapi
Gables Columbus Center,(786) 686-7384,https://www.gables.com/community/686272?utm_knock=gmb,"60 Minorca Ave, Coral Gables, FL 33134",,,,4.5,,['Apartment rental agency'],,serpapi
Gables Corporate Plaza,(305) 972-4363,,"2100 Ponce de Leon Blvd, Coral Gables, FL 33134",,,,4.2,,['Plaza'],,serpapi
Gables Engineering,(305) 774-4400,http://www.gableseng.com/,"247 Greco Ave, Coral Gables, FL 33146",,,,4.3,,['Aerospace company'],,serpapi
Gables Exceptional Dentistry,(305) 614-2438,https://www.gablesexceptionaldentistry.com//?utm_source=google&utm_medium=organic&utm_campaign=gbp,"357 Almeria Ave STE 105, Coral Gables, FL 33134",,,,4.9,,Dentist,,serpapi
Gables Good Government Committee,(305) 446-1657,https://www.coralgableschamber.org/,"201 Alhambra Cir Suite 100, Coral Gables, FL 33134",,,,5,,Chamber of Commerce,,serpapi
Gables Inn,(305) 661-7999,https://www.thegablesinn.net/,"730 S Dixie Hwy, Coral Gables, FL 33146",,,,3.5,,['Hotel'],,serpapi
Gables Laundry and Dry Cleaners,(305) 443-1110,https://gableslaundryandcafe.com/,"1406 Ponce de Leon Blvd, Coral Gables, FL 33134",,,,3.8,,['Laundromat'],,serpapi
Gables Medical Billing,(786) 725-2120,https://www.gablesmedicalbilling.com/,"4649 Ponce de Leon Blvd, Coral Gables, FL 33146",,,,5,,Medical billing service,,serpapi
"Gables Miracle Mile, LLC (Terranova Corp)",(305) 569-0311,http://experiencecoralgables.com/,"130 Miracle Mile #200, Coral Gables, FL 33134",,,,4.6,,"['Shopping mall', 'Art gallery', 'Bar', 'Bridal shop', 'Jeweler', 'Museum', 'Restaurant']",,serpapi
Gables Nails,(305) 529-5800,http://gablesnailsonponce.com/,"1940 Ponce de Leon Blvd, Coral Gables, FL 33134",,,,3.7,,['Nail salon'],,serpapi
Gables Ponce,(786) 733-8956,https://www.gables.com/community/528438?utm_knock=gmb,"310 Granello Ave, Coral Gables, FL 33146",,,,4.5,,['Apartment rental agency'],,serpapi
GableStage,(305) 445-1119,http://www.gablestage.org/,"1200 Anastasia Ave #230, Coral Gables, FL 33134",,,,4.8,,"['Performing arts theater', 'Non-profit organization']",,serpapi
Garbage Collection,(305) 460-5346,https://www.coralgables.com/department/public-works/solid-waste-division/services/trash-yard-debris-and-household-items,"2800 SW 72nd Ave, Miami, FL 33155",,,,2.3,,City government office,,serpapi
Garcia Santa Maria,(305) 448-0404,https://www.gsmcpas.com/,"135 San Lorenzo Ave Suite 660, Coral Gables, FL 33134",,,,3.4,,"['Accounting firm', 'Certified public accountant', 'Consultant']",,serpapi
Gema Menendez  Keyes Co.,(305) 586-2121,http://elizabethmolina.keyes.com/,"2423 S Le Jeune Rd, Coral Gables, FL 33134",,,,5,,Real estate agent,,serpapi
"GEMRT & Co., LLP",(305) 529-5440,http://gemrtcpa.com/,"2600 Douglas Rd suite 800, Coral Gables, FL 33134",,,,4,,['Certified public accountant'],,serpapi
GEMRT CPAs,(305) 529-5440,http://gemrtcpa.com/,"2600 Douglas Rd suite 800, Coral Gables, FL 33134",,,,4,,Certified public accountant,,serpapi
General Dry Cleaners,(305) 662-6161,,"6705 SW 40th St, Miami, FL 33155",,,,5,,Dry cleaner,,serpapi
Genesis,(786) 574-3093,https://www.bramanmiamigenesis.com/?utm_source=gmb&utm_medium=organic&utm_campaign=honest_gmb&utm_content=website_link,"1930 NE 2nd Ave, Miami, FL 33137",,,,4.4,,Genesis dealer,,serpapi
Genuine Pizza,(786) 409-6866,https://www.pummarola.us/,"141 Aragon Ave, Coral Gables, FL 33134",,,,4.5,,Pizza restaurant,,serpapi
"George A. David, P.A.",+1 305-569-9980,,"500 S Dixie Hwy #220, Coral Gables, FL 33146, United States",,,,3.2,,['Lawyer'],,serpapi
George Merrick Statue,(305) 460-5093,https://www.coralgables.com/department/historical-resources-cultural-arts/merrick-house,"907 Coral Wy, Coral Gables, FL 33134",,,,4.6,,"['Museum', 'Historical place museum', 'Tourist attraction']",,serpapi
Gerson & Schwartz P.A,(305) 371-6000,https://www.injuryattorneyfla.com/,"1980 Coral Wy, Miami, FL 33145",,,,4.8,272,"['Personal injury attorney', 'Law firm', 'Trial attorney']",,serpapi
Get Redd Foundation & Consulting,(305) 446-9670,https://gablesfoundation.org/,"288 Aragon Ave Suite D, Coral Gables, FL 33134",,,,5,,Foundation,,serpapi
GFD GROUPS,(305) 255-2999,https://www.gfdgroups.com/,"14224 SW 136th St, Miami, FL 33186",,,,5,,Architectural designer,,serpapi
Gibson-Bethel Community Center,(305) 668-3876,https://www.southmiamifl.gov/,"5800 SW 66th St, South Miami, FL 33143",,,,4.5,,['Community center'],,serpapi
Gift Shop,(305) 444-1334,,"305 Alcazar Ave, Miami, FL 33134",,,,4.8,,Gift shop,,serpapi
Giralda Place,(786) 584-8388,http://giraldaplace.com/,"275 Giralda Ave, Coral Gables, FL 33134",,,,2.7,,"['Condominium complex', 'Public parking space']",,serpapi
Giralda Preschool of Coral Gables,(786) 332-3610,https://giraldapreschool.com/,"320 Giralda Ave, Coral Gables, FL 33134",,,,4.9,,"['Preschool', 'Day care center', 'Kindergarten']",,serpapi
Girl Scouts of Tropical Florida,(305) 253-4841,http://www.girlscoutsfl.org/,"11347 SW 160th St, Miami, FL 33157",,,,4.6,,"[""Women's organization""]",,serpapi
Gisela Cacciamani @ Berkshire Hathaway HomeServices EWM Realty,(305) 733-0795,http://giselacacciamani.com/,"550 S Dixie Hwy, Coral Gables, FL 33146",,,,5,,"['Real estate agent', 'Real estate agency', 'Real estate consultant']",,serpapi
GLADiiUM Technology Partners,(305) 901-2360,https://gladiium.com/,"95 Merrick Wy 3rd floor, Coral Gables, FL 33134",,,,5,,['Consultant'],,serpapi
Glasshouse Cafe,(305) 667-1651,http://www.fairchildgarden.org/visit/shopping-dining/the-glasshouse-cafe,"10901 Old Cutler Rd, Coral Gables, FL 33156",,,,4.4,,['Cafe'],,serpapi
Global Wellness Hub,(305) 859-3999,http://www.hydrologywellness.com/?utm_source=gmb&utm_medium=organic,"1340 S Dixie Hwy Suite 110, Coral Gables, FL 33146",,,,4.9,,Wellness center,,serpapi
Glory House of Miami,,,"21900 SW 120th Ave, Miami, FL 33170",,,,5,1,Religious institution,,serpapi
GLOSSLAB Coral Gables,,,"251 Giralda Ave Suite 255, Miami, FL 33134",,,,4.6,,['Nail salon'],,serpapi
Glowing Healthcare LLC,(305) 916-9904,https://glowinghc.com/,"430 S Dixie Hwy #207, Coral Gables, FL 33146",,,,5,,Medical spa,,serpapi
GNC,(305) 640-5253,https://stores.gnc.com/all-stores-florida/miami/426-sw-8th-street?utm_source=yext&utm_medium=organic&utm_campaign=google,"426 SW 8th St Unit 1, Miami, FL 33130",,,,3.9,,Vitamin & supplements store,,serpapi
Golden Touch Barbershop & Salon,(305) 284-2330,http://thisisgoldentouch.com/,"1211 Wm E Walsh Ave #1132, Coral Gables, FL 33146",,,,4.2,,"['Barber shop', 'Hair salon', 'Nail salon']",,serpapi
"Goldman Sachs 10,000 Small Businesses at Miami Dade College",(305) 755-1000,https://www.goldmansachs.com/our-firm/locations.html,"200 Biscayne Blvd #5300, Miami, FL 33131",,,,2.4,,"['Investment bank', 'Stock broker']",,serpapi
Golf Pro Shop,(305) 460-5364,https://biltmorehotel.com/miami-resort-shops/golf-pro-shop/?utm_source=google&utm_medium=organic&utm_campaign=gmb-listing,"1200 Anastasia Ave, Coral Gables, FL 33134",,,,5,,"['Golf shop', 'Resort hotel']",,serpapi
GoodVets,+1 305-522-6100,https://goodvets.com/locations/miami/coral-gables,"315 Miracle Mile, Coral Gables, FL 33134, United States",,,,4.8,,['Veterinarian'],,serpapi
Goodwill,(305) 325-9114,https://www.goodwillsouthflorida.org/,"24 M-Path, Coral Gables, FL 33146",,,,4.6,,['Donations center'],,serpapi
"Goosehead Insurance Agency, LLC",(305) 906-0000,https://www.goosehead.com/agents/fl/miami/the-pinto-agency?utm_source=google&utm_medium=organic_search&utm_campaign=yext,"9300 S Dadeland Blvd, Miami, FL 33156",,,,4.2,,Insurance agency,,serpapi
Graceland Memorial Park,(786) 232-0846,https://www.memorialplan.net/locations/graceland-memorial-park-north,"4420 SW 8th St, Miami, FL 33134",,,,3.9,38,"['Cemetery', 'Cremation service', 'Funeral home']",,serpapi
Graziano's in the Gables,(305) 460-0001,https://www.grazianosgroup.com/,"2301 Galiano St, Coral Gables, FL 33134",,,,4.5,,Argentinian restaurant,,serpapi
Graziano's Market,(305) 460-0001,https://www.grazianosgroup.com/,"2301 Galiano St, Coral Gables, FL 33134",,,,4.5,,Argentinian restaurant,,serpapi
Graziano's Mercado at The Lifetime Building,(786) 633-3948,https://www.grazianosgroup.com/,"229 S Dixie Hwy, Coral Gables, FL 33133",,,,4.6,,"['Market', 'Restaurant']",,serpapi
Greater Miami & The Beaches Hotel Association,(305) 531-3553,http://gmbha.com/,"1172 S Dixie Hwy, Coral Gables, FL 33146",,,,5,,['Association / Organization'],,serpapi
Greater Miami Chamber of Commerce,(305) 350-7700,https://www.miamichamber.com/,"1 SE 3rd Ave Suite 1410, Miami, FL 33131",,,,3.8,,"['Chamber of Commerce', 'Non-profit organization']",,serpapi
Greater Miami Convention & Visitors Bureau,(800) 933-8448,https://www.miamiandbeaches.com/,"201 S Biscayne Blvd Suite 2200, Miami, FL 33131",,,,3.8,,"['Tourist information center', 'Business development service', 'Convention center', 'Convention information bureau', 'Meeting planning service', 'Transportation service', 'Travel agency']",,serpapi
Green Goddess Public Relations,(305) 441-1272,http://www.balserapr.com/,"2199 Ponce de Leon Blvd Ste 200, Coral Gables, FL 33134",,,,5,,['Public relations firm'],,serpapi
Green Home Roofing Inc.,+1 786-521-0022,https://greenhomeroofinginc.com/,"2525 Ponce de Leon Blvd Suit 300, Coral Gables, FL 33134, United States",,,,4.9,,"['Roofing contractor', 'General contractor']",,serpapi
"Greenberg Traurig, P.A.",(305) 579-0500,https://www.gtlaw.com/en/locations/miami?utm_source=extnet&utm_medium=yext,"333 SE 2nd Ave #4400, Miami, FL 33131",,,,3.5,,Law firm,,serpapi
GreenStreet,(305) 444-0244,http://greenstreetcafe.net/,"3468 Main Hwy, Miami, FL 33133",,,,4.5,,"['Restaurant', 'American restaurant', 'Bar', 'Breakfast restaurant', 'Brunch restaurant', 'Cafe', 'Mediterranean restaurant']",,serpapi
Greentree Practice Fields,(305) 284-6699,http://www.hurricanesports.com/,"5821 San Amaro Dr, Coral Gables, FL 33146",,,,4.8,,['Football Field'],,serpapi
Groovys Pizza & Grill,,https://groovyspizzagrill.getsauce.com/,"2770 SW 27th Ave, Miami, FL 33133",,,,4.2,,"['Pizza restaurant', 'Grill', 'Bar & grill', 'Barbecue restaurant', 'Delivery Restaurant', 'Takeout Restaurant', 'Pizza delivery', 'Pizza Takeout', 'Restaurant']",,serpapi
GROU Coffee + Cowork,(305) 639-8218,https://groucommunity.com/,"4100 Salzedo St STE 5, Coral Gables, FL 33146",,,,4.8,,"['Coffee shop', 'Breakfast restaurant', 'Brunch restaurant', 'Cafe', 'Coworking space', 'Health food restaurant', 'Lunch restaurant']",,serpapi
Grove Bank & Trust,(305) 444-6665,http://www.grovebankandtrust.com/,"2151 S Le Jeune Rd #100, Coral Gables, FL 33134",,,,5,,['Bank'],,serpapi
Grove Bay Grill,(305) 285-1366,http://www.grovebaygroup.com/,"3381 Pan American Dr, Coconut Grove, FL 33133",,,,4,,"['Seafood restaurant', 'Restaurant']",,serpapi
Grove Gallery & Interiors,(305) 445-7401,http://www.grovegalleryinteriors.com/,"2884 Bird Ave, Miami, FL 33133",,,,4.7,,"['Interior designer', 'Art gallery', 'Furniture store', 'Home goods store', 'Interior Decorator', 'Picture frame shop']",,serpapi
Grove Liquors,(305) 455-3403,https://milams.instacart.com/store/grove-liquors/storefront,"2991 SW 32nd Ave, Miami, FL 33133",,,,4.3,,"['Liquor store', 'Beer store', 'Delivery service', 'Wine store']",,serpapi
Grove Networks Inc.,(305) 448-6126,http://www.grovenetworks.com/,"2103 Coral Wy Suite 700, Miami, FL 33145",,,,4.3,,['Computer consultant'],,serpapi
"Grover Winston Insurance Group, LLC",(305) 521-9082,https://wyninsurance.com/,"2332 Galiano St 2nd floor, Coral Gables, FL 33134",,,,4.7,,Insurance agency,,serpapi
Gulliver Preparatory School,(305) 666-7937,https://www.gulliverprep.org/,"6575 N Kendall Dr, Pinecrest, FL 33156",,,,,,Private educational institution,,serpapi
Gustave,(786) 533-3523,https://www.babettemiami.com/,"301 Alcazar Ave, Coral Gables, FL 33134",,,,4.8,,Restaurant,,serpapi
Gustavo Fernandez Photography,(305) 204-1300,http://www.gustavofernandez.com/,"2750 NW 3rd Ave Suite 10, Miami, FL 33127",,,,5,,"['Photographer', 'Photography service', 'Photography studio']",,serpapi
H Benitez Fine Art Gallery Inc.,(786) 877-1045,http://www.humbertobenitez.com/,"233 Aragon Ave, Coral Gables, FL 33134",,,,4.4,,['Art gallery'],,serpapi
H/L Agency,(800) 257-5661,https://www.hlrealestategroup.com/,"999 Brickell Ave #520, Miami, FL 33131",,,,5,,Real estate agent,,serpapi
Haber Law,(305) 379-2400,https://www.haber.law/,"251 NW 23rd St, Miami, FL 33127",,,,3.6,,Law firm,,serpapi
Habitat for Humanity of Greater Miami,(305) 634-3628,http://www.miamihabitat.org/,"3800 NW 22nd Ave, Miami, FL 33142",,,,4,,"['Non-profit organization', 'Indoor lodging', 'Low income housing program', 'Social services organization', 'Volunteer organization']",,serpapi
Hair Cuttery,(305) 834-4943,https://www.supercuts.com/locations/nearme/haircut/fl/coral-gables/2309-ponce-de-leon-blvd/82779,"2309 Ponce de Leon Blvd, Coral Gables, FL 33134",,,,4.6,,Hair salon,,serpapi
Half Moon Empanadas,(786) 888-2292,https://halfmoonempanadas.com/,"1111 Memorial Dr, Coral Gables, FL 33146",,,,5,,Takeout Restaurant,,serpapi
Hampton Inn Miami Dadeland,(305) 269-0072,https://www.hilton.com/en/hotels/miadlhx-hampton-miami-dadeland/?SEO_id=GMB-AMER-HX-MIADLHX&y_source=1_MjA4NTA5OS03MTUtbG9jYXRpb24ud2Vic2l0ZQ%3D%3D,"8200 SW 70th Ave, Miami, FL 33143",,,,4.2,,['Hotel'],,serpapi
Hank Langston,,http://www.citybeautiful.net/,Florida,,,,,,,,serpapi
Hanna Tiger Asian Market Coral Gables,(305) 209-7688,https://hannatiger.com/,"Florida, Coral Gables, Ponce de Leon Blvd, 邮政编码: 33134",,,,4.9,,Asian grocery store,,serpapi
Happy Wine in the Grove,(305) 460-9939,https://happywinegrove.com/,"2833 Bird Ave, Miami, FL 33133",,,,4.5,,"['Wine bar', 'Restaurant', 'Tapas bar', 'Tapas restaurant', 'Wine store']",,serpapi
Harbor Freight Tools,(305) 262-0719,https://www.harborfreight.com/storelocator/1044-sw-67th-ave-miami-33144?number=501,"1044 SW 67th Ave, Miami, FL 33144",,,,4.5,,Hardware store,,serpapi
Hard Rock Stadium,(305) 943-8000,http://hardrockstadium.com/,"347 Don Shula Dr Suite 102, Miami Gardens, FL 33056",,,,4.6,,['Stadium'],,serpapi
Harry Mayans DMD and Mercedes Mayans DDS Dentist,(305) 267-3377,,"6517 Coral Wy, Miami, FL 33155",,,,5,,Dentist,,serpapi
HD Esthetique,(305) 668-2853,https://hdesthetique.com/,"7600 SW 57th Ave #201, South Miami, FL 33143",,,,4.4,133,"['Plastic surgeon', 'Beauty supply store', 'Medical spa', 'Skin care clinic']",,serpapi
Health Care Center of Little Havana,(786) 963-2331,https://healthcarecenterfl.com/,"711 NW 21st Ct, Miami, FL 33125",,,,4.1,,Medical Center,,serpapi
healthcare,(305) 445-8461,https://www.coralgableshospital.org/,"3100 Douglas Rd, Coral Gables, FL 33134",,,,3.8,,Medical Center,,serpapi
Hear Right USA,(786) 261-5190,https://hearrightusa.com/contacts/,"396 Alhambra Cir S1200, Coral Gables, FL 33134",,,,4.9,76,"['Hearing aid store', 'Audiologist', 'Hearing aid repair service', 'Hearing assistance earphone store']",,serpapi
Hem Fet El Cim,(786) 527-3939,https://www.ceviche105.com/,"111 Palermo Ave #108, Coral Gables, FL 33134",,,,4.9,,Peruvian restaurant,,serpapi
"Hemisphere Law, P.A.",(305) 257-9197,https://sanchelima.com/,"235 SW 42nd Ave, Coral Gables, FL 33134",,,,5,,Attorney,,serpapi
Hermanos Cantina Grill,(786) 401-6437,https://hermanoscantinagrill.com/?utm_source=google,"2209 Ponce de Leon Blvd, Coral Gables, FL 33134",,,,4.6,,"['Mexican restaurant', 'Breakfast restaurant', 'Burrito restaurant', 'Caterer', 'Fusion restaurant', 'Latin American restaurant', 'Salad shop', 'Seafood restaurant', 'Taco restaurant', 'Vegetarian restaurant']",,serpapi
"HGIT Coral Gables, LLC",(561) 221-7938,https://gablesglobal.com/,"222 Sidonia Ave, Coral Gables, FL 33134",,,,4,,Apartment complex,,serpapi
HIGGS HUB,(305) 450-6116,http://www.higgs-hub.com/,,,,,5,,"['Marketing agency', 'Branding agency', 'Service establishment']",,serpapi
Highlight Salon Coral Gables,(305) 448-0707,http://highlightcoralgables.com/,"2100 Ponce de Leon Blvd STE 111, Coral Gables, FL 33134",,,,5,,['Beauty salon'],,serpapi
"Hinshaw & Culbertson, LLP",(305) 358-7747,https://www.hinshawlaw.com/,"2811 Ponce de Leon Blvd Suite 1000, 10th Floor, Coral Gables, FL 33134",,,,3.7,,['Legal services'],,serpapi
Historical Sites,,,"2000 Alhambra Cir, Coral Gables, FL 33134",,,,4.5,,Historical landmark,,serpapi
"Holland & Knight, LLP",(305) 374-8500,https://www.hklaw.com/Offices/Miami/,"701 Brickell Ave UNIT 3300, Miami, FL 33131",,,,4.5,,['Law firm'],,serpapi
Home Financing Center Inc.,(305) 777-1100,https://www.homefinancingcenter.com/,"400 University Dr, Miami, FL 33134",,,,4.3,,['Mortgage lender'],,serpapi
Home Instead Senior Care,(786) 697-0812,https://www.homeinstead.com/home-care/usa/fl/miami/364/?utm_source=google&utm_medium=organic&utm_campaign=google_organic_businesslisting_y,"1150 NW 72nd Ave #650, Miami, FL 33126",,,,4.7,,Home health care service,,serpapi
"Hotel Arya, BW Premier Collection",(305) 529-2828,https://www.bestwestern.com/en_US/book/hotels-in-miami/hotel-arya-bw-premier-collection/propertyCode.10417.html,"2889 McFarlane Rd, Miami, FL 33133",,,,3.8,,['Hotel'],,serpapi
Hotel Colonnade Coral Gables,(305) 441-2600,https://www.marriott.com/en-us/hotels/miaao-hotel-colonnade-coral-gables-autograph-collection/overview/?scid=f2ae0541-1279-4f24-b197-a979c79310b0,"180 Aragon Ave, Coral Gables, FL 33134",,,,4.5,,"['Hotel', 'Meeting planning service', 'Wedding venue']",,serpapi
Hotel St. Michel,(800) 848-4683,http://www.hotelstmichel.com/index.html,"162 Alcazar Ave, Coral Gables, FL 33134",,,,4.4,,['Hotel'],,serpapi
Humane Society of Greater Miami,(305) 696-0800,https://www.humanesocietymiami.org/,"16101 W Dixie Hwy, North Miami Beach, FL 33160",,,,4.4,,"['Pet adoption service', 'Pet groomer', 'Veterinarian']",,serpapi
Humboldt International University,(305) 448-7454,https://hiuniversity.edu/,"4000 W Flagler St, Miami, FL 33134",,,,4.8,,"['Private university', 'School']",,serpapi
Hydrology Wellness,(305) 859-3999,http://www.hydrologywellness.com/?utm_source=gmb&utm_medium=organic,"1340 S Dixie Hwy Suite 110, Coral Gables, FL 33146",,,,4.9,,"['Wellness center', 'Medical spa', 'Weight loss service']",,serpapi
I Shine 365,(786) 478-9178,https://ishine365.com/,"30 NW 34th St Suite 106, Miami, FL 33127",,,,4.9,,['Swimwear store'],,serpapi
ICS Creative Agency,(305) 799-9936,http://www.michelleagency.com/,"95 Merrick Wy 3rd floor, Coral Gables, FL 33134",,,,4.2,,Marketing agency,,serpapi
Iglesia Bautista de Westchester,(786) 208-5757,,"2750 SW 112th Ave, Miami, FL 33165",,,,4.8,26,Baptist church,,serpapi
Iglesia Victoria,(305) 636-5311,,"4150 NW 7th Ave, Miami, FL 33127",,,,4.6,12,Church,,serpapi
iHeartMedia,(954) 862-2000,http://www.iheartmedia.com/,"1200 SW 145th Ave Suite 340, Pembroke Pines, FL 33027",,,,4.7,,Radio broadcaster,,serpapi
Ilaria Belloni  BHHS EWM Realty,(305) 607-5556,http://presentingmiamihomes.com/,"550 S Dixie Hwy, Coral Gables, FL 33146",,,,4.3,,['Real estate agent'],,serpapi
iLash and Skincare,(786) 501-5484,http://www.ilashandskincare.com/?utm_source=google&utm_medium=wix_google_business_profile&utm_campaign=597730524586919053,"430 S Dixie Hwy #213, Miami, FL 33146",,,,4.7,,"['Beauty salon', 'Eyelash salon', 'Massage spa', 'Skin care clinic']",,serpapi
"InmigranHelp Multiservices, LLC",(786) 708-2066,,"1045 NW 124th St, North Miami, FL 33168",,,,5,1,Immigration & naturalization service,,serpapi
Insegna LITTLE HAVANA,(786) 907-2644,https://littlehavanamiamibeach.com/,"1051 Collins Ave, Miami Beach, FL 33139",,,,4.8,,Cuban restaurant,,serpapi
"Insigneo Securities, LLC",+598 2518 5970,https://insigneo.com/?utm_source=google&utm_medium=gbp&utm_campaign=google_gbp_miami,"1221 Brickell Avenue PH Floor, Miami, FL 33131",,,,4.1,,"['Corporate office', 'Financial consultant', 'Financial planner']",,serpapi
Inspyre Payments,(305) 869-9016,http://prospay.net/,"6355 NW 36th St #408, Virginia Gardens, FL 33166",,,,5,,['Financial institution'],,serpapi
Instamarket,(786) 673-1236,http://www.milamsmarkets.com/,"3050 SW 37th Ave, Miami, FL 33146",,,,4.7,,Supermarket,,serpapi
Integrated Mind,(786) 835-9886,https://myintegratedmind.com/,"475 Biltmore Way Suite 101, Coral Gables, FL 33134",,,,5,11,"['Mental health service', 'Holistic medicine practitioner', 'Hypnotherapy service', 'Psychotherapist', 'Wellness center']",,serpapi
Integrity Wealth Advisory of Janney,(305) 461-1200,https://www.raymondjames.com/susanrutrough,"2333 Ponce de Leon Blvd Ste 500, Coral Gables, FL 33134",,,,5,,Financial planner,,serpapi
Interface Consulting and Psychological Services,(786) 983-6965,https://icpstherapy.com/contact/,"2000 S Dixie Hwy #100b, Miami, FL 33133",,,,4.7,46,"['Psychologist', 'Life coach', 'Mental health clinic', 'Mental health service', 'Psychotherapist']",,serpapi
Intermedia Touch Inc.,(305) 517-3894,https://intermediatouch.com/,"2600 NW 75th Ave #200, Miami, FL 33122",,,,5,,"['Audio visual equipment supplier', 'Computer hardware manufacturer']",,serpapi
International Finance Bank,(305) 648-8800,http://www.ifbbank.com/,"777 SW 37th Ave, Miami, FL 33135",,,,3.7,,['Bank'],,serpapi
Intuitive Counseling,(305) 318-2839,https://www.intuitivecounseling.org/,"1450 Madruga Ave STE 302, Coral Gables, FL 33146",,,,5,50,"['Mental health service', 'Counselor']",,serpapi
Iron Bodyfit,(786) 983-9889,https://ironbodyfit.us/locations/iron-bodyfit-coral-gables/,"1410 Ponce de Leon Blvd, Coral Gables, FL 33134",,,,5,,"['Wellness center', 'Gym']",,serpapi
Ismael Cala Foundation,(305) 360-9940,http://calacenter.com/,"19091 SW 160th St, Miami, FL 33187",,,,4.8,,['Event venue'],,serpapi
Ivette Arango Interiors,(305) 576-6243,http://www.ivettearango.com/,"300 Palermo Ave, Coral Gables, FL 33134",,,,5,,['Interior designer'],,serpapi
Ivette ODoski Consulting,(786) 839-3840,https://velizlaw.com/?utm_source=GBP&utm_medium=GBP&utm_campaign=GBP_Coral%20Gables&utm_id=GBP_Coral%20Gables,"2600 Douglas Rd Suite 710, Coral Gables, FL 33134",,,,5,,Estate planning attorney,,serpapi
J Nat Hair Studio,(786) 315-8809,http://jnathairstudio.booksy.com/,"1340 S Dixie Hwy Suite 150, Coral Gables, FL 33146",,,,5,,"['Hair salon', 'Barber shop']",,serpapi
"J. Muir & Associates, P.A.",(907) 770-0909,https://jmuirandassociates.com/?utm_source=GMB&utm_medium=Organic&utm_campaign=Coral+Gables,"121 Alhambra Plz #1500, Coral Gables, FL 33134",,,,5,,"['Business attorney', 'Civil law attorney', 'Law firm', 'Attorney', 'Trial attorney']",,serpapi
J. Wilcox Consulting,(305) 921-9344,https://oceanconsultingfl.com/,"359 Alcazar Ave Suite 200, Coral Gables, FL 33134",,,,5,,Environmental consultant,,serpapi
Jackson Health Foundation,(305) 585-4483,https://jacksonhealthfoundation.org/,"Executive Offices - River Landing Miami, 1400 NW N River Dr, Miami, FL 33125",,,,4.8,,Non-profit organization,,serpapi
Jackson Health System,(305) 575-1600,https://jacksonurgentcare.com/location/coral-gables/?utm_source=google&utm_medium=organic&utm_campaign=gbp&utm_content=coralgable,"3737 SW 8th St, Coral Gables, FL 33134",,,,4.8,,Urgent care center,,serpapi
Jackson Medical Group - Coral Gables,(305) 575-1620,https://medicalgroup.jacksonhealth.org/locations/jackson-medical-group-coral-gables/,"3737 SW 8th St Suite B, Coral Gables, FL 33134",,,,3.3,,Medical clinic,,serpapi
"Jacqueline Salcines, P.A.",(305) 669-5280,https://www.salcineslaw.com/?utm_source=GBP&utm_medium=GBP&utm_campaign=GBP_Coral%20Gables&utm_id=GBP_Coral%20Gables,"706 S Dixie Hwy Second Floor, Coral Gables, FL 33146",,,,4.4,,"['Real estate attorney', 'Civil law attorney', 'Law firm', 'Title company']",,serpapi
Jae's Jewelers,(305) 443-7724,http://www.jaesjewelers.com/,"237 Miracle Mile, Coral Gables, FL 33134",,,,4.9,,"['Jewelry store', 'Diamond buyer', 'Diamond dealer', 'Goldsmith', 'Jeweler', 'Jewelry buyer', 'Jewelry designer', 'Jewelry repair service', 'Watch repair service', 'Watch store']",,serpapi
Jaguar Restaurant,(305) 444-0216,http://jaguarrestaurant.com/?y_source=1_OTkwNjI1My03MTUtbG9jYXRpb24ud2Vic2l0ZQ%3D%3D,"3067 Grand Ave, Miami, FL 33133",,,,4.5,,"['Restaurant', 'Brunch restaurant', 'Latin American restaurant', 'Seafood restaurant', 'South American restaurant']",,serpapi
Jar of Hearts Inc.,(305) 335-5285,https://www.jarofhearts.org/,"16650 SW 88th St, Miami, FL 33196",,,,5,,['Art studio'],,serpapi
JC Nails,(305) 265-0204,http://jcspanailsmiami.com/,"625 SW 57th Ave, Miami, FL 33144",,,,4.2,,Nail salon,,serpapi
Jenny Craig,(850) 219-1700,,"1891 #1 Capital Cir NE, Tallahassee, FL 32308",,,,5,2,Weight loss service,,serpapi
Jerry Herman Ring Theatre,+1 305-284-3355,http://www.as.miami.edu/ringtheatre/,"1312 Miller Dr, Coral Gables, FL 33146, United States",,,,4.6,,"['Private university', 'Performing arts theater']",,serpapi
Jeweler's Gold and Gifts,(305) 445-5242,https://amauryjewelry.com/,"4850 SW 8th St, Coral Gables, FL 33134",,,,4.6,,Jeweler,,serpapi
Jewish Community Services of South Florida,(305) 576-6550,https://jcsfl.org/,"12000 Biscayne Blvd, North Miami, FL 33181",,,,4.2,,Non-profit organization,,serpapi
Jiffy Lube,(305) 670-3960,https://jiffylubespecials.com/locations/florida/7798-a-coral-way-miami-33155?utm_source=GMB&utm_medium=organic&utm_campaign=Map_Pack_Store_3688,"7798 Coral Wy, Miami, FL 33155",,,,4.4,,Oil change service,,serpapi
Jimmy John's,+1 305-447-9900,https://locations.jimmyjohns.com/fl/coralgables/sandwiches-576.html?utm_source=google-my-business&utm_medium=organic&utm_campaign=website-link&y_source=1_MjAyNDA4MzY0NC03MTUtbG9jYXRpb24ud2Vic2l0ZQ%3D%3D,"125 Miracle Mile, Coral Gables, FL 33134, United States",,,,4,,['Sandwich shop'],,serpapi
Joan Reitsma,(305) 446-9670,https://gablesfoundation.org/,"288 Aragon Ave Suite D, Coral Gables, FL 33134",,,,5,,Foundation,,serpapi
Joanna's Place,(305) 661-5777,https://joannasmarketplace.com/?utm_source=GMBlisting&utm_medium=organic,"8247 S Dixie Hwy, Miami, FL 33143",,,,4.5,,"['Deli', 'Bakery', 'Cafe', 'Caterer', 'Coffee shop', 'Gift basket store', 'Sandwich shop']",,serpapi
John Patrick Musca Law,(305) 203-0333,https://www.muscalaw.com/locations/miami,"4300 Biscayne Blvd STE 203, Miami, FL 33137",,,,,,Criminal justice attorney,,serpapi
Jolt Charge Inc.,(888) 758-4389,https://www.chargepoint.com/,"10 Aragon Ave, Coral Gables, FL 33134",,,,,,Electric vehicle charging station,,serpapi
Jorge Enterprises GC - Construction,(305) 666-3639,http://www.gcamiami.com/,"1450 Madruga Ave STE 400, Coral Gables, FL 33146",,,,5,,Professional services,,serpapi
Jose Milton Foundation,(305) 460-6300,,"3211 Ponce de Leon Blvd Suite 301, Coral Gables, FL 33134",,,,2.7,,Corporate office,,serpapi
"Jose RodriguezFeliz, MD",(305) 563-3030,https://rodriguezfelizmd.com/?utm_source=google&utm_medium=organic&utm_campaign=gbp,"6705 Red Rd STE 500, Coral Gables, FL 33143",,,,5,269,Plastic surgeon,,serpapi
"Joy By, LLC",(754) 231-0452,https://www.holidayjoyby.com/,"332 Miracle Mile, Coral Gables, FL 33134",,,,5,,['Christmas store'],,serpapi
Junior Achievement of Greater Miami,(305) 687-3977,http://www.jamiami.org/,"95 Merrick Wy 3rd floor, Coral Gables, FL 33134",,,,4.3,,['Non-profit organization'],,serpapi
JVV Roofing,(786) 780-4440,https://www.jvvroofing.com/,"5701 Sunset Dr #350, South Miami, FL 33143",,,,4.6,,['Roofing contractor'],,serpapi
JWR Construction,(954) 480-2800,https://www.jwrconstruction.com/,"1311 W Newport Center Dr # C, Deerfield Beach, FL 33442",,,,4.3,,"['General contractor', 'Air conditioning contractor', 'Heating contractor', 'HVAC contractor']",,serpapi
Kartell,(305) 573-4010,http://kartell.com/,"490 Biltmore Way, Coral Gables, FL 33134",,,,4.3,,['Furniture store'],,serpapi
Kaseya Center,(786) 777-1000,https://www.kaseyacenter.com/,"601 Biscayne Blvd, Miami, FL 33132",,,,4.7,,['Arena'],,serpapi
Kaufman Dolowich,(305) 444-1500,http://miamiconstructionattorney.info/,"3399 Ponce de Leon Blvd #202, Coral Gables, FL 33134",,,,5,,Attorney,,serpapi
Kazmalaje,(754) 704-3573,https://sugaredandbronzed.com/,"2610 Ponce de Leon Blvd, Coral Gables, FL 33134",,,,5,,Tanning salon,,serpapi
Keen Battle Mead & Company,(305) 558-1101,https://www.kbmco.com/ins-fl/,"7850 NW 146th St #200, Hialeah, FL 33016",,,,3.4,,Insurance agency,,serpapi
Keik Bakeshop,(305) 640-5160,https://keikbakeshop.com/,"1450 NW 87th Ave Suite 110, Doral, FL 33172",,,,4.9,,Restaurant,,serpapi
Keller Williams,(305) 662-7325,http://coralgables.yourkwoffice.com/,"550 Biltmore Way PH2 A&B, Coral Gables, FL 33134",,,,4.1,,Real estate agency,,serpapi
"Kellogg School of Management, Northwestern University",(305) 442-7780,https://www.kellogg.northwestern.edu/programs/executive-mba/locations-and-schedule/miami-monthly.aspx,"95 Merrick Wy # 100, Coral Gables, FL 33134",,,,5,,['University'],,serpapi
Key Transportation,(877) 539-5005,https://key-transportation.com/,"13215 W Okeechobee Rd, Hialeah, FL 33018",,,,3.9,,Chauffeur service,,serpapi
KFC,(305) 446-9612,https://locations.kfc.com/fl/miami/3535-sw-22nd-street,"3535 SW 22nd St, Miami, FL 33145",,,,3.9,,Chicken restaurant,,serpapi
Kick Martial Arts Studio,(786) 542-9097,http://www.kickmiami.com/,"1430 Ponce de Leon Blvd, Coral Gables, FL 33134",,,,5,,['Martial arts school'],,serpapi
Kidz Medical Services,(305) 661-1515,https://www.kidzmedical.com/,"5955 Ponce de Leon Blvd, Coral Gables, FL 33146",,,,2.2,,Corporate office,,serpapi
Kindred Hospital - South Florida - Coral Gables,(305) 448-1585,https://www.kindredhospitals.com/locations/florida/south-florida-coral-gables,"5190 SW 8th St, Coral Gables, FL 33134",,,,4.2,,"['Hospital', 'Rehabilitation center']",,serpapi
Kitchen 57,(786) 238-7179,https://www.kitchen57miami.com/,"7301 SW 57th Ct STE 100, South Miami, FL 33143",,,,4.7,,['Restaurant'],,serpapi
Kiwanis Club of Little Havana Inc.,(305) 644-8888,https://carnavalmiami.com/,"1400 SW 1st St, Miami, FL 33135",,,,4.4,,"['Foundation', 'Club', 'Social services organization']",,serpapi
Knight Center for Music Innovation,(305) 284-2400,https://facilities.frost.miami.edu/performance-halls/knight-center-for-music-innovation/index.html,"5513 San Amaro Dr, Coral Gables, FL 33146",,,,5,,Performing arts theater,,serpapi
Knight Sports Complex,,https://miamihurricanes.com/facilities/knight-complex/,"5821 San Amaro Dr, Coral Gables, FL 33146",,,,5,,['Volleyball court'],,serpapi
Kojin 2.0,(786) 747-1404,https://www.kojin2.com/,"804 Ponce de Leon Blvd, Coral Gables, FL 33134",,,,4.6,,"['Japanese restaurant', 'Fine dining restaurant', 'Restaurant', 'Sushi restaurant']",,serpapi
Kompare Taxes,(786) 483-8789,http://www.komparetaxes.com/,"6807 SW 40th St, Miami, FL 33155",,,,4.2,,['Accounting firm'],,serpapi
"Kozyak Tropin & Throckmorton, P.A.",(305) 372-1800,http://kttlaw.com/,"2525 Ponce de Leon Blvd 9th Floor, Coral Gables, FL 33134",,,,2.3,,['Attorney'],,serpapi
Kreps PR & Marketing,(305) 663-9802,http://www.krepspr.com/,"220 Alhambra Cir Suite 300, Coral Gables, FL 33134",,,,5,,"['Public relations firm', 'Marketing agency', 'Marketing consultant']",,serpapi
Kristi House,(305) 547-6800,http://www.kristihouse.org/,"1265 NW 12th Ave, Miami, FL 33136",,,,4.7,,"['Youth social services organization', 'Non-profit organization']",,serpapi
Kuan,(786) 408-4636,,"1450 Madruga Ave STE 302, Miami, FL 33146",,,,4.9,208,['Psychiatrist'],,serpapi
Kurzban Kurzban Tetzeli & Pratt PA,(305) 744-5888,https://www.kktplaw.com/?npcmp=dir:local:1575323:33134,"131 Madeira Ave, Coral Gables, FL 33134",,,,4.7,116,"['Immigration attorney', 'Attorney', 'Legal services', 'Personal injury attorney']",,serpapi
Kurzban Kurzban Tetzeli and Pratt,(305) 744-5888,https://www.kktplaw.com/?npcmp=dir:local:1575323:33134,"131 Madeira Ave, Coral Gables, FL 33134",,,,4.7,116,"['Immigration attorney', 'Attorney', 'Legal services', 'Personal injury attorney']",,serpapi
"Kurzban,Kurzban,Weinger,Tetzeli and Pratt",(305) 744-5888,https://www.kktplaw.com/?npcmp=dir:local:1575323:33134,"131 Madeira Ave, Coral Gables, FL 33134",,,,4.7,116,"['Immigration attorney', 'Attorney', 'Legal services', 'Personal injury attorney']",,serpapi
L & M Engraving & Trophy Company,(305) 273-7607,http://www.lmengraving.com/?utm_source=google,"9465 SW 56th St, Miami, FL 33165",,,,4.1,,"['Trophy shop', 'Sign shop']",,serpapi
L&R Structural Corp.,(305) 220-8200,http://www.lrstructural.com/?utm_source=google&utm_medium=wix_google_business_profile&utm_campaign=2097039469708118890,"6495 Bird Rd, Miami, FL 33155",,,,4.7,,['Construction company'],,serpapi
L'Amour Boutique,(305) 992-0630,https://lamourspafl.com/?contact_posted=true#ContactForm-AcDc2d2N4VDc4MUxpc__contact_form_3BFzBK,"166 Madeira Ave Suite 110, Coral Gables, FL 33134",,,,4.9,,Spa,,serpapi
L'Artisane,(786) 502-8595,https://www.lartisanebakery.com/,"2526 Ponce de Leon Blvd, Coral Gables, FL 33134",,,,4.7,,"['Bakery', 'Bistro', 'Brunch restaurant', 'French restaurant', 'Health food restaurant', 'Vegan restaurant', 'Vegetarian restaurant']",,serpapi
L'Occitane En Provence,(305) 445-1040,https://www.loccitane.com/en-us/store?id=04OCST070&y_source=1_MTM3MjIxMjctNzE1LWxvY2F0aW9uLndlYnNpdGU%3D,"330 San Lorenzo Ave, Coral Gables, FL 33146",,,,4.6,,Cosmetics store,,serpapi
La Carreta,(305) 444-7501,http://lacarreta.com/,"3632 SW 8th St, Miami, FL 33135",,,,4.2,,Cuban restaurant,,serpapi
La Casita Restaurant,(305) 448-8224,https://lacasitacubancuisine.com/,"3805 SW 8th St, Coral Gables, FL 33134",,,,4.5,,"['Cuban restaurant', 'Spanish restaurant']",,serpapi
La Familia,(305) 894-2993,http://www.lafamiliamultiservices.com/,"4800 W Flagler St, Coral Gables, FL 33134",,,,3.6,,Tax preparation service,,serpapi
LA Fitness,(305) 445-7140,https://www.lafitness.com/Pages/clubhome.aspx?clubid=712&utm_source=google&utm_medium=googlemaps&utm_campaign=maps,"3301 Coral Wy, Miami, FL 33145",,,,2.7,,['Gym'],,serpapi
La Palma,(305) 445-8777,,"116 Alhambra Cir, Miami, FL 33134",,,,4,,"['Italian restaurant', 'Bar', 'Restaurant']",,serpapi
La Pata Gorda,(786) 963-8171,https://lapatagorda.com/,"232 Miracle Mile, Coral Gables, FL 33134",,,,4.8,,"['Seafood restaurant', 'Nuevo Latino restaurant']",,serpapi
La Provence,(305) 476-0530,,"2300 Ponce de Leon Blvd, Coral Gables, FL 33134",,,,4.4,,"['French restaurant', 'Bakery', 'Cafe']",,serpapi
La Rosa Restaurant,(786) 870-5466,https://www.larosagastrobar.com/?y_source=1_MjAxNTc0NDk5Mi03MTUtbG9jYXRpb24ud2Vic2l0ZQ%3D%3D,"382 Miracle Mile, Coral Gables, FL 33134",,,,4.9,,"['Restaurant', 'Mexican restaurant']",,serpapi
"LAG REALTY INTERNATIONAL, S. A.",(305) 520-5420,https://thelanigroup.com/,"4601 Ponce de Leon Blvd Suite 102, Coral Gables, FL 33146",,,,5,,Real estate agency,,serpapi
Lakeside Patio Stage,(305) 445-1119,http://www.gablestage.org/,"1200 Anastasia Ave #230, Coral Gables, FL 33134",,,,4.8,,"['Performing arts theater', 'Non-profit organization']",,serpapi
Landmark at Merrick Park,+1 786-574-4116,https://www.landmarktheatres.com/miami/the-landmark-at-merrick-park,"358 San Lorenzo Ave, Coral Gables, FL 33146, United States",,,,4.3,,['Movie theater'],,serpapi
Lanes,(305) 667-3101,http://lanessouthmiami.com/,"5700 Sunset Dr, South Miami, FL 33143",,,,4.4,,Men's clothing store,,serpapi
Large Metal B,(786) 703-3125,http://hqdtechusa.com/,"3202 Coral Wy unit b, Coral Gables, FL 33145",,,,4.6,,Smoke shop,,serpapi
Larkin Community Hospital,(305) 284-7500,https://larkinhealth.com/en/,"7031 SW 62nd Ave, South Miami, FL 33143",,,,4.5,,"['General hospital', 'Hospital']",,serpapi
Latin American Art Museum,(305) 989-9085,http://www.latinartcore.com/,"1646 SW 8th St, Miami, FL 33135",,,,4.5,,Art gallery,,serpapi
Latin Press Media & Events,(305) 285-3133,https://www.latinpressinc.com/en/,"600 SW 22nd Ave, Miami, FL 33135",,,,5,,"['Media company', 'Event management company', 'Live music venue']",,serpapi
"Laura L. Russo, Esq. LLC",(305) 442-7393,http://www.rexrussolaw.com/contact.html,"1550 Madruga Ave, Coral Gables, FL 33146",,,,,,Legal services,,serpapi
Lavender Greenberg Estate Planning & Probate Law,+1 786-832-4694,http://lglawmiami.com/,"2525 Ponce de Leon Blvd Suit 300, Coral Gables, FL 33134, United States",,,,5,,"['Estate planning attorney', 'Law firm']",,serpapi
Law Office of Diaz & Nunez Elorza PA,(305) 831-3002,http://www.diazelorza.com/,"2100 Ponce de Leon Blvd STE 1170, Coral Gables, FL 33134",,,,4.9,,Law firm,,serpapi
Law Office of Ferdie and Lones Chartered,(305) 445-3557,https://ferdieandlones.com/,"717 Ponce de Leon Blvd STE 227, Coral Gables, FL 33134",,,,5,,['Attorney'],,serpapi
Law Office of Francisco A. Marty,(305) 545-5282,http://criminaldefenseattorneys.miami/,"6790 Coral Wy 3rd floor, Miami, FL 33155",,,,5,7,"['Criminal justice attorney', 'Attorney']",,serpapi
"Law Office of Francisco Cieza, P.A.",(305) 200-8748,http://www.ciezalawfirm.com/,"2525 Ponce de Leon Blvd Suit 300, Miami, FL 33134",,,,5,,"['Attorney', 'Family law attorney', 'General practice attorney', 'Insurance attorney']",,serpapi
Law Office of Vanessa D. Torres P.A.,(786) 359-4178,http://www.vdtlaw.com/,"999 Ponce de Leon Blvd # 500, Coral Gables, FL 33134",,,,4.9,72,"['Divorce lawyer', 'Family law attorney', 'Immigration attorney', 'Law firm', 'Legal services']",,serpapi
Law Offices of Lawrence S. Katz PA,(786) 304-1180,https://www.katzfamilylaw.com/?npcmp=dir:local:2113713:33156,"Two Datran Center, 9130 S Dadeland Blvd # 1511, Miami, FL 33156",,,,4.7,40,"['Divorce lawyer', 'Family law attorney']",,serpapi
Law Offices of Rodrigo S. Da Silva PA,(305) 615-1434,http://rdasilvalaw.com/,"777 Arthur Godfrey Rd #402, Miami Beach, FL 33140",,,,5,,Law firm,,serpapi
Le Parc Cafe,(305) 722-8785,https://leparccafe.com/,"997 N Greenway Dr, Coral Gables, FL 33134",,,,4.7,,"['Restaurant', 'Bakery', 'Breakfast restaurant', 'Brunch restaurant', 'Espresso bar', 'Ice cream shop', 'Patisserie']",,serpapi
Le Paris Cake Design Bakery,(305) 269-7000,http://lepariscakedesign.com/,"6180 SW 8th St, Miami, FL 33144",,,,4.3,,['Bakery'],,serpapi
Le petit cafe,(305) 442-9915,,"92 Miracle Mile, Coral Gables, FL 33134",,,,4.3,,"['Breakfast restaurant', 'Bakery', 'French restaurant']",,serpapi
Leader Service,(305) 858-1020,https://leaderservicemiami.com/,"1700 Coral Wy, Miami, FL 33145",,,,4.9,,"['Auto repair shop', 'Air conditioning repair service', 'Auto electrical service', 'Brake shop', 'Tire shop']",,serpapi
Leasing Office - District West Gables,(786) 765-4586,https://solenawestmiami.com/?utm_source=gmb&utm_medium=organic,"2001 Ludlam Rd, Miami, FL 33155",,,,4.6,,Apartment rental agency,,serpapi
Legal Services of Greater Miami Inc.,(305) 576-0080,http://www.legalservicesmiami.org/,"4343 W Flagler St #100, Miami, FL 33134",,,,4,,"['Legal services', 'Non-profit organization']",,serpapi
Legends  Miami Hurricanes,(305) 284-2211,http://www.miami.edu/,"1320 S Dixie Hwy, Coral Gables, FL 33146",,,,4.6,,Private university,,serpapi
LensCrafters,(786) 526-5053,https://local.lenscrafters.com/fl/coral-gables/358-san-lorenzo-avenue.html?cid=yext_E896&y_source=1_MTc0MzI4MzYtNzE1LWxvY2F0aW9uLndlYnNpdGU%3D,"Second Floor, 358 San Lorenzo Ave Space 2305, Coral Gables, FL 33146",,,,4.9,,"['Optometrist', 'Sunglasses store']",,serpapi
"Let Go Stress, LLC",(786) 328-8437,https://www.letgostress.com/,"3309 Ponce de Leon Blvd, Coral Gables, FL 33134",,,,5,,['Wellness center'],,serpapi
"Let Them Have Cake, LLC",(305) 200-5575,https://letthemhavecakemiami.com/,"367 Alhambra Cir, Coral Gables, FL 33134",,,,4.9,,"['Bakery', 'Cafe', 'Wedding bakery']",,serpapi
Liberty Health Sciences,(786) 598-2022,https://ayrdispensaries.com/florida/miami-bird-rd/?utm_source=Google&utm_medium=GMB&utm_campaign=miami-bird-road,"6827 Bird Rd, Miami, FL 33155",,,,4.7,,['Cannabis store'],,serpapi
Libreria San Pablo,(305) 269-9585,http://www.sanpablomia.com/,"5800 SW 8th St, Miami, FL 33144",,,,4.9,,"['Book store', 'Catholic church', 'Event venue', 'Religious destination']",,serpapi
Life Imaging FLA,(954) 834-6362,https://lifeimagingfla.com/contact/?utm_source=gmb_auth,"2344 Douglas Rd, Coral Gables, FL 33134",,,,4.9,,['Medical diagnostic imaging center'],,serpapi
Life Theory Inc.,(786) 676-2592,https://lifetheorymia.com/,"2525 Ponce de Leon Blvd STE 302, Coral Gables, FL 33134",,,,5,,['Medical spa'],,serpapi
Life Time,(786) 437-4400,https://www.lifetime.life/locations/fl/coral-gables.html?utm_source=google&utm_medium=local&utm_campaign=google-local-club,"237 S Dixie Hwy, Coral Gables, FL 33133",,,,3.8,,"['Gym', 'Fitness center', 'Indoor cycling', 'Outdoor swimming pool', 'Personal trainer', 'Pilates studio', 'Yoga studio']",,serpapi
Life Time Coral Gables,(786) 437-4400,https://www.lifetime.life/locations/fl/coral-gables.html?utm_source=google&utm_medium=local&utm_campaign=google-local-club,"237 S Dixie Hwy, Coral Gables, FL 33133",,,,3.8,,"['Gym', 'Fitness center', 'Indoor cycling', 'Outdoor swimming pool', 'Personal trainer', 'Pilates studio', 'Yoga studio']",,serpapi
Lilly Pulitzer,(305) 441-9837,https://www.lillypulitzer.com/store/details/?storeId=80228-262&city=coral-gables&utm_source=gmb&utm_medium=organic,"358 San Lorenzo Ave #1525, Coral Gables, FL 33146",,,,4.2,,"[""Women's clothing store"", 'Clothing store', 'Fashion accessories store', 'Swimwear store']",,serpapi
Liquor Dreams,(305) 456-3567,http://liquordreams.com/,"248 Giralda Ave, Coral Gables, FL 33134",,,,4.9,,['Liquor store'],,serpapi
Lisset Galeyev Photography,(786) 202-6930,http://www.lissetgaleyevphotography.com/,"2614 SW 8th St, Miami, FL 33135",,,,5,,"['Photography studio', 'Photographer', 'Photography service', 'Portrait studio']",,serpapi
Little Caesars,(305) 541-6620,https://littlecaesars.com/en-us/store/7779,"3715 W Flagler St, Miami, FL 33134",,,,4.1,,Pizza restaurant,,serpapi
Little Local,(786) 909-3388,https://www.ittlelitaly.com/,"Miami, 3808 SW 8th St, Coral Gables, FL 33134",,,,4.8,,Vegan restaurant,,serpapi
Live Like Bella(R) Childhood Cancer Foundation,(786) 505-3914,http://livelikebella.org/,"2199 Ponce de Leon Blvd #303, Coral Gables, FL 33134",,,,5,,"['Non-profit organization', 'Association / Organization']",,serpapi
Llakhdar Coaching,(850) 322-8109,https://lakhdarcoaching.com/,,,,,,,Career guidance service,,serpapi
Loews Coral Gables Hotel,(786) 772-7600,https://www.loewshotels.com/coral-gables,"2950 Coconut Grove Dr, Coral Gables, FL 33134",,,,4.6,,"['Hotel', 'Conference center', 'Wedding venue']",,serpapi
Lokal Burgers and Beer,+1 305-442-3377,https://www.kushhospitality.com/lokal,"3190 Commodore Plaza, Miami, FL 33133, United States",,,,4.5,,"['Hamburger restaurant', 'American restaurant', 'Bar & grill', 'Beer store', 'Gastropub']",,serpapi
Lomax Legal PLLC,(305) 582-6506,http://www.lomaxlegal.com/,"396 Alhambra Cir # 202, Coral Gables, FL 33134",,,,3,,['Law firm'],,serpapi
Longevity PR Agency,(305) 497-9161,http://www.longevitymedia.co/,"253 NE 2nd St #609, Miami, FL 33132",,,,,,Advertising agency,,serpapi
Los Gallegos,+1 305-661-3040,https://www.instagram.com/losgallegosmiami,"6549 Bird Rd, Miami, FL 33155, United States",,,,4.5,,['Restaurant'],,serpapi
Los Jalapenos Coral Way,,,"2090 SW 67th Ave, Miami, FL 33155",,,,4.3,,"['Taco restaurant', 'Mexican restaurant']",,serpapi
Los Ranchos Coral Gables,(305) 200-5153,https://www.beststeaksinmiami.com/,"2728 Ponce de Leon Blvd, Coral Gables, FL 33134",,,,4.1,,['Restaurant'],,serpapi
Lowe Art Gallery,(305) 284-3535,https://www.lowe.miami.edu/,"1301 Stanford Dr, Miami, FL 33146",,,,4.6,,"['Art museum', 'Tourist attraction']",,serpapi
Lowe Art Museum,(305) 284-3535,https://www.lowe.miami.edu/,"1301 Stanford Dr, Miami, FL 33146",,,,4.6,,"['Art museum', 'Tourist attraction']",,serpapi
"Lowell International Realty, LLC",(305) 520-5420,https://thelanigroup.com/,"4601 Ponce de Leon Blvd Suite 102, Coral Gables, FL 33146",,,,5,,Real estate agency,,serpapi
"LRK Seating Products, LLC",(866) 963-1500,https://lrkseating.com/,"15763 NW 16th Ct, Miami, FL 33169",,,,5,,"['Furniture manufacturer', 'Bar restaurant furniture store', 'Interior designer', 'Outdoor furniture store', 'Restaurant supply store']",,serpapi
Ludlam Insurance,(305) 669-8823,,"2504 SW 67th Ave, Miami, FL 33155",,,,4.7,,['Insurance agency'],,serpapi
Luis Galindo Latin America Restaurant,(305) 267-9995,https://luisgalindolatinamerica.shop/,"898 Red Rd, West Miami, FL 33144",,,,4.3,,"['Cuban restaurant', 'Breakfast restaurant', 'Latin American restaurant']",,serpapi
Lulu,(305) 506-1378,https://shop.lululemon.com/stores/us/coral-gables/merrick-park?utm_source=organic&utm_medium=local_listings&utm_campaign=GBP,"342 San Lorenzo Ave Unit 1050, Coral Gables, FL 33146",,,,4.1,,Sportswear store,,serpapi
Luly B Inc.,(305) 417-8817,http://www.lulyb.com/,,,,,5,,"['Consultant', 'Service establishment']",,serpapi
M. Bravo-Campa DDS and Leyanne Salvador DMD Dentist,(305) 266-3974,http://www.salvadordmd.com/,"6507 Coral Wy, Miami, FL 33155",,,,4.7,,Dentist,,serpapi
M2E Consulting Engineers,(305) 998-0663,,"201 Alhambra Cir, Coral Gables, FL 33134",,,,4,,"['Engineering consultant', 'Architecture firm', 'Attorney referral service', 'Condominium complex', 'Real estate developer']",,serpapi
M2Skin,(407) 600-1656,https://www.m2skin.com/,"114 NW 25th St unit #102, Miami, FL 33127",,,,5,,['Health and beauty shop'],,serpapi
Macdonald West,(305) 666-9919,https://www.mcdonalds.com/us/en-us/location/FL/CORAL-GABLES/1148-DIXIE-HWY/14782.html?cid=RF:YXT:GMB::Clicks,"1148 S Dixie Hwy, Coral Gables, FL 33146",,,,3.5,,Fast food restaurant,,serpapi
Mack Cycle and Fitness,(305) 661-8363,https://www.mackcycle.com/,"5995 Sunset Dr, Miami, FL 33143",,,,4.8,,"['Bicycle Shop', 'Bicycle repair shop', 'Road cycling', 'Sporting goods store', 'Sportswear store']",,serpapi
Macondo Coffee Roasters,(786) 860-5515,https://macondocoffee.com/,"820 SW 20th Ave, Miami, FL 33135",,,,4.8,,Espresso bar,,serpapi
Made In Miami,(862) 451-9200,http://madeinmiami.io/,"39 Harding Ave, Clifton, NJ 07011",,,,4.5,,['Tapas restaurant'],,serpapi
Mahoney-Pearson Dining Hall,(305) 284-2715,https://business-services.miami.edu/departments/auxiliary-services/dining-services/index.html,"1350 Miller Rd #132, Coral Gables, FL 33146",,,,4.3,,['Food court'],,serpapi
MaidelinGC,(786) 899-1385,https://hairbymaidelingc.square.site/,"4237 W Flagler St #1, Miami, FL 33134",,,,5,,['Hairdresser'],,serpapi
Maison Berger USA Inc.,(212) 753-7300,https://maison-berger.com/,"358 San Lorenzo Ave Suite 2327, Coral Gables, FL 33146",,,,5,,['Perfume store'],,serpapi
Maiz y Agave,(305) 723-9898,https://www.maizyagave.com/,"375 Miracle Mile, Miami, FL 33134",,,,4.7,,"['Restaurant', 'Mexican restaurant']",,serpapi
Major Food Group | Sadelle Restaurant,(305) 266-2639,http://mameymiami.com/,"1350 S Dixie Hwy, Coral Gables, FL 33146",,,,4.3,,Restaurant,,serpapi
maman,(305) 603-9206,https://mamannyc.com/locations/coral-gables,"136 Miracle Mile, Coral Gables, FL 33134",,,,4.7,,"['Coffee shop', 'Breakfast restaurant', 'Brunch restaurant', 'Cafe', 'Delivery service', 'Dessert shop', 'European restaurant', 'Family restaurant', 'French restaurant', 'Restaurant']",,serpapi
Maman Coffee Bakery Kitchen,(305) 603-9206,https://mamannyc.com/locations/coral-gables,"136 Miracle Mile, Coral Gables, FL 33134",,,,4.7,,"['Coffee shop', 'Breakfast restaurant', 'Brunch restaurant', 'Cafe', 'Delivery service', 'Dessert shop', 'European restaurant', 'Family restaurant', 'French restaurant', 'Restaurant']",,serpapi
Mamey Miami,(305) 266-2639,http://mameymiami.com/,"1350 S Dixie Hwy, Coral Gables, FL 33146",,,,4.3,,"['Restaurant', 'Asian fusion restaurant', 'Caribbean restaurant', 'Polynesian restaurant']",,serpapi
Mandel Law Group PA,(305) 233-5041,https://www.mandellawgroup.com/,"8925 SW 148th St Suite 200, Palmetto Bay, FL 33176",,,,3,2,['Trial attorney'],,serpapi
Marathon,(305) 448-6145,,"195 Bird Rd, Coral Gables, FL 33146",,,,3.4,,Gas station,,serpapi
Marbella Perfumes,(305) 290-1615,https://tijon.com/pages/miami,"1600 Ponce de Leon Blvd Suite A, Coral Gables, FL 33134",,,,5,,Perfume store,,serpapi
Mariner Wealth Advisors,+1 305-443-0060,https://www.marinerwealthadvisors.com/,"800 Douglas Rd # 900, Coral Gables, FL 33134, United States",,,,5,,['Financial planner'],,serpapi
Maritza Capiro Interior Designs Corp.,(305) 528-2332,https://www.maritzacapiro.com/interior-design/coral-gables/?utm_source=GMBCoral&utm_medium=organic,"4160 SW 11th St, Coral Gables, FL 33134",,,,5,,"['Interior designer', 'Interior Decorator']",,serpapi
Market NXT,(305) 529-1215,https://www.shopsatmerrickpark.com/en.html,"358 San Lorenzo Ave, Coral Gables, FL 33146",,,,4.6,,Shopping mall,,serpapi
marketing,(305) 783-3407,https://heydaymarketing.com/,"141 Sevilla Ave, Coral Gables, FL 33134",,,,4.9,,Marketing agency,,serpapi
Markham Yard,(305) 445-6642,https://www.markhamyard.com/,"2121 Ponce de Leon Blvd Suite 530, Coral Gables, FL 33134",,,,5,,['Advertising agency'],,serpapi
"MARLY Q, LLC",(305) 908-2483,https://www.marlyq.com/,,,,,5,,"['Consultant', 'Service establishment']",,serpapi
Marriott International  CALA Development,(305) 629-3400,https://www.marriott.com/en-us/hotels/miada-marriotts-villas-at-doral/overview/?scid=f2ae0541-1279-4f24-b197-a979c79310b0,"4101 NW 87th Ave, Miami, FL 33178",,,,4.5,,Hotel,,serpapi
"Marsicano + Leyva, PLLC",(305) 721-2917,http://www.mlesquire.com/,"1600 Ponce de Leon Blvd 10th floor, Coral Gables, FL 33134",,,,4.9,62,"['Family law attorney', 'Business attorney', 'Civil law attorney', 'Divorce lawyer', 'Divorce service', 'Law firm', 'Legal services', 'Trial attorney']",,serpapi
Mary's Cafeteria,(305) 443-6672,https://www.instagram.com/maryscafemiami/?hl=en,"2542 SW 27th Ave, Miami, FL 33133",,,,4.4,,"['Restaurant', 'Laundromat']",,serpapi
Massage Envy,(305) 648-7149,https://locations.massageenvy.com/florida/coral-gables/256-miracle-mile.html?utm_source=GMB&utm_medium=useractions&utm_campaign=website,"256 Miracle Mile, Coral Gables, FL 33134",,,,4.5,,Massage spa,,serpapi
Math & reading focus Gables Tutoring,(786) 972-1602,https://gablestutoring.com/,"1900 SW 57th Ave #1, Miami, FL 33155",,,,4.9,,Tutoring service,,serpapi
Matson-Charlton Surety Group,(305) 662-3852,https://www.mcsurety.com/,"700 S Dixie Hwy # 100, Coral Gables, FL 33146",,,,5,,['Insurance agency'],,serpapi
Matsuri,(305) 663-1615,http://www.matsurimiami.com/,"5759 Bird Rd, Miami, FL 33155",,,,4.4,,['Japanese restaurant'],,serpapi
Mattress Firm,(786) 237-2983,https://www.mattressfirm.com/en-us/stores/fl/coral-gables/052100/?&utm_source=Google%20My%20Business&utm_medium=organic&utm_campaign=GMB&utm_term=coral%20gables%20fl&utm_kxconfid=uflnw2ovk,"1204 S Dixie Hwy, Coral Gables, FL 33146",,,,4.9,,Mattress store,,serpapi
"Mauricio J. Barba, RE Broker/Associate",(305) 439-8311,https://miamisignaturehomes.com/?utm_source=gbp&utm_medium=organic,"1515 Sunset Dr Suite 40, Coral Gables, FL 33143",,,,4.8,,"['Real estate agent', 'Real estate agency', 'Real estate consultant']",,serpapi
Mayfair Grill,(305) 441-0000,https://www.mayfair-grill.com/,"3000 Florida Ave, Miami, FL 33133",,,,4.4,,"['Restaurant', 'American restaurant', 'Grill', 'Brunch restaurant']",,serpapi
Mayfair House Hotel & Garden,(305) 441-0000,https://www.mayfairhousemiami.com/?utm_source=google-gbp&utm_medium=organic&utm_campaign=gbp,"3000 Florida Ave, Miami, FL 33133",,,,4.6,,"['Hotel', 'Event venue', 'Wedding venue']",,serpapi
Mazdi | Omnicultural Marketing Agency,(786) 431-4555,http://www.mggmedia.com/,"45 Valencia Ave, Coral Gables, FL 33134",,,,5,,Media consultant,,serpapi
"McCarter & English, LLP",(212) 609-6800,https://www.mccarter.com/,"250 W 55th St 13th Floor, New York, NY 10019",,,,3.8,,['Law firm'],,serpapi
McCombie Group,(786) 664-8340,http://www.mccombiegroup.com/,"901 Ponce de Leon Blvd Ste. 700, Coral Gables, FL 33134",,,,5,,"['Investment bank', 'Business management consultant', 'Private equity firm']",,serpapi
McDonald's,(305) 666-9919,https://www.mcdonalds.com/us/en-us/location/FL/CORAL-GABLES/1148-DIXIE-HWY/14782.html?cid=RF:YXT:GMB::Clicks,"1148 S Dixie Hwy, Coral Gables, FL 33146",,,,3.5,,"['Fast food restaurant', 'Breakfast restaurant', 'Coffee shop', 'Hamburger restaurant', 'Restaurant', 'Sandwich shop']",,serpapi
McGuire Woods,,http://www.citybeautiful.net/,Florida,,,,,,,,serpapi
McKellar Poursine PLLC,+1 305-721-2954,http://mckellarpoursine.com/,"Upon Request, 175 SW 7th St STE 1611, Miami, FL 33130, United States",,,,5,,['Law firm'],,serpapi
MD Now Urgent Care,(305) 569-9942,https://www.mymdnow.com/locations/dade/coral-way?utm_campaign=corp_listings_mgmt&utm_source=google&utm_medium=business_listing,"2750 Coral Wy, Coral Gables, FL 33145",,,,4.5,,['Urgent care center'],,serpapi
MD Now Urgent Care - Coral Way,(305) 569-9942,https://www.mymdnow.com/locations/dade/coral-way?utm_campaign=corp_listings_mgmt&utm_source=google&utm_medium=business_listing,"2750 Coral Wy, Coral Gables, FL 33145",,,,4.5,,['Urgent care center'],,serpapi
MD Senior Placement,(855) 444-4525,http://www.floridaseniorplacement.net/,,,,,5,,Assisted living facility,,serpapi
MDCPS Office of Community Engagement,(305) 284-6636,https://civic.miami.edu/,"Dooly Memorial Classroom Building, 1111 Memorial Dr, Coral Gables, FL 33146",,,,,,University,,serpapi
Mean Average,,,"2901 Coconut Grove Dr, Coral Gables, FL 33134",,,,5,,['Sculpture'],,serpapi
Medical Care Survices Miami,(305) 501-2306,https://www.mcskeys.com/,"Davmor Center, 4300 SW 73rd Ave #110, Miami, FL 33155",,,,4,,Oxygen equipment supplier,,serpapi
Mera Photography,(305) 444-3143,https://murnorstudio.com/,"264 Andalusia Ave, Coral Gables, FL 33134",,,,4.9,,Photography studio,,serpapi
"Mercantile Europarts, Inc.",(786) 284-1010,https://www.mbcoralgables.com/parts/?utm_source=google&utm_medium=organic&utm_campaign=google_my_business_parts&utm_content=website_button,"300 Almeria Ave suite c, Coral Gables, FL 33134",,,,3,,Auto parts store,,serpapi
MercedesBenz of Coral Gables,(786) 284-1010,https://www.mbcoralgables.com/?utm_source=google&utm_medium=organic&utm_campaign=google_my_business&utm_content=website_button,"2801 Salzedo St, Coral Gables, FL 33134",,,,4.8,,Mercedes-Benz dealer,,serpapi
Metro by T-Mobile,(305) 403-4971,https://www.metrobyt-mobile.com/stores/bd/metro-by-t-mobile-coral-gables-fl-10193158/?utm_source=google&utm_medium=lastmile&utm_campaign=36635,"4754 W Flagler St, Coral Gables, FL 33134",,,,4.5,,"['Cell phone store', 'Cell phone accessory store', 'Internet service provider', 'Mobile network operator', 'Telecommunications service provider']",,serpapi
Metro Fund Inc.,(786) 369-8412,https://www.metrofundgroup.com/,"12002 SW 128th Ct #206, Miami, FL 33186",,,,5,,"['Mortgage broker', 'Mortgage lender']",,serpapi
Metro Mommy Agency,(786) 553-3122,https://www.metromommyagency.com/,,,,,4.6,7,"['Pregnancy care center', 'Service establishment']",,serpapi
MG Developer,(305) 718-4575,http://www.mgdevelopermiami.com/,"301 Almeria Ave #330, Coral Gables, FL 33134",,,,4.4,,['Real estate developer'],,serpapi
MG Hair Studio,(305) 774-7151,https://mghair.miami/,"506 Biltmore Way, Coral Gables, FL 33134",,,,5,,"['Hair salon', 'Barber shop', 'Beauty salon', 'Hair extension technician']",,serpapi
Mi Rinconcito Mexicano,(305) 644-4015,https://mirinconcitomexicano.shop/,"1961 SW 8th St, Miami, FL 33135",,,,4.5,,"['Mexican restaurant', 'Latin American restaurant']",,serpapi
Miami Accident Clinic,(305) 858-8845,https://iconmedicalcenters.com/miami/,"426 SW 8th St #2, Miami, FL 33130",,,,,,Medical clinic,,serpapi
Miami Association of Realtors,(305) 468-7000,http://miamirealtors.com/,"245 Alcazar Ave, Coral Gables, FL 33134",,,,4.6,,['Association / Organization'],,serpapi
Miami Center for Architecture & Design,(305) 448-7488,http://www.miamicad.org/,"310 SE 1st St, Miami, FL 33131",,,,4.7,,"['Art gallery', 'Association / Organization', 'Tourist attraction', 'Visitor center']",,serpapi
Miami Dade College  Eduardo J. Padron Campus,(305) 237-6000,http://www.mdc.edu/padron,"627 SW 27th Ave, Miami, FL 33135",,,,4.4,,"['College', 'Educational institution', 'Training center']",,serpapi
Miami Dade College Kendall Campus,(305) 237-2000,http://www.mdc.edu/kendall/,"11011 SW 104th St, Miami, FL 33176",,,,4,,"['College', 'Educational institution']",,serpapi
Miami Dade College Koubek Center,(305) 237-7749,https://koubekcenter.org/,"2705 SW 3rd St, Miami, FL 33135",,,,4.7,,['Performing arts theater'],,serpapi
Miami Dade College Padron Campus,(305) 237-6000,http://www.mdc.edu/padron,"627 SW 27th Ave, Miami, FL 33135",,,,4.4,,"['College', 'Educational institution', 'Training center']",,serpapi
"Miami Derm: Anna Chacon, MD, PA",(305) 204-7992,http://www.drannachacon.com/,"135 Madeira Ave, Coral Gables, FL 33134",,,,4.8,,['Dermatologist'],,serpapi
Miami Dominoes,(305) 448-7900,https://www.dominos.com/en/?utm_source=google&utm_medium=loclist&utm_campaign=localmaps_menutest,"1400 Ponce de Leon Blvd, Coral Gables, FL 33134",,,,3.3,,Pizza delivery,,serpapi
Miami Fire College,(305) 569-3600,http://miamigov.com/,"3425 Jefferson St, Miami, FL 33133",,,,4.8,,['Fire station'],,serpapi
Miami Friends Meeting of the Religious Society of Friends,(305) 661-7374,https://miamifriends.org/,"1185 Sunset Dr, Coral Gables, FL 33146",,,,3.5,2,['Place of worship'],,serpapi
Miami Guitars,(305) 364-5747,https://www.miami-guitars.com/,"4703 SW 72nd Ave, Miami, FL 33155",,,,4.8,,['Guitar store'],,serpapi
Miami Herald,(305) 269-3891,,"sw, 7302 NW 43rd St, Miami, FL 33166",,,,2.5,,['Distribution service'],,serpapi
Miami Jewish Health,(305) 751-8626,https://www.miamijewishhealth.org/?utm_source=google&utm_medium=gbp&utm_campaign=main_gbp,"5200 NE 2nd Ave, Miami, FL 33137",,,,3.4,123,Rehabilitation center,,serpapi
Miami Lighthouse for the Blind and Visually Impaired,(305) 856-2288,http://miamilighthouse.com/,"601 SW 8th Ave, Miami, FL 33130",,,,4.7,,"['School for the visually impaired', 'Non-profit organization', 'Social services organization', 'Training center']",,serpapi
Miami Marlins,(305) 480-1300,http://www.marlins.com/,"501 Marlins Way, Miami, FL 33125",,,,4.5,,"['Stadium', 'ATM', 'Baseball club', 'Baseball field', 'Event venue']",,serpapi
Miami New Times,(305) 576-8000,https://www.miaminewtimes.com/,"3050 Biscayne Blvd Suite 901, Miami, FL 33137",,,,3.5,,"['Newspaper publisher', 'Advertising agency', 'Marketing agency']",,serpapi
Miami Private School,(305) 448-1463,https://www.britomiamipanthers.com/,"3030 Coral Wy, Miami, FL 33145",,,,,,Private educational institution,,serpapi
Miami Skin & Vein,(786) 618-5039,https://www.miamiskinandvein.com/,"6705 Red Rd Suite 608, Coral Gables, FL 33143",,,,4.8,,"['Skin care clinic', 'Medical spa']",,serpapi
Miami Smile Institute,(786) 703-9430,https://www.miamismileinstitute.com/,"1805 Ponce de Leon Blvd STE 301, Coral Gables, FL 33134",,,,4.7,,['Dental clinic'],,serpapi
Miami Twice,(305) 666-0127,https://miamitwice.com/,"6562 SW 40th St, Miami, FL 33155",,,,4.7,,"['Clothing store', 'Consignment shop', 'Second hand store', 'Vintage clothing store']",,serpapi
Miami's Best Pizza,(305) 666-5931,https://www.miamisbestpizza.com/,"5833 Ponce de Leon Blvd, Coral Gables, FL 33146",,,,4.4,,['Pizza restaurant'],,serpapi
Miami's Community Newspapers,(305) 669-7355,http://www.communitynewspapers.com/,"6796 SW 62nd Ave, South Miami, FL 33143",,,,4.9,,['Newspaper publisher'],,serpapi
Miami-Dade County Courthouse,(305) 275-1155,http://www.miami-dadeclerk.com/location_coral_gables.asp,"3100 Ponce de Leon Blvd, Coral Gables, FL 33134",,,,4.9,,Courthouse,,serpapi
MiamiCFO,(305) 567-3152,http://www.cpamiami.com/,"4000 Ponce de Leon Blvd #470, Coral Gables, FL 33146",,,,4.8,,Accounting firm,,serpapi
MiamiDade County Aviation Department,(305) 876-7077,http://www.miamidade.gov/,"4200 NW 36th St, Miami, FL 33166",,,,3,,Port authority,,serpapi
"MiamiDade County Fair & Exposition, Inc.",(305) 223-7060,https://www.fairexpo.com/,"10901 SW 24th St, Miami, FL 33165",,,,4.3,,"['Fairground', 'Non-profit organization']",,serpapi
MiamiDade County | Transportation Trust,(305) 460-5070,https://www.coralgables.com/department/parking-department/trolley,"515 S Dixie Hwy, Coral Gables, FL 33146",,,,3.2,,School bus service,,serpapi
Michelson's Trophies,(305) 687-9898,http://www.goawards.com/,"14730 NW 7th Ave, Miami, FL 33168",,,,4.8,,Trophy shop,,serpapi
Michys Kitchen,(786) 714-7832,http://www.michyskitchen.com/,"4635 SW 75th Ave, Miami, FL 33155",,,,4.6,,['Health food store'],,serpapi
"Miguel E. Turbay, CPA",(305) 267-0565,https://www.turbaytax.com/,"2138 SW 67th Ave, Miami, FL 33155",,,,3.8,,"['Tax preparation service', 'Accountant', 'Auto insurance agency', 'Bookkeeping service', 'Certified public accountant', 'Health insurance agency', 'Insurance agency', 'Notary public', 'Payroll service', 'Travel agency']",,serpapi
Milam's Market,(305) 446-4909,http://www.milamsmarkets.com/,"2969 SW 32nd Ave, Miami, FL 33133",,,,4.6,,Supermarket,,serpapi
Miller's Ale House,(305) 444-3600,,"101 Miracle Mile, Coral Gables, FL 33134",,,,4.2,,"['Restaurant', 'American restaurant', 'Bar', 'Brewpub', 'Chicken wings restaurant', 'Hamburger restaurant', 'Takeout Restaurant', 'Seafood restaurant', 'Sports bar', 'Steak house']",,serpapi
Mint Leaf Indian Brasserie,(305) 358-5050,,"1063 Brickell Plaza, Miami, FL 33131",,,,2.2,,['Indian restaurant'],,serpapi
Minuteman Press,(305) 762-4147,https://minuteman.com/us/locations/fl/coral-gables/,"4240 SW 73rd Ave, Miami, FL 33155",,,,5,,"['Print shop', 'Commercial printer', 'Custom label printer', 'Digital printing service', 'Embroidery service', 'Embroidery shop', 'Promotional products supplier']",,serpapi
Misha's Cupcakes,(786) 200-6153,http://www.mishascupcakes.com/,"1586 S Dixie Hwy, Coral Gables, FL 33146",,,,3.4,,"['Cake shop', 'Bakery']",,serpapi
Miss Saigon,,,"148 Giralda Ave, Coral Gables, FL 33134",,,,4.3,,"['Vietnamese restaurant', 'Seafood restaurant', 'Vegan restaurant']",,serpapi
MKTDIRECTOR,(786) 623-4041,https://mktdirector.com/,"66 W Flagler St Suite 900 - PMB#9234, Miami, FL 33130",,,,5,,['Marketing agency'],,serpapi
Mobil,(305) 666-6396,https://www.exxon.com/en/find-station/200316004,"375 S Dixie Hwy, Coral Gables, FL 33133",,,,4.3,,Gas station,,serpapi
Moi Homemade Peruvian Bakery,(305) 456-7485,https://www.moihomemade.com/,"7388 SW 57th Ave, South Miami, FL 33143",,,,4.8,,"['Bakery', 'Cafe', 'Catering food and drink supplier', 'Sandwich shop']",,serpapi
Mon-Sat Royal Vet,(305) 667-5821,https://www.coralgablesanimalhospital.com/appointment,"4569 Ponce de Leon Blvd, Coral Gables, FL 33146",,,,4.7,,"['Veterinarian', 'Animal hospital']",,serpapi
Monalisa Pizzeria Italian Restaurant,(305) 445-7500,https://monalisapizza.com/,"4751 SW 8th St, Coral Gables, FL 33134",,,,4.1,,"['Restaurant', 'Caterer', 'Cuban restaurant', 'Italian restaurant', 'Takeout Restaurant']",,serpapi
Monsalve Integrative Health,(305) 209-4731,http://www.monsalvehealth.com/,"6705 SW 57th Ave #702, Coral Gables, FL 33143",,,,4.9,,['Chiropractor'],,serpapi
Montes de Oca,(305) 443-3001,http://www.primecare1.com/,"370 Minorca Ave, Coral Gables, FL 33134",,,,4.6,,Family practice physician,,serpapi
Montessori Childrens House,(305) 567-1900,https://gablesmontessori.com/,"990 S Le Jeune Rd, Coral Gables, FL 33134",,,,4.9,,Montessori school,,serpapi
Montessori International School,(786) 732-2661,http://www.international-montessori.com/,"12400 SW 84th Avenue Rd, Miami, FL 33156",,,,5,,Montessori preschool,,serpapi
Montica Jewelry,(305) 446-2957,http://www.montica.com/,"500 S Dixie Hwy # 203, Coral Gables, FL 33146",,,,5,,"['Jewelry store', 'Diamond buyer', 'Diamond dealer', 'Jewelry appraiser', 'Jewelry buyer', 'Jewelry designer', 'Jewelry repair service', 'Watch store']",,serpapi
Monty's,(305) 856-3992,https://www.montysrawbar.com/,"2550 S Bayshore Dr, Miami, FL 33133",,,,4.6,,"['Restaurant', 'American restaurant', 'Bar & grill', 'Floridian restaurant', 'Seafood restaurant']",,serpapi
Morgan Horton Law,(305) 624-0011,https://morganhortonlaw.com/,"2121 Ponce de Leon Blvd Ste 900, Coral Gables, FL 33134",,,,5,,['Attorney'],,serpapi
Morgan Stanley Wealth Management,(305) 460-7800,https://advisor.morganstanley.com/coral-gables-branch-2361797?y_source=1_MjM2MTc5Ny03MTUtbG9jYXRpb24ud2Vic2l0ZQ%3D%3D,"220 Alhambra Cir 10th FL, Coral Gables, FL 33134",,,,3,2,Financial consultant,,serpapi
Motek Coral Gables,(305) 396-8547,http://www.motekcafe.com/,"45 Miracle Mile, Miami, FL 33134",,,,4.9,,['Restaurant'],,serpapi
Mount Sinai Primary & Specialty Care,(305) 441-0910,https://www.msmc.com/location/coral-gables/,"836 Ponce de Leon Blvd #200, Coral Gables, FL 33134",,,,3.6,,"['Medical Center', 'Hospital']",,serpapi
Mount Sinai Primary & Specialty Care Coral Gables,(305) 441-0910,https://www.msmc.com/location/coral-gables/,"836 Ponce de Leon Blvd #200, Coral Gables, FL 33134",,,,3.6,,"['Medical Center', 'Hospital']",,serpapi
Mr. C Miami - Coconut Grove,(305) 800-6672,http://www.mrccoconutgrove.com/,"2988 McFarlane Rd, Coconut Grove, FL 33133",,,,4.6,,"['Hotel', 'Cafe', 'Italian restaurant', 'Restaurant', 'Spa']",,serpapi
Music for your Eyes,(305) 441-1717,https://locations.foreyes.com/fl/miami/3542-coral-way.html?y_source=1_NjM2NzY5MDktNzE1LWxvY2F0aW9uLndlYnNpdGU%3D,"3542 Coral Wy Suite 44, Miami, FL 33145",,,,4.7,,Optometrist,,serpapi
Mutual of Omaha,(786) 655-0163,https://agents.mutualofomaha.com/district-offices/fl/coral-gables/2600-douglas-road,"2600 Douglas Rd Ste 1109, Coral Gables, FL 33134",,,,4.4,,Insurance agency,,serpapi
Mystic Healing,(786) 228-7098,,"57 Miracle Mile #7862287098, Miami, FL 33134",,,,5,,Gift shop,,serpapi
Naked Farmer,(305) 487-7327,https://www.eatnakedfarmer.com/,"137 Giralda Ave, Coral Gables, FL 33134",,,,4.9,,"['New American restaurant', 'American restaurant', 'Takeout Restaurant']",,serpapi
National Headache Institute,(305) 440-5969,https://nationalheadacheinstitute.com/houston/,"2344 Douglas Rd, Coral Gables, FL 33134",,,,4.6,,"['Neurologist', 'Doctor', 'Medical Center', 'Medical clinic', 'Physical therapist', 'Physical therapy clinic']",,serpapi
Navarro Discount Pharmacy,(786) 450-5737,https://www.cvs.com/store-locator/miami-fl-pharmacies/2120-sw-32nd-avenue-miami-fl-33145/storeid=11509?WT.mc_id=LS_GOOGLE_RX_11509,"2120 SW 32nd Ave, Miami, FL 33145",,,,4.5,,Pharmacy,,serpapi
Neighborhood Tennis,(786) 483-7626,https://ntcoralgables.com/,"1007 S Greenway Dr, Coral Gables, FL 33134",,,,4.7,,"['Tennis club', 'Tennis court', 'Tennis instructor']",,serpapi
"Nerds Support, Inc.",(866) 916-3737,https://nerdssupport.com/,"4155 SW 130th Ave #103, Miami, FL 33175",,,,4.9,,"['Computer support and services', 'Computer security service']",,serpapi
NERO Immigration Law,(305) 351-1079,http://www.neroimmigration.com/,"2100 Ponce de Leon Blvd STE 1180, Coral Gables, FL 33134",,,,4.8,38,"['Immigration attorney', 'Attorney']",,serpapi
"NERO Immigration Law, P.L.",(305) 351-1079,http://www.neroimmigration.com/,"2100 Ponce de Leon Blvd STE 1180, Coral Gables, FL 33134",,,,4.8,38,"['Immigration attorney', 'Attorney']",,serpapi
New Company Beauty Shop,(305) 662-7572,http://www.newcobeauty.com/,"6726 SW 40th St, Miami, FL 33155",,,,4.9,,Beauty supply store,,serpapi
New Edge Associates,+1 305-507-5371,https://www.newedgewealth.com/?utm_source=Google&utm_medium=Organic&utm_campaign=NewEdge_Coral_Gables_GMB,"2525 Ponce de Leon Blvd Suite 1080, Coral Gables, FL 33134, United States",,,,,,Financial planner,,serpapi
New York Life,(305) 265-0600,https://www.newyorklife.com/,"6505 Waterford District Dr #225, Miami, FL 33126",,,,3.2,,Life insurance agency,,serpapi
Nicklaus Childrens Hospital,(800) 432-6837,,"3100 SW 62nd Ave, Miami, FL 33155",,,,3.7,,Children's hospital,,serpapi
Noble Insurance Group,(954) 820-7427,,"5451 NW 24th St, Margate, FL 33063",,,,,,Insurance agency,,serpapi
NOMA Beach at Redfish,(305) 668-8788,https://noma-beach.com/,"9610 Old Cutler Rd, Coral Gables, FL 33156",,,,4.3,,"['Seafood restaurant', 'Event venue']",,serpapi
Northern Trust,(305) 529-7700,https://www.northerntrust.com/about-us/locations/us/fl/coral-gables-595-biltmore-way,"595 Biltmore Way, Coral Gables, FL 33134",,,,4.1,,['Investment bank'],,serpapi
Northwestern Mutual  Coral Gables,(305) 448-5666,https://www.northwesternmutual.com/office/fl/coral-gables/20691908/,"201 Alhambra Cir #703, Coral Gables, FL 33134",,,,4.2,,"['Financial planner', 'Insurance agency']",,serpapi
"Nourish and Refine, LLC (Nourish & Refine)",(786) 626-1956,https://nourishandrefine.com/,"119 Cadima Ave, Coral Gables, FL 33134",,,,5,,"['Gift shop', 'Candle store', 'Corporate gift supplier', 'Health and beauty shop', 'Home goods store', 'Natural goods store', 'Natural stone supplier', 'Wholesaler', 'Yoga instructor']",,serpapi
Nova Southeastern University,(305) 275-2601,https://www.nova.edu/campuses/miami/,"8585 SW 124th Ave., Miami, FL 33183",,,,4.1,,University,,serpapi
Novotel Miami Brickell,(786) 600-2600,https://all.accor.com/lien_externe.svlt?goto=fiche_hotel&code_hotel=B4Z0&merchantid=seo-maps-US-B4Z0&sourceid=aw-cen&utm_medium=seo%20maps&utm_source=google%20Maps&utm_campaign=seo%20maps,"1500 SW 1st Ave, Miami, FL 33129",,,,4.2,,['Hotel'],,serpapi
NPC Financial DMG Corp.,+1 305-371-6333,http://npcfinancial.com/,"2 Biscayne Blvd # 1740, Miami, FL 33131, United States",,,,5,,Financial planner,,serpapi
NR CPAs and Business Advisors,(305) 978-1533,https://nrcpas.com/,,,,,5,,Accountant,,serpapi
NSI Insurance,(305) 265-0112,https://nsigroup.org/contact/coral-gables-fl-insurance/,"2122 SW 67th Ave, Miami, FL 33155",,,,5,,['Home insurance agency'],,serpapi
O-Gee Paint,(305) 666-3300,https://go.o-geepaint.com/,"6995 Bird Rd, Miami, FL 33155",,,,4.6,,Paint store,,serpapi
Oak Harbor's laundry,(786) 409-4598,,"2341 SW 32nd Ave, Miami, FL 33145",,,,4,,Laundry,,serpapi
Ocean Bank,(305) 446-1919,https://www.oceanbank.com/,"2655 S Le Jeune Rd, Coral Gables, FL 33134",,,,4.9,,Bank,,serpapi
Office Depot,(305) 860-9484,https://www.officedepot.com/storelocator/fl/miami/office-depot-281?utm_source=google&utm_medium=organic&utm_campaign=gmb_281_website_retail,"2690 Coral Wy, Miami, FL 33145",,,,4.2,,"['Office supply store', 'Business to business service', 'Computer consultant', 'Computer store', 'Copy shop', 'Furniture store', 'Mailing service', 'School supply store', 'Shredding service', 'Used office furniture store']",,serpapi
Office Edge Coral Gables,(305) 777-0200,https://officeedge.com/coral-gables/,"4000 Ponce de Leon Blvd #470, Coral Gables, FL 33146",,,,4.4,,"['Executive suite rental agency', 'Bookkeeping service', 'Court reporter', 'Office space rental agency', 'Telephone answering service', 'Video conferencing service']",,serpapi
Office of Disability Services,(305) 349-1478,,"401 NW 2nd Ave #811, Miami, FL 33128",,,,4,,State government office,,serpapi
Office of the Supervisor of Elections,(305) 499-8683,http://www.miamidade.gov/elections/,"2700 NW 87th Ave, Doral, FL 33172",,,,4.5,,['County government office'],,serpapi
Office of the University Registrar,(305) 284-2294,https://registrar.miami.edu/,"1111 Memorial Dr, Coral Gables, FL 33146",,,,4,,['University'],,serpapi
Office of Undergraduate Admission,(305) 284-6000,http://admissions.miami.edu/,"1306 Stanford Dr #1210, Coral Gables, FL 33146",,,,4.6,13,['Academic department'],,serpapi
One Insurance Services LLC,(305) 445-3535,http://www.oneinsuranceservices.com/,"365 Palermo Ave, Coral Gables, FL 33134",,,,3,,['Insurance agency'],,serpapi
One Sotheby's Coral Gables,(305) 666-0562,https://www.onesothebysrealty.com/,"1507 Sunset Dr, Coral Gables, FL 33143",,,,4.2,,['Real estate agency'],,serpapi
One Sotheby's International Realty,(305) 666-0562,https://www.onesothebysrealty.com/,"1507 Sunset Dr, Coral Gables, FL 33143",,,,4.2,,Real estate agency,,serpapi
One White Orchid Inc.,+1 305-851-5626,http://www.onewhiteorchid.com/,,,,,4.7,110,Estate liquidator,,serpapi
Onyx Ink,(305) 394-8500,https://onyx-ink.com/,"95 Merrick Wy #340, Coral Gables, FL 33134",,,,5,,"['Custom t-shirt store', 'Advertising agency', 'Embroidery shop', 'Print shop', 'Promotional products supplier', 'Screen printing shop']",,serpapi
Opulence Entertainment Group,(407) 749-9246,http://www.opulencemia.com/,"400 University Dr Floor 3, Miami, FL 33134",,,,4.9,,['Event management company'],,serpapi
Opulenzza Jewlery,(786) 219-5480,https://www.opulenzza.com/,"6661 SW 8th St, Miami, FL 33144",,,,4.9,,Jewelry store,,serpapi
Orange Bowl Committee,(305) 341-4700,http://www.orangebowl.org/,"14360 NW 77th Ct, Miami Lakes, FL 33016",,,,4.3,,Non-profit organization,,serpapi
Orangetheory Fitness Coral Gables,(305) 460-6006,https://www.orangetheory.com/en-us/locations/coral-gables-florida-0077?utm_medium=seo&utm_source=gg&utm_term=corporate&utm_campaign=soci,"2300 Salzedo St, Coral Gables, FL 33134",,,,4.8,,"['Gym', 'Fitness center', 'Personal trainer', 'Physical fitness program']",,serpapi
Organity,(305) 799-4576,http://vanitypointwellness.com/,"1553 San Ignacio Ave Suite B, Coral Gables, FL 33146",,,,5,,Medical spa,,serpapi
Original Uncle Tom's Barbecue,(305) 445-0844,http://www.originaluncletomsbbq.com/,"3988 SW 8th St, Coral Gables, FL 33134",,,,4,,"['Barbecue restaurant', 'Family restaurant', 'Takeout Restaurant', 'Restaurant', 'Soul food restaurant']",,serpapi
Origini Italian Market,(786) 747-4014,http://www.originimarket.com/,"6709 Bird Rd, Miami, FL 33155",,,,4.6,,['Italian grocery store'],,serpapi
Orion,(305) 284-8001,,"5701 Bird Rd, Miami, FL 33155",,,,3.4,,Gas station,,serpapi
Orion Mart,(305) 209-7688,https://hannatiger.com/,"Florida, Coral Gables, Ponce de Leon Blvd, 邮政编码: 33134",,,,4.9,,Asian grocery store,,serpapi
Orion Merchant Solutions / Petro Solutions,(305) 883-8687,http://orionmerchantsolutions.com/,"5200 NW 77th Ct, Miami, FL 33166",,,,5,,Credit reporting agency,,serpapi
Orlando Optical,(305) 266-2717,,"603 SW 57th Ave, Miami, FL 33144",,,,3,,['Optician'],,serpapi
Orno Miami,,http://ornomiami.com/,,,,,4.6,,"['Food and beverage consultant', 'Service establishment']",,serpapi
Orr Plumbing,(305) 240-6731,https://orrplumbing.com/,"301 Flagler Dr, Miami Springs, FL 33166",,,,4.6,,['Plumber'],,serpapi
Outdoor Adventure Center,(305) 284-5116,,"1211 Wm E Walsh Ave, Coral Gables, FL 33146",,,,4.7,,['Adventure sports center'],,serpapi
Outdoor Lighting Perspectives Miami,(305) 901-7650,https://www.outdoorlights.com/miami/,,,,,5,,"['Landscape lighting designer', 'Electrician', 'Service establishment', 'Landscaper', 'Lighting consultant', 'Lighting contractor', 'Lighting store', 'Lighting products wholesaler']",,serpapi
Overseas Network,(786) 276-8686,http://www.overseasnetwork.com/,"814 Ponce de Leon Blvd, Miami, FL 33134",,,,4.1,,['Travel agency'],,serpapi
OXIONE BEAUTY & EXTENSIONS,(305) 967-8452,https://oxionebeautyspa.glossgenius.com/,"1913 Ponce de Leon Blvd, Coral Gables, FL 33134",,,,5,,"['Hair salon', 'Hair extensions supplier', 'Nail salon', 'Spa']",,serpapi
OYA.health,(305) 927-3195,https://oyawellness.com/,"1700 SW 2nd Ave 3rd floor, Miami, FL 33129",,,,5,,Spa,,serpapi
OYO Hotel Coral Gables - Miami Airport,(213) 594-7549,https://www.oyorooms.com/us/103476/?utm_source=GMB&utm_medium=Organic&utm_campaign=US_MAI004,"4700 SW 8th St, Coral Gables, FL 33134",,,,3.8,,Hotel,,serpapi
P.Pole Pizza,(786) 618-5287,https://ppolepizza.com/,"279 Miracle Mile, Coral Gables, FL 33134",,,,4.8,,"['Pizza restaurant', 'Family restaurant', 'Lunch restaurant', 'Pizza delivery', 'Pizza Takeout']",,serpapi
Pacific National Bank,(305) 539-7570,https://www.pnb.com/,"255 Aragon Ave, Coral Gables, FL 33134",,,,4.2,,"['Bank', 'ATM']",,serpapi
Palme d'Or,(305) 913-3189,https://www.biltmorehotel.com/dining/palme_dor/?utm_source=local&utm_medium=organic&utm_campaign=gmb,"1200 Anastasia Ave, Coral Gables, FL 33134",,,,4.5,,"['French restaurant', 'Bar', 'Fine dining restaurant']",,serpapi
Pan American Institute,(305) 874-6000,https://www.panamacademy.com/,"5000 NW 36th St, Miami, FL 33166",,,,4.4,,Training center,,serpapi
Pancitas Pregnancy and Ultrasound,(786) 728-9368,https://www.littlebelliesspa.com/en/home/miami,"5761 Bird Rd suite a, Miami, FL 33155",,,,5,2497,Pregnancy care center,,serpapi
Panda Express,(305) 907-6126,https://www.pandaexpress.com/locations/fl/miami/3350,"5600 Waterford District Dr Ste 10, Miami, FL 33126",,,,3.4,,Chinese restaurant,,serpapi
Panera Bread,(305) 448-0478,https://www.panerabread.com/en-us/cafe/locations/fl/coral-gables/137-miracle-mile?utm_medium=local&utm_source=google&utm_campaign=dpm-dist&utm_term=601425&utm_content=main,"137 Miracle Mile, Coral Gables, FL 33134",,,,4,,"['Cafe', 'Bakery', 'Breakfast restaurant', 'Caterer', 'Coffee shop', 'Delivery service', 'Takeout Restaurant', 'Salad shop', 'Sandwich shop', 'Soup restaurant']",,serpapi
Panorama Restaurant & Sky Lounge,(305) 447-8256,http://www.hotelarya.com/,"2889 McFarlane Rd #6008, Coconut Grove, FL 33133",,,,4.1,,"['Eclectic restaurant', 'Restaurant']",,serpapi
Papa John's,(305) 668-8484,https://locations.papajohns.com/united-states/fl/33146/coral-gables/1596-s-dixie-hwy?utm_source=gmb&utm_medium=organic&y_source=1_MTA2OTEyNzAtNzE1LWxvY2F0aW9uLndlYnNpdGU%3D,"1596 S Dixie Hwy, Coral Gables, FL 33146",,,,4,,['Pizza restaurant'],,serpapi
Parajon Animal Clinic,(305) 856-2885,https://rymaps.xyz/business/parajon-animal-clinic-523uik,"2751 SW 8th St, Miami, FL 33135",,,,4,,['Animal hospital'],,serpapi
Parmac Inc.,(305) 461-0797,https://parmac.com/,"3675 SW 24th St #200, Miami, FL 33145",,,,4.4,,"['Computer support and services', 'Software company', 'Telecommunications service provider']",,serpapi
Parrot Fish Studio,(305) 299-9228,http://parrotfishstudio.com/,"9441 SW 146th St, Miami, FL 33176",,,,5,,['Graphic designer'],,serpapi
Party City,(786) 718-1966,https://stores.partycity.com/us/fl/kendall/party-store-pc319.html?extcmp=GMBlisting_FL_PC319_organic,"13865 SW 88th St, Miami, FL 33186",,,,3.9,,Party store,,serpapi
Pascal's On Ponce,(305) 444-2024,https://pastoratpascal.net/,"2611 Ponce de Leon Blvd, Coral Gables, FL 33134",,,,4.3,,['Restaurant'],,serpapi
Pauloluigi,(305) 446-6664,https://pauloluigi.com/,"2859 Bird Ave, Coconut Grove, FL 33133",,,,4.8,,"['Pizza restaurant', 'Italian restaurant']",,serpapi
Pause Studio,(786) 661-3461,https://pausestudio.com/coralgables,"111 Palermo Ave #214, Coral Gables, FL 33134",,,,5,,['Wellness center'],,serpapi
Pause Studio Coral Gables,(786) 661-3461,https://pausestudio.com/coralgables,"111 Palermo Ave #214, Coral Gables, FL 33134",,,,5,,['Wellness center'],,serpapi
Paycom,(877) 277-1841,https://www.paycom.com/?utm_campaign=googlemybusiness&utm_source=paycom+miami&utm_medium=organic,"1221 Brickell Ave STE 800, Miami, FL 33131",,,,4,,"['Payroll service', 'Human resource consulting', 'Software company']",,serpapi
Pazos & Robaina,(305) 720-2535,http://prmiami.com/,"145 Madeira Ave Suite 313, Coral Gables, FL 33134",,,,2.3,,['Property administration service'],,serpapi
Peacock Garden,,,"2889 McFarlane Rd, Miami, FL 33133, United States",,,,4.4,,"['American restaurant', 'Brunch restaurant', 'Seafood restaurant', 'Steak house']",,serpapi
Peak Legal,(305) 697-1375,https://www.peaklegalfirm.com/?npcmp=dir:local:5336361:33127,"252 NW 29th St Suite 1050 9th Floor, Miami, FL 33127",,,,4.9,61,"['Family law attorney', 'Divorce lawyer']",,serpapi
Peet's Coffee,,https://www.peets.com/,"Near D51, D Gates, 2100 NW 42nd Ave, Miami, FL 33122",,,,2.7,,Coffee shop,,serpapi
Pei Wei Asian Kitchen,(305) 444-1370,https://www.peiwei.com/florida/240-coral-gables,"2283 SW 37th Ave, Miami, FL 33145",,,,4.5,,"['Chinese restaurant', 'Asian fusion restaurant', 'Asian restaurant', 'Caterer', 'Delivery service']",,serpapi
"Pena Garcia & Diz, PLLC",+1 305-786-3832,https://www.penalawoffice.com/,"150 Alhambra Cir Suite 900, Coral Gables, FL 33134, United States",,,,5,9,Divorce lawyer,,serpapi
Pension Services Inc.,+1 305-595-5500,https://www.pensionnetwork.net/,"3150 SW 38th Ave #900, Miami, FL 33146, United States",,,,3.4,,['Financial consultant'],,serpapi
Perez Neurology,(305) 529-5558,http://www.perezneurology.com/,"2695 S Le Jeune Rd # 200, Coral Gables, FL 33134",,,,4.6,,['Neurologist'],,serpapi
PerformanceREWIRED,(305) 850-1247,http://www.rivera.biz/,"1526 Ponce de Leon Blvd, Coral Gables, FL 33134",,,,5,,Physical fitness program,,serpapi
Perron & Company,(305) 444-8800,http://www.hco.com/,"2320 Ponce de Leon Blvd, Coral Gables, FL 33134",,,,4.1,,Certified public accountant,,serpapi
Personal ConciergMed,(305) 845-8817,https://www.pcm-md.com/,"60 Aragon Ave, Coral Gables, FL 33134",,,,5,,Internist,,serpapi
Pet Supermarket,(305) 529-1800,https://www.petsupermarket.com/storelocator/?storeId=136,"2720 S Dixie Hwy Ste A, Miami, FL 33133",,,,4.4,,Pet store,,serpapi
Petal Cartel,(305) 702-8248,http://petalcartel.com/,"13280 SW 131st St #117, Miami, FL 33186",,,,4.4,,['Florist'],,serpapi
Petco,(305) 665-7335,https://stores.petco.com/fl/southmiami/pet-supplies-southmiami-fl-1794.html,"6200 S Dixie Hwy, South Miami, FL 33143",,,,4.4,,"['Pet store', 'Fish store', 'Goldfish store', 'Pet supply store', 'Reptile store', 'Tropical fish store']",,serpapi
Peter T. Mavrick Law,+1 954-564-2246,https://www.mavricklaw.com/?utm_source=google&utm_medium=local,"1620 W Oakland Park Blvd #300, Fort Lauderdale, FL 33311, United States",,,,5,88,['Trial attorney'],,serpapi
PetSmart,(305) 448-4403,https://www.petsmart.com/stores/us/fl/coral-gables-store1411.html?utm_source=google&utm_medium=organic&utm_campaign=google-my-business,"3301 SW 22nd St, Coral Gables, FL 33145",,,,4.3,,['Pet supply store'],,serpapi
Pharma Plus Drug Store,(305) 448-6116,http://www.university-pharmacy.com/,"217 Valencia Ave, Coral Gables, FL 33134",,,,4.5,,Pharmacy,,serpapi
Pharmag Pharmacy,+1 305-382-3000,,"6622 Coral Wy, Miami, FL 33155, United States",,,,4.9,,['Pharmacy'],,serpapi
Phillip Morris International,,http://www.citybeautiful.net/,Florida,,,,,,,,serpapi
Photo Offset Inc.,(305) 666-1067,http://www.photooffset.com/,"4824 SW 72nd Ave, Miami, FL 33155",,,,5,,Commercial printer,,serpapi
"Physical Therapy for Mental Sharpness, LLC",(305) 617-4277,https://www.ptformentalsharpness.com/,,,,,5,,"['Physical therapist', 'Service establishment']",,serpapi
Physician's Weight Loss Center,(305) 666-8882,https://www.physiciansweightloss-miami.com/,"5761 Bird Rd, Miami, FL 33155",,,,4.5,213,['Weight loss service'],,serpapi
Pibank USA,(305) 539-7570,https://www.pnb.com/,"255 Aragon Ave, Coral Gables, FL 33134",,,,4.2,,"['Bank', 'ATM']",,serpapi
Pietra Veloce,(786) 359-4275,https://portosolemiami.com/,"2530 Ponce de Leon Blvd, Coral Gables, FL 33134",,,,4.6,,Italian restaurant,,serpapi
"Pinecrest Bakery, LLC",(786) 591-7800,https://pinecrestbakery.com/,"3906 SW 8th St, Coral Gables, FL 33134",,,,4.7,,"['Bakery', 'Cafe', 'Coffee shop', 'Cuban restaurant', 'Sandwich shop']",,serpapi
Pink Luminous Advocacy Project,(866) 770-8307,https://pinkluminousbreast.com/,"3257 NW 7th Ave Cir, Miami, FL 33127",,,,5,,Association / Organization,,serpapi
Pisco y Nazca,(786) 810-2266,https://piscoynazca.com/,"101 Miracle Mile, Coral Gables, FL 33134",,,,4.9,,"['Peruvian restaurant', 'Brunch restaurant', 'Cocktail bar', 'Restaurant', 'Seafood restaurant']",,serpapi
Pita Weber Del Prado,(305) 670-2889,https://www.pwdlawfirm.com/,"9350 S Dixie Hwy Suite 1200, Miami, FL 33156",,,,4.9,181,['Personal injury attorney'],,serpapi
Pizza Hut,(786) 260-0008,https://locations.pizzahut.com/fl/miami/3396-coral-way?utm_medium=organic&utm_source=local&utm_campaign=googlelistings&utm_content=website&utm_term=313243,"3396 Coral Wy, Miami, FL 33145",,,,3.4,,Pizza delivery,,serpapi
Playa Bowls Coral Gables,(786) 550-3007,https://www.playabowls.com/location/coral-gables/,"6620 SW 57th Ave Suite E113, South Miami, FL 33143",,,,4.8,,"['Health food restaurant', 'Kosher restaurant', 'Vegan restaurant', 'Vegetarian restaurant']",,serpapi
Please Hold Advertising,(305) 388-3088,https://pleasehold.com/,,,,,5,,"['Advertising agency', 'Service establishment']",,serpapi
Plenitude Med Spa,(786) 400-1615,https://plenitudemedspa.com/,"343 Aragon Ave, Coral Gables, FL 33134",,,,5,,"['Medical spa', 'Day spa', 'Facial spa', 'Health and beauty shop', 'Laser hair removal service', 'Massage therapist', 'Pilates studio', 'Skin care clinic', 'Spa', 'Wellness center']",,serpapi
plumbing,(305) 686-4751,,"301 Altara Ave Ste. 176, Coral Gables, FL 33146",,,,5,,Plumber,,serpapi
Plymouth Church,(305) 444-6521,http://www.plymouthmiami.org/,"3400 Devon Rd, Miami, FL 33133",,,,4.7,141,Church,,serpapi
PNC Bank,(786) 804-6311,https://locator.pnc.com/en/details/fl/coral-gables/branch/2730-ponce-de-leon-blvd?lnksrc=branch-listing-google,"2730 Ponce de Leon Blvd, Coral Gables, FL 33134",,,,3.5,,"['Bank', 'ATM']",,serpapi
Poke 305 Grove,(305) 640-8147,http://www.poke305.com/,"3415 Main Hwy, Miami, FL 33133",,,,4.1,,['Restaurant'],,serpapi
Pollo Campero,(833) 226-7376,https://us.campero.com/locations/calle-ocho,"2800 SW 8th St, Miami, FL 33135",,,,4.2,,Chicken restaurant,,serpapi
Pollo Tropical,(305) 461-1915,https://www.pollotropical.com/,"2350 Douglas Rd, Miami, FL 33134",,,,3.8,,Chicken restaurant,,serpapi
Ponce De Leon Hotel,(305) 444-9934,http://www.hotelponcedeleon.com/,"1721 Ponce de Leon Blvd, Coral Gables, FL 33134",,,,4,,['Hotel'],,serpapi
Ponte Vecchio Ristorante e Pizzeria,,,"2250 Coral Wy, Miami, FL 33145",,,,4.7,,"['Italian restaurant', 'Pizza restaurant']",,serpapi
Poochie on your Block,(305) 666-4669,http://www.poochieonyourblock.com/,"6803 Bird Rd, Miami, FL 33155",,,,4.6,,['Pet groomer'],,serpapi
Popeyes,(786) 783-3470,https://www.popeyes.com/store-locator/store/restaurant_240534,"6800 Red Rd, South Miami, FL 33143",,,,3.7,,Chicken restaurant,,serpapi
Porsche,(786) 885-3481,https://www.thecollectionporsche.com/,"200 Bird Rd, Coral Gables, FL 33146",,,,4.8,,"['Porsche dealer', 'Car dealer']",,serpapi
Portosole Italian Restaurant,(786) 359-4275,https://portosolemiami.com/,"2530 Ponce de Leon Blvd, Coral Gables, FL 33134",,,,4.6,,"['Italian restaurant', 'Cocktail bar', 'Lunch restaurant', 'Restaurant', 'Seafood restaurant', 'Wine bar']",,serpapi
Power Financial Credit Union,(800) 548-5465,http://www.powerfi.org/,"The Palms at Town and Country Mall, 8228 Mills Dr, Miami, FL 33183",,,,4.5,,Credit union,,serpapi
"Powering Elite Performers, LLC",(786) 870-4441,https://eliteuperformance.com/,"8854 SW 129th St, Miami, FL 33176",,,,4.7,,Fitness center,,serpapi
Premia Global Advisors,(786) 741-7919,https://premiaglobaladvisors.com/?utm_campaign=gmb,"2600 Douglas Rd # 1103, Coral Gables, FL 33134",,,,5,,"['Financial advisor', 'Financial consultant', 'Investment service']",,serpapi
Premier Golf Fitting,(305) 275-9070,http://planetgolfmiami.com/,"7045 SW 87th Ave, Miami, FL 33173",,,,4.8,,Golf shop,,serpapi
Premier NAD+,(786) 803-8783,https://www.premiernadplus.com/,"301 Altara Ave Suite 105, Coral Gables, FL 33146",,,,5,,['IV therapy service'],,serpapi
Premier Pediatric Dentistry,(786) 296-1891,https://pediatricdentistmiami.com/?y_source=1_NzYxMDAyMTktNzE1LWxvY2F0aW9uLndlYnNpdGU%3D,"4145 Laguna St, Miami, FL 33146",,,,5,,"['Pediatric dentist', 'Dental clinic', 'Dentist']",,serpapi
Presto Cleaners,(305) 665-7952,https://www.prestocleanersmiami.com/contact-us/,"6640 Bird Rd, Miami, FL 33155",,,,3.4,,Cleaners,,serpapi
Primary Windows,(786) 471-1811,http://primarywindows.com/?utm_source=gmyb,"250 Giralda Ave #1, Coral Gables, FL 33134",,,,4.6,,['Window supplier'],,serpapi
Prime Institute,(786) 866-7804,https://www.primeinstitute.us/,"475 Biltmore Way Suite 314, Coral Gables, FL 33134",,,,5,,Medical clinic,,serpapi
Private Wealth Management of Coral Gables,(305) 548-2247,https://pwmcg.com/,"141 Miracle Mile, Coral Gables, FL 33134",,,,5,,Financial planner,,serpapi
PriveCareRx,(305) 901-5747,https://privecarerx.com/,"2020 Ponce de Leon Blvd #105, Coral Gables, FL 33134",,,,5,,['Pharmacy'],,serpapi
Professional Building Solutions,(954) 473-0025,https://probuildingsvcs.com/,"7027 W Broward Blvd #303, Plantation, FL 33317",,,,4.5,,Cleaning service,,serpapi
Professional Health Diagnostics,(305) 441-2262,http://www.phdmiami.com/,"6527 Coral Wy, Miami, FL 33155",,,,3.8,,['Diagnostic center'],,serpapi
PROMEXICO / Mexico's Trade & Investment Comm.Miami,(305) 677-8154,,"999 Ponce de Leon Blvd, Coral Gables, FL 33134",,,,5,,State government office,,serpapi
Providence Healthcare Services,(305) 220-1088,http://providencehhs.com/,"10250 SW 56th St Suite D-103, Miami, FL 33165",,,,4.9,,"['Home health care service', 'Nursing agency']",,serpapi
PROWORK US,(305) 631-2534,,"25 Merrick Wy, Coral Gables, FL 33134",,,,4.9,,"['Pilates studio', 'Gym']",,serpapi
PS Mortgage Lending,(305) 791-4874,https://psmortgagelending.com/?utm_source=gbp&utm_medium=webclick,"9480 SW 77th Ave #201, Miami, FL 33156",,,,5,,"['Mortgage broker', 'Mortgage lender']",,serpapi
Public Storage,(786) 600-2017,https://www.publicstorage.com/self-storage-fl-miami/1580.html?pspid=pslocalsearch&utm_source=google&utm_medium=local_maps,"2851 SW 31st Ave, Miami, FL 33133",,,,4.8,,Self-storage facility,,serpapi
Publix,(305) 445-2641,https://www.publix.com/?setstorenumber=84&utm_medium=maps&utm_source=extendednetwork&utm_content=psm_website_url,"2551 S Le Jeune Rd, Coral Gables, FL 33134",,,,4.4,,Supermarket,,serpapi
Pulver CPA,(305) 790-5604,https://www.whittmarsh.com/,"19790 W Dixie Hwy #401, Miami, FL 33180",,,,4.6,,Certified public accountant,,serpapi
Pummarola Coral Gable,(786) 409-6866,https://www.pummarola.us/,"141 Aragon Ave, Coral Gables, FL 33134",,,,4.5,,Pizza restaurant,,serpapi
Pura Vida Miami,(305) 535-4142,https://www.puravidamiami.com/,"244 Miracle Mile, Coral Gables, FL 33134",,,,4.8,,Coffee shop,,serpapi
"Pure Water Factory, LLC",(786) 431-1018,https://pure-water-factory-miami.square.site/,"2625 SW 27th Ave, Miami, FL 33133",,,,4.9,,['Water purification company'],,serpapi
Quadriplate V,(786) 391-1276,https://450-gradi.com/,"130 Miracle Mile, Coral Gables, FL 33134",,,,4.8,,Italian restaurant,,serpapi
Quest Diagnostics,(305) 668-9566,https://locations.questdiagnostics.com/fl/miami/5761-sw-40th-st,"5761 SW 40th St Ste. C, Miami, FL 33155",,,,3.2,,Medical laboratory,,serpapi
Quest Workspaces,(305) 518-1972,https://questworkspaces.com/coral-gables,"121 Alhambra Plz # 1000, Coral Gables, FL 33134",,,,5,,Coworking space,,serpapi
"Quintana Law, P.A.",(305) 376-0821,http://www.quintanalawpa.com/,"10281 SW 72nd St # B-105, Miami, FL 33173",,,,5,19,Insurance attorney,,serpapi
Quiznos,(305) 661-2890,https://quiznosbirdroadmiami.com/,"7100 Bird Rd, Miami, FL 33155",,,,4.3,,Sandwich shop,,serpapi
R A Brandon & Co Inc,(305) 442-2340,https://rabrandoninsurance.com/,"217 Aragon Ave, Coral Gables, FL 33134",,,,5,12,"['Insurance agency', 'Auto insurance agency', 'Commercial agent', 'Home insurance agency', 'Insurance broker']",,serpapi
Rainbow Pharmacy,(305) 749-7000,http://rainbowpharmacyrx.com/,"257 Giralda Ave, Coral Gables, FL 33134",,,,5,,['Pharmacy'],,serpapi
Ramhofer Garcia,(305) 518-1619,https://wernerhoffman.com/coral-gables-injury/?utm_source=GBP&utm_medium=GBP&utm_campaign=GBP_Coral_Gables&utm_id=GBP_Coral_Gables,"133 Grand Ave B, Coral Gables, FL 33133",,,,5,52,"['Personal injury attorney', 'Law firm', 'Attorney']",,serpapi
Rathskeller,(305) 284-6310,,"1306 Stanford Dr, Coral Gables, FL 33146",,,,4,,,,serpapi
Rausa Builders Corp,(305) 554-5711,https://rausabuilders.com/?utm_source=GMBlisting&utm_medium=organic,"7111 SW 42nd St, Miami, FL 33155",,,,4.4,,"['Roofing contractor', 'General contractor', 'Plumber']",,serpapi
RazzleDazzle BarberShop,(786) 223-1773,http://www.razzledazzlebarbershop.com/,,,,,4.3,,"['Barber shop', 'Beauty salon', 'Service establishment', 'Spa']",,serpapi
RC Cafe,(305) 889-8684,https://www.rccafe.miami/,"276 Alhambra Cir, Coral Gables, FL 33134",,,,4.8,,['Restaurant'],,serpapi
Recycling,,,"7333 Coral Wy Ste 108, Miami, FL 33155",,,,,,Recycling center,,serpapi
Red Bird Animal Clinic,(305) 661-6466,http://www.redbirdanimalclinic.com/,"5753 Bird Rd, Miami, FL 33155",,,,4.8,,['Veterinarian'],,serpapi
Red Carpet Italian Restaurant,(305) 529-4220,https://www.cidrarestaurant.com/,"3438 SW 8th St, Miami, FL 33135",,,,4.7,,['Italian restaurant'],,serpapi
Redfin Coral Gables,(877) 973-3346,https://www.redfin.com/city/3707/FL/Coral-Gables/real-estate/agents?utm_source=gmb&utm_medium=organic&utm_campaign=gmb-coral-gables-fl,"2600 Douglas Rd # 607, Coral Gables, FL 33134",,,,3.1,,['Real estate agency'],,serpapi
Regions Bank,(305) 774-5671,https://www.regions.com/locator/fl/coral-gables/full-service-branch-2800-ponce-de-leon-blvd?cid=localListing_google,"2800 Ponce de Leon Blvd, Coral Gables, FL 33134",,,,4.3,,Bank,,serpapi
Regis Remote Office Solutions,(786) 749-2200,https://www.regus.com/en-us/united-states/florida/coral-gables/columbus-center-3531?utm_source=google_uberall&utm_medium=places&utm_campaign=uberall&utm_content=uberall,"Columbus Center, 1 Alhambra Plz Floor PH, Coral Gables, FL 33134",,,,4.2,,Office space rental agency,,serpapi
Renaissance at the Gables,(305) 445-1313,http://renaissancemiami.com/renaissance-at-the-gables/?y_source=1_Mzg3MTk5MC03MTUtbG9jYXRpb24ud2Vic2l0ZQ%3D%3D,"2340 SW 32nd Ave, Miami, FL 33145",,,,4.3,,"['Wedding venue', 'Banquet hall', 'Caterer', 'Convention center', 'Event planner']",,serpapi
Residence Inn Miami Coconut Grove 3,(305) 285-9303,,"2835 Tigertail Ave, Coconut Grove, FL 33133",,,,4.2,,"['Hotel', 'Indoor lodging']",,serpapi
Resident Member,(786) 437-4400,https://www.lifetime.life/locations/fl/coral-gables.html?utm_source=google&utm_medium=local&utm_campaign=google-local-club,"237 S Dixie Hwy, Coral Gables, FL 33133",,,,3.8,,Gym,,serpapi
Retail Shop,(305) 569-0311,http://experiencecoralgables.com/,"130 Miracle Mile #200, Coral Gables, FL 33134",,,,4.6,,Shopping mall,,serpapi
Revitamaxx,(305) 308-8860,https://revitamaxx.com/,"315 Palermo Ave, Coral Gables, FL 33134",,,,5,,['Medical spa'],,serpapi
Rey's Pizza,(305) 265-2040,http://www.reypizza.com/,"6340 SW 8th St, West Miami, FL 33144",,,,3.9,,Pizza restaurant,,serpapi
Rhonda A. Anderson  P.A.,(305) 567-3004,,"2655 S Le Jeune Rd # 5, Coral Gables, FL 33134",,,,5,,['Attorney'],,serpapi
Richards Legal Group,(305) 444-3114,https://b2b.legal/personnel/richard-l-richards/,"201 Alhambra Cir #1060, Coral Gables, FL 33134",,,,5,,Legal services,,serpapi
Rincon Antioqueno,(305) 262-1515,,"6521 SW 8th St, Miami, FL 33144",,,,4.4,,['Restaurant'],,serpapi
Rinconcito Superlatino 4,(305) 264-0749,https://elrinconcitolatino.com/,"6741 SW 24th St, Miami, FL 33155",,,,4.4,,Cuban restaurant,,serpapi
Ring Theater,(305) 284-3355,http://www.as.miami.edu/ringtheatre/,"1312 Miller Dr, Coral Gables, FL 33146",,,,4.6,,"['Private university', 'Performing arts theater']",,serpapi
RingByName,(855) 345-7464,https://www.ringbyname.com/,"6303 Waterford District Dr, Miami, FL 33126",,,,3.4,,['Telecommunications service provider'],,serpapi
Ristorante ll Duomo Dei Sapori,(305) 381-5604,https://ilduomodeisapori.com/,"2312 Ponce de Leon Blvd, Coral Gables, FL 33134",,,,4.5,,Italian restaurant,,serpapi
"Rita Herrera, Real Estate Broker",(305) 300-4760,https://ritafrommiami.com/,,,,,4.6,,"['Real estate agent', 'Service establishment']",,serpapi
Riviera Health Resort,+1 786-517-6999,https://rivierahealthresort.com/,"6901 Yumuri St, Coral Gables, FL 33146, United States",,,,4.4,,['Nursing home'],,serpapi
Rivieralive,(786) 703-3729,,"3138 Coral Wy, Miami, FL 33145",,,,4.2,,['Restaurant'],,serpapi
"Rize Mortgage, LLC",(866) 553-5977,https://www.rizemtg.com/,"53 NW 100th Ave, Plantation, FL 33324",,,,4.9,,Mortgage lender,,serpapi
Robert J. Fewell Company,,,"2313 Salzedo St, Coral Gables, FL 33134",,,,5,,['Art gallery'],,serpapi
Robert M. Levy & Associates,(866) 930-9785,http://www.levylawgroup.com/contactus.html,"3399 Ponce de Leon Blvd, Coral Gables, FL 33134",,,,2.3,,Legal services,,serpapi
Roly's Auto Service,(305) 332-4949,http://www.rolyseuropeanautocenter.com/,"7368 SW 42nd St, Miami, FL 33155",,,,4.7,,"['Auto repair shop', 'Auto electrical service', 'Car repair and maintenance service']",,serpapi
Roma Bakery,+1 305-446-0433,http://www.romabakery.miami/,"4897 SW 8th St, Miami, FL 33134, United States",,,,4.3,,"['Bakery', 'Coffee shop', 'Live music bar', 'Market', 'Restaurant', 'Wine bar']",,serpapi
Ronald McDonald House Charities of South Florida,(305) 324-5683,http://rmhcsouthflorida.org/,"1145 NW 14th Terrace, Miami, FL 33136",,,,4.8,,['Social services organization'],,serpapi
Roofing Company,(786) 521-0022,https://greenhomeroofinginc.com/,"2525 Ponce de Leon Blvd Suit 300, Coral Gables, FL 33134",,,,4.9,,Roofing contractor,,serpapi
Rosa Clara,(786) 414-0832,https://www.rosa-clara.com/en-us/shop/rosa-clara-miami?utm_campaign=rosaclaramiami-250411-tienda&utm_content=linkficha&utm_medium=gmb&utm_source=google,"365 Miracle Mile, Coral Gables, FL 33134",,,,4.5,,"['Bridal shop', 'Haute couture fashion house', 'Wedding store']",,serpapi
Ross,(305) 446-8440,https://www.rossstores.com/,"2 Miracle Mile, Coral Gables, FL 33134",,,,4.4,,"['Clothing store', 'Department store', ""Men's clothing store"", 'Shoe store', ""Women's clothing store""]",,serpapi
Rothstar Construction Inc.,(305) 442-4462,http://rothstar.com/,"250 Catalonia Ave Ste 300, Coral Gables, FL 33134",,,,5,,['Construction company'],,serpapi
Roto-Rooter,(305) 661-7838,https://www.rotorooter.com/miami/?utm_source=Google&utm_medium=organic&utm_campaign=gmb&utm_content=website,"1726 NW 36th St Unit 3, Miami, FL 33142",,,,4.7,,Plumber,,serpapi
Royal Ballet Miami Corporation,(305) 396-8839,https://www.miamiroyalballet.com/,"300 Altara Ave #1415, Coral Gables, FL 33146",,,,4.9,,"['Dance school', 'Ballet school', 'Dance company']",,serpapi
Rumble Boxing Coral Gables,(786) 863-5461,http://www.rumbleboxinggym.com/coralgables,"111 Palermo Ave Suite 208, Coral Gables, FL 33134",,,,4.7,,"['Boxing gym', 'Gym']",,serpapi
Russell Capital Group,(859) 254-5225,http://www.russcap.com/,"476 E High St, Lexington, KY 40507",,,,3.7,,Financial advisor,,serpapi
Ryder System Inc.,(305) 500-3726,https://www.ryder.com/en-us/contact-us,"2333 Ponce de Leon Blvd # 700, Coral Gables, FL 33134",,,,3.7,,Corporate office,,serpapi
S. Pellegrino & Acqua Panna,(786) 380-1386,https://www.camilaspatisserie.com/,"3011 Ponce de Leon Blvd Kiosk #3, Coral Gables, FL 33134",,,,4.6,,Dessert shop,,serpapi
Sabor Latino Cubano Criollo,(786) 773-2940,https://saborlatinocubano.com/,"6500 Bird Rd, Miami, FL 33155",,,,4.4,,"['Cuban restaurant', 'Breakfast restaurant', 'Latin American restaurant', 'Delivery Restaurant', 'Restaurant']",,serpapi
Sabor Tropical Supermarket,(305) 266-6678,https://sabortropical.net/,"6190 SW 8th St, West Miami, FL 33144",,,,4.2,,Supermarket,,serpapi
Safelite AutoGlass,(786) 623-4841,https://www.safelite.com/stores/Dade?utm_source=yext&utm_medium=list&utm_campaign=local&y_source=1_MTc4NzA3OS03MTUtbG9jYXRpb24ud2Vic2l0ZQ%3D%3D,"2757 SW 8th St, Miami, FL 33135",,,,4,,Glass repair service,,serpapi
Saint Athanasios Greek Orthodox Church,(305) 444-6541,http://www.stgmiami.org/,"320 Palermo Ave, Coral Gables, FL 33134",,,,4.8,35,Eastern Orthodox Church,,serpapi
Saint Augustine Church,(305) 661-1648,http://www.saintaugustinechurch.org/,"1400 Miller Rd, Coral Gables, FL 33146",,,,4.8,268,"['Catholic church', 'Church', 'Tourist attraction']",,serpapi
Saint Basil Catholic Church Byzantine Rite,+1 786-320-5125,https://stbasilbyzantinecatholicchurch.org/,"1475 NE 199th St, Miami, FL 33179, United States",,,,4.4,25,Catholic church,,serpapi
Saint James Church,(305) 443-0014,,"110 Phoenetia Ave, Coral Gables, FL 33134",,,,4.5,12,Church,,serpapi
Saint Mark's Lutheran Church,(305) 444-0425,https://www.stmarkslutherancoralgables.org/,"3930 S Le Jeune Rd, Coral Gables, FL 33134",,,,5,16,['Lutheran church'],,serpapi
Saint Peters Lutheran Church,(305) 858-2621,https://www.sppmiami.org/CatholicChurch.php?,"900 SW 26th Rd, Miami, FL 33129",,,,4.7,244,Catholic church,,serpapi
Saint Thomas Episcopal Church,(305) 661-3436,https://www.stepsmia.org/st-thomas-episcopal-church,"5690 N Kendall Dr, Coral Gables, FL 33156",,,,4.3,6,['Episcopal church'],,serpapi
Salty Donut,(786) 966-7200,https://www.saltydonut.com/,"3034 Grand Ave Suite 7, Miami, FL 33133",,,,4.8,,Donut shop,,serpapi
Salvadore Park Tennis Center,(305) 460-5333,https://www.coralgables.com/department/community-recreation/fitness-athletics/tennis/salvadore-park-tennis-center,"1120 Andalusia Ave, Coral Gables, FL 33134",,,,4.8,,"['Tennis court', 'Tourist attraction']",,serpapi
San Juan Motel,(305) 780-0316,,"2390 SW 8th St, Miami, FL 33135",,,,3.9,,"['Motel', 'Hotel']",,serpapi
San Lorenzo Gelato and Pastry,(305) 381-5591,https://www.sanlorenzogelato.com/,"128 Sevilla Ave, Coral Gables, FL 33134",,,,4.7,,['Ice cream shop'],,serpapi
Sanctuary of the Arts,(786) 362-5132,http://www.sanctuaryofthearts.org/,"410 Andalusia Ave, Coral Gables, FL 33134",,,,4.9,,['Arts organization'],,serpapi
Sartori Amici / My Grooms Room,(305) 964-5073,http://www.mygroomsroom.com/,"225 Miracle Mile, Coral Gables, FL 33134",,,,5,,"[""Men's clothing store""]",,serpapi
SB Architects,(305) 856-2021,http://www.sb-architects.com/,"2333 Ponce de Leon Blvd #1000, Coral Gables, FL 33134",,,,4.7,,['Architect'],,serpapi
School of Architecture,(305) 284-3731,https://www.arc.miami.edu/,"Architecture 48, 1223 Theo Dickinson Dr, Coral Gables, FL 33146",,,,4.9,,['Academic department'],,serpapi
School of Communications,(305) 284-2265,http://com.miami.edu/,"5100 Brunson Dr, Coral Gables, FL 33146",,,,3,,['Academic department'],,serpapi
School of Education and Human Development,(305) 284-5751,https://www.edu.miami.edu/,"Orovitz Building, 1507 Levante Ave, Coral Gables, FL 33146",,,,,,Academic department,,serpapi
School of Nursing and Health Studies,(305) 284-3666,https://www.sonhs.miami.edu/,"5030 Brunson Dr, Coral Gables, FL 33146",,,,3.4,,"['Nursing school', 'College', 'Private university']",,serpapi
School of Rock,(786) 843-9230,https://www.schoolofrock.com/locations/coralgables,"Sunset Place Mall, 5701 SW 72nd Street Suite 164, 1st Floor, Miami, FL 33143",,,,5,,"['Music school', 'Band', 'Drum school', 'Guitar instructor', 'Music instructor', 'Piano instructor', 'Vocal instructor']",,serpapi
Schwartz Center for Athletic Excellence,,,"Coral Gables, FL 33146",,,,5,,['Fitness center'],,serpapi
Seacoast Bank,(786) 814-4747,https://www.seacoastbank.com/locations/coral-gables-alhambra,"396 Alhambra Cir STE 150, Coral Gables, FL 33134",,,,3.4,,Bank,,serpapi
Seacoast Construction Inc.,+1 786-433-8740,http://www.seacoastconstruction.net/,"6355 NW 36th St, Virginia Gardens, FL 33166, United States",,,,5,,General contractor,,serpapi
Sears,(305) 460-3400,https://searsmiami.com/,"3655 SW 22nd St, Miami, FL 33145",,,,4,,['Department store'],,serpapi
Sebastian's Cafe,(786) 558-4548,https://newman-alumni-center.com/about-2/sebastians-cafe/,"6200 San Amaro Dr, Coral Gables, FL 33146",,,,4.9,,['Cafe'],,serpapi
Sedano's,(305) 446-5872,https://www.sedanos.com/stores/coral-gables-7,"4803 SW 8th St, Miami, FL 33134",,,,4.3,,Supermarket,,serpapi
Semillitas,,http://www.citybeautiful.net/,Florida,,,,,,,,serpapi
Seminole Hard Rock Hotel & Casino Hollywood,(866) 502-7529,https://casino.hardrock.com/hollywood?utm_campaign=shrss_casino_hard-rock-hotel-and-casino-hollywood_websitelisting&utm_medium=referral&utm_source=gmb,"1 Seminole Way, Davie, FL 33314",,,,4.5,,"['Resort hotel', 'Bar', 'Casino', 'Event venue', 'Tourist attraction']",,serpapi
Semper,(786) 705-2121,https://www.semperlaser.com/,"5740 Sunset Dr, Miami, FL 33143",,,,4.9,,Laser hair removal service,,serpapi
Senior Living,(786) 441-8800,http://www.palacecoralgables.com/,"1 Andalusia Ave, Coral Gables, FL 33134",,,,4.9,,Assisted living facility,,serpapi
"Ser & Associates, PLLC",(305) 222-7282,http://ser-associates.com/,"2020 Ponce de Leon Blvd #1101, Coral Gables, FL 33134",,,,4.4,,"['Law firm', 'Attorney']",,serpapi
Seraphic Fire,(305) 285-9060,http://www.seraphicfire.org/,"2153 Coral Wy #401, Miami, FL 33145",,,,5,,"['Choir', 'Arts organization', 'Non-profit organization']",,serpapi
SerpGuru,(305) 631-2029,http://www.sospirowinebar.com/,"2626 Ponce de Leon Blvd, Coral Gables, FL 33134",,,,4.5,,"['Restaurant', 'Wine bar']",,serpapi
Service Keepers,(305) 751-2261,https://servicekeepers.com/,"7541 NE 3rd Pl, Miami, FL 33138",,,,4.9,,"['Janitorial service', 'Blast cleaning service', 'Carpet cleaning service', 'Cleaners', 'Cleaning products supplier', 'Office refurbishment service', 'Sanitation service', 'Tile cleaning service', 'Vacuum cleaner repair shop', 'Window cleaning service']",,serpapi
Sexy Fish Miami,(305) 889-7888,https://sexyfishmiami.com/?utm_source=LocalGoogleExtNet&utm_medium=Organic,"1001 S Miami Ave, Miami, FL 33130",,,,4.5,,"['Japanese restaurant', 'Cocktail bar', 'Event venue', 'Japanese steakhouse', 'Seafood restaurant']",,serpapi
Shadow Wagyu,(786) 828-8023,https://shadowwagyu.com/?fbclid=PAAaZGZ1ob9KnaCjfw0gSbV2M3wB3EieYDiWq2K-MAEaQ8iA3WwzwiLNHsYzs_aem_Ae8f4i1zEf-eY2k6p1TMLGC5rkS_vmKvGSYNIidO9VZKmfYUPU6_063efpUqRTM6AVU#kitchen,"4702 S Le Jeune Rd, Miami, FL 33146",,,,4.7,,"['Butcher shop', 'Meat products store']",,serpapi
Shah of Kebab,(786) 275-6652,https://eatkabob.com/shahssouthmiami?utm_source=google,"5975 Sunset Dr #109, South Miami, FL 33143",,,,4.6,,Persian restaurant,,serpapi
Shake Shack,(786) 470-3701,https://www.shakeshack.com/location/coral-gables-fl?utm_source=google&utm_medium=listing,"1450 S Dixie Hwy, Coral Gables, FL 33146",,,,4.5,,"['Hamburger restaurant', 'American restaurant', 'Catering food and drink supplier', 'Caterer', 'Chicken restaurant', 'Dessert restaurant', 'Fast food restaurant', 'Lunch restaurant', 'Takeout Restaurant', 'Sandwich shop']",,serpapi
Shake Shack Coral Gables,(786) 470-3701,https://www.shakeshack.com/location/coral-gables-fl?utm_source=google&utm_medium=listing,"1450 S Dixie Hwy, Coral Gables, FL 33146",,,,4.5,,"['Hamburger restaurant', 'American restaurant', 'Catering food and drink supplier', 'Caterer', 'Chicken restaurant', 'Dessert restaurant', 'Fast food restaurant', 'Lunch restaurant', 'Takeout Restaurant', 'Sandwich shop']",,serpapi
Shalala Student Center,(305) 284-4351,http://www.miami.edu/sa/index.php/student_center_complex/student_center_complex/,"1330 Miller Dr, Miami, FL 33146",,,,4.7,,['Student union'],,serpapi
"Sharff, Wittmer, Kurtz, Jackson, & Diaz, P.A.",(305) 666-7229,https://www.swkj-cpa.com/,"4621 Ponce de Leon Blvd, Coral Gables, FL 33146",,,,3.5,,['Tax preparation service'],,serpapi
Shell,(305) 661-4902,https://find.shell.com/us/fuel/10008583-1492-s-dixie-hwy/en_US,"1492 S Dixie Hwy, Coral Gables, FL 33146",,,,3.1,,Gas station,,serpapi
Shell Lumber and Hardware,(305) 856-6401,https://www.shelllumber.com/,"2733 SW 27th Ave, Miami, FL 33133",,,,4.4,,"['Home improvement store', 'Door shop', 'Fastener supplier', 'Hardware store', 'Lumber store', 'Paint store', 'Plywood supplier', 'Tool store', 'Wood supplier']",,serpapi
"Shelton and Stewart Realtors, LLC",(305) 666-0669,https://www.sheltonandstewart.com/,"7311 SW 59th Ct, South Miami, FL 33143",,,,4.6,,"['Real estate agency', 'Commercial real estate agency']",,serpapi
SHINGO,,http://www.shingomiami.com/,"112 Alhambra Cir, Coral Gables, FL 33134",,,,4.8,,['Japanese restaurant'],,serpapi
Shiso Miami,(786) 559-1706,http://shisomiami.com/,"239 NW 28th St, Miami, FL 33127",,,,4.7,,Japanese restaurant,,serpapi
Shopping Malls,(305) 529-1215,https://www.shopsatmerrickpark.com/en.html,"358 San Lorenzo Ave, Coral Gables, FL 33146",,,,4.6,,Shopping mall,,serpapi
Show Tech Inc.,(844) 746-9832,http://showtechinc.com/,"353 N Seaboard Rd, Miami Gardens, FL 33169",,,,3.7,,"['Audiovisual equipment rental service', 'Audio visual consultant', 'Event technology service', 'Lighting consultant', 'Video production service']",,serpapi
"Shutts & Bowen, LLP",(305) 358-6300,http://www.shutts.com/,"200 S Biscayne Blvd #4100, Miami, FL 33131",,,,4.2,,['Law firm'],,serpapi
Siboney,(305) 445-7777,,"4750 W Flagler St, Coral Gables, FL 33134",,,,2.5,,Pharmacy,,serpapi
"Silva & Silva, P.A.",(305) 445-0011,https://silvasilva.com/,"236 Valencia Ave, Coral Gables, FL 33134",,,,4.8,20,"['Personal injury attorney', 'Law firm', 'Attorney', 'Medical lawyer', 'Trial attorney']",,serpapi
Silver Mirror Facial Bar,(786) 988-0520,https://silvermirror.com/locations/coral-gables/,"2955 Ponce de Leon Blvd Suite 222, Coral Gables, FL 33134",,,,4.9,,['Facial spa'],,serpapi
"Since 1973, licensed & insured Landscaping by George",(786) 801-2971,https://www.landscapingbygeorge-fl.com/,,,,,4.5,,"['Landscaper', 'Service establishment', 'Lawn sprinkler system contractor', 'Tree service']",,serpapi
"Since 1981, 35+ years experience Landscaping by Steve Blaum",(305) 662-7045,http://www.blaumlandscaping.com/,,,,,4.5,,"['Landscape designer', 'Service establishment', 'Landscaper']",,serpapi
"Since 2012, no contract ICS Creative Agency",+1 305-799-9936,http://www.michelleagency.com/,"95 Merrick Wy 3rd floor, Coral Gables, FL 33134, United States",,,,4.2,,['Marketing agency'],,serpapi
Sipsip Rum Bar,(305) 441-0000,https://mayfair-grill.getbento.com/sipsip-rum-bar/,"3000 Florida Ave, Miami, FL 33133",,,,3.9,,"['Cocktail bar', 'Bar', 'Lounge']",,serpapi
Sir Speedy,(305) 446-7628,https://www.sirspeedy.com/CoralGablesFL610,"3150 Ponce de Leon Blvd, Coral Gables, FL 33134",,,,4.3,,"['Print shop', 'Banner store', 'Copy shop', 'Direct mail advertising', 'Graphic designer', 'Marketing consultant', 'Sign shop']",,serpapi
"Siren in the Clouds, ca. 1965",(786) 760-2569,https://inthecloudsspa.net/,"145 Madeira Ave #101, Coral Gables, FL 33134",,,,5,,Spa,,serpapi
Skilled Nursing & Rehabilitation Center,(786) 517-6999,https://rivierahealthresort.com/,"6901 Yumuri St, Coral Gables, FL 33146",,,,4.4,,Nursing home,,serpapi
Skin Local,(786) 701-8106,https://theskinlocal.com/,"9410 SW 77th Ave, Miami, FL 33156",,,,5,,Dermatologist,,serpapi
Skin Studio By Doctor's Daughter,(305) 518-1821,https://skinstudiodd.com/,"386 Miracle Mile, Coral Gables, FL 33134",,,,5,,"['Skin care clinic', 'Dermatologist', 'Spa']",,serpapi
Smash Pixel Studio,(786) 873-0114,http://www.smashpixelstudio.com/,,,,,4.7,,"['Photography service', 'Service establishment', 'Event technology service', 'Video production service']",,serpapi
SMGQ Law,(305) 377-1000,http://www.smgqlaw.com/,"201 Alhambra Cir Suite1205, Coral Gables, FL 33134",,,,4,,"['Real estate attorney', 'Civil law attorney', 'Immigration attorney', 'Insurance attorney', 'Tax attorney', 'Trial attorney']",,serpapi
Smiles & Sonrisas,(305) 665-5525,http://www.smilesinmiami.com/,"6000 Bird Rd, Miami, FL 33155",,,,4.9,,Dentist,,serpapi
Smith & Wollensky Restaurant,(305) 673-2800,https://www.smithandwollensky.com/locations/miami-beach/,"1 Washington Ave, Miami Beach, FL 33139",,,,4.4,,['Steak house'],,serpapi
Smooth Sailing of Miami,(786) 893-4219,https://smoothsailingmiami.com/,,,,,5,,"['Boat rental service', 'Boat tour agency', 'Cruise agency', 'Service establishment', 'Travel agency', 'Yacht broker']",,serpapi
Smoothie King,(305) 200-5392,https://locations.smoothieking.com/ll/us/fl/coral-gables/2315-ponce-de-leon-blvd/?utm_source=google&utm_medium=organic&utm_content=SOCi,"2315 Ponce de Leon Blvd, Coral Gables, FL 33134",,,,4.2,,Juice shop,,serpapi
SnapCrack Chiropractic & Vitamin Infusion,,https://snapcrack.com/coral-gables/,"2421 Galiano St, Coral Gables, FL 33134",,,,4.8,,Chiropractor,,serpapi
SNDWCH Sunset,(305) 395-9476,https://sndwchmiami.com/sndwchsunset?utm_source=google,"1573 Sunset Dr, Miami, FL 33143",,,,4.9,,"['Sandwich shop', 'Caterer', 'Deli', 'Family restaurant', 'Fast food restaurant', 'Italian restaurant', 'Soup restaurant']",,serpapi
Socal Cantina,(305) 733-5349,https://www.socal-taco.com/,"1000 S Miami Ave, Miami, FL 33130",,,,4.4,,Taco restaurant,,serpapi
Soccer,(305) 460-5600,https://www.coralgables.com/community-recreation/fitness-athletics/fitness-athletics-programs,"405 University Dr, Coral Gables, FL 33134",,,,2.7,,Soccer club,,serpapi
Social Bus Company,(305) 460-5070,https://www.coralgables.com/department/parking-department/trolley,"515 S Dixie Hwy, Coral Gables, FL 33146",,,,3.2,,School bus service,,serpapi
Social Security Administration,(800) 772-1213,https://www.ssa.gov/,"3663 SW 8th St 1st Floor, Miami, FL 33135",,,,4.1,,"['Government office', 'Social security office']",,serpapi
Soffer Indoor Practice Facility,(305) 284-3253,,"College Dr, Coral Gables, FL 33146",,,,4.4,,Athletic field,,serpapi
"Sofia Coral Gables, a Luxury Rental Community",(305) 760-4380,https://www.sofiacoralgables.com/?ilm=obl&utm_source=gmb&utm_medium=organic,"2000 Salzedo St, Coral Gables, FL 33134",,,,4.8,,"['Apartment rental agency', 'Apartment complex']",,serpapi
Sol Kiss Escapes,(786) 767-1324,http://www.solandstyle.com/,"1731 Ponce de Leon Blvd, Coral Gables, FL 33134",,,,4.8,,Hair salon,,serpapi
SoleFly,(305) 661-3423,http://www.solefly.com/,"8099 S Dixie Hwy #2, Miami, FL 33143",,,,3.6,,"['Shoe store', 'Sporting goods store', 'Sportswear store']",,serpapi
Soles Inc,(305) 476-9602,,"3030 Grand Ave, Miami, FL 33133",,,,5,,['Clothing store'],,serpapi
Solid Title Company,(305) 400-8802,http://www.cgtitle.com/,"224 Palermo Ave, Coral Gables, FL 33134",,,,4.6,,Title company,,serpapi
Solvo Global,,http://solvoglobal.com/,"Cl. 72 #8-24, Quinta Camacho. Piso 4, 6, 7 y 8, Bogotá, Colombia",,,,2.9,,Corporate office,,serpapi
SoMi Bike,(305) 666-7702,http://www.somibike.com/,"6600 SW 80th St, South Miami, FL 33143",,,,4.1,,"['Bicycle Shop', 'Bicycle club', 'Bicycle rental service', 'Bicycle repair shop']",,serpapi
Sonesta Miami Airport,(305) 446-9000,https://www.sonesta.com/sonesta-hotels-resorts/fl/miami/sonesta-miami-airport?utm_source=google&utm_medium=organic&utm_campaign=gmb,"950 NW Le Jeune Rd, Miami, FL 33126",,,,4.1,,"['Hotel', 'Business to business service', 'Wedding venue']",,serpapi
South Dade Christian Church,(305) 446-6132,https://www.cccgables.org/,"222 Menores Ave #3906, Coral Gables, FL 33134",,,,4.9,54,Christian church,,serpapi
South Dixie Ace Hardware,(786) 605-1471,https://www.acehardware.com/store-details/16671,"6448 S Dixie Hwy, South Miami, FL 33143",,,,4.5,,['Hardware store'],,serpapi
South Florida AfterSchool AllStars,(305) 348-7904,http://sfasas.org/,"Ziff Education Building, 11200 SW 8th St, Miami, FL 33199",,,,5,,['Corporate office'],,serpapi
South Florida Integrative Medicine,(786) 664-7810,https://southfloridaintegrativemed.com/contact-us,"5915 Ponce de Leon Blvd Suite 23, Coral Gables, FL 33146",,,,4,12,"['Mental health clinic', 'Psychologist']",,serpapi
South Florida PBS,(561) 737-8000,https://www.wxel.org/,"3401 S Congress Ave, Boynton Beach, FL 33426",,,,4.7,,['Audio visual consultant'],,serpapi
South Florida Pumpkin Porches,(786) 685-5889,https://www.southfloridapumpkinporches.com/,,,,,5,,Holding company,,serpapi
South Gables Dental,(305) 665-1263,http://southgablesdental.com/,"4950 S Le Jeune Rd suite c, Coral Gables, FL 33146",,,,4.9,,"['Dentist', 'Cosmetic dentist', 'Dental clinic', 'Dental implants periodontist', 'Periodontist', 'Teeth whitening service']",,serpapi
South Miami Car Accident Lawyer Group,(305) 631-1911,http://www.jaime-suarez.com/,"351 NW 42nd Ave, Miami, FL 33126",,,,5,1231,Personal injury attorney,,serpapi
South Miami Family Dental,(305) 666-3824,https://www.tmjdentalconsultants.com/,"7741 SW 62nd Ave Suite 201, South Miami, FL 33143",,,,4.9,,Dentist,,serpapi
SouthState Bank,(786) 362-8560,https://www.southstatebank.com/global/location-detail/665/2-Alhambra-Plaza?utm_source=listings&utm_medium=local&utm_campaign=yext,"2 Alhambra Plz Suite 100B, Coral Gables, FL 33134",,,,3.4,,['Bank'],,serpapi
Soy Delicious Inc.,(305) 484-9525,http://soydelicious.com/,"12379 SW 130th St, Miami, FL 33186",,,,4.9,,Candle store,,serpapi
Spacagna Italian Hair Design,(305) 444-2374,http://www.spacagna.com/,"62 Miracle Mile, Coral Gables, FL 33134",,,,4.9,,"['Hair salon', 'Hair extension technician', 'Make-up artist']",,serpapi
Space Coast Credit Union,(305) 882-5000,https://www.sccu.com/about-sccu/locations/calle-ocho?utm_source=GMBCalleOcho&utm_medium=organic&utm_campaign=LocalSearch,"4899 SW 8th St, Miami, FL 33134",,,,4.2,,Credit union,,serpapi
Sports Grill,(305) 668-0395,https://sportsgrill.com/,"1559 Sunset Dr, Miami, FL 33143",,,,4.4,,Sports bar,,serpapi
SportsNL / Maurice Ouderland,(305) 446-5178,https://www.wemisports.com/index.php/contact,"156 Giralda Ave, Coral Gables, FL 33134",,,,,,Sporting goods store,,serpapi
SpotOn,+1 786-592-5290,https://thespotbarbershop.com/locations/ponce/,"1600 Ponce de Leon Blvd, Coral Gables, FL 33134, United States",,,,4.6,,Barber shop,,serpapi
Spritz,(305) 381-5097,http://www.lucamiami.com/,"116 Giralda Ave, Coral Gables, FL 33134",,,,4.5,,Italian restaurant,,serpapi
Sprouts Farmers Market,(561) 765-2216,https://www.sprouts.com/store/fl/coconut-grove/miami-27th-ave/,"2750 SW 27th Terrace #102, Miami, FL 33133",,,,4.3,,Grocery store,,serpapi
Sra. Martinez,(786) 860-5980,https://sramartinezmiami.getbento.com/,"2325 Galiano St, Coral Gables, FL 33134",,,,4.7,,"['Restaurant', 'Bar', 'Brunch restaurant', 'Cocktail bar', 'Live music bar', 'Mediterranean restaurant', 'Spanish restaurant']",,serpapi
St. Philip's Episcopal Church & School,(305) 444-6366,https://www.stphilips.org/,"1121 Andalusia Ave, Coral Gables, FL 33134",,,,4.6,41,['Episcopal church'],,serpapi
Starbucks,(305) 284-5501,https://www.starbucks.com/store-locator/store/1005569,"1330 Miller Dr, Coral Gables, FL 33124",,,,3.1,,Coffee shop,,serpapi
State Farm,(305) 663-4921,https://www.carmartinez.com/?cmpid=JRLE_blm_0001,"1430 S Dixie Hwy Ste 316a, Coral Gables, FL 33146",,,,5,,Insurance agency,,serpapi
Steinbauer Associates Inc.,(305) 629-9740,https://steinbauer.com/,"7875 NW 12th St STE 101, Doral, FL 33126",,,,5,,['Real estate agency'],,serpapi
Stemree of Coral Gables,(239) 273-7836,https://stemtree.com/coralgables/,"101 Aragon Ave Unit 1, Coral Gables, FL 33134",,,,5,,Education center,,serpapi
Stephan Baker MD FACS,(305) 381-8837,https://www.drbaker.com/?utm_source=GMB&utm_medium=organic&utm_campaign=GMB,"3850 Bird Rd STE 702, Miami, FL 33146",,,,4.8,46,"['Plastic surgeon', 'Medical spa', 'Plastic surgery clinic', 'Surgeon']",,serpapi
"Stephan Baker, MD",(305) 381-8837,https://www.drbaker.com/?utm_source=GMB&utm_medium=organic&utm_campaign=GMB,"3850 Bird Rd STE 702, Miami, FL 33146",,,,4.8,46,"['Plastic surgeon', 'Medical spa', 'Plastic surgery clinic', 'Surgeon']",,serpapi
Strada in the Grove,+1 305-444-1312,https://www.stradainthegrove.com/,"3197 Commodore Plaza, Miami, FL 33133, United States",,,,4.5,,"['Italian restaurant', 'Bar', 'Pizza restaurant', 'Wine bar']",,serpapi
Straight 2 U Solution Services,,,"Coral Gables, FL",,,,,,,,serpapi
Student Center Complex Information Desk,(305) 284-4351,http://www.miami.edu/SCC,"1330 Miller Dr, Miami, FL 33146",,,,4.8,,Event venue,,serpapi
Studio HD,(786) 518-2920,http://studiochromabyaf.com/,"145 Aragon Ave, Coral Gables, FL 33134",,,,4.8,,Hair salon,,serpapi
Study Lounge,(305) 639-8218,https://groucommunity.com/,"4100 Salzedo St STE 5, Coral Gables, FL 33146",,,,4.8,,Coffee shop,,serpapi
Subway,(305) 774-0775,https://restaurants.subway.com/united-states/fl/coral-gables/2211-ponce-de-leon-blvd?utm_source=yxt-goog&utm_medium=local&utm_term=acq&utm_content=1638&utm_campaign=evergreen-2020&y_source=1_MTQ4OTg4NTQtNzE1LWxvY2F0aW9uLndlYnNpdGU%3D,"2211 Ponce de Leon Blvd, Coral Gables, FL 33134",,,,3.5,,Sandwich shop,,serpapi
Summer Of Success,,,,,,,5,,Life coach,,serpapi
Suniland Academy,(305) 442-8626,http://www.somersetgables.com/,"624 Anastasia Ave, Coral Gables, FL 33134",,,,,,Charter school,,serpapi
Sunny Side Motel,(305) 266-1727,,"6024 SW 8th St, West Miami, FL 33144",,,,3.8,,['Motel'],,serpapi
Sunrise Senior Living,(305) 564-1400,https://www.sunriseseniorliving.com/communities/fl/sunrise-of-coral-gables?utm_source=directory_listings&utm_medium=clicks&utm_campaign=google,"1000 Ponce de Leon Blvd, Coral Gables, FL 33134",,,,5,15,['Assisted living facility'],,serpapi
Sunstate Bank,(305) 567-0600,https://www.sunstatefl.com/,"2901 S Le Jeune Rd, Coral Gables, FL 33134",,,,4.1,,"['Bank', 'ATM']",,serpapi
Super Insurance Group,(305) 615-6158,https://www.sisuper.com/,"2122 SW 67th Ave, Miami, FL 33155",,,,4.9,,['Insurance agency'],,serpapi
Supercuts,(305) 834-4943,https://www.supercuts.com/locations/nearme/haircut/fl/coral-gables/2309-ponce-de-leon-blvd/82779,"2309 Ponce de Leon Blvd, Coral Gables, FL 33134",,,,4.6,,"['Hair salon', 'Barber shop', 'Beauty salon', 'Hairdresser', 'Waxing hair removal service']",,serpapi
Suraia Patricia Interiors,(786) 835-0633,http://www.suraiapatriciainteriors.com/,,,,,5,,"['Interior designer', 'Service establishment']",,serpapi
Sushi by Scratch Restaurant,(786) 254-1204,https://www.sushibyscratchrestaurants.com/miami,"3540 Main Hwy, Coconut Grove, FL 33133",,,,4.5,,Sushi restaurant,,serpapi
Sushi Garage Cocowalk,(305) 791-8244,https://www.sushigarage.com/,"3015 Grand Ave, Coconut Grove, FL 33133",,,,4.5,,"['Sushi restaurant', 'Japanese restaurant']",,serpapi
Sushi Maki,(305) 443-1884,https://www.sushimaki.com/,"2334 Ponce de Leon Blvd, Coral Gables, FL 33134",,,,4.4,,"['Japanese restaurant', 'Asian fusion restaurant', 'Asian restaurant', 'Chinese restaurant', 'Seafood restaurant', 'Sushi restaurant']",,serpapi
Sushi Sake,(786) 636-8125,https://www.sushisakemiami.com/sushi-sake-coral-gables/,"202 Miracle Mile, Coral Gables, FL 33134",,,,4.4,,Sushi restaurant,,serpapi
SWEAT440 Coral Gables,(888) 507-9328,https://sweat440.com/gyms/florida/coral-gables-33146/?utm_source=GMB&utm_medium=organic&utm_campaign=coral+gables,"301 Altara Ave Ste 111, Coral Gables, FL 33146",,,,4.9,,['Gym'],,serpapi
"Sweet Art by Lucila, Bird Road",(305) 668-0060,https://www.sweetartcakesmiami.com/,"7120 SW 40th St, Miami, FL 33155",,,,4.1,,"['Cake shop', 'Dessert restaurant', 'Dessert shop', 'Pastry shop']",,serpapi
Sweet Dogs,(305) 448-4900,http://sweetdogs305.com/,"4749 SW 8th St, Miami, FL 33134",,,,4.7,,['Hot dog restaurant'],,serpapi
Swensen's,,https://www.swensensicecream.com/,"1586 S Dixie Hwy, Coral Gables, FL 33146",,,,4.3,,"['American restaurant', 'Chicken restaurant', 'Chicken wings restaurant', 'Dessert restaurant', 'Hamburger restaurant', 'Ice cream shop', 'Pub', 'Restaurant', 'Sandwich shop', 'Sports bar']",,serpapi
Sykes Printing,(305) 444-6505,http://www.sykesprinting.com/,"222 Andalusia Ave, Coral Gables, FL 33134",,,,4.9,,"['Commercial printer', 'Architect', 'Banner store', 'Blueprint service', 'Bookbinder', 'Digital printing service', 'Engineer', 'Graphic designer', 'Poster store', 'Sign shop']",,serpapi
Symmetry IT,(888) 847-0018,https://www.symmetrytech.com/,"2355 Salzedo St Suite 207, Coral Gables, FL 33134",,,,5,,['Computer service'],,serpapi
Synovus Bank,(888) 796-6887,https://www.synovus.com/locations/usa/fl/coral-gables/121-alhambra-plaza/,"121 Alhambra Plz, Coral Gables, FL 33134",,,,5,,"['Bank', 'ATM', 'Business banking service', 'Investment service', 'Loan agency', 'Mortgage lender']",,serpapi
T-Mobile,(305) 529-4554,https://www.t-mobile.com/stores/bd/t-mobile-coral-gables-fl-33134-1302?utm_source=google&utm_medium=lastmile&utm_campaign=1302,"2199 Ponce de Leon Blvd # 100, Coral Gables, FL 33134",,,,4.1,,"['Cell phone store', 'Cell phone accessory store', 'Internet service provider', 'Mobile network operator', 'Telecommunications service provider']",,serpapi
Taco Bell,(305) 445-1122,https://locations.tacobell.com/fl/miami/3190-coral-way.html?utm_source=yext&utm_campaign=googlelistings&utm_medium=referral&utm_term=042909&utm_content=website&y_source=1_NjE0NDI2Ni03MTUtbG9jYXRpb24ud2Vic2l0ZQ%3D%3D,"3190 Coral Wy, Miami, FL 33145",,,,3.8,,Fast food restaurant,,serpapi
Taco Rico Tex Mex Cafe,+1 305-663-3200,https://links.culinarycloud.co/taco-rico-coral-gables,"473 S Dixie Hwy, Coral Gables, FL 33146, United States",,,,4.3,861,"['Tex-Mex restaurant', 'Latin American restaurant', 'Mexican restaurant', 'Restaurant']",,serpapi
Tamiami Baptist Church,(305) 261-1464,https://www.tamiamibc.org/,"860 SW 76th Ct, Miami, FL 33144",,,,4.8,36,['Baptist church'],,serpapi
Tap 42 Craft Kitchen & Bar - Coral Gables,(786) 391-1566,http://tap42.com/coral-gables,"301 Giralda Ave, Coral Gables, FL 33134",,,,4.5,,"['Gastropub', 'Bar', 'Brunch restaurant', 'Restaurant']",,serpapi
Target,(786) 437-3207,https://www.target.com/sl/coral-gables/3350,"1906 Ponce de Leon Blvd, Coral Gables, FL 33134",,,,3.9,,"['Department store', 'Baby store', 'Clothing store', 'Electronics store', 'Furniture store', 'Home goods store', 'Office supply store', 'Outdoor furniture store', 'Shoe store', 'Toy store']",,serpapi
Tax Collectors Office Miami Dade County,(305) 375-5448,https://mdctaxcollector.gov/,"224 Minorca Ave, Coral Gables, FL 33134",,,,4.8,,"[""Tax collector's office"", 'Department of motor vehicles']",,serpapi
TB Media Group,(786) 350-8395,http://tbmediagroup.com/,,,,,5,,"['Video production service', 'Service establishment', 'Marketing agency', 'Photography service']",,serpapi
TCBY,(205) 349-4661,http://store.tcby.com/home/meadowbrook,"2304 McFarland Blvd E, Tuscaloosa, AL 35404",,,,4.3,,Frozen yogurt shop,,serpapi
TD Bank,(305) 448-8995,https://locations.td.com/us/2401-ponce-de-leon-boulevard-coral-gables-miracle-mile?y_source=1_MzE0ODEwNi03MTUtbG9jYXRpb24ud2Vic2l0ZQ%3D%3D,"2401 Ponce de Leon Blvd, Coral Gables, FL 33134",,,,3.7,,"['Bank', 'ATM', 'Business banking service']",,serpapi
TD Bank Coral Gables Miracle Mile,(305) 448-8995,https://locations.td.com/us/2401-ponce-de-leon-boulevard-coral-gables-miracle-mile?y_source=1_MzE0ODEwNi03MTUtbG9jYXRpb24ud2Vic2l0ZQ%3D%3D,"2401 Ponce de Leon Blvd, Coral Gables, FL 33134",,,,3.7,,"['Bank', 'ATM', 'Business banking service']",,serpapi
TeamLogic IT West Miami,(305) 363-4655,https://www.teamlogicit.com/MiamiFL942,"1700 SW 57th Ave unit #222, Miami, FL 33155",,,,5,,Computer support and services,,serpapi
Teatro Trail,,http://www.teatrotrail.com/,"3715 SW 8th St, Miami, FL 33134",,,,4.6,,['Performing arts theater'],,serpapi
Temple Judea,(305) 667-5657,https://www.judeagables.org/,"5500 Granada Blvd, Coral Gables, FL 33146",,,,4.8,52,['Reform synagogue'],,serpapi
Tequila Sunrise,(305) 564-1400,https://www.sunriseseniorliving.com/communities/fl/sunrise-of-coral-gables?utm_source=directory_listings&utm_medium=clicks&utm_campaign=google,"1000 Ponce de Leon Blvd, Coral Gables, FL 33134",,,,5,,Assisted living facility,,serpapi
Terranova Corp,(305) 695-8700,http://www.terranovacorp.com/,"834 Lincoln Rd Mall, Miami Beach, FL 33139",,,,3.7,,['Commercial real estate agency'],,serpapi
Terrazzo Granitech USA,(786) 487-0792,http://www.terrazzoservices.com/,"3734 NW 50th St, Miami, FL 33142",,,,5,,['Flooring contractor'],,serpapi
Tesla Coral Gables,(786) 804-6926,https://www.tesla.com/findus/location/store/coralgables,"3851 Bird Rd, Miami, FL 33146",,,,3.9,,['Tesla showroom'],,serpapi
Tesla Supercharger,(305) 441-1234,https://www.tesla.com/charging,"50 Alhambra Plz, Coral Gables, FL 33134",,,,,,Electric vehicle charging station,,serpapi
Tete- -Tete,(786) 533-3523,https://www.babettemiami.com/,"301 Alcazar Ave, Coral Gables, FL 33134",,,,4.8,,Restaurant,,serpapi
Tetrahelix and Son,(305) 460-3560,https://www.crateandbarrel.com/stores/coral-gables/str814?utm_source=gmb&utm_medium=organic_search,"358 San Lorenzo Ave, Coral Gables, FL 33146",,,,3.8,,"['Furniture store', 'Bedroom furniture store', 'Gift shop', 'Home goods store', 'Kitchen supply store', 'Outdoor furniture store', 'Rug store', 'Seasonal goods store']",,serpapi
Thailand Trade Office Miami,(786) 388-7888,http://www.thaitrade.com/,"6100 Waterford District Dr # 100, Miami, FL 33126",,,,5,,['County government office'],,serpapi
The Allen Morris Company,(305) 443-1000,http://www.allenmorris.com/,"121 Alhambra Plz #1600, Coral Gables, FL 33134",,,,5,,"['Corporate office', 'Commercial real estate agency', 'Office space rental agency', 'Property management company', 'Real estate agency', 'Real estate developer']",,serpapi
The Americas Collection,(305) 446-5578,https://americascollection.com/,"4213 Ponce de Leon Blvd, Coral Gables, FL 33146",,,,4.9,,"['Art gallery', 'Art dealer', 'Art restoration service', 'Mirror shop', 'Picture frame shop']",,serpapi
The Asian Kitchen,,http://ordertheasiankitchen.com/,"5796 Bird Rd, Miami, FL 33155",,,,4.3,,"['Chinese restaurant', 'Delivery Restaurant']",,serpapi
The Bar,(305) 442-2730,http://www.gablesthebar.com/,"172 Giralda Ave, Coral Gables, FL 33134",,,,4.3,,['Bar'],,serpapi
The Big Cheese,(305) 662-6855,https://www.bigcheesemiami.com/,"8080 SW 67th Ave, Miami, FL 33143",,,,4.6,,"['Italian restaurant', 'Pizza restaurant', 'Restaurant']",,serpapi
The Biltmore Bar,(877) 624-2830,https://biltmorehotel.com/coral-gables-dining/biltmore-bar/?utm_source=google&utm_medium=organic&utm_campaign=gmb-listing,"1200 Anastasia Ave, Coral Gables, FL 33134",,,,4.4,,['Bar'],,serpapi
The Biltmore Hotel,(855) 969-3080,https://www.biltmorehotel.com/,"1200 Anastasia Ave, Coral Gables, FL 33134",,,,4.4,,"['Hotel', 'Resort hotel']",,serpapi
The Blow And Glow Bar By Mlo,(305) 661-5240,http://blowandglowbar.com/,"5966 S Dixie Hwy Ste 107, South Miami, FL 33143",,,,4.9,,['Beauty salon'],,serpapi
The Board Miami,(786) 475-3166,http://www.theboardmiami.com/,"7162 SW 47th St, Miami, FL 33155",,,,4.9,,['Caterer'],,serpapi
The Brand Collective,(305) 442-9196,https://wearebrandcollective.com/,"1600 Ponce de Leon Blvd STE 803, Coral Gables, FL 33134",,,,5,,"['Branding agency', 'Design agency', 'Event management company', 'Marketing agency']",,serpapi
The Brandon Company,(305) 442-2340,https://rabrandoninsurance.com/,"217 Aragon Ave, Coral Gables, FL 33134",,,,5,,Insurance agency,,serpapi
The Calta Group,(786) 360-1989,http://thecaltagroup.com/,"3109 Ponce de Leon Blvd, Coral Gables, FL 33134",,,,4,,['Real estate developer'],,serpapi
The Car Wash,(866) 305-4329,https://elcarwash.com/fl/car-wash-in-coral-gables/,"5201 SW 8th St, Coral Gables, FL 33134",,,,4.8,,Car wash,,serpapi
The Clearwater Project,,http://www.clearwater-fl.com/,Florida,,,,,,,,serpapi
The Collab,(305) 667-6766,https://thecollabmiami.com/,"1350 S Dixie Hwy, Coral Gables, FL 33146",,,,4.4,,['Restaurant'],,serpapi
The Collection,(305) 444-5555,http://www.thecollection.com/,"200 Bird Rd, Coral Gables, FL 33146",,,,4.6,,"['Car dealer', 'Car accessories store', 'Motor vehicle dealer']",,serpapi
The Combined Group Corp.,(305) 459-1177,https://www.gablesconstructiongroup.com/,"1200 Anastasia Ave #207, Coral Gables, FL 33134",,,,5,,Construction company,,serpapi
The Corner Deli,,,"1330 Miller Dr, Coral Gables, FL 33146, United States",,,,4.3,,Height works,,serpapi
The Deck At Island Gardens,(786) 627-4949,https://www.islandgardens.com/the-deck,"888 Mac Arthur Cswy, Miami, FL 33132",,,,4.3,,"['Restaurant', 'Fine dining restaurant', 'Lounge', 'Mediterranean restaurant', 'Seafood restaurant']",,serpapi
The Drip Bar,(305) 662-7291,https://www.thedripbar.com/south-miami-sunset-drive/?utm_source=south-miami-fl-google-listing&utm_medium=organic&utm_campaign=profile-link,"5734 Sunset Dr 2nd Floor, South Miami, FL 33143",,,,4.8,,IV therapy service,,serpapi
The Education Fund,(305) 558-4544,https://www.educationfund.org/,"6713 Main St Suite 240, Miami Lakes, FL 33014",,,,5,,['Non-profit organization'],,serpapi
The English Center,(305) 445-7731,http://www.tecmiami.com/,"3501 SW 28th St, Miami, FL 33133",,,,4.5,,"['Adult education school', 'School', 'Training center', 'Vocational school']",,serpapi
The Everglades Foundation,(305) 251-0001,https://www.evergladesfoundation.org/,"18001 Old Cutler Rd #625, Palmetto Bay, FL 33157",,,,1,,['Foundation'],,serpapi
The Family Medical Group Coral Gables,(305) 306-0233,https://thefamilymedgroup.com/locations/coral-gables/,"1330 SW 22nd St Suite 401, Miami, FL 33145",,,,4.9,,['Medical clinic'],,serpapi
The Fresh Market,(305) 854-7202,https://stores.thefreshmarket.com/fl/miami/55,"2640 S Bayshore Dr, Miami, FL 33133",,,,4.4,,Grocery store,,serpapi
The Great Miami LGBTQ Chamber of Commerce,(305) 446-1657,https://www.coralgableschamber.org/,"201 Alhambra Cir Suite 100, Coral Gables, FL 33134",,,,5,,Chamber of Commerce,,serpapi
The Grove Spot,(786) 388-0557,https://thespotbarbershop.com/locations/coconut-grove/,"3015 Grand Ave Unit 235, Coconut Grove, FL 33133",,,,4.8,,Barber shop,,serpapi
The Halal Shack,,https://www.thehalalshack.com/,"1350 Miller Dr, Coral Gables, FL 33146",,,,4.9,,['Halal restaurant'],,serpapi
The Hollywood Donut Factory,,http://www.thehollywooddonutfactory.com/,"6601 SW 57th Ave, Coral Gables, FL 33146",,,,4.5,,['Donut shop'],,serpapi
The Home Depot,(305) 443-3534,https://www.homedepot.com/l/Coconut-Grove/FL/Miami/33133/6856?emt=MSGMBGoogleMaps,"2999 SW 32nd Ave, Miami, FL 33133",,,,4.3,,Home improvement store,,serpapi
The Irving Korach Architecture Gallery,,,"1228 Theo Dickinson Dr, Coral Gables, FL 33146",,,,5,,['Art gallery'],,serpapi
The Launch Pad,(305) 284-2789,https://www.thelaunchpad.org/,"1280 Stanford Dr Room 1078, Coral Gables, FL 33146",,,,5,,"['Business development service', 'Business management consultant', 'School']",,serpapi
The Lennar Foundation Medical Center,(305) 689-5555,https://umiamihealth.org/en/locations/the-lennar-foundation-medical-center,"5555 Ponce de Leon Blvd, Coral Gables, FL 33146",,,,3.9,,Medical Center,,serpapi
The Louis Collection,(305) 444-5555,http://www.thecollection.com/,"200 Bird Rd, Coral Gables, FL 33146",,,,4.6,,Car dealer,,serpapi
The Market,(305) 529-1215,https://www.shopsatmerrickpark.com/en.html,"358 San Lorenzo Ave, Coral Gables, FL 33146",,,,4.6,,Shopping mall,,serpapi
The Market at Village,(305) 529-1215,https://www.shopsatmerrickpark.com/en.html,"358 San Lorenzo Ave, Coral Gables, FL 33146",,,,4.6,,['Shopping mall'],,serpapi
The Marks Development Company,(305) 663-1002,http://eigfl.com/,"6201 SW 70th St, South Miami, FL 33143",,,,4.4,,Real estate developer,,serpapi
The Mazzei Group Inc.,(305) 446-5348,,"1501 Venera Ave # 245, Coral Gables, FL 33146",,,,5,,"['Commercial real estate agency', 'Commercial agent', 'Office space rental agency', 'Property management company', 'Real estate agency']",,serpapi
"The Miami Guide  Ocean Sky Media, LLC",(855) 927-1908,https://oceanskymedia.com/,,,,,5,,Marketing agency,,serpapi
The MiamiDade Beacon Council,(305) 579-1300,http://www.beaconcouncil.com/,"80 SW 8th St Unit 2400, Miami, FL 33130",,,,5,,"['Economic development agency', 'Counselor', 'Non-profit organization']",,serpapi
The Monica Betancourt Group @ Berkshire Hathaway HomeServices EWM Realty,(305) 632-7248,http://monicabetancourt.com/,"4000 Ponce de Leon Blvd Ste 700, Miami, FL 33146",,,,5,,['Real estate agent'],,serpapi
The Moore,(305) 209-2100,https://www.mooremiami.com/,"4040 NE 2nd Ave, Miami, FL 33137",,,,4.6,,"['Social club', 'Bar', 'Event venue', 'Hotel', 'Restaurant']",,serpapi
The Morgan Law Group,(305) 520-7078,https://policyadvocate.com/locations/miami/,"220 Alhambra Cir Suite 500, Coral Gables, FL 33134",,,,4.4,,"['Law firm', 'Business attorney', 'Personal injury attorney']",,serpapi
The Mutiny Hotel,(866) 610-1814,https://www.providentresorts.com/the-mutiny-hotel-coconut-grove-miami?utm_source=local&utm_campaign=gmb&utm_medium=organic,"2951 S Bayshore Dr, Miami, FL 33133",,,,4.3,,"['Hotel', 'Extended stay hotel', 'Resort hotel', 'Restaurant', 'Wedding venue']",,serpapi
The Nest,(561) 233-0287,https://www.nesteateryboca.com/,"12551 Glades Rd, Boca Raton, FL 33498",,,,4.1,,Restaurant,,serpapi
The Nicolas Group / Compass,(305) 409-9093,https://thenicolasgroup.com/,,,,,5,,Real estate agent,,serpapi
The OIS Group,(888) 654-8927,https://theoisgroup.com/,"7301 SW 57th Ct Suite 550, Miami, FL 33143",,,,5,,['Human resource consulting'],,serpapi
The Opera Atelier,(786) 560-6845,https://www.theoperaatelier.org/,"970 SW 1st St Suite 408, Miami, FL 33130",,,,4.5,,"['Opera house', 'Music producer', 'Music school', 'Non-profit organization', 'Opera company', 'Performing arts group', 'Summer camp organizer']",,serpapi
The Palace Coral Gables,(786) 441-8800,http://www.palacecoralgables.com/,"1 Andalusia Ave, Coral Gables, FL 33134",,,,4.9,,['Assisted living facility'],,serpapi
The Pawar Corporation,(786) 922-1369,,"1825 Ponce de Leon Blvd, Coral Gables, FL 33134",,,,,,Construction company,,serpapi
The Plaza Coral Gables/JLL,(305) 459-8131,https://theplazacoralgables.com/,"2811 Ponce de Leon Blvd, Coral Gables, FL 33134",,,,3.9,,['Leisure center'],,serpapi
The Plump Room,+1 786-416-6514,http://theplumproommiami.com/?utm_source=google&utm_medium=organic&utm_campaign=gbp,"147 Alhambra Cir # 205, Coral Gables, FL 33134, United States",,,,5,,"['Medical spa', 'Facial spa', 'Health spa', 'Skin care clinic', 'Spa']",,serpapi
The Popok Firm,+1 305-372-5900,https://www.davidpollacklaw.com/,"75 Valencia Ave # 100, Coral Gables, FL 33134, United States",,,,5,,Law firm,,serpapi
The Reserve at The Plaza,(305) 493-8918,https://www.thereserveattheplaza.com/?utm_source=GoogleLocalListing&utm_medium=organic,"122 Sevilla Ave, Coral Gables, FL 33134",,,,4.5,,"['Apartment rental agency', 'Apartment complex']",,serpapi
The Residences at Merrick Park,(786) 801-3526,https://www.apartmentsincoralgablesfl.com/?utm_source=gmb&utm_medium=organic,"4251 Salzedo St, Coral Gables, FL 33146",,,,4.3,,"['Apartment complex', 'Apartment building']",,serpapi
"The Ritz Carlton of Coconut Grove, Miami",(305) 644-4680,https://www.ritzcarlton.com/en/hotels/miarz-the-ritz-carlton-coconut-grove-miami/overview/?scid=f2ae0541-1279-4f24-b197-a979c79310b0,"3300 SW 27th Ave, Miami, FL 33133",,,,4.5,,"['Hotel', 'Meeting planning service', 'Wedding venue']",,serpapi
"The Ritz-Carlton Coconut Grove, Miami",(305) 644-4680,https://www.ritzcarlton.com/en/hotels/miarz-the-ritz-carlton-coconut-grove-miami/overview/?scid=f2ae0541-1279-4f24-b197-a979c79310b0,"3300 SW 27th Ave, Miami, FL 33133",,,,4.5,,"['Hotel', 'Meeting planning service', 'Wedding venue']",,serpapi
The Rose Tree Cottage,(305) 448-9688,,"388 Miracle Mile, Coral Gables, FL 33134",,,,4.7,,['Gift shop'],,serpapi
The Saade Law Firm,(786) 633-1114,https://www.saadelaw.com/,"3271 NW 7th St STE 103 STE 103, Miami, FL 33125",,,,4.3,,['Law firm'],,serpapi
The U Statue,(305) 284-2211,http://www.miami.edu/sa/index.php/student_center_complex/,"4 State Highway 9, Miami, FL 33125",,,,5,,['University'],,serpapi
The UPS Store,(305) 441-7161,https://locations.theupsstore.com/fl/coral-gables/1825-ponce-de-leon-blvd?utm_source=Yext&utm_medium=organic&utm_campaign=Listings,"1825 Ponce de Leon Blvd, Coral Gables, FL 33134",,,,4.5,,Shipping and mailing service,,serpapi
The Village at Coral Gables,,https://www.thevillageatcoralgables.com/,"535 Santander Ave, Coral Gables, FL 33134",,,,5,,['Condominium complex'],,serpapi
The Vitamin Shoppe,(305) 569-0525,https://locations.vitaminshoppe.com/fl/miami/vitamins-supplements-miami-fl-481.html?utm_source=gmb&utm_medium=local,"3301 SW 22nd St #101, Miami, FL 33145",,,,4.2,,Vitamin & supplements store,,serpapi
The Win Woman,,https://thewinwoman.com/,"8400 NW 36th St Suite 450, Doral, FL 33166",,,,5,,['Consultant'],,serpapi
The Women's Fund Miami Dade,(305) 441-0506,http://www.womensfundmiami.org/,"3692 Grand Ave #176, Coconut Grove, FL 33133",,,,5,,['Non-profit organization'],,serpapi
"TheGenieLab, LLC",(305) 762-0130,http://www.thegenielab.com/,"121 Alhambra Plaza Suite 1000, Coral Gables, Miami, FL 33134",,,,4.5,,"['Website designer', 'E-commerce service']",,serpapi
ThemeIT Inc.,(888) 484-3637,http://www.themeitevents.com/,,,,,4.7,,"['Wedding service', 'Service establishment']",,serpapi
THesis Hotel Miami,(305) 667-5611,https://www.hilton.com/en/hotels/mialtqq-thesis-hotel-miami-coral-gables/?SEO_id=GMB-AMER-QQ-MIALTQQ&y_source=1_MTA4NTM5NDg2Ny03MTUtbG9jYXRpb24ud2Vic2l0ZQ%3D%3D,"1350 S Dixie Hwy, Coral Gables, FL 33146",,,,4.2,,['Hotel'],,serpapi
"THesis Hotel Miami Coral Gables, Curio Collection by Hilton",(305) 667-5611,https://www.hilton.com/en/hotels/mialtqq-thesis-hotel-miami-coral-gables/?SEO_id=GMB-AMER-QQ-MIALTQQ&y_source=1_MTA4NTM5NDg2Ny03MTUtbG9jYXRpb24ud2Vic2l0ZQ%3D%3D,"1350 S Dixie Hwy, Coral Gables, FL 33146",,,,4.2,,['Hotel'],,serpapi
Thomas F. Daly Loggia,(305) 284-2211,http://www.miami.edu/,"1320 S Dixie Hwy, Coral Gables, FL 33146",,,,4.6,,Private university,,serpapi
Thorn,(786) 803-8973,http://thorn.xyz/,"6976 SW 40th St, Miami, FL 33155",,,,4.4,,['Cocktail bar'],,serpapi
Tijon Miami,(305) 290-1615,https://tijon.com/pages/miami,"1600 Ponce de Leon Blvd Suite A, Coral Gables, FL 33134",,,,5,,['Perfume store'],,serpapi
Tire Kingdom,(786) 598-8327,https://www.mavis.com/locations/miami-bird-rd-fl/?utm_source=yext&utm_medium=organic&utm_campaign=gmb&stnum=4090,"3753 Bird Rd, Miami, FL 33146",,,,4.5,,"['Tire shop', 'Auto air conditioning service', 'Auto repair shop', 'Brake shop', 'Car inspection station', 'Car repair and maintenance service', 'Mechanic', 'Oil change service', 'Tire repair shop', 'Wheel alignment service']",,serpapi
Titanic Restaurant and Brewery,(305) 667-2537,https://www.titanicbrewery.com/?y_source=1_MjAzNTc5OTY4OC03MTUtbG9jYXRpb24ud2Vic2l0ZQ%3D%3D,"5813 Ponce de Leon Blvd, Coral Gables, FL 33146",,,,4.4,,['Restaurant'],,serpapi
"Title Union, LLC",(305) 842-2272,https://titleunion.com/,"2828 Coral Wy #470, Coral Gables, FL 33145",,,,4.9,,['Title company'],,serpapi
Tom Thumb,(305) 667-3747,https://kentkwik.com/tom-thumb/,"8001 SW 67th Ave, Miami, FL 33143",,,,2.8,,"['Gas station', 'ATM', 'Coffee shop', 'Lottery retailer']",,serpapi
Total Wine,(786) 772-0710,https://www.totalwine.com/store-info/florida-grove-central/936?cid=referral:website_link::momentfeed:936_grove_central_store_details_page:,"2750 SW 27th Terrace #201, Miami, FL 33133",,,,4.5,,Liquor store,,serpapi
Toy Drive 'N Events Inc.,(786) 853-5740,http://www.icandyeventstaffing.com/,"Coral Gables, Miami, FL 33155",,,,4.9,,Talent agency,,serpapi
TPE Coaching & Consulting,(954) 762-0055,https://tpecoaching.com/,,,,,5,,Life coach,,serpapi
Trader Joe's,(305) 442-5402,https://locations.traderjoes.com/fl/coral-gables/781/?utm_source=gmb&utm_medium=organic&utm_campaign=local,"211 S Dixie Hwy, Coral Gables, FL 33133",,,,4.7,,"['Grocery store', 'Cheese shop', 'Health food store', 'Liquor store', 'Natural goods store', 'Organic food store', 'Produce market', 'Supermarket', 'Wine store']",,serpapi
Trail Animal Hospital,(305) 261-0793,https://trailanimalhospital.com/,"6464 SW 8th St, West Miami, FL 33144",,,,4.8,,"['Animal hospital', 'Pet boarding service', 'Veterinarian']",,serpapi
TransForma Translation Services,(305) 722-3827,http://transformaonline.com/,"9100 S Dadeland Blvd #1500, Miami, FL 33156",,,,5,,['Translation service'],,serpapi
Travel by Design Inc.,(305) 740-3030,http://brandstravel.com/,"2601 S Bayshore Dr STE 245, Miami, FL 33133",,,,5,,Marketing agency,,serpapi
TRESOR,,https://tresorcollection.com/,"301 Altara Ave #115, Coral Gables, FL 33146",,,,5,,"['Jewelry store', 'Fashion accessories store', 'Jewelry designer']",,serpapi
Trias Flowers & Gifts,(305) 749-0316,https://www.triasflowers.com/?utm_source=google&utm_medium=organic&utm_campaign=gmb,"6520 SW 40th St, Miami, FL 33155",,,,4.7,,"['Florist', 'Balloon store', 'Event planner', 'Flower delivery', 'Flower designer', 'Flower market', 'Furniture store', 'Gift basket store', 'Gift shop', 'Wedding store']",,serpapi
Trinity Construction Group,(786) 431-5770,https://trinitygoc.com/,"420 S Dixie Hwy Suite #2N, Coral Gables, FL 33146",,,,4.9,,"['Construction company', 'General contractor']",,serpapi
Tropical Audubon Society,(305) 667-7337,http://www.tropicalaudubon.org/,"5530 Sunset Dr, Miami, FL 33143",,,,4.8,,"['Non-profit organization', 'Bird watching area', 'Environmental organization', 'Environmental protection organization', 'Historical landmark', 'Nature preserve', 'Tourist attraction']",,serpapi
Truffle Temptations,(305) 665-9661,https://www.beautyandthebutchermiami.com/,"6915 Southwest 57th Avenue, S Red Rd, Coral Gables, FL 33143",,,,4.9,,American restaurant,,serpapi
Trugman Valuation Associates Inc.,(954) 424-4343,https://trugmanvaluation.com/contact-us/,"7957 N University Dr, Parkland, FL 33067",,,,5,,Appraiser,,serpapi
Truist,(305) 442-3200,https://www.truist.com/branch/fl/coral-gables/33134/201-alhambra-cir-fl-1,"201 Alhambra Cir FL 1, Coral Gables, FL 33134",,,,3.1,,"['Bank', 'ATM', 'Financial consultant', 'Financial institution', 'Insurance agency', 'Investment bank', 'Life insurance agency', 'Loan agency', 'Mortgage lender', 'Savings bank']",,serpapi
Truluck's Oceans Finest Seafood and Crab,(305) 579-0035,https://trulucks.com/locations/miami-florida/,"777 Brickell Ave suite 110, Miami, FL 33131",,,,4.6,,"['Seafood restaurant', 'Steak house']",,serpapi
ttg.Talent Solutions,,http://usattg.com/,"110 Merrick Wy, Coral Gables, FL 33134",,,,4.4,,['Association / Organization'],,serpapi
Turbo Workface,(305) 222-7515,http://turbobusinesssolutionsfl.com/,,,,,4,,Tax preparation service,,serpapi
Two Sisters Restaurant,(305) 447-6101,http://coralgables.hyatt.com/en/hotel/dining/TwoSistersRestaurant.html,"50 Alhambra Plz, Coral Gables, FL 33134",,,,4.2,,"['American restaurant', 'French restaurant']",,serpapi
U-Haul,(305) 448-1756,https://www.uhaul.com/Locations/Truck-Rentals-near-Coral-Gables-FL-33134/049471/?utm_source=gmb&utm_medium=primary&utm_campaign=uhaulsmlm&utm_content=049471,"226 Almeria Ave, Coral Gables, FL 33134",,,,5,,Truck rental agency,,serpapi
U.S. Century Bank,(305) 448-5557,http://www.uscentury.com/,"396 Alhambra Cir, Coral Gables, FL 33134",,,,3.9,,"['Bank', 'Business to business service']",,serpapi
UES,(786) 772-7600,https://www.loewshotels.com/coral-gables,"2950 Coconut Grove Dr, Coral Gables, FL 33134",,,,4.6,,Hotel,,serpapi
UGas,,http://coral-way-u-gas.edan.io/,"2200 Coral Wy, Coral Gables, FL 33145",,,,4.1,,['Gas station'],,serpapi
UHealth,(305) 284-3333,/url?q=http://www.uhealthsystem.com/&opi=79508299&sa=U&ved=0ahUKEwi-0IiUoeSSAxVIRKQEHQnJCvUQ61gIFSgN&usg=AOvVaw3ytDRrVRIquga5btvrFqul,"5550 Ponce de Leon Blvd, Coral Gables, FL 33146",,,,2.5,,Medical clinic,,serpapi
"Ultimate Medical Center & Spa, LLC",(305) 278-7579,http://ultimatemdcenters.com/,"12700 SW 128th St Suite 205, Miami, FL 33186",,,,5,,Medical Center,,serpapi
Uni K Wax of Coral Gables,(305) 403-3223,https://www.unikwax.com/locations/coral-gables/?utm_source=website+link&utm_medium=GMB&utm_campaign=GoogleMyBusiness&utm_content=website+URL,"165 Aragon Ave, Coral Gables, FL 33134",,,,4.8,,['Waxing hair removal service'],,serpapi
United Banking Community,+1 305-421-2250,https://www.ucbi.com/locations/coral-gables-3399-ponce-de-leon-boulevard?utm_source=Yext&utm_medium=location_listing,"3399 Ponce de Leon Blvd, Coral Gables, FL 33134, United States",,,,5,,Bank,,serpapi
United Community Bank,(305) 421-2250,https://www.ucbi.com/locations/coral-gables-3399-ponce-de-leon-boulevard?utm_source=Yext&utm_medium=location_listing,"3399 Ponce de Leon Blvd, Coral Gables, FL 33134",,,,5,,"['Bank', 'ATM', 'Business banking service', 'Financial planner', 'Loan agency']",,serpapi
United Way Miami,(305) 646-7000,https://unitedwaymiami.org/,"The Ansin Building, 3250 SW 3rd Ave, Miami, FL 33129",,,,4.5,,"['Non-profit organization', 'Volunteer organization']",,serpapi
Unity,(305) 573-9191,http://www.unityonthebay.org/,"Temple Israel, 137 NE 19th St, Miami, FL 33132",,,,4.7,257,Non-denominational church,,serpapi
Unity Center of Practical Christianity,(305) 573-9191,http://www.unityonthebay.org/,"Temple Israel, 137 NE 19th St, Miami, FL 33132",,,,4.7,257,Non-denominational church,,serpapi
University Baptist Child Development Center,(786) 662-5080,https://baptisthealth.net/locations/rehabilitation-centers/south-miami-hospital-child-development-center?utm_source=yext&utm_medium=google&utm_campaign=listing&y_source=1_MTIwNTAzMTgtNzE1LWxvY2F0aW9uLndlYnNpdGU%3D,"7401 SW 62nd Ave, Miami, FL 33143",,,,4,12,Rehabilitation center,,serpapi
University Baptist Church,(305) 667-1066,,"1200 Stanford Dr, Coral Gables, FL 33146",,,,5,2,Church,,serpapi
University Center Information Desk,(305) 284-2211,http://www.miami.edu/,"1320 S Dixie Hwy, Coral Gables, FL 33146",,,,4.6,,Private university,,serpapi
University Christian Church,(305) 448-7421,http://www.gablesucc.org/,"3010 De Soto Blvd, Coral Gables, FL 33134",,,,4.8,363,United Church of Christ,,serpapi
University Credit Union,(786) 425-5000,http://www.ucumiami.org/,"6250 SW 57th Ave, Coral Gables, FL 33143",,,,4.4,,['Credit union'],,serpapi
University of Florida,(305) 284-2211,http://www.miami.edu/,"1320 S Dixie Hwy, Coral Gables, FL 33146",,,,4.6,,Private university,,serpapi
University of Miami,(305) 284-2211,http://www.miami.edu/,"1320 S Dixie Hwy, Coral Gables, FL 33146",,,,4.6,,Private university,,serpapi
University of Miami Campus Store,(305) 284-4101,https://www.bkstr.com/miamistore/home?cm_mmc=OrganicSearch-_-GoogleMyBusiness-_-Google-_-475,"1306 Stanford Dr, Coral Gables, FL 33146",,,,4.6,,"['Book store', 'Clothing store', 'Gift shop']",,serpapi
University of Miami Canterbury Child Care Center,(786) 718-1265,https://child-care-preschool.brighthorizons.com/fl/coralgables/umcanterburygables?utm_source=google&utm_medium=organic&utm_campaign=gmb&utm_term=weblink&utm_content=centerwebsite&IMS_SOURCE_SPECIFY=google|organic|gmb|weblink|centerwebsite,"1150 Stanford Dr, Coral Gables, FL 33146",,,,4.7,,Day care center,,serpapi
University of Miami Parking and Transportation Services,(305) 284-3096,http://www.miami.edu/ref/index.php/parking_and_transportation/,"5807 Ponce de Leon Blvd #100, Coral Gables, FL 33146",,,,1.9,,['Academic department'],,serpapi
University of St. Augustine for Health Sciences,(800) 241-1027,https://www.usa.edu/about/our-campuses/about-our-campuses-miami-fl/,"North Tower, 800 Douglas Rd Suite 149, Coral Gables, FL 33134",,,,4.3,,"['University', 'Educational institution', 'Graduate school', 'Private university']",,serpapi
Univision Foundation,(305) 446-9670,https://gablesfoundation.org/,"288 Aragon Ave Suite D, Coral Gables, FL 33134",,,,5,,['Foundation'],,serpapi
Univista Insurance,(305) 707-0146,https://www.univistainsurance.com/location/univista-insurance-coralgables-fl-33146-1/,"430 S Dixie Hwy Suite 201, Coral Gables, FL 33146",,,,5,,Auto insurance agency,,serpapi
"UpGrade Education Solutions, LLC",(786) 991-9293,https://www.gradehacker.com/,"2525 Ponce de Leon Blvd Suit 300, Coral Gables, FL 33134",,,,4.7,,Educational consultant,,serpapi
US Health Advisors,(786) 877-4453,http://www.ushagent.com/MaryDiorio,"3400 Coral Wy Ste 500, Coral Gables, FL 33145",,,,4.5,,Health insurance agency,,serpapi
USAA Realty Company,(786) 322-8895,,"100 Almeria Ave #200, Coral Gables, FL 33134",,,,5,,Commercial real estate agency,,serpapi
USI Insurance Services,(305) 669-6000,http://www.usi.com/,"201 Alhambra Cir STE 900, Coral Gables, FL 33134",,,,5,,"['Insurance broker', 'Insurance agency']",,serpapi
V & V Jewelry,(305) 663-9333,http://www.vnvjewelry.com/,"6554 Bird Rd, Miami, FL 33155",,,,4.9,,"['Jewelry repair service', 'Costume jewelry shop', 'Diamond buyer', 'Gold dealer', 'Jeweler', 'Watch repair service']",,serpapi
Valero,(210) 345-2000,https://www.valero.com/,"4790 W Flagler St, Coral Gables, FL 33134",,,,4.2,,['Gas station'],,serpapi
Valley National Bank,(305) 341-8558,https://locations.valley.com/fl/coralgables/valley-bank-265.html,"2121 Ponce de Leon Blvd STE 130, Coral Gables, FL 33134",,,,3.1,,['Bank'],,serpapi
Van Orsdel Funeral & Cremation Services  Coral Gables,(305) 446-4412,https://www.vanorsdel.com/?utm_source=google&utm_medium=organic&utm_campaign=gbp-coral-gables&utm_id=local&utm_content=coral-gables,"4600 SW 8th St, Coral Gables, FL 33134",,,,5,88,"['Funeral home', 'Casket service', 'Cremation service', 'Funeral director']",,serpapi
"Vanity Point & Wellness, LLC",(305) 799-4576,http://vanitypointwellness.com/,"1553 San Ignacio Ave Suite B, Coral Gables, FL 33146",,,,5,,['Medical spa'],,serpapi
Vapor Shark,(305) 808-3045,https://vaporsharkdoral.com/,"8690 NW 13th Terrace, Doral, FL 33126",,,,4.4,,Smoke shop,,serpapi
VCA Animal Hospital,(305) 649-1234,https://vcahospitals.com/knowles-central?utm_source=maps&utm_medium=organic&utm_campaign=AU_4070,"1000 NW 27th Ave, Miami, FL 33125",,,,3.6,,Veterinarian,,serpapi
Venetian Pool,(305) 460-5306,https://www.coralgables.com/venetian-pool,"2701 De Soto Blvd, Coral Gables, FL 33134",,,,4.4,,"['Public swimming pool', 'Tourist attraction']",,serpapi
VenezuelanAmerican Chamber of Commerce,(305) 307-8393,http://venezuelanchamber.org/,"75 Valencia Ave Suite 703, Coral Gables, FL 33134",,,,4.4,,Non-governmental organization,,serpapi
Vera Jewelry,(888) 305-8372,https://verajewelry.com/?utm_campaign=location40&utm_content=listing&utm_medium=organic&utm_source=gmb,"6505 SW 40th St, Miami, FL 33155",,,,4.9,,Jewelry store,,serpapi
"Verdeja & Alvarez, LLP",(305) 446-3177,http://www.va-cpa.com/,"255 Alhambra Cir #630, Coral Gables, FL 33134",,,,5,,"['Accounting firm', 'Tax preparation service']",,serpapi
Veridian,,http://www.citybeautiful.net/,Florida,,,,,,,,serpapi
Verizon,(305) 446-1946,https://www.verizon.com/stores/details/florida/coral-gables/coral-gables-201100/?CMP=seo_b_x_vz_gbp_ot_2022_08_website,"2201 Ponce de Leon Blvd, Coral Gables, FL 33134",,,,3.9,,"['Cell phone store', 'Telephone company']",,serpapi
Versailles Bakery,(305) 441-2500,https://www.versaillesbakery.com/home,"3501 SW 8th St, Miami, FL 33135",,,,4.2,,['Bakery'],,serpapi
Versailles Restaurant,(305) 444-0240,http://www.versaillesrestaurant.com/,"3555 SW 8th St, Miami, FL 33135",,,,4.5,,"['Cuban restaurant', 'Cafe', 'Restaurant']",,serpapi
Vestra Consultants,(305) 445-2900,https://www.stantec.com/en/offices/united-states-locations/florida-offices-filtered/coral-gables-florida-office?utm_source=google-business-profile&utm_medium=organic&utm_campaign=website-gbp_listing_united-states&utm_content=florida_coral-gables,"901 Ponce de Leon Blvd #900, Coral Gables, FL 33134",,,,4,,"['Engineering consultant', 'Architect', 'Architecture firm', 'Construction company', 'Consultant', 'Engineer', 'Environmental engineer', 'Interior designer']",,serpapi
Vicki Lopez State Representative  HD 113,,http://www.citybeautiful.net/,Florida,,,,,,,,serpapi
Vicky Cafe,(305) 434-0048,https://vickybakery.com/university-of-miami/,"1350 Miller Dr, Coral Gables, FL 33146",,,,4.6,36,Bakery,,serpapi
Victor E. Clarke Recital Hall,+1 305-284-2241,http://www.miami.edu/frost/index.php/frost/facilities/Concert_Halls/weeks_center_recording_performance/victor_e_clarke_recital_hall/,"Volpe Building, 5501 San Amaro Dr, Coral Gables, FL 33146, United States",,,,4.8,,['Concert hall'],,serpapi
Videoworks LLC,(954) 842-9626,http://www.videoworksgroup.com/,"4901 NW 17th Way Suite 406, Fort Lauderdale, FL 33309",,,,,,Electronics company,,serpapi
VIM Wealth Management,(305) 548-2247,https://pwmcg.com/,"141 Miracle Mile, Coral Gables, FL 33134",,,,5,,Financial planner,,serpapi
Vine Communications Inc.,(305) 447-8678,http://www.vinecommunicationsinc.com/,,,,,5,,Public relations firm,,serpapi
"Vintage Cars of Florida, LLC",(786) 271-5715,http://www.miamivintagepropcars.com/?utm_source=google&utm_medium=wix_google_business_profile&utm_campaign=6986583761200508723,"5010 NW 3rd Ave, Miami, FL 33127",,,,5,,Corporate office,,serpapi
Violetas,(305) 381-0711,https://www.violetashomedesign.com/?utm_source=local&utm_medium=organic&utm_campaign=gmb,"257 Miracle Mile, Coral Gables, FL 33134",,,,4.8,,"['Home goods store', 'Boutique']",,serpapi
Virtuworks,(305) 602-3652,https://virtuworks.com/?utm_campaign=gmb,"3850 Bird Rd STE 103, Miami, FL 33146",,,,4.9,,"['Computer support and services', 'Business to business service', 'Computer consultant', 'Computer networking service', 'Computer security service', 'Computer service']",,serpapi
Visionworks,(305) 443-7276,https://locations.visionworks.com/ll/US/FL/Miami/3301-Coral-Way?utm_medium=organic&utm_source=gbp&utm_campaign=website&utm_content=sl&utm_term=340,"3301 Coral Wy suite 102-A, Miami, FL 33145",,,,4.6,,"['Optometrist', 'Contact lenses supplier', 'Eye care center', 'Optician', 'Sunglasses store']",,serpapi
Visiting Angels Miami,(305) 728-3153,https://www.visitingangels.com/miami/home?utm_source=gmb&utm_medium=organic&utm_campaign=local,"8501 SW 124th Ave. #310A, Miami, FL 33183",,,,4.8,,Home health care service,,serpapi
Vital Imaging Center,+1 305-596-9992,https://vitalimg.com/contacts-brickell-gables-center-2/,"3146 SW 22nd St, Miami, FL 33145, United States",,,,4,,['Medical diagnostic imaging center'],,serpapi
Vivify,(305) 661-4775,http://www.vivifymiami.com/,"7110 SW 40th St, Miami, FL 33155",,,,5,,Chiropractor,,serpapi
Voices for Children Foundation Inc.,(305) 324-5678,http://beavoice.org/,"601 NW 1st Ct #10, Miami, FL 33136",,,,5,,['Non-profit organization'],,serpapi
Voli 305 Vodka,(786) 621-9463,https://crownwineandspirits.com/,"1590 S Dixie Hwy, Coral Gables, FL 33146",,,,4.7,,Liquor store,,serpapi
Volkswagen,(305) 448-3335,http://www.deelvolkswagen.com/,"3601 Bird Rd, Miami, FL 33133",,,,4.6,,"['Volkswagen dealer', 'Auto parts store', 'Car dealer', 'Car repair and maintenance service', 'Oil change service', 'Tire shop', 'Used car dealer']",,serpapi
Volvo Bomnin,(305) 669-7470,https://www.bomninvolvocarsdadeland.com/?utm_source=google&utm_medium=organic&utm_campaign=google_my_business,"8525 S Dixie Hwy, Miami, FL 33143",,,,4.9,,"['Volvo dealer', 'Car dealer', 'Car finance and loan company', 'Car leasing service', 'Motor vehicle dealer', 'Truck dealer', 'Used car dealer', 'Used truck dealer']",,serpapi
Vortex Roofing & Construction Services,(786) 354-1535,https://roofsharx.net/,"2332 Galiano St, Coral Gables, FL 33134",,,,5,,Roofing contractor,,serpapi
Wagner Montessori School,(305) 567-1900,https://gablesmontessori.com/,"990 S Le Jeune Rd, Coral Gables, FL 33134",,,,4.9,,Preschool,,serpapi
Wahlstrom Insurance Associates,(305) 890-4029,https://wahlstrominsuranceassociates.godaddysites.com/,"1107 Genoa St, Coral Gables, FL 33134",,,,5,,"['Insurance agency', 'Life insurance agency', ""Renter's insurance agency""]",,serpapi
Walgreens,(305) 444-2544,https://www.walgreens.com/locator/walgreens-4200+sw+8th+st-coral+gables-fl-33134/id=3317,"4200 SW 8th St, Coral Gables, FL 33134",,,,2.7,,"['Drug store', 'Beauty supply store', 'Convenience store', 'Cosmetics store', 'Greeting card shop', 'Perfume store', 'Stationery store']",,serpapi
Wall's Old Fashioned Ice Cream,(305) 740-9830,http://www.wallsicecreamfl.com/,"9521 SW 72nd St, Miami, FL 33173",,,,4.5,,['Ice cream shop'],,serpapi
Walmart Neighborhood Market,(786) 257-4094,https://www.walmart.com/store/4140-miami-fl/?veh=seo_loc,"6991 SW 8th St, Miami, FL 33144",,,,4.2,,Grocery store,,serpapi
Waste Management,(305) 460-5346,https://www.coralgables.com/department/public-works/solid-waste-division/services/trash-yard-debris-and-household-items,"2800 SW 72nd Ave, Miami, FL 33155",,,,2.3,,City government office,,serpapi
Watches World LLC,(786) 767-5547,https://www.watchesworld.com/,"2937 SW 27th Ave, Miami, FL 33133",,,,4.8,,"['Watch store', 'Bag shop', 'Jewelry store']",,serpapi
Wawa,(786) 471-0804,https://www.wawa.com/locations/5260?utm_source=gmblisting&utm_medium=organic&utm_campaign=locallisting,"6971 SW 24th St, Miami, FL 33155",,,,3.8,,Fast food restaurant,,serpapi
Waymo,(305) 648-2455,,"650 Coral Wy, Coral Gables, FL 33134",,,,3.4,,['Condominium complex'],,serpapi
"We Are Major, LLC",(786) 815-5700,,"99 NW 183rd St Suite 100B, Miami, FL 33169",,,,5,,Recording studio,,serpapi
We Insure - Randy Marzullo,(786) 801-3514,http://weinsuregroupmiami.com/,"1550 Madruga Ave #330, Coral Gables, FL 33146",,,,4.6,,['Insurance agency'],,serpapi
Wealth Enhancement Group,(305) 443-3339,https://www.wealthenhancement.com/location/miami-fl?utm_source=gbp&utm_medium=organic&utm_campaign=local-seo&utm_id=local-seo&utm_content=miami&utm_term=miami,"2665 S Bayshore Dr STE 230, Miami, FL 33133",,,,5,,Financial advisor,,serpapi
Wells Fargo,(305) 569-1924,https://www.wellsfargo.com/locator/bank/2555__PONCE__DE__LEON__BLVD_CORAL__GABLES_FL_33134/?utm_campaign=Local_Listings&utm_source=Google&group=Community_Bank&loc=AC21018,"2555 Ponce de Leon Blvd, Coral Gables, FL 33134",,,,3.4,,Bank,,serpapi
Wendy's,(305) 442-8404,https://locations.wendys.com/united-states/fl/miami/3600-s-dixie-hwy?utm_source=Yext&utm_medium=Google_My_Business&utm_campaign=Local_Search,"3600 S Dixie Hwy, Miami, FL 33133",,,,3.9,,Fast food restaurant,,serpapi
West Miami City Hall,(305) 266-1122,http://cityofwestmiami.gov/,"901 SW 62nd Ave, West Miami, FL 33144",,,,3.7,,City Hall,,serpapi
West Miami Paint and Body Shop,(305) 634-7035,,"3582 NW 32nd St, Miami, FL 33142",,,,5,,Auto repair shop,,serpapi
Westar Mart,(786) 409-5819,http://vapecityusa.com/,"3700 S Dixie Hwy, Miami, FL 33133",,,,3.4,,Gas station,,serpapi
Western Union,(305) 445-2641,https://www.westernunion.com/?utm_source=googlemaps&utm_medium=pml-yext,"2551 S Le Jeune Rd, Coral Gables, FL 33134",,,,2,,Money transfer service,,serpapi
Whole Foods Market,(305) 421-9421,https://www.wholefoodsmarket.com/stores/coralgables?utm_source=google&utm_medium=organic&utm_campaign=listings,"6701 Red Rd, Coral Gables, FL 33143",,,,4.5,,"['Grocery store', 'Cheese shop', 'Fresh food market', 'Greengrocer', 'Health food store', 'Natural goods store', 'Organic food store', 'Produce market', 'Supermarket', 'Wine store']",,serpapi
Wild Fork Foods,(786) 915-8115,http://wildforkfoods.com/,"1180 S Dixie Hwy, Coral Gables, FL 33146",,,,4.6,,"['Grocery store', 'Butcher shop', 'Butcher shop deli', 'Fresh food market', 'Frozen food store', 'Meat products store', 'Seafood market']",,serpapi
Williamson Automotive Group,+1 305-680-0220,https://www.williamsonautomotivegroup.com/?utm_source=google&utm_medium=organic&utm_campaign=gbp_sales_websitelink,"7815 SW 104th St, Miami, FL 33156, United States",,,,4.7,,Car dealer,,serpapi
Wine 41,(786) 429-3957,http://www.wine41.com/,"12401 SW 134th Ct #4, Miami, FL 33186",,,,4.4,,"['Wine store', 'Corporate gift supplier']",,serpapi
Wingstop,(786) 701-9977,https://www.wingstop.com/location/wingstop-1972-miami-fl-33155/menu?y_source=1_NTUyMDgxNzctNzE1LWxvY2F0aW9uLndlYnNpdGU%3D,"6714 Bird Rd, Miami, FL 33155",,,,3.4,,['Chicken wings restaurant'],,serpapi
Winn-Dixie,(305) 460-9596,https://www.winndixie.com/StoreDetails?search=251,"3275 SW 22nd St, Miami, FL 33145",,,,4.3,,Grocery store,,serpapi
Winston Gables Insurance Corp,(305) 448-2887,http://www.gableseliteinsurance.com/,"124 Madeira Ave, Coral Gables, FL 33134",,,,5,,Home insurance agency,,serpapi
WLRN Radio and Television,(305) 995-2218,http://www.wlrn.org/,"172 NE 15th St, Miami, FL 33132",,,,4.8,,Radio broadcaster,,serpapi
Wolfe Law Miami,(305) 384-7370,https://www.wolfelawmiami.com/?npcmp=dir:local:3201075:33130,"1100 Brickell Bay Dr #5200, Miami, FL 33131",,,,4,16,Trial attorney,,serpapi
Women for Success Inc.,(305) 444-1944,http://www.suitedforsuccess.org/,"1600 NW 3rd Ave #111, Miami, FL 33136",,,,4.1,,Non-profit organization,,serpapi
Woodlawn Park Cemetery,,https://www.dignitymemorial.com/,"Miami, FL 33135",,,,4.3,12,Cemetery,,serpapi
Words of Life Fellowship Church,(305) 653-8155,http://www.wordsoflife.com/,"20051 NE 15th Ct, Miami, FL 33179",,,,4.8,160,"['Church', 'Non-denominational church', 'Non-profit organization']",,serpapi
Worksite,(786) 746-8094,https://workinjuryrights.com/coral-gables/?utm_source=google&utm_medium=business_profile&utm_campaign=coral_gables,"4000 Ponce de Leon Blvd #470, Coral Gables, FL 33146",,,,4.9,100,Personal injury attorney,,serpapi
World of Smoke & Vape - South Miami,(305) 381-0631,https://worldofsmokenvape.com/?utm_source=gmb&utm_medium=organic&utm_campaign=south-miami,"4024 SW 57th Ave, Miami, FL 33155",,,,5,,Smoke shop,,serpapi
WOW MKTG,(305) 273-8373,https://wowmktg.com/,"Executive Tower, 804 Douglas Rd 5th Floor, Coral Gables, FL 33134",,,,4.4,,"['Advertising agency', 'Event management company', 'Marketing agency']",,serpapi
Wragg & Casas Strategic Communications,(305) 372-1234,https://www.wraggcasas.com/,"3191 Coral Wy #607, Miami, FL 33145",,,,5,,"['Public relations firm', 'Marketing agency', 'Website designer']",,serpapi
WRK LAB,(305) 400-8101,http://www.wrklab.com/,"3605 NW 115th Ave, Doral, FL 33178",,,,4.2,,['Office furniture store'],,serpapi
WVUM-FM,(786) 309-8861,http://wvum.org/,"1306 Stanford Dr, Coral Gables, FL 33146",,,,4,,['Radio broadcaster'],,serpapi
Xandra Marketing,(954) 802-1398,http://www.xandramarketing.com/,"8112 Wiles Rd, Coral Springs, FL 33067",,,,5,,['Marketing consultant'],,serpapi
Yablen Valiente,(305) 476-5444,https://www.yablenvaliente.com/?npcmp=dir:local:3910627:33134,"2121 Ponce de Leon Blvd Suite 600, Coral Gables, FL 33134",,,,4.8,25,['Family law attorney'],,serpapi
Yard House Coral Gables,(305) 447-9273,https://www.yardhouse.com/locations/fl/coral-gables/coral-gables-merrick-park/8323?cmpid=br:yh_ag:ie_ch:loc_ca:YHGMB_sn:gmb_gt:coral-gables-fl-8323_pl:locurl_rd:1021,"320 San Lorenzo Ave Space 1320, Coral Gables, FL 33146",,,,4.4,,"['New American restaurant', 'Bar', 'Bar & grill', 'Gastropub', 'Takeout Restaurant', 'Sports bar', 'Vegetarian restaurant']",,serpapi
Yaron Intramural Field,(305) 284-3253,,"College Dr, Coral Gables, FL 33146",,,,4.4,,['Athletic field'],,serpapi
Yoga Joint,(786) 334-5052,https://www.yogajoint.com/,"45 Alhambra Plz, Coral Gables, FL 33134",,,,4.9,,"['Fitness center', 'Yoga studio']",,serpapi
YouFit Gyms Coral Gables,(888) 968-3481,https://youfit.com/gyms/miami-coral-way/?utm_source=local&utm_medium=google&utm_campaign=miami-coral-way,"7070 Coral Wy, Miami, FL 33155",,,,4.1,,"['Fitness center', 'Gym', 'Health spa', 'Indoor cycling', 'Physical fitness program', 'Wellness center', 'Yoga studio']",,serpapi
Young Skin,(800) 379-6347,https://foreveryoungskinandhairspas.com/,"4100 Salzedo St STE 16, Coral Gables, FL 33146",,,,4.4,,Beauty salon,,serpapi
Yuly Barbershop and Men's Grooming,(786) 449-0340,https://www.instagram.com/yulybarbershopandmensgrooming?igsh=bGRkZzljNHF1Nm5j&utm_source=qr,"2 Aragon Ave Suite #30, Coral Gables, FL 33134",,,,4.9,,['Barber shop'],,serpapi
"Zafar Francuz & Company, LLC",(305) 397-8599,http://zafarfrancuz.com/,"5730 SW 74th St #300, South Miami, FL 33143",,,,5,,['Tax preparation'],,serpapi
ZAG Creates,(786) 468-8595,http://www.zagcreates.com/,"237 S Dixie Hwy Floor 4, Coral Gables, FL 33133",,,,5,,"['Advertising agency', 'Design agency', 'Film production company', 'Internet marketing service', 'Marketing agency']",,serpapi
Zambrano Orthodontics,(305) 567-2772,https://www.zambranoortho.com//?,"550 Biltmore Way # 770, Coral Gables, FL 33134",,,,4.9,,"['Dentist', 'Orthodontist']",,serpapi
Zediker Law Firm,(305) 269-4600,https://www.zedikerlaw.com/,"2151 S Le Jeune Rd UNIT 305, Coral Gables, FL 33134",,,,4.6,,['Law firm'],,serpapi
Zip In Media Productions LLC - Miami Video Production Company,(305) 723-9961,https://zipinmedia.com/?utm_source=gmb&utm_medium=organic&utm_campaign=miami,"2103 Coral Wy #201, Miami, FL 33145",,,,5,,"['Video production service', 'Film production company', 'Video conferencing service', 'Video editing service']",,serpapi
ZOMMA Group,(305) 444-8288,https://zommagroup.com/,"355 Alhambra Cir Suite 1100, Coral Gables, FL 33134",,,,5,,['Accounting firm'],,serpapi
Zoo Attraction,(305) 400-7000,https://www.jungleisland.com/,"1111 Parrot Jungle Trail, Miami, FL 33132",,,,4.1,,Zoo,,serpapi
Zoo Miami Foundation,(305) 255-5551,https://www.zoomiami.org/about-zoo-miami-foundation,"Zoo Miami, 12400 SW 152nd St, Miami, FL 33177",,,,5,,Non-profit organization,,serpapi
Zuri Plastic Surgery,(786) 804-1603,https://www.zuriplasticsurgery.com/?utm_source=gmb&utm_medium=organic,"7540 SW 61st Ave, South Miami, FL 33143",,,,4.9,679,"['Plastic surgery clinic', 'Cosmetic surgeon', 'Doctor', 'Medical spa', 'Skin care clinic']",,serpapi
Zweck,(305) 908-8911,http://www.zweck.com/,"12910 SW 89th Ct, Miami, FL 33176",,,,4.7,,"['Car dealer', 'Auto broker', 'Auto parts store', 'Auto repair shop', 'Car accessories store', 'Car detailing service', 'Porsche dealer', 'Racing car parts store']",,serpapi
Zyscovich Architects,(305) 372-5222,https://www.stratusteam.com/,"100 Biscayne Blvd 27th floor, Miami, FL 33132",,,,4.2,,['Architecture firm'],,serpapi
